Ligand_SMILES,Base,Solvent_SMILES,Concentration,Temperature,Yield,Cost
COc1ccc(OC)c(P(C2CCCCC2)C2CCCCC2)c1-c1c(C(C)C)cc(C(C)C)cc1C(C)C,KOAc,CCCCOC(C)=O,0.1,90,,
COc1ccc(OC)c(P(C2CCCCC2)C2CCCCC2)c1-c1c(C(C)C)cc(C(C)C)cc1C(C)C,KOAc,CCCCOC(C)=O,0.1,105,,
COc1ccc(OC)c(P(C2CCCCC2)C2CCCCC2)c1-c1c(C(C)C)cc(C(C)C)cc1C(C)C,KOAc,CCCCOC(C)=O,0.1,120,,
COc1ccc(OC)c(P(C2CCCCC2)C2CCCCC2)c1-c1c(C(C)C)cc(C(C)C)cc1C(C)C,KOAc,CCCCOC(C)=O,0.057,90,,
COc1ccc(OC)c(P(C2CCCCC2)C2CCCCC2)c1-c1c(C(C)C)cc(C(C)C)cc1C(C)C,KOAc,CCCCOC(C)=O,0.057,105,,
COc1ccc(OC)c(P(C2CCCCC2)C2CCCCC2)c1-c1c(C(C)C)cc(C(C)C)cc1C(C)C,KOAc,CCCCOC(C)=O,0.057,120,,
COc1ccc(OC)c(P(C2CCCCC2)C2CCCCC2)c1-c1c(C(C)C)cc(C(C)C)cc1C(C)C,KOAc,CCCCOC(C)=O,0.153,90,,
COc1ccc(OC)c(P(C2CCCCC2)C2CCCCC2)c1-c1c(C(C)C)cc(C(C)C)cc1C(C)C,KOAc,CCCCOC(C)=O,0.153,105,,
COc1ccc(OC)c(P(C2CCCCC2)C2CCCCC2)c1-c1c(C(C)C)cc(C(C)C)cc1C(C)C,KOAc,CCCCOC(C)=O,0.153,120,,
COc1ccc(OC)c(P(C2CCCCC2)C2CCCCC2)c1-c1c(C(C)C)cc(C(C)C)cc1C(C)C,KOAc,CCCC#N,0.1,90,,
COc1ccc(OC)c(P(C2CCCCC2)C2CCCCC2)c1-c1c(C(C)C)cc(C(C)C)cc1C(C)C,KOAc,CCCC#N,0.1,105,,
COc1ccc(OC)c(P(C2CCCCC2)C2CCCCC2)c1-c1c(C(C)C)cc(C(C)C)cc1C(C)C,KOAc,CCCC#N,0.1,120,,
COc1ccc(OC)c(P(C2CCCCC2)C2CCCCC2)c1-c1c(C(C)C)cc(C(C)C)cc1C(C)C,KOAc,CCCC#N,0.057,90,,
COc1ccc(OC)c(P(C2CCCCC2)C2CCCCC2)c1-c1c(C(C)C)cc(C(C)C)cc1C(C)C,KOAc,CCCC#N,0.057,105,,
COc1ccc(OC)c(P(C2CCCCC2)C2CCCCC2)c1-c1c(C(C)C)cc(C(C)C)cc1C(C)C,KOAc,CCCC#N,0.057,120,,
COc1ccc(OC)c(P(C2CCCCC2)C2CCCCC2)c1-c1c(C(C)C)cc(C(C)C)cc1C(C)C,KOAc,CCCC#N,0.153,90,,
COc1ccc(OC)c(P(C2CCCCC2)C2CCCCC2)c1-c1c(C(C)C)cc(C(C)C)cc1C(C)C,KOAc,CCCC#N,0.153,105,,
COc1ccc(OC)c(P(C2CCCCC2)C2CCCCC2)c1-c1c(C(C)C)cc(C(C)C)cc1C(C)C,KOAc,CCCC#N,0.153,120,,
COc1ccc(OC)c(P(C2CCCCC2)C2CCCCC2)c1-c1c(C(C)C)cc(C(C)C)cc1C(C)C,KOAc,Cc1ccc(C)cc1,0.1,90,,
COc1ccc(OC)c(P(C2CCCCC2)C2CCCCC2)c1-c1c(C(C)C)cc(C(C)C)cc1C(C)C,KOAc,Cc1ccc(C)cc1,0.1,105,,
COc1ccc(OC)c(P(C2CCCCC2)C2CCCCC2)c1-c1c(C(C)C)cc(C(C)C)cc1C(C)C,KOAc,Cc1ccc(C)cc1,0.1,120,,
COc1ccc(OC)c(P(C2CCCCC2)C2CCCCC2)c1-c1c(C(C)C)cc(C(C)C)cc1C(C)C,KOAc,Cc1ccc(C)cc1,0.057,90,,
COc1ccc(OC)c(P(C2CCCCC2)C2CCCCC2)c1-c1c(C(C)C)cc(C(C)C)cc1C(C)C,KOAc,Cc1ccc(C)cc1,0.057,105,,
COc1ccc(OC)c(P(C2CCCCC2)C2CCCCC2)c1-c1c(C(C)C)cc(C(C)C)cc1C(C)C,KOAc,Cc1ccc(C)cc1,0.057,120,,
COc1ccc(OC)c(P(C2CCCCC2)C2CCCCC2)c1-c1c(C(C)C)cc(C(C)C)cc1C(C)C,KOAc,Cc1ccc(C)cc1,0.153,90,,
COc1ccc(OC)c(P(C2CCCCC2)C2CCCCC2)c1-c1c(C(C)C)cc(C(C)C)cc1C(C)C,KOAc,Cc1ccc(C)cc1,0.153,105,,
COc1ccc(OC)c(P(C2CCCCC2)C2CCCCC2)c1-c1c(C(C)C)cc(C(C)C)cc1C(C)C,KOAc,Cc1ccc(C)cc1,0.153,120,,
COc1ccc(OC)c(P(C2CCCCC2)C2CCCCC2)c1-c1c(C(C)C)cc(C(C)C)cc1C(C)C,KOAc,CC(=O)N(C)C,0.1,90,,
COc1ccc(OC)c(P(C2CCCCC2)C2CCCCC2)c1-c1c(C(C)C)cc(C(C)C)cc1C(C)C,KOAc,CC(=O)N(C)C,0.1,105,,
COc1ccc(OC)c(P(C2CCCCC2)C2CCCCC2)c1-c1c(C(C)C)cc(C(C)C)cc1C(C)C,KOAc,CC(=O)N(C)C,0.1,120,,
COc1ccc(OC)c(P(C2CCCCC2)C2CCCCC2)c1-c1c(C(C)C)cc(C(C)C)cc1C(C)C,KOAc,CC(=O)N(C)C,0.057,90,,
COc1ccc(OC)c(P(C2CCCCC2)C2CCCCC2)c1-c1c(C(C)C)cc(C(C)C)cc1C(C)C,KOAc,CC(=O)N(C)C,0.057,105,,
COc1ccc(OC)c(P(C2CCCCC2)C2CCCCC2)c1-c1c(C(C)C)cc(C(C)C)cc1C(C)C,KOAc,CC(=O)N(C)C,0.057,120,,
COc1ccc(OC)c(P(C2CCCCC2)C2CCCCC2)c1-c1c(C(C)C)cc(C(C)C)cc1C(C)C,KOAc,CC(=O)N(C)C,0.153,90,,
COc1ccc(OC)c(P(C2CCCCC2)C2CCCCC2)c1-c1c(C(C)C)cc(C(C)C)cc1C(C)C,KOAc,CC(=O)N(C)C,0.153,105,,
COc1ccc(OC)c(P(C2CCCCC2)C2CCCCC2)c1-c1c(C(C)C)cc(C(C)C)cc1C(C)C,KOAc,CC(=O)N(C)C,0.153,120,,
COc1ccc(OC)c(P(C2CCCCC2)C2CCCCC2)c1-c1c(C(C)C)cc(C(C)C)cc1C(C)C,CsOAc,CCCCOC(C)=O,0.1,90,,
COc1ccc(OC)c(P(C2CCCCC2)C2CCCCC2)c1-c1c(C(C)C)cc(C(C)C)cc1C(C)C,CsOAc,CCCCOC(C)=O,0.1,105,,
COc1ccc(OC)c(P(C2CCCCC2)C2CCCCC2)c1-c1c(C(C)C)cc(C(C)C)cc1C(C)C,CsOAc,CCCCOC(C)=O,0.1,120,,
COc1ccc(OC)c(P(C2CCCCC2)C2CCCCC2)c1-c1c(C(C)C)cc(C(C)C)cc1C(C)C,CsOAc,CCCCOC(C)=O,0.057,90,,
COc1ccc(OC)c(P(C2CCCCC2)C2CCCCC2)c1-c1c(C(C)C)cc(C(C)C)cc1C(C)C,CsOAc,CCCCOC(C)=O,0.057,105,,
COc1ccc(OC)c(P(C2CCCCC2)C2CCCCC2)c1-c1c(C(C)C)cc(C(C)C)cc1C(C)C,CsOAc,CCCCOC(C)=O,0.057,120,,
COc1ccc(OC)c(P(C2CCCCC2)C2CCCCC2)c1-c1c(C(C)C)cc(C(C)C)cc1C(C)C,CsOAc,CCCCOC(C)=O,0.153,90,,
COc1ccc(OC)c(P(C2CCCCC2)C2CCCCC2)c1-c1c(C(C)C)cc(C(C)C)cc1C(C)C,CsOAc,CCCCOC(C)=O,0.153,105,,
COc1ccc(OC)c(P(C2CCCCC2)C2CCCCC2)c1-c1c(C(C)C)cc(C(C)C)cc1C(C)C,CsOAc,CCCCOC(C)=O,0.153,120,,
COc1ccc(OC)c(P(C2CCCCC2)C2CCCCC2)c1-c1c(C(C)C)cc(C(C)C)cc1C(C)C,CsOAc,CCCC#N,0.1,90,,
COc1ccc(OC)c(P(C2CCCCC2)C2CCCCC2)c1-c1c(C(C)C)cc(C(C)C)cc1C(C)C,CsOAc,CCCC#N,0.1,105,,
COc1ccc(OC)c(P(C2CCCCC2)C2CCCCC2)c1-c1c(C(C)C)cc(C(C)C)cc1C(C)C,CsOAc,CCCC#N,0.1,120,,
COc1ccc(OC)c(P(C2CCCCC2)C2CCCCC2)c1-c1c(C(C)C)cc(C(C)C)cc1C(C)C,CsOAc,CCCC#N,0.057,90,,
COc1ccc(OC)c(P(C2CCCCC2)C2CCCCC2)c1-c1c(C(C)C)cc(C(C)C)cc1C(C)C,CsOAc,CCCC#N,0.057,105,,
COc1ccc(OC)c(P(C2CCCCC2)C2CCCCC2)c1-c1c(C(C)C)cc(C(C)C)cc1C(C)C,CsOAc,CCCC#N,0.057,120,,
COc1ccc(OC)c(P(C2CCCCC2)C2CCCCC2)c1-c1c(C(C)C)cc(C(C)C)cc1C(C)C,CsOAc,CCCC#N,0.153,90,,
COc1ccc(OC)c(P(C2CCCCC2)C2CCCCC2)c1-c1c(C(C)C)cc(C(C)C)cc1C(C)C,CsOAc,CCCC#N,0.153,105,,
COc1ccc(OC)c(P(C2CCCCC2)C2CCCCC2)c1-c1c(C(C)C)cc(C(C)C)cc1C(C)C,CsOAc,CCCC#N,0.153,120,,
COc1ccc(OC)c(P(C2CCCCC2)C2CCCCC2)c1-c1c(C(C)C)cc(C(C)C)cc1C(C)C,CsOAc,Cc1ccc(C)cc1,0.1,90,,
COc1ccc(OC)c(P(C2CCCCC2)C2CCCCC2)c1-c1c(C(C)C)cc(C(C)C)cc1C(C)C,CsOAc,Cc1ccc(C)cc1,0.1,105,,
COc1ccc(OC)c(P(C2CCCCC2)C2CCCCC2)c1-c1c(C(C)C)cc(C(C)C)cc1C(C)C,CsOAc,Cc1ccc(C)cc1,0.1,120,,
COc1ccc(OC)c(P(C2CCCCC2)C2CCCCC2)c1-c1c(C(C)C)cc(C(C)C)cc1C(C)C,CsOAc,Cc1ccc(C)cc1,0.057,90,,
COc1ccc(OC)c(P(C2CCCCC2)C2CCCCC2)c1-c1c(C(C)C)cc(C(C)C)cc1C(C)C,CsOAc,Cc1ccc(C)cc1,0.057,105,,
COc1ccc(OC)c(P(C2CCCCC2)C2CCCCC2)c1-c1c(C(C)C)cc(C(C)C)cc1C(C)C,CsOAc,Cc1ccc(C)cc1,0.057,120,,
COc1ccc(OC)c(P(C2CCCCC2)C2CCCCC2)c1-c1c(C(C)C)cc(C(C)C)cc1C(C)C,CsOAc,Cc1ccc(C)cc1,0.153,90,,
COc1ccc(OC)c(P(C2CCCCC2)C2CCCCC2)c1-c1c(C(C)C)cc(C(C)C)cc1C(C)C,CsOAc,Cc1ccc(C)cc1,0.153,105,,
COc1ccc(OC)c(P(C2CCCCC2)C2CCCCC2)c1-c1c(C(C)C)cc(C(C)C)cc1C(C)C,CsOAc,Cc1ccc(C)cc1,0.153,120,,
COc1ccc(OC)c(P(C2CCCCC2)C2CCCCC2)c1-c1c(C(C)C)cc(C(C)C)cc1C(C)C,CsOAc,CC(=O)N(C)C,0.1,90,,
COc1ccc(OC)c(P(C2CCCCC2)C2CCCCC2)c1-c1c(C(C)C)cc(C(C)C)cc1C(C)C,CsOAc,CC(=O)N(C)C,0.1,105,,
COc1ccc(OC)c(P(C2CCCCC2)C2CCCCC2)c1-c1c(C(C)C)cc(C(C)C)cc1C(C)C,CsOAc,CC(=O)N(C)C,0.1,120,,
COc1ccc(OC)c(P(C2CCCCC2)C2CCCCC2)c1-c1c(C(C)C)cc(C(C)C)cc1C(C)C,CsOAc,CC(=O)N(C)C,0.057,90,,
COc1ccc(OC)c(P(C2CCCCC2)C2CCCCC2)c1-c1c(C(C)C)cc(C(C)C)cc1C(C)C,CsOAc,CC(=O)N(C)C,0.057,105,,
COc1ccc(OC)c(P(C2CCCCC2)C2CCCCC2)c1-c1c(C(C)C)cc(C(C)C)cc1C(C)C,CsOAc,CC(=O)N(C)C,0.057,120,,
COc1ccc(OC)c(P(C2CCCCC2)C2CCCCC2)c1-c1c(C(C)C)cc(C(C)C)cc1C(C)C,CsOAc,CC(=O)N(C)C,0.153,90,,
COc1ccc(OC)c(P(C2CCCCC2)C2CCCCC2)c1-c1c(C(C)C)cc(C(C)C)cc1C(C)C,CsOAc,CC(=O)N(C)C,0.153,105,,
COc1ccc(OC)c(P(C2CCCCC2)C2CCCCC2)c1-c1c(C(C)C)cc(C(C)C)cc1C(C)C,CsOAc,CC(=O)N(C)C,0.153,120,,
COc1ccc(OC)c(P(C2CCCCC2)C2CCCCC2)c1-c1c(C(C)C)cc(C(C)C)cc1C(C)C,KOPiv,CCCCOC(C)=O,0.1,90,,
COc1ccc(OC)c(P(C2CCCCC2)C2CCCCC2)c1-c1c(C(C)C)cc(C(C)C)cc1C(C)C,KOPiv,CCCCOC(C)=O,0.1,105,,
COc1ccc(OC)c(P(C2CCCCC2)C2CCCCC2)c1-c1c(C(C)C)cc(C(C)C)cc1C(C)C,KOPiv,CCCCOC(C)=O,0.1,120,,
COc1ccc(OC)c(P(C2CCCCC2)C2CCCCC2)c1-c1c(C(C)C)cc(C(C)C)cc1C(C)C,KOPiv,CCCCOC(C)=O,0.057,90,,
COc1ccc(OC)c(P(C2CCCCC2)C2CCCCC2)c1-c1c(C(C)C)cc(C(C)C)cc1C(C)C,KOPiv,CCCCOC(C)=O,0.057,105,,
COc1ccc(OC)c(P(C2CCCCC2)C2CCCCC2)c1-c1c(C(C)C)cc(C(C)C)cc1C(C)C,KOPiv,CCCCOC(C)=O,0.057,120,,
COc1ccc(OC)c(P(C2CCCCC2)C2CCCCC2)c1-c1c(C(C)C)cc(C(C)C)cc1C(C)C,KOPiv,CCCCOC(C)=O,0.153,90,,
COc1ccc(OC)c(P(C2CCCCC2)C2CCCCC2)c1-c1c(C(C)C)cc(C(C)C)cc1C(C)C,KOPiv,CCCCOC(C)=O,0.153,105,,
COc1ccc(OC)c(P(C2CCCCC2)C2CCCCC2)c1-c1c(C(C)C)cc(C(C)C)cc1C(C)C,KOPiv,CCCCOC(C)=O,0.153,120,,
COc1ccc(OC)c(P(C2CCCCC2)C2CCCCC2)c1-c1c(C(C)C)cc(C(C)C)cc1C(C)C,KOPiv,CCCC#N,0.1,90,,
COc1ccc(OC)c(P(C2CCCCC2)C2CCCCC2)c1-c1c(C(C)C)cc(C(C)C)cc1C(C)C,KOPiv,CCCC#N,0.1,105,,
COc1ccc(OC)c(P(C2CCCCC2)C2CCCCC2)c1-c1c(C(C)C)cc(C(C)C)cc1C(C)C,KOPiv,CCCC#N,0.1,120,,
COc1ccc(OC)c(P(C2CCCCC2)C2CCCCC2)c1-c1c(C(C)C)cc(C(C)C)cc1C(C)C,KOPiv,CCCC#N,0.057,90,,
COc1ccc(OC)c(P(C2CCCCC2)C2CCCCC2)c1-c1c(C(C)C)cc(C(C)C)cc1C(C)C,KOPiv,CCCC#N,0.057,105,,
COc1ccc(OC)c(P(C2CCCCC2)C2CCCCC2)c1-c1c(C(C)C)cc(C(C)C)cc1C(C)C,KOPiv,CCCC#N,0.057,120,,
COc1ccc(OC)c(P(C2CCCCC2)C2CCCCC2)c1-c1c(C(C)C)cc(C(C)C)cc1C(C)C,KOPiv,CCCC#N,0.153,90,,
COc1ccc(OC)c(P(C2CCCCC2)C2CCCCC2)c1-c1c(C(C)C)cc(C(C)C)cc1C(C)C,KOPiv,CCCC#N,0.153,105,,
COc1ccc(OC)c(P(C2CCCCC2)C2CCCCC2)c1-c1c(C(C)C)cc(C(C)C)cc1C(C)C,KOPiv,CCCC#N,0.153,120,,
COc1ccc(OC)c(P(C2CCCCC2)C2CCCCC2)c1-c1c(C(C)C)cc(C(C)C)cc1C(C)C,KOPiv,Cc1ccc(C)cc1,0.1,90,,
COc1ccc(OC)c(P(C2CCCCC2)C2CCCCC2)c1-c1c(C(C)C)cc(C(C)C)cc1C(C)C,KOPiv,Cc1ccc(C)cc1,0.1,105,,
COc1ccc(OC)c(P(C2CCCCC2)C2CCCCC2)c1-c1c(C(C)C)cc(C(C)C)cc1C(C)C,KOPiv,Cc1ccc(C)cc1,0.1,120,,
COc1ccc(OC)c(P(C2CCCCC2)C2CCCCC2)c1-c1c(C(C)C)cc(C(C)C)cc1C(C)C,KOPiv,Cc1ccc(C)cc1,0.057,90,,
COc1ccc(OC)c(P(C2CCCCC2)C2CCCCC2)c1-c1c(C(C)C)cc(C(C)C)cc1C(C)C,KOPiv,Cc1ccc(C)cc1,0.057,105,,
COc1ccc(OC)c(P(C2CCCCC2)C2CCCCC2)c1-c1c(C(C)C)cc(C(C)C)cc1C(C)C,KOPiv,Cc1ccc(C)cc1,0.057,120,,
COc1ccc(OC)c(P(C2CCCCC2)C2CCCCC2)c1-c1c(C(C)C)cc(C(C)C)cc1C(C)C,KOPiv,Cc1ccc(C)cc1,0.153,90,,
COc1ccc(OC)c(P(C2CCCCC2)C2CCCCC2)c1-c1c(C(C)C)cc(C(C)C)cc1C(C)C,KOPiv,Cc1ccc(C)cc1,0.153,105,,
COc1ccc(OC)c(P(C2CCCCC2)C2CCCCC2)c1-c1c(C(C)C)cc(C(C)C)cc1C(C)C,KOPiv,Cc1ccc(C)cc1,0.153,120,,
COc1ccc(OC)c(P(C2CCCCC2)C2CCCCC2)c1-c1c(C(C)C)cc(C(C)C)cc1C(C)C,KOPiv,CC(=O)N(C)C,0.1,90,,
COc1ccc(OC)c(P(C2CCCCC2)C2CCCCC2)c1-c1c(C(C)C)cc(C(C)C)cc1C(C)C,KOPiv,CC(=O)N(C)C,0.1,105,,
COc1ccc(OC)c(P(C2CCCCC2)C2CCCCC2)c1-c1c(C(C)C)cc(C(C)C)cc1C(C)C,KOPiv,CC(=O)N(C)C,0.1,120,,
COc1ccc(OC)c(P(C2CCCCC2)C2CCCCC2)c1-c1c(C(C)C)cc(C(C)C)cc1C(C)C,KOPiv,CC(=O)N(C)C,0.057,90,,
COc1ccc(OC)c(P(C2CCCCC2)C2CCCCC2)c1-c1c(C(C)C)cc(C(C)C)cc1C(C)C,KOPiv,CC(=O)N(C)C,0.057,105,,
COc1ccc(OC)c(P(C2CCCCC2)C2CCCCC2)c1-c1c(C(C)C)cc(C(C)C)cc1C(C)C,KOPiv,CC(=O)N(C)C,0.057,120,,
COc1ccc(OC)c(P(C2CCCCC2)C2CCCCC2)c1-c1c(C(C)C)cc(C(C)C)cc1C(C)C,KOPiv,CC(=O)N(C)C,0.153,90,,
COc1ccc(OC)c(P(C2CCCCC2)C2CCCCC2)c1-c1c(C(C)C)cc(C(C)C)cc1C(C)C,KOPiv,CC(=O)N(C)C,0.153,105,,
COc1ccc(OC)c(P(C2CCCCC2)C2CCCCC2)c1-c1c(C(C)C)cc(C(C)C)cc1C(C)C,KOPiv,CC(=O)N(C)C,0.153,120,,
COc1ccc(OC)c(P(C2CCCCC2)C2CCCCC2)c1-c1c(C(C)C)cc(C(C)C)cc1C(C)C,CsOPiv,CCCCOC(C)=O,0.1,90,,
COc1ccc(OC)c(P(C2CCCCC2)C2CCCCC2)c1-c1c(C(C)C)cc(C(C)C)cc1C(C)C,CsOPiv,CCCCOC(C)=O,0.1,105,,
COc1ccc(OC)c(P(C2CCCCC2)C2CCCCC2)c1-c1c(C(C)C)cc(C(C)C)cc1C(C)C,CsOPiv,CCCCOC(C)=O,0.1,120,,
COc1ccc(OC)c(P(C2CCCCC2)C2CCCCC2)c1-c1c(C(C)C)cc(C(C)C)cc1C(C)C,CsOPiv,CCCCOC(C)=O,0.057,90,,
COc1ccc(OC)c(P(C2CCCCC2)C2CCCCC2)c1-c1c(C(C)C)cc(C(C)C)cc1C(C)C,CsOPiv,CCCCOC(C)=O,0.057,105,,
COc1ccc(OC)c(P(C2CCCCC2)C2CCCCC2)c1-c1c(C(C)C)cc(C(C)C)cc1C(C)C,CsOPiv,CCCCOC(C)=O,0.057,120,,
COc1ccc(OC)c(P(C2CCCCC2)C2CCCCC2)c1-c1c(C(C)C)cc(C(C)C)cc1C(C)C,CsOPiv,CCCCOC(C)=O,0.153,90,,
COc1ccc(OC)c(P(C2CCCCC2)C2CCCCC2)c1-c1c(C(C)C)cc(C(C)C)cc1C(C)C,CsOPiv,CCCCOC(C)=O,0.153,105,,
COc1ccc(OC)c(P(C2CCCCC2)C2CCCCC2)c1-c1c(C(C)C)cc(C(C)C)cc1C(C)C,CsOPiv,CCCCOC(C)=O,0.153,120,,
COc1ccc(OC)c(P(C2CCCCC2)C2CCCCC2)c1-c1c(C(C)C)cc(C(C)C)cc1C(C)C,CsOPiv,CCCC#N,0.1,90,,
COc1ccc(OC)c(P(C2CCCCC2)C2CCCCC2)c1-c1c(C(C)C)cc(C(C)C)cc1C(C)C,CsOPiv,CCCC#N,0.1,105,,
COc1ccc(OC)c(P(C2CCCCC2)C2CCCCC2)c1-c1c(C(C)C)cc(C(C)C)cc1C(C)C,CsOPiv,CCCC#N,0.1,120,,
COc1ccc(OC)c(P(C2CCCCC2)C2CCCCC2)c1-c1c(C(C)C)cc(C(C)C)cc1C(C)C,CsOPiv,CCCC#N,0.057,90,,
COc1ccc(OC)c(P(C2CCCCC2)C2CCCCC2)c1-c1c(C(C)C)cc(C(C)C)cc1C(C)C,CsOPiv,CCCC#N,0.057,105,,
COc1ccc(OC)c(P(C2CCCCC2)C2CCCCC2)c1-c1c(C(C)C)cc(C(C)C)cc1C(C)C,CsOPiv,CCCC#N,0.057,120,,
COc1ccc(OC)c(P(C2CCCCC2)C2CCCCC2)c1-c1c(C(C)C)cc(C(C)C)cc1C(C)C,CsOPiv,CCCC#N,0.153,90,,
COc1ccc(OC)c(P(C2CCCCC2)C2CCCCC2)c1-c1c(C(C)C)cc(C(C)C)cc1C(C)C,CsOPiv,CCCC#N,0.153,105,,
COc1ccc(OC)c(P(C2CCCCC2)C2CCCCC2)c1-c1c(C(C)C)cc(C(C)C)cc1C(C)C,CsOPiv,CCCC#N,0.153,120,,
COc1ccc(OC)c(P(C2CCCCC2)C2CCCCC2)c1-c1c(C(C)C)cc(C(C)C)cc1C(C)C,CsOPiv,Cc1ccc(C)cc1,0.1,90,,
COc1ccc(OC)c(P(C2CCCCC2)C2CCCCC2)c1-c1c(C(C)C)cc(C(C)C)cc1C(C)C,CsOPiv,Cc1ccc(C)cc1,0.1,105,,
COc1ccc(OC)c(P(C2CCCCC2)C2CCCCC2)c1-c1c(C(C)C)cc(C(C)C)cc1C(C)C,CsOPiv,Cc1ccc(C)cc1,0.1,120,,
COc1ccc(OC)c(P(C2CCCCC2)C2CCCCC2)c1-c1c(C(C)C)cc(C(C)C)cc1C(C)C,CsOPiv,Cc1ccc(C)cc1,0.057,90,,
COc1ccc(OC)c(P(C2CCCCC2)C2CCCCC2)c1-c1c(C(C)C)cc(C(C)C)cc1C(C)C,CsOPiv,Cc1ccc(C)cc1,0.057,105,,
COc1ccc(OC)c(P(C2CCCCC2)C2CCCCC2)c1-c1c(C(C)C)cc(C(C)C)cc1C(C)C,CsOPiv,Cc1ccc(C)cc1,0.057,120,,
COc1ccc(OC)c(P(C2CCCCC2)C2CCCCC2)c1-c1c(C(C)C)cc(C(C)C)cc1C(C)C,CsOPiv,Cc1ccc(C)cc1,0.153,90,,
COc1ccc(OC)c(P(C2CCCCC2)C2CCCCC2)c1-c1c(C(C)C)cc(C(C)C)cc1C(C)C,CsOPiv,Cc1ccc(C)cc1,0.153,105,,
COc1ccc(OC)c(P(C2CCCCC2)C2CCCCC2)c1-c1c(C(C)C)cc(C(C)C)cc1C(C)C,CsOPiv,Cc1ccc(C)cc1,0.153,120,,
COc1ccc(OC)c(P(C2CCCCC2)C2CCCCC2)c1-c1c(C(C)C)cc(C(C)C)cc1C(C)C,CsOPiv,CC(=O)N(C)C,0.1,90,,
COc1ccc(OC)c(P(C2CCCCC2)C2CCCCC2)c1-c1c(C(C)C)cc(C(C)C)cc1C(C)C,CsOPiv,CC(=O)N(C)C,0.1,105,,
COc1ccc(OC)c(P(C2CCCCC2)C2CCCCC2)c1-c1c(C(C)C)cc(C(C)C)cc1C(C)C,CsOPiv,CC(=O)N(C)C,0.1,120,,
COc1ccc(OC)c(P(C2CCCCC2)C2CCCCC2)c1-c1c(C(C)C)cc(C(C)C)cc1C(C)C,CsOPiv,CC(=O)N(C)C,0.057,90,,
COc1ccc(OC)c(P(C2CCCCC2)C2CCCCC2)c1-c1c(C(C)C)cc(C(C)C)cc1C(C)C,CsOPiv,CC(=O)N(C)C,0.057,105,,
COc1ccc(OC)c(P(C2CCCCC2)C2CCCCC2)c1-c1c(C(C)C)cc(C(C)C)cc1C(C)C,CsOPiv,CC(=O)N(C)C,0.057,120,,
COc1ccc(OC)c(P(C2CCCCC2)C2CCCCC2)c1-c1c(C(C)C)cc(C(C)C)cc1C(C)C,CsOPiv,CC(=O)N(C)C,0.153,90,,
COc1ccc(OC)c(P(C2CCCCC2)C2CCCCC2)c1-c1c(C(C)C)cc(C(C)C)cc1C(C)C,CsOPiv,CC(=O)N(C)C,0.153,105,,
COc1ccc(OC)c(P(C2CCCCC2)C2CCCCC2)c1-c1c(C(C)C)cc(C(C)C)cc1C(C)C,CsOPiv,CC(=O)N(C)C,0.153,120,,
CC(C)(C)P(c1ccccc1)C(C)(C)C,KOAc,CCCCOC(C)=O,0.1,90,,
CC(C)(C)P(c1ccccc1)C(C)(C)C,KOAc,CCCCOC(C)=O,0.1,105,,
CC(C)(C)P(c1ccccc1)C(C)(C)C,KOAc,CCCCOC(C)=O,0.1,120,,
CC(C)(C)P(c1ccccc1)C(C)(C)C,KOAc,CCCCOC(C)=O,0.057,90,,
CC(C)(C)P(c1ccccc1)C(C)(C)C,KOAc,CCCCOC(C)=O,0.057,105,,
CC(C)(C)P(c1ccccc1)C(C)(C)C,KOAc,CCCCOC(C)=O,0.057,120,,
CC(C)(C)P(c1ccccc1)C(C)(C)C,KOAc,CCCCOC(C)=O,0.153,90,,
CC(C)(C)P(c1ccccc1)C(C)(C)C,KOAc,CCCCOC(C)=O,0.153,105,,
CC(C)(C)P(c1ccccc1)C(C)(C)C,KOAc,CCCCOC(C)=O,0.153,120,,
CC(C)(C)P(c1ccccc1)C(C)(C)C,KOAc,CCCC#N,0.1,90,,
CC(C)(C)P(c1ccccc1)C(C)(C)C,KOAc,CCCC#N,0.1,105,,
CC(C)(C)P(c1ccccc1)C(C)(C)C,KOAc,CCCC#N,0.1,120,,
CC(C)(C)P(c1ccccc1)C(C)(C)C,KOAc,CCCC#N,0.057,90,,
CC(C)(C)P(c1ccccc1)C(C)(C)C,KOAc,CCCC#N,0.057,105,,
CC(C)(C)P(c1ccccc1)C(C)(C)C,KOAc,CCCC#N,0.057,120,,
CC(C)(C)P(c1ccccc1)C(C)(C)C,KOAc,CCCC#N,0.153,90,,
CC(C)(C)P(c1ccccc1)C(C)(C)C,KOAc,CCCC#N,0.153,105,,
CC(C)(C)P(c1ccccc1)C(C)(C)C,KOAc,CCCC#N,0.153,120,,
CC(C)(C)P(c1ccccc1)C(C)(C)C,KOAc,Cc1ccc(C)cc1,0.1,90,,
CC(C)(C)P(c1ccccc1)C(C)(C)C,KOAc,Cc1ccc(C)cc1,0.1,105,,
CC(C)(C)P(c1ccccc1)C(C)(C)C,KOAc,Cc1ccc(C)cc1,0.1,120,,
CC(C)(C)P(c1ccccc1)C(C)(C)C,KOAc,Cc1ccc(C)cc1,0.057,90,,
CC(C)(C)P(c1ccccc1)C(C)(C)C,KOAc,Cc1ccc(C)cc1,0.057,105,,
CC(C)(C)P(c1ccccc1)C(C)(C)C,KOAc,Cc1ccc(C)cc1,0.057,120,,
CC(C)(C)P(c1ccccc1)C(C)(C)C,KOAc,Cc1ccc(C)cc1,0.153,90,,
CC(C)(C)P(c1ccccc1)C(C)(C)C,KOAc,Cc1ccc(C)cc1,0.153,105,,
CC(C)(C)P(c1ccccc1)C(C)(C)C,KOAc,Cc1ccc(C)cc1,0.153,120,,
CC(C)(C)P(c1ccccc1)C(C)(C)C,KOAc,CC(=O)N(C)C,0.1,90,,
CC(C)(C)P(c1ccccc1)C(C)(C)C,KOAc,CC(=O)N(C)C,0.1,105,,
CC(C)(C)P(c1ccccc1)C(C)(C)C,KOAc,CC(=O)N(C)C,0.1,120,,
CC(C)(C)P(c1ccccc1)C(C)(C)C,KOAc,CC(=O)N(C)C,0.057,90,,
CC(C)(C)P(c1ccccc1)C(C)(C)C,KOAc,CC(=O)N(C)C,0.057,105,,
CC(C)(C)P(c1ccccc1)C(C)(C)C,KOAc,CC(=O)N(C)C,0.057,120,,
CC(C)(C)P(c1ccccc1)C(C)(C)C,KOAc,CC(=O)N(C)C,0.153,90,,
CC(C)(C)P(c1ccccc1)C(C)(C)C,KOAc,CC(=O)N(C)C,0.153,105,,
CC(C)(C)P(c1ccccc1)C(C)(C)C,KOAc,CC(=O)N(C)C,0.153,120,,
CC(C)(C)P(c1ccccc1)C(C)(C)C,CsOAc,CCCCOC(C)=O,0.1,90,,
CC(C)(C)P(c1ccccc1)C(C)(C)C,CsOAc,CCCCOC(C)=O,0.1,105,,
CC(C)(C)P(c1ccccc1)C(C)(C)C,CsOAc,CCCCOC(C)=O,0.1,120,,
CC(C)(C)P(c1ccccc1)C(C)(C)C,CsOAc,CCCCOC(C)=O,0.057,90,,
CC(C)(C)P(c1ccccc1)C(C)(C)C,CsOAc,CCCCOC(C)=O,0.057,105,,
CC(C)(C)P(c1ccccc1)C(C)(C)C,CsOAc,CCCCOC(C)=O,0.057,120,,
CC(C)(C)P(c1ccccc1)C(C)(C)C,CsOAc,CCCCOC(C)=O,0.153,90,,
CC(C)(C)P(c1ccccc1)C(C)(C)C,CsOAc,CCCCOC(C)=O,0.153,105,,
CC(C)(C)P(c1ccccc1)C(C)(C)C,CsOAc,CCCCOC(C)=O,0.153,120,,
CC(C)(C)P(c1ccccc1)C(C)(C)C,CsOAc,CCCC#N,0.1,90,,
CC(C)(C)P(c1ccccc1)C(C)(C)C,CsOAc,CCCC#N,0.1,105,,
CC(C)(C)P(c1ccccc1)C(C)(C)C,CsOAc,CCCC#N,0.1,120,,
CC(C)(C)P(c1ccccc1)C(C)(C)C,CsOAc,CCCC#N,0.057,90,,
CC(C)(C)P(c1ccccc1)C(C)(C)C,CsOAc,CCCC#N,0.057,105,,
CC(C)(C)P(c1ccccc1)C(C)(C)C,CsOAc,CCCC#N,0.057,120,,
CC(C)(C)P(c1ccccc1)C(C)(C)C,CsOAc,CCCC#N,0.153,90,,
CC(C)(C)P(c1ccccc1)C(C)(C)C,CsOAc,CCCC#N,0.153,105,,
CC(C)(C)P(c1ccccc1)C(C)(C)C,CsOAc,CCCC#N,0.153,120,,
CC(C)(C)P(c1ccccc1)C(C)(C)C,CsOAc,Cc1ccc(C)cc1,0.1,90,,
CC(C)(C)P(c1ccccc1)C(C)(C)C,CsOAc,Cc1ccc(C)cc1,0.1,105,,
CC(C)(C)P(c1ccccc1)C(C)(C)C,CsOAc,Cc1ccc(C)cc1,0.1,120,,
CC(C)(C)P(c1ccccc1)C(C)(C)C,CsOAc,Cc1ccc(C)cc1,0.057,90,,
CC(C)(C)P(c1ccccc1)C(C)(C)C,CsOAc,Cc1ccc(C)cc1,0.057,105,,
CC(C)(C)P(c1ccccc1)C(C)(C)C,CsOAc,Cc1ccc(C)cc1,0.057,120,,
CC(C)(C)P(c1ccccc1)C(C)(C)C,CsOAc,Cc1ccc(C)cc1,0.153,90,,
CC(C)(C)P(c1ccccc1)C(C)(C)C,CsOAc,Cc1ccc(C)cc1,0.153,105,,
CC(C)(C)P(c1ccccc1)C(C)(C)C,CsOAc,Cc1ccc(C)cc1,0.153,120,,
CC(C)(C)P(c1ccccc1)C(C)(C)C,CsOAc,CC(=O)N(C)C,0.1,90,,
CC(C)(C)P(c1ccccc1)C(C)(C)C,CsOAc,CC(=O)N(C)C,0.1,105,,
CC(C)(C)P(c1ccccc1)C(C)(C)C,CsOAc,CC(=O)N(C)C,0.1,120,,
CC(C)(C)P(c1ccccc1)C(C)(C)C,CsOAc,CC(=O)N(C)C,0.057,90,,
CC(C)(C)P(c1ccccc1)C(C)(C)C,CsOAc,CC(=O)N(C)C,0.057,105,,
CC(C)(C)P(c1ccccc1)C(C)(C)C,CsOAc,CC(=O)N(C)C,0.057,120,,
CC(C)(C)P(c1ccccc1)C(C)(C)C,CsOAc,CC(=O)N(C)C,0.153,90,,
CC(C)(C)P(c1ccccc1)C(C)(C)C,CsOAc,CC(=O)N(C)C,0.153,105,,
CC(C)(C)P(c1ccccc1)C(C)(C)C,CsOAc,CC(=O)N(C)C,0.153,120,,
CC(C)(C)P(c1ccccc1)C(C)(C)C,KOPiv,CCCCOC(C)=O,0.1,90,,
CC(C)(C)P(c1ccccc1)C(C)(C)C,KOPiv,CCCCOC(C)=O,0.1,105,,
CC(C)(C)P(c1ccccc1)C(C)(C)C,KOPiv,CCCCOC(C)=O,0.1,120,,
CC(C)(C)P(c1ccccc1)C(C)(C)C,KOPiv,CCCCOC(C)=O,0.057,90,,
CC(C)(C)P(c1ccccc1)C(C)(C)C,KOPiv,CCCCOC(C)=O,0.057,105,,
CC(C)(C)P(c1ccccc1)C(C)(C)C,KOPiv,CCCCOC(C)=O,0.057,120,,
CC(C)(C)P(c1ccccc1)C(C)(C)C,KOPiv,CCCCOC(C)=O,0.153,90,,
CC(C)(C)P(c1ccccc1)C(C)(C)C,KOPiv,CCCCOC(C)=O,0.153,105,,
CC(C)(C)P(c1ccccc1)C(C)(C)C,KOPiv,CCCCOC(C)=O,0.153,120,,
CC(C)(C)P(c1ccccc1)C(C)(C)C,KOPiv,CCCC#N,0.1,90,,
CC(C)(C)P(c1ccccc1)C(C)(C)C,KOPiv,CCCC#N,0.1,105,,
CC(C)(C)P(c1ccccc1)C(C)(C)C,KOPiv,CCCC#N,0.1,120,,
CC(C)(C)P(c1ccccc1)C(C)(C)C,KOPiv,CCCC#N,0.057,90,,
CC(C)(C)P(c1ccccc1)C(C)(C)C,KOPiv,CCCC#N,0.057,105,,
CC(C)(C)P(c1ccccc1)C(C)(C)C,KOPiv,CCCC#N,0.057,120,,
CC(C)(C)P(c1ccccc1)C(C)(C)C,KOPiv,CCCC#N,0.153,90,,
CC(C)(C)P(c1ccccc1)C(C)(C)C,KOPiv,CCCC#N,0.153,105,,
CC(C)(C)P(c1ccccc1)C(C)(C)C,KOPiv,CCCC#N,0.153,120,,
CC(C)(C)P(c1ccccc1)C(C)(C)C,KOPiv,Cc1ccc(C)cc1,0.1,90,,
CC(C)(C)P(c1ccccc1)C(C)(C)C,KOPiv,Cc1ccc(C)cc1,0.1,105,,
CC(C)(C)P(c1ccccc1)C(C)(C)C,KOPiv,Cc1ccc(C)cc1,0.1,120,,
CC(C)(C)P(c1ccccc1)C(C)(C)C,KOPiv,Cc1ccc(C)cc1,0.057,90,,
CC(C)(C)P(c1ccccc1)C(C)(C)C,KOPiv,Cc1ccc(C)cc1,0.057,105,,
CC(C)(C)P(c1ccccc1)C(C)(C)C,KOPiv,Cc1ccc(C)cc1,0.057,120,,
CC(C)(C)P(c1ccccc1)C(C)(C)C,KOPiv,Cc1ccc(C)cc1,0.153,90,,
CC(C)(C)P(c1ccccc1)C(C)(C)C,KOPiv,Cc1ccc(C)cc1,0.153,105,,
CC(C)(C)P(c1ccccc1)C(C)(C)C,KOPiv,Cc1ccc(C)cc1,0.153,120,,
CC(C)(C)P(c1ccccc1)C(C)(C)C,KOPiv,CC(=O)N(C)C,0.1,90,,
CC(C)(C)P(c1ccccc1)C(C)(C)C,KOPiv,CC(=O)N(C)C,0.1,105,,
CC(C)(C)P(c1ccccc1)C(C)(C)C,KOPiv,CC(=O)N(C)C,0.1,120,,
CC(C)(C)P(c1ccccc1)C(C)(C)C,KOPiv,CC(=O)N(C)C,0.057,90,,
CC(C)(C)P(c1ccccc1)C(C)(C)C,KOPiv,CC(=O)N(C)C,0.057,105,,
CC(C)(C)P(c1ccccc1)C(C)(C)C,KOPiv,CC(=O)N(C)C,0.057,120,,
CC(C)(C)P(c1ccccc1)C(C)(C)C,KOPiv,CC(=O)N(C)C,0.153,90,,
CC(C)(C)P(c1ccccc1)C(C)(C)C,KOPiv,CC(=O)N(C)C,0.153,105,,
CC(C)(C)P(c1ccccc1)C(C)(C)C,KOPiv,CC(=O)N(C)C,0.153,120,,
CC(C)(C)P(c1ccccc1)C(C)(C)C,CsOPiv,CCCCOC(C)=O,0.1,90,,
CC(C)(C)P(c1ccccc1)C(C)(C)C,CsOPiv,CCCCOC(C)=O,0.1,105,,
CC(C)(C)P(c1ccccc1)C(C)(C)C,CsOPiv,CCCCOC(C)=O,0.1,120,,
CC(C)(C)P(c1ccccc1)C(C)(C)C,CsOPiv,CCCCOC(C)=O,0.057,90,,
CC(C)(C)P(c1ccccc1)C(C)(C)C,CsOPiv,CCCCOC(C)=O,0.057,105,,
CC(C)(C)P(c1ccccc1)C(C)(C)C,CsOPiv,CCCCOC(C)=O,0.057,120,,
CC(C)(C)P(c1ccccc1)C(C)(C)C,CsOPiv,CCCCOC(C)=O,0.153,90,,
CC(C)(C)P(c1ccccc1)C(C)(C)C,CsOPiv,CCCCOC(C)=O,0.153,105,,
CC(C)(C)P(c1ccccc1)C(C)(C)C,CsOPiv,CCCCOC(C)=O,0.153,120,,
CC(C)(C)P(c1ccccc1)C(C)(C)C,CsOPiv,CCCC#N,0.1,90,,
CC(C)(C)P(c1ccccc1)C(C)(C)C,CsOPiv,CCCC#N,0.1,105,,
CC(C)(C)P(c1ccccc1)C(C)(C)C,CsOPiv,CCCC#N,0.1,120,,
CC(C)(C)P(c1ccccc1)C(C)(C)C,CsOPiv,CCCC#N,0.057,90,,
CC(C)(C)P(c1ccccc1)C(C)(C)C,CsOPiv,CCCC#N,0.057,105,,
CC(C)(C)P(c1ccccc1)C(C)(C)C,CsOPiv,CCCC#N,0.057,120,,
CC(C)(C)P(c1ccccc1)C(C)(C)C,CsOPiv,CCCC#N,0.153,90,,
CC(C)(C)P(c1ccccc1)C(C)(C)C,CsOPiv,CCCC#N,0.153,105,,
CC(C)(C)P(c1ccccc1)C(C)(C)C,CsOPiv,CCCC#N,0.153,120,,
CC(C)(C)P(c1ccccc1)C(C)(C)C,CsOPiv,Cc1ccc(C)cc1,0.1,90,,
CC(C)(C)P(c1ccccc1)C(C)(C)C,CsOPiv,Cc1ccc(C)cc1,0.1,105,,
CC(C)(C)P(c1ccccc1)C(C)(C)C,CsOPiv,Cc1ccc(C)cc1,0.1,120,,
CC(C)(C)P(c1ccccc1)C(C)(C)C,CsOPiv,Cc1ccc(C)cc1,0.057,90,,
CC(C)(C)P(c1ccccc1)C(C)(C)C,CsOPiv,Cc1ccc(C)cc1,0.057,105,,
CC(C)(C)P(c1ccccc1)C(C)(C)C,CsOPiv,Cc1ccc(C)cc1,0.057,120,,
CC(C)(C)P(c1ccccc1)C(C)(C)C,CsOPiv,Cc1ccc(C)cc1,0.153,90,,
CC(C)(C)P(c1ccccc1)C(C)(C)C,CsOPiv,Cc1ccc(C)cc1,0.153,105,,
CC(C)(C)P(c1ccccc1)C(C)(C)C,CsOPiv,Cc1ccc(C)cc1,0.153,120,,
CC(C)(C)P(c1ccccc1)C(C)(C)C,CsOPiv,CC(=O)N(C)C,0.1,90,,
CC(C)(C)P(c1ccccc1)C(C)(C)C,CsOPiv,CC(=O)N(C)C,0.1,105,,
CC(C)(C)P(c1ccccc1)C(C)(C)C,CsOPiv,CC(=O)N(C)C,0.1,120,,
CC(C)(C)P(c1ccccc1)C(C)(C)C,CsOPiv,CC(=O)N(C)C,0.057,90,,
CC(C)(C)P(c1ccccc1)C(C)(C)C,CsOPiv,CC(=O)N(C)C,0.057,105,,
CC(C)(C)P(c1ccccc1)C(C)(C)C,CsOPiv,CC(=O)N(C)C,0.057,120,,
CC(C)(C)P(c1ccccc1)C(C)(C)C,CsOPiv,CC(=O)N(C)C,0.153,90,,
CC(C)(C)P(c1ccccc1)C(C)(C)C,CsOPiv,CC(=O)N(C)C,0.153,105,,
CC(C)(C)P(c1ccccc1)C(C)(C)C,CsOPiv,CC(=O)N(C)C,0.153,120,,
CN(C)c1cccc(N(C)C)c1-c1ccccc1P(c1ccccc1)C(C)(C)C,KOAc,CCCCOC(C)=O,0.1,90,,
CN(C)c1cccc(N(C)C)c1-c1ccccc1P(c1ccccc1)C(C)(C)C,KOAc,CCCCOC(C)=O,0.1,105,,
CN(C)c1cccc(N(C)C)c1-c1ccccc1P(c1ccccc1)C(C)(C)C,KOAc,CCCCOC(C)=O,0.1,120,,
CN(C)c1cccc(N(C)C)c1-c1ccccc1P(c1ccccc1)C(C)(C)C,KOAc,CCCCOC(C)=O,0.057,90,,
CN(C)c1cccc(N(C)C)c1-c1ccccc1P(c1ccccc1)C(C)(C)C,KOAc,CCCCOC(C)=O,0.057,105,,
CN(C)c1cccc(N(C)C)c1-c1ccccc1P(c1ccccc1)C(C)(C)C,KOAc,CCCCOC(C)=O,0.057,120,,
CN(C)c1cccc(N(C)C)c1-c1ccccc1P(c1ccccc1)C(C)(C)C,KOAc,CCCCOC(C)=O,0.153,90,,
CN(C)c1cccc(N(C)C)c1-c1ccccc1P(c1ccccc1)C(C)(C)C,KOAc,CCCCOC(C)=O,0.153,105,,
CN(C)c1cccc(N(C)C)c1-c1ccccc1P(c1ccccc1)C(C)(C)C,KOAc,CCCCOC(C)=O,0.153,120,,
CN(C)c1cccc(N(C)C)c1-c1ccccc1P(c1ccccc1)C(C)(C)C,KOAc,CCCC#N,0.1,90,,
CN(C)c1cccc(N(C)C)c1-c1ccccc1P(c1ccccc1)C(C)(C)C,KOAc,CCCC#N,0.1,105,,
CN(C)c1cccc(N(C)C)c1-c1ccccc1P(c1ccccc1)C(C)(C)C,KOAc,CCCC#N,0.1,120,,
CN(C)c1cccc(N(C)C)c1-c1ccccc1P(c1ccccc1)C(C)(C)C,KOAc,CCCC#N,0.057,90,,
CN(C)c1cccc(N(C)C)c1-c1ccccc1P(c1ccccc1)C(C)(C)C,KOAc,CCCC#N,0.057,105,,
CN(C)c1cccc(N(C)C)c1-c1ccccc1P(c1ccccc1)C(C)(C)C,KOAc,CCCC#N,0.057,120,,
CN(C)c1cccc(N(C)C)c1-c1ccccc1P(c1ccccc1)C(C)(C)C,KOAc,CCCC#N,0.153,90,,
CN(C)c1cccc(N(C)C)c1-c1ccccc1P(c1ccccc1)C(C)(C)C,KOAc,CCCC#N,0.153,105,,
CN(C)c1cccc(N(C)C)c1-c1ccccc1P(c1ccccc1)C(C)(C)C,KOAc,CCCC#N,0.153,120,,
CN(C)c1cccc(N(C)C)c1-c1ccccc1P(c1ccccc1)C(C)(C)C,KOAc,Cc1ccc(C)cc1,0.1,90,,
CN(C)c1cccc(N(C)C)c1-c1ccccc1P(c1ccccc1)C(C)(C)C,KOAc,Cc1ccc(C)cc1,0.1,105,,
CN(C)c1cccc(N(C)C)c1-c1ccccc1P(c1ccccc1)C(C)(C)C,KOAc,Cc1ccc(C)cc1,0.1,120,,
CN(C)c1cccc(N(C)C)c1-c1ccccc1P(c1ccccc1)C(C)(C)C,KOAc,Cc1ccc(C)cc1,0.057,90,,
CN(C)c1cccc(N(C)C)c1-c1ccccc1P(c1ccccc1)C(C)(C)C,KOAc,Cc1ccc(C)cc1,0.057,105,,
CN(C)c1cccc(N(C)C)c1-c1ccccc1P(c1ccccc1)C(C)(C)C,KOAc,Cc1ccc(C)cc1,0.057,120,,
CN(C)c1cccc(N(C)C)c1-c1ccccc1P(c1ccccc1)C(C)(C)C,KOAc,Cc1ccc(C)cc1,0.153,90,,
CN(C)c1cccc(N(C)C)c1-c1ccccc1P(c1ccccc1)C(C)(C)C,KOAc,Cc1ccc(C)cc1,0.153,105,,
CN(C)c1cccc(N(C)C)c1-c1ccccc1P(c1ccccc1)C(C)(C)C,KOAc,Cc1ccc(C)cc1,0.153,120,,
CN(C)c1cccc(N(C)C)c1-c1ccccc1P(c1ccccc1)C(C)(C)C,KOAc,CC(=O)N(C)C,0.1,90,,
CN(C)c1cccc(N(C)C)c1-c1ccccc1P(c1ccccc1)C(C)(C)C,KOAc,CC(=O)N(C)C,0.1,105,,
CN(C)c1cccc(N(C)C)c1-c1ccccc1P(c1ccccc1)C(C)(C)C,KOAc,CC(=O)N(C)C,0.1,120,,
CN(C)c1cccc(N(C)C)c1-c1ccccc1P(c1ccccc1)C(C)(C)C,KOAc,CC(=O)N(C)C,0.057,90,,
CN(C)c1cccc(N(C)C)c1-c1ccccc1P(c1ccccc1)C(C)(C)C,KOAc,CC(=O)N(C)C,0.057,105,,
CN(C)c1cccc(N(C)C)c1-c1ccccc1P(c1ccccc1)C(C)(C)C,KOAc,CC(=O)N(C)C,0.057,120,,
CN(C)c1cccc(N(C)C)c1-c1ccccc1P(c1ccccc1)C(C)(C)C,KOAc,CC(=O)N(C)C,0.153,90,,
CN(C)c1cccc(N(C)C)c1-c1ccccc1P(c1ccccc1)C(C)(C)C,KOAc,CC(=O)N(C)C,0.153,105,,
CN(C)c1cccc(N(C)C)c1-c1ccccc1P(c1ccccc1)C(C)(C)C,KOAc,CC(=O)N(C)C,0.153,120,,
CN(C)c1cccc(N(C)C)c1-c1ccccc1P(c1ccccc1)C(C)(C)C,CsOAc,CCCCOC(C)=O,0.1,90,,
CN(C)c1cccc(N(C)C)c1-c1ccccc1P(c1ccccc1)C(C)(C)C,CsOAc,CCCCOC(C)=O,0.1,105,,
CN(C)c1cccc(N(C)C)c1-c1ccccc1P(c1ccccc1)C(C)(C)C,CsOAc,CCCCOC(C)=O,0.1,120,,
CN(C)c1cccc(N(C)C)c1-c1ccccc1P(c1ccccc1)C(C)(C)C,CsOAc,CCCCOC(C)=O,0.057,90,,
CN(C)c1cccc(N(C)C)c1-c1ccccc1P(c1ccccc1)C(C)(C)C,CsOAc,CCCCOC(C)=O,0.057,105,,
CN(C)c1cccc(N(C)C)c1-c1ccccc1P(c1ccccc1)C(C)(C)C,CsOAc,CCCCOC(C)=O,0.057,120,,
CN(C)c1cccc(N(C)C)c1-c1ccccc1P(c1ccccc1)C(C)(C)C,CsOAc,CCCCOC(C)=O,0.153,90,,
CN(C)c1cccc(N(C)C)c1-c1ccccc1P(c1ccccc1)C(C)(C)C,CsOAc,CCCCOC(C)=O,0.153,105,,
CN(C)c1cccc(N(C)C)c1-c1ccccc1P(c1ccccc1)C(C)(C)C,CsOAc,CCCCOC(C)=O,0.153,120,,
CN(C)c1cccc(N(C)C)c1-c1ccccc1P(c1ccccc1)C(C)(C)C,CsOAc,CCCC#N,0.1,90,,
CN(C)c1cccc(N(C)C)c1-c1ccccc1P(c1ccccc1)C(C)(C)C,CsOAc,CCCC#N,0.1,105,,
CN(C)c1cccc(N(C)C)c1-c1ccccc1P(c1ccccc1)C(C)(C)C,CsOAc,CCCC#N,0.1,120,,
CN(C)c1cccc(N(C)C)c1-c1ccccc1P(c1ccccc1)C(C)(C)C,CsOAc,CCCC#N,0.057,90,,
CN(C)c1cccc(N(C)C)c1-c1ccccc1P(c1ccccc1)C(C)(C)C,CsOAc,CCCC#N,0.057,105,,
CN(C)c1cccc(N(C)C)c1-c1ccccc1P(c1ccccc1)C(C)(C)C,CsOAc,CCCC#N,0.057,120,,
CN(C)c1cccc(N(C)C)c1-c1ccccc1P(c1ccccc1)C(C)(C)C,CsOAc,CCCC#N,0.153,90,,
CN(C)c1cccc(N(C)C)c1-c1ccccc1P(c1ccccc1)C(C)(C)C,CsOAc,CCCC#N,0.153,105,,
CN(C)c1cccc(N(C)C)c1-c1ccccc1P(c1ccccc1)C(C)(C)C,CsOAc,CCCC#N,0.153,120,,
CN(C)c1cccc(N(C)C)c1-c1ccccc1P(c1ccccc1)C(C)(C)C,CsOAc,Cc1ccc(C)cc1,0.1,90,,
CN(C)c1cccc(N(C)C)c1-c1ccccc1P(c1ccccc1)C(C)(C)C,CsOAc,Cc1ccc(C)cc1,0.1,105,,
CN(C)c1cccc(N(C)C)c1-c1ccccc1P(c1ccccc1)C(C)(C)C,CsOAc,Cc1ccc(C)cc1,0.1,120,,
CN(C)c1cccc(N(C)C)c1-c1ccccc1P(c1ccccc1)C(C)(C)C,CsOAc,Cc1ccc(C)cc1,0.057,90,,
CN(C)c1cccc(N(C)C)c1-c1ccccc1P(c1ccccc1)C(C)(C)C,CsOAc,Cc1ccc(C)cc1,0.057,105,,
CN(C)c1cccc(N(C)C)c1-c1ccccc1P(c1ccccc1)C(C)(C)C,CsOAc,Cc1ccc(C)cc1,0.057,120,,
CN(C)c1cccc(N(C)C)c1-c1ccccc1P(c1ccccc1)C(C)(C)C,CsOAc,Cc1ccc(C)cc1,0.153,90,,
CN(C)c1cccc(N(C)C)c1-c1ccccc1P(c1ccccc1)C(C)(C)C,CsOAc,Cc1ccc(C)cc1,0.153,105,,
CN(C)c1cccc(N(C)C)c1-c1ccccc1P(c1ccccc1)C(C)(C)C,CsOAc,Cc1ccc(C)cc1,0.153,120,,
CN(C)c1cccc(N(C)C)c1-c1ccccc1P(c1ccccc1)C(C)(C)C,CsOAc,CC(=O)N(C)C,0.1,90,,
CN(C)c1cccc(N(C)C)c1-c1ccccc1P(c1ccccc1)C(C)(C)C,CsOAc,CC(=O)N(C)C,0.1,105,,
CN(C)c1cccc(N(C)C)c1-c1ccccc1P(c1ccccc1)C(C)(C)C,CsOAc,CC(=O)N(C)C,0.1,120,,
CN(C)c1cccc(N(C)C)c1-c1ccccc1P(c1ccccc1)C(C)(C)C,CsOAc,CC(=O)N(C)C,0.057,90,,
CN(C)c1cccc(N(C)C)c1-c1ccccc1P(c1ccccc1)C(C)(C)C,CsOAc,CC(=O)N(C)C,0.057,105,,
CN(C)c1cccc(N(C)C)c1-c1ccccc1P(c1ccccc1)C(C)(C)C,CsOAc,CC(=O)N(C)C,0.057,120,,
CN(C)c1cccc(N(C)C)c1-c1ccccc1P(c1ccccc1)C(C)(C)C,CsOAc,CC(=O)N(C)C,0.153,90,,
CN(C)c1cccc(N(C)C)c1-c1ccccc1P(c1ccccc1)C(C)(C)C,CsOAc,CC(=O)N(C)C,0.153,105,,
CN(C)c1cccc(N(C)C)c1-c1ccccc1P(c1ccccc1)C(C)(C)C,CsOAc,CC(=O)N(C)C,0.153,120,,
CN(C)c1cccc(N(C)C)c1-c1ccccc1P(c1ccccc1)C(C)(C)C,KOPiv,CCCCOC(C)=O,0.1,90,,
CN(C)c1cccc(N(C)C)c1-c1ccccc1P(c1ccccc1)C(C)(C)C,KOPiv,CCCCOC(C)=O,0.1,105,,
CN(C)c1cccc(N(C)C)c1-c1ccccc1P(c1ccccc1)C(C)(C)C,KOPiv,CCCCOC(C)=O,0.1,120,,
CN(C)c1cccc(N(C)C)c1-c1ccccc1P(c1ccccc1)C(C)(C)C,KOPiv,CCCCOC(C)=O,0.057,90,,
CN(C)c1cccc(N(C)C)c1-c1ccccc1P(c1ccccc1)C(C)(C)C,KOPiv,CCCCOC(C)=O,0.057,105,,
CN(C)c1cccc(N(C)C)c1-c1ccccc1P(c1ccccc1)C(C)(C)C,KOPiv,CCCCOC(C)=O,0.057,120,,
CN(C)c1cccc(N(C)C)c1-c1ccccc1P(c1ccccc1)C(C)(C)C,KOPiv,CCCCOC(C)=O,0.153,90,,
CN(C)c1cccc(N(C)C)c1-c1ccccc1P(c1ccccc1)C(C)(C)C,KOPiv,CCCCOC(C)=O,0.153,105,,
CN(C)c1cccc(N(C)C)c1-c1ccccc1P(c1ccccc1)C(C)(C)C,KOPiv,CCCCOC(C)=O,0.153,120,,
CN(C)c1cccc(N(C)C)c1-c1ccccc1P(c1ccccc1)C(C)(C)C,KOPiv,CCCC#N,0.1,90,,
CN(C)c1cccc(N(C)C)c1-c1ccccc1P(c1ccccc1)C(C)(C)C,KOPiv,CCCC#N,0.1,105,,
CN(C)c1cccc(N(C)C)c1-c1ccccc1P(c1ccccc1)C(C)(C)C,KOPiv,CCCC#N,0.1,120,,
CN(C)c1cccc(N(C)C)c1-c1ccccc1P(c1ccccc1)C(C)(C)C,KOPiv,CCCC#N,0.057,90,,
CN(C)c1cccc(N(C)C)c1-c1ccccc1P(c1ccccc1)C(C)(C)C,KOPiv,CCCC#N,0.057,105,,
CN(C)c1cccc(N(C)C)c1-c1ccccc1P(c1ccccc1)C(C)(C)C,KOPiv,CCCC#N,0.057,120,,
CN(C)c1cccc(N(C)C)c1-c1ccccc1P(c1ccccc1)C(C)(C)C,KOPiv,CCCC#N,0.153,90,,
CN(C)c1cccc(N(C)C)c1-c1ccccc1P(c1ccccc1)C(C)(C)C,KOPiv,CCCC#N,0.153,105,,
CN(C)c1cccc(N(C)C)c1-c1ccccc1P(c1ccccc1)C(C)(C)C,KOPiv,CCCC#N,0.153,120,,
CN(C)c1cccc(N(C)C)c1-c1ccccc1P(c1ccccc1)C(C)(C)C,KOPiv,Cc1ccc(C)cc1,0.1,90,,
CN(C)c1cccc(N(C)C)c1-c1ccccc1P(c1ccccc1)C(C)(C)C,KOPiv,Cc1ccc(C)cc1,0.1,105,,
CN(C)c1cccc(N(C)C)c1-c1ccccc1P(c1ccccc1)C(C)(C)C,KOPiv,Cc1ccc(C)cc1,0.1,120,,
CN(C)c1cccc(N(C)C)c1-c1ccccc1P(c1ccccc1)C(C)(C)C,KOPiv,Cc1ccc(C)cc1,0.057,90,,
CN(C)c1cccc(N(C)C)c1-c1ccccc1P(c1ccccc1)C(C)(C)C,KOPiv,Cc1ccc(C)cc1,0.057,105,,
CN(C)c1cccc(N(C)C)c1-c1ccccc1P(c1ccccc1)C(C)(C)C,KOPiv,Cc1ccc(C)cc1,0.057,120,,
CN(C)c1cccc(N(C)C)c1-c1ccccc1P(c1ccccc1)C(C)(C)C,KOPiv,Cc1ccc(C)cc1,0.153,90,,
CN(C)c1cccc(N(C)C)c1-c1ccccc1P(c1ccccc1)C(C)(C)C,KOPiv,Cc1ccc(C)cc1,0.153,105,,
CN(C)c1cccc(N(C)C)c1-c1ccccc1P(c1ccccc1)C(C)(C)C,KOPiv,Cc1ccc(C)cc1,0.153,120,,
CN(C)c1cccc(N(C)C)c1-c1ccccc1P(c1ccccc1)C(C)(C)C,KOPiv,CC(=O)N(C)C,0.1,90,,
CN(C)c1cccc(N(C)C)c1-c1ccccc1P(c1ccccc1)C(C)(C)C,KOPiv,CC(=O)N(C)C,0.1,105,,
CN(C)c1cccc(N(C)C)c1-c1ccccc1P(c1ccccc1)C(C)(C)C,KOPiv,CC(=O)N(C)C,0.1,120,,
CN(C)c1cccc(N(C)C)c1-c1ccccc1P(c1ccccc1)C(C)(C)C,KOPiv,CC(=O)N(C)C,0.057,90,,
CN(C)c1cccc(N(C)C)c1-c1ccccc1P(c1ccccc1)C(C)(C)C,KOPiv,CC(=O)N(C)C,0.057,105,,
CN(C)c1cccc(N(C)C)c1-c1ccccc1P(c1ccccc1)C(C)(C)C,KOPiv,CC(=O)N(C)C,0.057,120,,
CN(C)c1cccc(N(C)C)c1-c1ccccc1P(c1ccccc1)C(C)(C)C,KOPiv,CC(=O)N(C)C,0.153,90,,
CN(C)c1cccc(N(C)C)c1-c1ccccc1P(c1ccccc1)C(C)(C)C,KOPiv,CC(=O)N(C)C,0.153,105,,
CN(C)c1cccc(N(C)C)c1-c1ccccc1P(c1ccccc1)C(C)(C)C,KOPiv,CC(=O)N(C)C,0.153,120,,
CN(C)c1cccc(N(C)C)c1-c1ccccc1P(c1ccccc1)C(C)(C)C,CsOPiv,CCCCOC(C)=O,0.1,90,,
CN(C)c1cccc(N(C)C)c1-c1ccccc1P(c1ccccc1)C(C)(C)C,CsOPiv,CCCCOC(C)=O,0.1,105,,
CN(C)c1cccc(N(C)C)c1-c1ccccc1P(c1ccccc1)C(C)(C)C,CsOPiv,CCCCOC(C)=O,0.1,120,,
CN(C)c1cccc(N(C)C)c1-c1ccccc1P(c1ccccc1)C(C)(C)C,CsOPiv,CCCCOC(C)=O,0.057,90,,
CN(C)c1cccc(N(C)C)c1-c1ccccc1P(c1ccccc1)C(C)(C)C,CsOPiv,CCCCOC(C)=O,0.057,105,,
CN(C)c1cccc(N(C)C)c1-c1ccccc1P(c1ccccc1)C(C)(C)C,CsOPiv,CCCCOC(C)=O,0.057,120,,
CN(C)c1cccc(N(C)C)c1-c1ccccc1P(c1ccccc1)C(C)(C)C,CsOPiv,CCCCOC(C)=O,0.153,90,,
CN(C)c1cccc(N(C)C)c1-c1ccccc1P(c1ccccc1)C(C)(C)C,CsOPiv,CCCCOC(C)=O,0.153,105,,
CN(C)c1cccc(N(C)C)c1-c1ccccc1P(c1ccccc1)C(C)(C)C,CsOPiv,CCCCOC(C)=O,0.153,120,,
CN(C)c1cccc(N(C)C)c1-c1ccccc1P(c1ccccc1)C(C)(C)C,CsOPiv,CCCC#N,0.1,90,,
CN(C)c1cccc(N(C)C)c1-c1ccccc1P(c1ccccc1)C(C)(C)C,CsOPiv,CCCC#N,0.1,105,,
CN(C)c1cccc(N(C)C)c1-c1ccccc1P(c1ccccc1)C(C)(C)C,CsOPiv,CCCC#N,0.1,120,,
CN(C)c1cccc(N(C)C)c1-c1ccccc1P(c1ccccc1)C(C)(C)C,CsOPiv,CCCC#N,0.057,90,,
CN(C)c1cccc(N(C)C)c1-c1ccccc1P(c1ccccc1)C(C)(C)C,CsOPiv,CCCC#N,0.057,105,,
CN(C)c1cccc(N(C)C)c1-c1ccccc1P(c1ccccc1)C(C)(C)C,CsOPiv,CCCC#N,0.057,120,,
CN(C)c1cccc(N(C)C)c1-c1ccccc1P(c1ccccc1)C(C)(C)C,CsOPiv,CCCC#N,0.153,90,,
CN(C)c1cccc(N(C)C)c1-c1ccccc1P(c1ccccc1)C(C)(C)C,CsOPiv,CCCC#N,0.153,105,,
CN(C)c1cccc(N(C)C)c1-c1ccccc1P(c1ccccc1)C(C)(C)C,CsOPiv,CCCC#N,0.153,120,,
CN(C)c1cccc(N(C)C)c1-c1ccccc1P(c1ccccc1)C(C)(C)C,CsOPiv,Cc1ccc(C)cc1,0.1,90,,
CN(C)c1cccc(N(C)C)c1-c1ccccc1P(c1ccccc1)C(C)(C)C,CsOPiv,Cc1ccc(C)cc1,0.1,105,,
CN(C)c1cccc(N(C)C)c1-c1ccccc1P(c1ccccc1)C(C)(C)C,CsOPiv,Cc1ccc(C)cc1,0.1,120,,
CN(C)c1cccc(N(C)C)c1-c1ccccc1P(c1ccccc1)C(C)(C)C,CsOPiv,Cc1ccc(C)cc1,0.057,90,,
CN(C)c1cccc(N(C)C)c1-c1ccccc1P(c1ccccc1)C(C)(C)C,CsOPiv,Cc1ccc(C)cc1,0.057,105,,
CN(C)c1cccc(N(C)C)c1-c1ccccc1P(c1ccccc1)C(C)(C)C,CsOPiv,Cc1ccc(C)cc1,0.057,120,,
CN(C)c1cccc(N(C)C)c1-c1ccccc1P(c1ccccc1)C(C)(C)C,CsOPiv,Cc1ccc(C)cc1,0.153,90,,
CN(C)c1cccc(N(C)C)c1-c1ccccc1P(c1ccccc1)C(C)(C)C,CsOPiv,Cc1ccc(C)cc1,0.153,105,,
CN(C)c1cccc(N(C)C)c1-c1ccccc1P(c1ccccc1)C(C)(C)C,CsOPiv,Cc1ccc(C)cc1,0.153,120,,
CN(C)c1cccc(N(C)C)c1-c1ccccc1P(c1ccccc1)C(C)(C)C,CsOPiv,CC(=O)N(C)C,0.1,90,,
CN(C)c1cccc(N(C)C)c1-c1ccccc1P(c1ccccc1)C(C)(C)C,CsOPiv,CC(=O)N(C)C,0.1,105,,
CN(C)c1cccc(N(C)C)c1-c1ccccc1P(c1ccccc1)C(C)(C)C,CsOPiv,CC(=O)N(C)C,0.1,120,,
CN(C)c1cccc(N(C)C)c1-c1ccccc1P(c1ccccc1)C(C)(C)C,CsOPiv,CC(=O)N(C)C,0.057,90,,
CN(C)c1cccc(N(C)C)c1-c1ccccc1P(c1ccccc1)C(C)(C)C,CsOPiv,CC(=O)N(C)C,0.057,105,,
CN(C)c1cccc(N(C)C)c1-c1ccccc1P(c1ccccc1)C(C)(C)C,CsOPiv,CC(=O)N(C)C,0.057,120,,
CN(C)c1cccc(N(C)C)c1-c1ccccc1P(c1ccccc1)C(C)(C)C,CsOPiv,CC(=O)N(C)C,0.153,90,,
CN(C)c1cccc(N(C)C)c1-c1ccccc1P(c1ccccc1)C(C)(C)C,CsOPiv,CC(=O)N(C)C,0.153,105,,
CN(C)c1cccc(N(C)C)c1-c1ccccc1P(c1ccccc1)C(C)(C)C,CsOPiv,CC(=O)N(C)C,0.153,120,,
C1CCC(P(C2CCCCC2)C2CCCCC2)CC1,KOAc,CCCCOC(C)=O,0.1,90,,
C1CCC(P(C2CCCCC2)C2CCCCC2)CC1,KOAc,CCCCOC(C)=O,0.1,105,,
C1CCC(P(C2CCCCC2)C2CCCCC2)CC1,KOAc,CCCCOC(C)=O,0.1,120,,
C1CCC(P(C2CCCCC2)C2CCCCC2)CC1,KOAc,CCCCOC(C)=O,0.057,90,,
C1CCC(P(C2CCCCC2)C2CCCCC2)CC1,KOAc,CCCCOC(C)=O,0.057,105,,
C1CCC(P(C2CCCCC2)C2CCCCC2)CC1,KOAc,CCCCOC(C)=O,0.057,120,,
C1CCC(P(C2CCCCC2)C2CCCCC2)CC1,KOAc,CCCCOC(C)=O,0.153,90,,
C1CCC(P(C2CCCCC2)C2CCCCC2)CC1,KOAc,CCCCOC(C)=O,0.153,105,,
C1CCC(P(C2CCCCC2)C2CCCCC2)CC1,KOAc,CCCCOC(C)=O,0.153,120,,
C1CCC(P(C2CCCCC2)C2CCCCC2)CC1,KOAc,CCCC#N,0.1,90,,
C1CCC(P(C2CCCCC2)C2CCCCC2)CC1,KOAc,CCCC#N,0.1,105,,
C1CCC(P(C2CCCCC2)C2CCCCC2)CC1,KOAc,CCCC#N,0.1,120,,
C1CCC(P(C2CCCCC2)C2CCCCC2)CC1,KOAc,CCCC#N,0.057,90,,
C1CCC(P(C2CCCCC2)C2CCCCC2)CC1,KOAc,CCCC#N,0.057,105,,
C1CCC(P(C2CCCCC2)C2CCCCC2)CC1,KOAc,CCCC#N,0.057,120,,
C1CCC(P(C2CCCCC2)C2CCCCC2)CC1,KOAc,CCCC#N,0.153,90,,
C1CCC(P(C2CCCCC2)C2CCCCC2)CC1,KOAc,CCCC#N,0.153,105,,
C1CCC(P(C2CCCCC2)C2CCCCC2)CC1,KOAc,CCCC#N,0.153,120,,
C1CCC(P(C2CCCCC2)C2CCCCC2)CC1,KOAc,Cc1ccc(C)cc1,0.1,90,,
C1CCC(P(C2CCCCC2)C2CCCCC2)CC1,KOAc,Cc1ccc(C)cc1,0.1,105,,
C1CCC(P(C2CCCCC2)C2CCCCC2)CC1,KOAc,Cc1ccc(C)cc1,0.1,120,,
C1CCC(P(C2CCCCC2)C2CCCCC2)CC1,KOAc,Cc1ccc(C)cc1,0.057,90,,
C1CCC(P(C2CCCCC2)C2CCCCC2)CC1,KOAc,Cc1ccc(C)cc1,0.057,105,,
C1CCC(P(C2CCCCC2)C2CCCCC2)CC1,KOAc,Cc1ccc(C)cc1,0.057,120,,
C1CCC(P(C2CCCCC2)C2CCCCC2)CC1,KOAc,Cc1ccc(C)cc1,0.153,90,,
C1CCC(P(C2CCCCC2)C2CCCCC2)CC1,KOAc,Cc1ccc(C)cc1,0.153,105,,
C1CCC(P(C2CCCCC2)C2CCCCC2)CC1,KOAc,Cc1ccc(C)cc1,0.153,120,,
C1CCC(P(C2CCCCC2)C2CCCCC2)CC1,KOAc,CC(=O)N(C)C,0.1,90,,
C1CCC(P(C2CCCCC2)C2CCCCC2)CC1,KOAc,CC(=O)N(C)C,0.1,105,,
C1CCC(P(C2CCCCC2)C2CCCCC2)CC1,KOAc,CC(=O)N(C)C,0.1,120,,
C1CCC(P(C2CCCCC2)C2CCCCC2)CC1,KOAc,CC(=O)N(C)C,0.057,90,,
C1CCC(P(C2CCCCC2)C2CCCCC2)CC1,KOAc,CC(=O)N(C)C,0.057,105,,
C1CCC(P(C2CCCCC2)C2CCCCC2)CC1,KOAc,CC(=O)N(C)C,0.057,120,,
C1CCC(P(C2CCCCC2)C2CCCCC2)CC1,KOAc,CC(=O)N(C)C,0.153,90,,
C1CCC(P(C2CCCCC2)C2CCCCC2)CC1,KOAc,CC(=O)N(C)C,0.153,105,,
C1CCC(P(C2CCCCC2)C2CCCCC2)CC1,KOAc,CC(=O)N(C)C,0.153,120,,
C1CCC(P(C2CCCCC2)C2CCCCC2)CC1,CsOAc,CCCCOC(C)=O,0.1,90,,
C1CCC(P(C2CCCCC2)C2CCCCC2)CC1,CsOAc,CCCCOC(C)=O,0.1,105,,
C1CCC(P(C2CCCCC2)C2CCCCC2)CC1,CsOAc,CCCCOC(C)=O,0.1,120,,
C1CCC(P(C2CCCCC2)C2CCCCC2)CC1,CsOAc,CCCCOC(C)=O,0.057,90,,
C1CCC(P(C2CCCCC2)C2CCCCC2)CC1,CsOAc,CCCCOC(C)=O,0.057,105,,
C1CCC(P(C2CCCCC2)C2CCCCC2)CC1,CsOAc,CCCCOC(C)=O,0.057,120,,
C1CCC(P(C2CCCCC2)C2CCCCC2)CC1,CsOAc,CCCCOC(C)=O,0.153,90,,
C1CCC(P(C2CCCCC2)C2CCCCC2)CC1,CsOAc,CCCCOC(C)=O,0.153,105,,
C1CCC(P(C2CCCCC2)C2CCCCC2)CC1,CsOAc,CCCCOC(C)=O,0.153,120,,
C1CCC(P(C2CCCCC2)C2CCCCC2)CC1,CsOAc,CCCC#N,0.1,90,,
C1CCC(P(C2CCCCC2)C2CCCCC2)CC1,CsOAc,CCCC#N,0.1,105,,
C1CCC(P(C2CCCCC2)C2CCCCC2)CC1,CsOAc,CCCC#N,0.1,120,,
C1CCC(P(C2CCCCC2)C2CCCCC2)CC1,CsOAc,CCCC#N,0.057,90,,
C1CCC(P(C2CCCCC2)C2CCCCC2)CC1,CsOAc,CCCC#N,0.057,105,,
C1CCC(P(C2CCCCC2)C2CCCCC2)CC1,CsOAc,CCCC#N,0.057,120,,
C1CCC(P(C2CCCCC2)C2CCCCC2)CC1,CsOAc,CCCC#N,0.153,90,,
C1CCC(P(C2CCCCC2)C2CCCCC2)CC1,CsOAc,CCCC#N,0.153,105,,
C1CCC(P(C2CCCCC2)C2CCCCC2)CC1,CsOAc,CCCC#N,0.153,120,,
C1CCC(P(C2CCCCC2)C2CCCCC2)CC1,CsOAc,Cc1ccc(C)cc1,0.1,90,,
C1CCC(P(C2CCCCC2)C2CCCCC2)CC1,CsOAc,Cc1ccc(C)cc1,0.1,105,,
C1CCC(P(C2CCCCC2)C2CCCCC2)CC1,CsOAc,Cc1ccc(C)cc1,0.1,120,,
C1CCC(P(C2CCCCC2)C2CCCCC2)CC1,CsOAc,Cc1ccc(C)cc1,0.057,90,,
C1CCC(P(C2CCCCC2)C2CCCCC2)CC1,CsOAc,Cc1ccc(C)cc1,0.057,105,,
C1CCC(P(C2CCCCC2)C2CCCCC2)CC1,CsOAc,Cc1ccc(C)cc1,0.057,120,,
C1CCC(P(C2CCCCC2)C2CCCCC2)CC1,CsOAc,Cc1ccc(C)cc1,0.153,90,,
C1CCC(P(C2CCCCC2)C2CCCCC2)CC1,CsOAc,Cc1ccc(C)cc1,0.153,105,,
C1CCC(P(C2CCCCC2)C2CCCCC2)CC1,CsOAc,Cc1ccc(C)cc1,0.153,120,,
C1CCC(P(C2CCCCC2)C2CCCCC2)CC1,CsOAc,CC(=O)N(C)C,0.1,90,,
C1CCC(P(C2CCCCC2)C2CCCCC2)CC1,CsOAc,CC(=O)N(C)C,0.1,105,,
C1CCC(P(C2CCCCC2)C2CCCCC2)CC1,CsOAc,CC(=O)N(C)C,0.1,120,,
C1CCC(P(C2CCCCC2)C2CCCCC2)CC1,CsOAc,CC(=O)N(C)C,0.057,90,,
C1CCC(P(C2CCCCC2)C2CCCCC2)CC1,CsOAc,CC(=O)N(C)C,0.057,105,,
C1CCC(P(C2CCCCC2)C2CCCCC2)CC1,CsOAc,CC(=O)N(C)C,0.057,120,,
C1CCC(P(C2CCCCC2)C2CCCCC2)CC1,CsOAc,CC(=O)N(C)C,0.153,90,,
C1CCC(P(C2CCCCC2)C2CCCCC2)CC1,CsOAc,CC(=O)N(C)C,0.153,105,,
C1CCC(P(C2CCCCC2)C2CCCCC2)CC1,CsOAc,CC(=O)N(C)C,0.153,120,,
C1CCC(P(C2CCCCC2)C2CCCCC2)CC1,KOPiv,CCCCOC(C)=O,0.1,90,,
C1CCC(P(C2CCCCC2)C2CCCCC2)CC1,KOPiv,CCCCOC(C)=O,0.1,105,,
C1CCC(P(C2CCCCC2)C2CCCCC2)CC1,KOPiv,CCCCOC(C)=O,0.1,120,,
C1CCC(P(C2CCCCC2)C2CCCCC2)CC1,KOPiv,CCCCOC(C)=O,0.057,90,,
C1CCC(P(C2CCCCC2)C2CCCCC2)CC1,KOPiv,CCCCOC(C)=O,0.057,105,,
C1CCC(P(C2CCCCC2)C2CCCCC2)CC1,KOPiv,CCCCOC(C)=O,0.057,120,,
C1CCC(P(C2CCCCC2)C2CCCCC2)CC1,KOPiv,CCCCOC(C)=O,0.153,90,,
C1CCC(P(C2CCCCC2)C2CCCCC2)CC1,KOPiv,CCCCOC(C)=O,0.153,105,,
C1CCC(P(C2CCCCC2)C2CCCCC2)CC1,KOPiv,CCCCOC(C)=O,0.153,120,,
C1CCC(P(C2CCCCC2)C2CCCCC2)CC1,KOPiv,CCCC#N,0.1,90,,
C1CCC(P(C2CCCCC2)C2CCCCC2)CC1,KOPiv,CCCC#N,0.1,105,,
C1CCC(P(C2CCCCC2)C2CCCCC2)CC1,KOPiv,CCCC#N,0.1,120,,
C1CCC(P(C2CCCCC2)C2CCCCC2)CC1,KOPiv,CCCC#N,0.057,90,,
C1CCC(P(C2CCCCC2)C2CCCCC2)CC1,KOPiv,CCCC#N,0.057,105,,
C1CCC(P(C2CCCCC2)C2CCCCC2)CC1,KOPiv,CCCC#N,0.057,120,,
C1CCC(P(C2CCCCC2)C2CCCCC2)CC1,KOPiv,CCCC#N,0.153,90,,
C1CCC(P(C2CCCCC2)C2CCCCC2)CC1,KOPiv,CCCC#N,0.153,105,,
C1CCC(P(C2CCCCC2)C2CCCCC2)CC1,KOPiv,CCCC#N,0.153,120,,
C1CCC(P(C2CCCCC2)C2CCCCC2)CC1,KOPiv,Cc1ccc(C)cc1,0.1,90,,
C1CCC(P(C2CCCCC2)C2CCCCC2)CC1,KOPiv,Cc1ccc(C)cc1,0.1,105,,
C1CCC(P(C2CCCCC2)C2CCCCC2)CC1,KOPiv,Cc1ccc(C)cc1,0.1,120,,
C1CCC(P(C2CCCCC2)C2CCCCC2)CC1,KOPiv,Cc1ccc(C)cc1,0.057,90,,
C1CCC(P(C2CCCCC2)C2CCCCC2)CC1,KOPiv,Cc1ccc(C)cc1,0.057,105,,
C1CCC(P(C2CCCCC2)C2CCCCC2)CC1,KOPiv,Cc1ccc(C)cc1,0.057,120,,
C1CCC(P(C2CCCCC2)C2CCCCC2)CC1,KOPiv,Cc1ccc(C)cc1,0.153,90,,
C1CCC(P(C2CCCCC2)C2CCCCC2)CC1,KOPiv,Cc1ccc(C)cc1,0.153,105,,
C1CCC(P(C2CCCCC2)C2CCCCC2)CC1,KOPiv,Cc1ccc(C)cc1,0.153,120,,
C1CCC(P(C2CCCCC2)C2CCCCC2)CC1,KOPiv,CC(=O)N(C)C,0.1,90,,
C1CCC(P(C2CCCCC2)C2CCCCC2)CC1,KOPiv,CC(=O)N(C)C,0.1,105,,
C1CCC(P(C2CCCCC2)C2CCCCC2)CC1,KOPiv,CC(=O)N(C)C,0.1,120,,
C1CCC(P(C2CCCCC2)C2CCCCC2)CC1,KOPiv,CC(=O)N(C)C,0.057,90,,
C1CCC(P(C2CCCCC2)C2CCCCC2)CC1,KOPiv,CC(=O)N(C)C,0.057,105,,
C1CCC(P(C2CCCCC2)C2CCCCC2)CC1,KOPiv,CC(=O)N(C)C,0.057,120,,
C1CCC(P(C2CCCCC2)C2CCCCC2)CC1,KOPiv,CC(=O)N(C)C,0.153,90,,
C1CCC(P(C2CCCCC2)C2CCCCC2)CC1,KOPiv,CC(=O)N(C)C,0.153,105,,
C1CCC(P(C2CCCCC2)C2CCCCC2)CC1,KOPiv,CC(=O)N(C)C,0.153,120,,
C1CCC(P(C2CCCCC2)C2CCCCC2)CC1,CsOPiv,CCCCOC(C)=O,0.1,90,,
C1CCC(P(C2CCCCC2)C2CCCCC2)CC1,CsOPiv,CCCCOC(C)=O,0.1,105,,
C1CCC(P(C2CCCCC2)C2CCCCC2)CC1,CsOPiv,CCCCOC(C)=O,0.1,120,,
C1CCC(P(C2CCCCC2)C2CCCCC2)CC1,CsOPiv,CCCCOC(C)=O,0.057,90,,
C1CCC(P(C2CCCCC2)C2CCCCC2)CC1,CsOPiv,CCCCOC(C)=O,0.057,105,,
C1CCC(P(C2CCCCC2)C2CCCCC2)CC1,CsOPiv,CCCCOC(C)=O,0.057,120,,
C1CCC(P(C2CCCCC2)C2CCCCC2)CC1,CsOPiv,CCCCOC(C)=O,0.153,90,,
C1CCC(P(C2CCCCC2)C2CCCCC2)CC1,CsOPiv,CCCCOC(C)=O,0.153,105,,
C1CCC(P(C2CCCCC2)C2CCCCC2)CC1,CsOPiv,CCCCOC(C)=O,0.153,120,,
C1CCC(P(C2CCCCC2)C2CCCCC2)CC1,CsOPiv,CCCC#N,0.1,90,,
C1CCC(P(C2CCCCC2)C2CCCCC2)CC1,CsOPiv,CCCC#N,0.1,105,,
C1CCC(P(C2CCCCC2)C2CCCCC2)CC1,CsOPiv,CCCC#N,0.1,120,,
C1CCC(P(C2CCCCC2)C2CCCCC2)CC1,CsOPiv,CCCC#N,0.057,90,,
C1CCC(P(C2CCCCC2)C2CCCCC2)CC1,CsOPiv,CCCC#N,0.057,105,,
C1CCC(P(C2CCCCC2)C2CCCCC2)CC1,CsOPiv,CCCC#N,0.057,120,,
C1CCC(P(C2CCCCC2)C2CCCCC2)CC1,CsOPiv,CCCC#N,0.153,90,,
C1CCC(P(C2CCCCC2)C2CCCCC2)CC1,CsOPiv,CCCC#N,0.153,105,,
C1CCC(P(C2CCCCC2)C2CCCCC2)CC1,CsOPiv,CCCC#N,0.153,120,,
C1CCC(P(C2CCCCC2)C2CCCCC2)CC1,CsOPiv,Cc1ccc(C)cc1,0.1,90,,
C1CCC(P(C2CCCCC2)C2CCCCC2)CC1,CsOPiv,Cc1ccc(C)cc1,0.1,105,,
C1CCC(P(C2CCCCC2)C2CCCCC2)CC1,CsOPiv,Cc1ccc(C)cc1,0.1,120,,
C1CCC(P(C2CCCCC2)C2CCCCC2)CC1,CsOPiv,Cc1ccc(C)cc1,0.057,90,,
C1CCC(P(C2CCCCC2)C2CCCCC2)CC1,CsOPiv,Cc1ccc(C)cc1,0.057,105,,
C1CCC(P(C2CCCCC2)C2CCCCC2)CC1,CsOPiv,Cc1ccc(C)cc1,0.057,120,,
C1CCC(P(C2CCCCC2)C2CCCCC2)CC1,CsOPiv,Cc1ccc(C)cc1,0.153,90,,
C1CCC(P(C2CCCCC2)C2CCCCC2)CC1,CsOPiv,Cc1ccc(C)cc1,0.153,105,,
C1CCC(P(C2CCCCC2)C2CCCCC2)CC1,CsOPiv,Cc1ccc(C)cc1,0.153,120,,
C1CCC(P(C2CCCCC2)C2CCCCC2)CC1,CsOPiv,CC(=O)N(C)C,0.1,90,,
C1CCC(P(C2CCCCC2)C2CCCCC2)CC1,CsOPiv,CC(=O)N(C)C,0.1,105,,
C1CCC(P(C2CCCCC2)C2CCCCC2)CC1,CsOPiv,CC(=O)N(C)C,0.1,120,,
C1CCC(P(C2CCCCC2)C2CCCCC2)CC1,CsOPiv,CC(=O)N(C)C,0.057,90,,
C1CCC(P(C2CCCCC2)C2CCCCC2)CC1,CsOPiv,CC(=O)N(C)C,0.057,105,,
C1CCC(P(C2CCCCC2)C2CCCCC2)CC1,CsOPiv,CC(=O)N(C)C,0.057,120,,
C1CCC(P(C2CCCCC2)C2CCCCC2)CC1,CsOPiv,CC(=O)N(C)C,0.153,90,,
C1CCC(P(C2CCCCC2)C2CCCCC2)CC1,CsOPiv,CC(=O)N(C)C,0.153,105,,
C1CCC(P(C2CCCCC2)C2CCCCC2)CC1,CsOPiv,CC(=O)N(C)C,0.153,120,,
c1ccc(P(c2ccccc2)c2ccccc2)cc1,KOAc,CCCCOC(C)=O,0.1,90,,
c1ccc(P(c2ccccc2)c2ccccc2)cc1,KOAc,CCCCOC(C)=O,0.1,105,,
c1ccc(P(c2ccccc2)c2ccccc2)cc1,KOAc,CCCCOC(C)=O,0.1,120,,
c1ccc(P(c2ccccc2)c2ccccc2)cc1,KOAc,CCCCOC(C)=O,0.057,90,,
c1ccc(P(c2ccccc2)c2ccccc2)cc1,KOAc,CCCCOC(C)=O,0.057,105,,
c1ccc(P(c2ccccc2)c2ccccc2)cc1,KOAc,CCCCOC(C)=O,0.057,120,,
c1ccc(P(c2ccccc2)c2ccccc2)cc1,KOAc,CCCCOC(C)=O,0.153,90,,
c1ccc(P(c2ccccc2)c2ccccc2)cc1,KOAc,CCCCOC(C)=O,0.153,105,,
c1ccc(P(c2ccccc2)c2ccccc2)cc1,KOAc,CCCCOC(C)=O,0.153,120,,
c1ccc(P(c2ccccc2)c2ccccc2)cc1,KOAc,CCCC#N,0.1,90,,
c1ccc(P(c2ccccc2)c2ccccc2)cc1,KOAc,CCCC#N,0.1,105,,
c1ccc(P(c2ccccc2)c2ccccc2)cc1,KOAc,CCCC#N,0.1,120,,
c1ccc(P(c2ccccc2)c2ccccc2)cc1,KOAc,CCCC#N,0.057,90,,
c1ccc(P(c2ccccc2)c2ccccc2)cc1,KOAc,CCCC#N,0.057,105,,
c1ccc(P(c2ccccc2)c2ccccc2)cc1,KOAc,CCCC#N,0.057,120,,
c1ccc(P(c2ccccc2)c2ccccc2)cc1,KOAc,CCCC#N,0.153,90,,
c1ccc(P(c2ccccc2)c2ccccc2)cc1,KOAc,CCCC#N,0.153,105,,
c1ccc(P(c2ccccc2)c2ccccc2)cc1,KOAc,CCCC#N,0.153,120,,
c1ccc(P(c2ccccc2)c2ccccc2)cc1,KOAc,Cc1ccc(C)cc1,0.1,90,,
c1ccc(P(c2ccccc2)c2ccccc2)cc1,KOAc,Cc1ccc(C)cc1,0.1,105,,
c1ccc(P(c2ccccc2)c2ccccc2)cc1,KOAc,Cc1ccc(C)cc1,0.1,120,,
c1ccc(P(c2ccccc2)c2ccccc2)cc1,KOAc,Cc1ccc(C)cc1,0.057,90,,
c1ccc(P(c2ccccc2)c2ccccc2)cc1,KOAc,Cc1ccc(C)cc1,0.057,105,,
c1ccc(P(c2ccccc2)c2ccccc2)cc1,KOAc,Cc1ccc(C)cc1,0.057,120,,
c1ccc(P(c2ccccc2)c2ccccc2)cc1,KOAc,Cc1ccc(C)cc1,0.153,90,,
c1ccc(P(c2ccccc2)c2ccccc2)cc1,KOAc,Cc1ccc(C)cc1,0.153,105,,
c1ccc(P(c2ccccc2)c2ccccc2)cc1,KOAc,Cc1ccc(C)cc1,0.153,120,,
c1ccc(P(c2ccccc2)c2ccccc2)cc1,KOAc,CC(=O)N(C)C,0.1,90,,
c1ccc(P(c2ccccc2)c2ccccc2)cc1,KOAc,CC(=O)N(C)C,0.1,105,,
c1ccc(P(c2ccccc2)c2ccccc2)cc1,KOAc,CC(=O)N(C)C,0.1,120,,
c1ccc(P(c2ccccc2)c2ccccc2)cc1,KOAc,CC(=O)N(C)C,0.057,90,,
c1ccc(P(c2ccccc2)c2ccccc2)cc1,KOAc,CC(=O)N(C)C,0.057,105,,
c1ccc(P(c2ccccc2)c2ccccc2)cc1,KOAc,CC(=O)N(C)C,0.057,120,,
c1ccc(P(c2ccccc2)c2ccccc2)cc1,KOAc,CC(=O)N(C)C,0.153,90,,
c1ccc(P(c2ccccc2)c2ccccc2)cc1,KOAc,CC(=O)N(C)C,0.153,105,,
c1ccc(P(c2ccccc2)c2ccccc2)cc1,KOAc,CC(=O)N(C)C,0.153,120,,
c1ccc(P(c2ccccc2)c2ccccc2)cc1,CsOAc,CCCCOC(C)=O,0.1,90,,
c1ccc(P(c2ccccc2)c2ccccc2)cc1,CsOAc,CCCCOC(C)=O,0.1,105,,
c1ccc(P(c2ccccc2)c2ccccc2)cc1,CsOAc,CCCCOC(C)=O,0.1,120,,
c1ccc(P(c2ccccc2)c2ccccc2)cc1,CsOAc,CCCCOC(C)=O,0.057,90,,
c1ccc(P(c2ccccc2)c2ccccc2)cc1,CsOAc,CCCCOC(C)=O,0.057,105,,
c1ccc(P(c2ccccc2)c2ccccc2)cc1,CsOAc,CCCCOC(C)=O,0.057,120,,
c1ccc(P(c2ccccc2)c2ccccc2)cc1,CsOAc,CCCCOC(C)=O,0.153,90,,
c1ccc(P(c2ccccc2)c2ccccc2)cc1,CsOAc,CCCCOC(C)=O,0.153,105,,
c1ccc(P(c2ccccc2)c2ccccc2)cc1,CsOAc,CCCCOC(C)=O,0.153,120,,
c1ccc(P(c2ccccc2)c2ccccc2)cc1,CsOAc,CCCC#N,0.1,90,,
c1ccc(P(c2ccccc2)c2ccccc2)cc1,CsOAc,CCCC#N,0.1,105,,
c1ccc(P(c2ccccc2)c2ccccc2)cc1,CsOAc,CCCC#N,0.1,120,,
c1ccc(P(c2ccccc2)c2ccccc2)cc1,CsOAc,CCCC#N,0.057,90,,
c1ccc(P(c2ccccc2)c2ccccc2)cc1,CsOAc,CCCC#N,0.057,105,,
c1ccc(P(c2ccccc2)c2ccccc2)cc1,CsOAc,CCCC#N,0.057,120,,
c1ccc(P(c2ccccc2)c2ccccc2)cc1,CsOAc,CCCC#N,0.153,90,,
c1ccc(P(c2ccccc2)c2ccccc2)cc1,CsOAc,CCCC#N,0.153,105,,
c1ccc(P(c2ccccc2)c2ccccc2)cc1,CsOAc,CCCC#N,0.153,120,,
c1ccc(P(c2ccccc2)c2ccccc2)cc1,CsOAc,Cc1ccc(C)cc1,0.1,90,,
c1ccc(P(c2ccccc2)c2ccccc2)cc1,CsOAc,Cc1ccc(C)cc1,0.1,105,,
c1ccc(P(c2ccccc2)c2ccccc2)cc1,CsOAc,Cc1ccc(C)cc1,0.1,120,,
c1ccc(P(c2ccccc2)c2ccccc2)cc1,CsOAc,Cc1ccc(C)cc1,0.057,90,,
c1ccc(P(c2ccccc2)c2ccccc2)cc1,CsOAc,Cc1ccc(C)cc1,0.057,105,,
c1ccc(P(c2ccccc2)c2ccccc2)cc1,CsOAc,Cc1ccc(C)cc1,0.057,120,,
c1ccc(P(c2ccccc2)c2ccccc2)cc1,CsOAc,Cc1ccc(C)cc1,0.153,90,,
c1ccc(P(c2ccccc2)c2ccccc2)cc1,CsOAc,Cc1ccc(C)cc1,0.153,105,,
c1ccc(P(c2ccccc2)c2ccccc2)cc1,CsOAc,Cc1ccc(C)cc1,0.153,120,,
c1ccc(P(c2ccccc2)c2ccccc2)cc1,CsOAc,CC(=O)N(C)C,0.1,90,,
c1ccc(P(c2ccccc2)c2ccccc2)cc1,CsOAc,CC(=O)N(C)C,0.1,105,,
c1ccc(P(c2ccccc2)c2ccccc2)cc1,CsOAc,CC(=O)N(C)C,0.1,120,,
c1ccc(P(c2ccccc2)c2ccccc2)cc1,CsOAc,CC(=O)N(C)C,0.057,90,,
c1ccc(P(c2ccccc2)c2ccccc2)cc1,CsOAc,CC(=O)N(C)C,0.057,105,,
c1ccc(P(c2ccccc2)c2ccccc2)cc1,CsOAc,CC(=O)N(C)C,0.057,120,,
c1ccc(P(c2ccccc2)c2ccccc2)cc1,CsOAc,CC(=O)N(C)C,0.153,90,,
c1ccc(P(c2ccccc2)c2ccccc2)cc1,CsOAc,CC(=O)N(C)C,0.153,105,,
c1ccc(P(c2ccccc2)c2ccccc2)cc1,CsOAc,CC(=O)N(C)C,0.153,120,,
c1ccc(P(c2ccccc2)c2ccccc2)cc1,KOPiv,CCCCOC(C)=O,0.1,90,,
c1ccc(P(c2ccccc2)c2ccccc2)cc1,KOPiv,CCCCOC(C)=O,0.1,105,,
c1ccc(P(c2ccccc2)c2ccccc2)cc1,KOPiv,CCCCOC(C)=O,0.1,120,,
c1ccc(P(c2ccccc2)c2ccccc2)cc1,KOPiv,CCCCOC(C)=O,0.057,90,,
c1ccc(P(c2ccccc2)c2ccccc2)cc1,KOPiv,CCCCOC(C)=O,0.057,105,,
c1ccc(P(c2ccccc2)c2ccccc2)cc1,KOPiv,CCCCOC(C)=O,0.057,120,,
c1ccc(P(c2ccccc2)c2ccccc2)cc1,KOPiv,CCCCOC(C)=O,0.153,90,,
c1ccc(P(c2ccccc2)c2ccccc2)cc1,KOPiv,CCCCOC(C)=O,0.153,105,,
c1ccc(P(c2ccccc2)c2ccccc2)cc1,KOPiv,CCCCOC(C)=O,0.153,120,,
c1ccc(P(c2ccccc2)c2ccccc2)cc1,KOPiv,CCCC#N,0.1,90,,
c1ccc(P(c2ccccc2)c2ccccc2)cc1,KOPiv,CCCC#N,0.1,105,,
c1ccc(P(c2ccccc2)c2ccccc2)cc1,KOPiv,CCCC#N,0.1,120,,
c1ccc(P(c2ccccc2)c2ccccc2)cc1,KOPiv,CCCC#N,0.057,90,,
c1ccc(P(c2ccccc2)c2ccccc2)cc1,KOPiv,CCCC#N,0.057,105,,
c1ccc(P(c2ccccc2)c2ccccc2)cc1,KOPiv,CCCC#N,0.057,120,,
c1ccc(P(c2ccccc2)c2ccccc2)cc1,KOPiv,CCCC#N,0.153,90,,
c1ccc(P(c2ccccc2)c2ccccc2)cc1,KOPiv,CCCC#N,0.153,105,,
c1ccc(P(c2ccccc2)c2ccccc2)cc1,KOPiv,CCCC#N,0.153,120,,
c1ccc(P(c2ccccc2)c2ccccc2)cc1,KOPiv,Cc1ccc(C)cc1,0.1,90,,
c1ccc(P(c2ccccc2)c2ccccc2)cc1,KOPiv,Cc1ccc(C)cc1,0.1,105,,
c1ccc(P(c2ccccc2)c2ccccc2)cc1,KOPiv,Cc1ccc(C)cc1,0.1,120,,
c1ccc(P(c2ccccc2)c2ccccc2)cc1,KOPiv,Cc1ccc(C)cc1,0.057,90,,
c1ccc(P(c2ccccc2)c2ccccc2)cc1,KOPiv,Cc1ccc(C)cc1,0.057,105,,
c1ccc(P(c2ccccc2)c2ccccc2)cc1,KOPiv,Cc1ccc(C)cc1,0.057,120,,
c1ccc(P(c2ccccc2)c2ccccc2)cc1,KOPiv,Cc1ccc(C)cc1,0.153,90,,
c1ccc(P(c2ccccc2)c2ccccc2)cc1,KOPiv,Cc1ccc(C)cc1,0.153,105,,
c1ccc(P(c2ccccc2)c2ccccc2)cc1,KOPiv,Cc1ccc(C)cc1,0.153,120,,
c1ccc(P(c2ccccc2)c2ccccc2)cc1,KOPiv,CC(=O)N(C)C,0.1,90,,
c1ccc(P(c2ccccc2)c2ccccc2)cc1,KOPiv,CC(=O)N(C)C,0.1,105,,
c1ccc(P(c2ccccc2)c2ccccc2)cc1,KOPiv,CC(=O)N(C)C,0.1,120,,
c1ccc(P(c2ccccc2)c2ccccc2)cc1,KOPiv,CC(=O)N(C)C,0.057,90,,
c1ccc(P(c2ccccc2)c2ccccc2)cc1,KOPiv,CC(=O)N(C)C,0.057,105,,
c1ccc(P(c2ccccc2)c2ccccc2)cc1,KOPiv,CC(=O)N(C)C,0.057,120,,
c1ccc(P(c2ccccc2)c2ccccc2)cc1,KOPiv,CC(=O)N(C)C,0.153,90,,
c1ccc(P(c2ccccc2)c2ccccc2)cc1,KOPiv,CC(=O)N(C)C,0.153,105,,
c1ccc(P(c2ccccc2)c2ccccc2)cc1,KOPiv,CC(=O)N(C)C,0.153,120,,
c1ccc(P(c2ccccc2)c2ccccc2)cc1,CsOPiv,CCCCOC(C)=O,0.1,90,,
c1ccc(P(c2ccccc2)c2ccccc2)cc1,CsOPiv,CCCCOC(C)=O,0.1,105,,
c1ccc(P(c2ccccc2)c2ccccc2)cc1,CsOPiv,CCCCOC(C)=O,0.1,120,,
c1ccc(P(c2ccccc2)c2ccccc2)cc1,CsOPiv,CCCCOC(C)=O,0.057,90,,
c1ccc(P(c2ccccc2)c2ccccc2)cc1,CsOPiv,CCCCOC(C)=O,0.057,105,,
c1ccc(P(c2ccccc2)c2ccccc2)cc1,CsOPiv,CCCCOC(C)=O,0.057,120,,
c1ccc(P(c2ccccc2)c2ccccc2)cc1,CsOPiv,CCCCOC(C)=O,0.153,90,,
c1ccc(P(c2ccccc2)c2ccccc2)cc1,CsOPiv,CCCCOC(C)=O,0.153,105,,
c1ccc(P(c2ccccc2)c2ccccc2)cc1,CsOPiv,CCCCOC(C)=O,0.153,120,,
c1ccc(P(c2ccccc2)c2ccccc2)cc1,CsOPiv,CCCC#N,0.1,90,,
c1ccc(P(c2ccccc2)c2ccccc2)cc1,CsOPiv,CCCC#N,0.1,105,,
c1ccc(P(c2ccccc2)c2ccccc2)cc1,CsOPiv,CCCC#N,0.1,120,,
c1ccc(P(c2ccccc2)c2ccccc2)cc1,CsOPiv,CCCC#N,0.057,90,,
c1ccc(P(c2ccccc2)c2ccccc2)cc1,CsOPiv,CCCC#N,0.057,105,,
c1ccc(P(c2ccccc2)c2ccccc2)cc1,CsOPiv,CCCC#N,0.057,120,,
c1ccc(P(c2ccccc2)c2ccccc2)cc1,CsOPiv,CCCC#N,0.153,90,,
c1ccc(P(c2ccccc2)c2ccccc2)cc1,CsOPiv,CCCC#N,0.153,105,,
c1ccc(P(c2ccccc2)c2ccccc2)cc1,CsOPiv,CCCC#N,0.153,120,,
c1ccc(P(c2ccccc2)c2ccccc2)cc1,CsOPiv,Cc1ccc(C)cc1,0.1,90,,
c1ccc(P(c2ccccc2)c2ccccc2)cc1,CsOPiv,Cc1ccc(C)cc1,0.1,105,,
c1ccc(P(c2ccccc2)c2ccccc2)cc1,CsOPiv,Cc1ccc(C)cc1,0.1,120,,
c1ccc(P(c2ccccc2)c2ccccc2)cc1,CsOPiv,Cc1ccc(C)cc1,0.057,90,,
c1ccc(P(c2ccccc2)c2ccccc2)cc1,CsOPiv,Cc1ccc(C)cc1,0.057,105,,
c1ccc(P(c2ccccc2)c2ccccc2)cc1,CsOPiv,Cc1ccc(C)cc1,0.057,120,,
c1ccc(P(c2ccccc2)c2ccccc2)cc1,CsOPiv,Cc1ccc(C)cc1,0.153,90,,
c1ccc(P(c2ccccc2)c2ccccc2)cc1,CsOPiv,Cc1ccc(C)cc1,0.153,105,,
c1ccc(P(c2ccccc2)c2ccccc2)cc1,CsOPiv,Cc1ccc(C)cc1,0.153,120,,
c1ccc(P(c2ccccc2)c2ccccc2)cc1,CsOPiv,CC(=O)N(C)C,0.1,90,,
c1ccc(P(c2ccccc2)c2ccccc2)cc1,CsOPiv,CC(=O)N(C)C,0.1,105,,
c1ccc(P(c2ccccc2)c2ccccc2)cc1,CsOPiv,CC(=O)N(C)C,0.1,120,,
c1ccc(P(c2ccccc2)c2ccccc2)cc1,CsOPiv,CC(=O)N(C)C,0.057,90,,
c1ccc(P(c2ccccc2)c2ccccc2)cc1,CsOPiv,CC(=O)N(C)C,0.057,105,,
c1ccc(P(c2ccccc2)c2ccccc2)cc1,CsOPiv,CC(=O)N(C)C,0.057,120,,
c1ccc(P(c2ccccc2)c2ccccc2)cc1,CsOPiv,CC(=O)N(C)C,0.153,90,,
c1ccc(P(c2ccccc2)c2ccccc2)cc1,CsOPiv,CC(=O)N(C)C,0.153,105,,
c1ccc(P(c2ccccc2)c2ccccc2)cc1,CsOPiv,CC(=O)N(C)C,0.153,120,,
CC(C)c1cc(C(C)C)c(-c2ccccc2P(C2CCCCC2)C2CCCCC2)c(C(C)C)c1,KOAc,CCCCOC(C)=O,0.1,90,,
CC(C)c1cc(C(C)C)c(-c2ccccc2P(C2CCCCC2)C2CCCCC2)c(C(C)C)c1,KOAc,CCCCOC(C)=O,0.1,105,,
CC(C)c1cc(C(C)C)c(-c2ccccc2P(C2CCCCC2)C2CCCCC2)c(C(C)C)c1,KOAc,CCCCOC(C)=O,0.1,120,,
CC(C)c1cc(C(C)C)c(-c2ccccc2P(C2CCCCC2)C2CCCCC2)c(C(C)C)c1,KOAc,CCCCOC(C)=O,0.057,90,,
CC(C)c1cc(C(C)C)c(-c2ccccc2P(C2CCCCC2)C2CCCCC2)c(C(C)C)c1,KOAc,CCCCOC(C)=O,0.057,105,,
CC(C)c1cc(C(C)C)c(-c2ccccc2P(C2CCCCC2)C2CCCCC2)c(C(C)C)c1,KOAc,CCCCOC(C)=O,0.057,120,,
CC(C)c1cc(C(C)C)c(-c2ccccc2P(C2CCCCC2)C2CCCCC2)c(C(C)C)c1,KOAc,CCCCOC(C)=O,0.153,90,,
CC(C)c1cc(C(C)C)c(-c2ccccc2P(C2CCCCC2)C2CCCCC2)c(C(C)C)c1,KOAc,CCCCOC(C)=O,0.153,105,,
CC(C)c1cc(C(C)C)c(-c2ccccc2P(C2CCCCC2)C2CCCCC2)c(C(C)C)c1,KOAc,CCCCOC(C)=O,0.153,120,,
CC(C)c1cc(C(C)C)c(-c2ccccc2P(C2CCCCC2)C2CCCCC2)c(C(C)C)c1,KOAc,CCCC#N,0.1,90,,
CC(C)c1cc(C(C)C)c(-c2ccccc2P(C2CCCCC2)C2CCCCC2)c(C(C)C)c1,KOAc,CCCC#N,0.1,105,,
CC(C)c1cc(C(C)C)c(-c2ccccc2P(C2CCCCC2)C2CCCCC2)c(C(C)C)c1,KOAc,CCCC#N,0.1,120,,
CC(C)c1cc(C(C)C)c(-c2ccccc2P(C2CCCCC2)C2CCCCC2)c(C(C)C)c1,KOAc,CCCC#N,0.057,90,,
CC(C)c1cc(C(C)C)c(-c2ccccc2P(C2CCCCC2)C2CCCCC2)c(C(C)C)c1,KOAc,CCCC#N,0.057,105,,
CC(C)c1cc(C(C)C)c(-c2ccccc2P(C2CCCCC2)C2CCCCC2)c(C(C)C)c1,KOAc,CCCC#N,0.057,120,,
CC(C)c1cc(C(C)C)c(-c2ccccc2P(C2CCCCC2)C2CCCCC2)c(C(C)C)c1,KOAc,CCCC#N,0.153,90,,
CC(C)c1cc(C(C)C)c(-c2ccccc2P(C2CCCCC2)C2CCCCC2)c(C(C)C)c1,KOAc,CCCC#N,0.153,105,,
CC(C)c1cc(C(C)C)c(-c2ccccc2P(C2CCCCC2)C2CCCCC2)c(C(C)C)c1,KOAc,CCCC#N,0.153,120,,
CC(C)c1cc(C(C)C)c(-c2ccccc2P(C2CCCCC2)C2CCCCC2)c(C(C)C)c1,KOAc,Cc1ccc(C)cc1,0.1,90,,
CC(C)c1cc(C(C)C)c(-c2ccccc2P(C2CCCCC2)C2CCCCC2)c(C(C)C)c1,KOAc,Cc1ccc(C)cc1,0.1,105,,
CC(C)c1cc(C(C)C)c(-c2ccccc2P(C2CCCCC2)C2CCCCC2)c(C(C)C)c1,KOAc,Cc1ccc(C)cc1,0.1,120,,
CC(C)c1cc(C(C)C)c(-c2ccccc2P(C2CCCCC2)C2CCCCC2)c(C(C)C)c1,KOAc,Cc1ccc(C)cc1,0.057,90,,
CC(C)c1cc(C(C)C)c(-c2ccccc2P(C2CCCCC2)C2CCCCC2)c(C(C)C)c1,KOAc,Cc1ccc(C)cc1,0.057,105,,
CC(C)c1cc(C(C)C)c(-c2ccccc2P(C2CCCCC2)C2CCCCC2)c(C(C)C)c1,KOAc,Cc1ccc(C)cc1,0.057,120,,
CC(C)c1cc(C(C)C)c(-c2ccccc2P(C2CCCCC2)C2CCCCC2)c(C(C)C)c1,KOAc,Cc1ccc(C)cc1,0.153,90,,
CC(C)c1cc(C(C)C)c(-c2ccccc2P(C2CCCCC2)C2CCCCC2)c(C(C)C)c1,KOAc,Cc1ccc(C)cc1,0.153,105,,
CC(C)c1cc(C(C)C)c(-c2ccccc2P(C2CCCCC2)C2CCCCC2)c(C(C)C)c1,KOAc,Cc1ccc(C)cc1,0.153,120,,
CC(C)c1cc(C(C)C)c(-c2ccccc2P(C2CCCCC2)C2CCCCC2)c(C(C)C)c1,KOAc,CC(=O)N(C)C,0.1,90,,
CC(C)c1cc(C(C)C)c(-c2ccccc2P(C2CCCCC2)C2CCCCC2)c(C(C)C)c1,KOAc,CC(=O)N(C)C,0.1,105,,
CC(C)c1cc(C(C)C)c(-c2ccccc2P(C2CCCCC2)C2CCCCC2)c(C(C)C)c1,KOAc,CC(=O)N(C)C,0.1,120,,
CC(C)c1cc(C(C)C)c(-c2ccccc2P(C2CCCCC2)C2CCCCC2)c(C(C)C)c1,KOAc,CC(=O)N(C)C,0.057,90,,
CC(C)c1cc(C(C)C)c(-c2ccccc2P(C2CCCCC2)C2CCCCC2)c(C(C)C)c1,KOAc,CC(=O)N(C)C,0.057,105,,
CC(C)c1cc(C(C)C)c(-c2ccccc2P(C2CCCCC2)C2CCCCC2)c(C(C)C)c1,KOAc,CC(=O)N(C)C,0.057,120,,
CC(C)c1cc(C(C)C)c(-c2ccccc2P(C2CCCCC2)C2CCCCC2)c(C(C)C)c1,KOAc,CC(=O)N(C)C,0.153,90,,
CC(C)c1cc(C(C)C)c(-c2ccccc2P(C2CCCCC2)C2CCCCC2)c(C(C)C)c1,KOAc,CC(=O)N(C)C,0.153,105,,
CC(C)c1cc(C(C)C)c(-c2ccccc2P(C2CCCCC2)C2CCCCC2)c(C(C)C)c1,KOAc,CC(=O)N(C)C,0.153,120,,
CC(C)c1cc(C(C)C)c(-c2ccccc2P(C2CCCCC2)C2CCCCC2)c(C(C)C)c1,CsOAc,CCCCOC(C)=O,0.1,90,,
CC(C)c1cc(C(C)C)c(-c2ccccc2P(C2CCCCC2)C2CCCCC2)c(C(C)C)c1,CsOAc,CCCCOC(C)=O,0.1,105,,
CC(C)c1cc(C(C)C)c(-c2ccccc2P(C2CCCCC2)C2CCCCC2)c(C(C)C)c1,CsOAc,CCCCOC(C)=O,0.1,120,,
CC(C)c1cc(C(C)C)c(-c2ccccc2P(C2CCCCC2)C2CCCCC2)c(C(C)C)c1,CsOAc,CCCCOC(C)=O,0.057,90,,
CC(C)c1cc(C(C)C)c(-c2ccccc2P(C2CCCCC2)C2CCCCC2)c(C(C)C)c1,CsOAc,CCCCOC(C)=O,0.057,105,,
CC(C)c1cc(C(C)C)c(-c2ccccc2P(C2CCCCC2)C2CCCCC2)c(C(C)C)c1,CsOAc,CCCCOC(C)=O,0.057,120,,
CC(C)c1cc(C(C)C)c(-c2ccccc2P(C2CCCCC2)C2CCCCC2)c(C(C)C)c1,CsOAc,CCCCOC(C)=O,0.153,90,,
CC(C)c1cc(C(C)C)c(-c2ccccc2P(C2CCCCC2)C2CCCCC2)c(C(C)C)c1,CsOAc,CCCCOC(C)=O,0.153,105,,
CC(C)c1cc(C(C)C)c(-c2ccccc2P(C2CCCCC2)C2CCCCC2)c(C(C)C)c1,CsOAc,CCCCOC(C)=O,0.153,120,,
CC(C)c1cc(C(C)C)c(-c2ccccc2P(C2CCCCC2)C2CCCCC2)c(C(C)C)c1,CsOAc,CCCC#N,0.1,90,,
CC(C)c1cc(C(C)C)c(-c2ccccc2P(C2CCCCC2)C2CCCCC2)c(C(C)C)c1,CsOAc,CCCC#N,0.1,105,,
CC(C)c1cc(C(C)C)c(-c2ccccc2P(C2CCCCC2)C2CCCCC2)c(C(C)C)c1,CsOAc,CCCC#N,0.1,120,,
CC(C)c1cc(C(C)C)c(-c2ccccc2P(C2CCCCC2)C2CCCCC2)c(C(C)C)c1,CsOAc,CCCC#N,0.057,90,,
CC(C)c1cc(C(C)C)c(-c2ccccc2P(C2CCCCC2)C2CCCCC2)c(C(C)C)c1,CsOAc,CCCC#N,0.057,105,,
CC(C)c1cc(C(C)C)c(-c2ccccc2P(C2CCCCC2)C2CCCCC2)c(C(C)C)c1,CsOAc,CCCC#N,0.057,120,,
CC(C)c1cc(C(C)C)c(-c2ccccc2P(C2CCCCC2)C2CCCCC2)c(C(C)C)c1,CsOAc,CCCC#N,0.153,90,,
CC(C)c1cc(C(C)C)c(-c2ccccc2P(C2CCCCC2)C2CCCCC2)c(C(C)C)c1,CsOAc,CCCC#N,0.153,105,,
CC(C)c1cc(C(C)C)c(-c2ccccc2P(C2CCCCC2)C2CCCCC2)c(C(C)C)c1,CsOAc,CCCC#N,0.153,120,,
CC(C)c1cc(C(C)C)c(-c2ccccc2P(C2CCCCC2)C2CCCCC2)c(C(C)C)c1,CsOAc,Cc1ccc(C)cc1,0.1,90,,
CC(C)c1cc(C(C)C)c(-c2ccccc2P(C2CCCCC2)C2CCCCC2)c(C(C)C)c1,CsOAc,Cc1ccc(C)cc1,0.1,105,,
CC(C)c1cc(C(C)C)c(-c2ccccc2P(C2CCCCC2)C2CCCCC2)c(C(C)C)c1,CsOAc,Cc1ccc(C)cc1,0.1,120,,
CC(C)c1cc(C(C)C)c(-c2ccccc2P(C2CCCCC2)C2CCCCC2)c(C(C)C)c1,CsOAc,Cc1ccc(C)cc1,0.057,90,,
CC(C)c1cc(C(C)C)c(-c2ccccc2P(C2CCCCC2)C2CCCCC2)c(C(C)C)c1,CsOAc,Cc1ccc(C)cc1,0.057,105,,
CC(C)c1cc(C(C)C)c(-c2ccccc2P(C2CCCCC2)C2CCCCC2)c(C(C)C)c1,CsOAc,Cc1ccc(C)cc1,0.057,120,,
CC(C)c1cc(C(C)C)c(-c2ccccc2P(C2CCCCC2)C2CCCCC2)c(C(C)C)c1,CsOAc,Cc1ccc(C)cc1,0.153,90,,
CC(C)c1cc(C(C)C)c(-c2ccccc2P(C2CCCCC2)C2CCCCC2)c(C(C)C)c1,CsOAc,Cc1ccc(C)cc1,0.153,105,,
CC(C)c1cc(C(C)C)c(-c2ccccc2P(C2CCCCC2)C2CCCCC2)c(C(C)C)c1,CsOAc,Cc1ccc(C)cc1,0.153,120,,
CC(C)c1cc(C(C)C)c(-c2ccccc2P(C2CCCCC2)C2CCCCC2)c(C(C)C)c1,CsOAc,CC(=O)N(C)C,0.1,90,,
CC(C)c1cc(C(C)C)c(-c2ccccc2P(C2CCCCC2)C2CCCCC2)c(C(C)C)c1,CsOAc,CC(=O)N(C)C,0.1,105,,
CC(C)c1cc(C(C)C)c(-c2ccccc2P(C2CCCCC2)C2CCCCC2)c(C(C)C)c1,CsOAc,CC(=O)N(C)C,0.1,120,,
CC(C)c1cc(C(C)C)c(-c2ccccc2P(C2CCCCC2)C2CCCCC2)c(C(C)C)c1,CsOAc,CC(=O)N(C)C,0.057,90,,
CC(C)c1cc(C(C)C)c(-c2ccccc2P(C2CCCCC2)C2CCCCC2)c(C(C)C)c1,CsOAc,CC(=O)N(C)C,0.057,105,,
CC(C)c1cc(C(C)C)c(-c2ccccc2P(C2CCCCC2)C2CCCCC2)c(C(C)C)c1,CsOAc,CC(=O)N(C)C,0.057,120,,
CC(C)c1cc(C(C)C)c(-c2ccccc2P(C2CCCCC2)C2CCCCC2)c(C(C)C)c1,CsOAc,CC(=O)N(C)C,0.153,90,,
CC(C)c1cc(C(C)C)c(-c2ccccc2P(C2CCCCC2)C2CCCCC2)c(C(C)C)c1,CsOAc,CC(=O)N(C)C,0.153,105,,
CC(C)c1cc(C(C)C)c(-c2ccccc2P(C2CCCCC2)C2CCCCC2)c(C(C)C)c1,CsOAc,CC(=O)N(C)C,0.153,120,,
CC(C)c1cc(C(C)C)c(-c2ccccc2P(C2CCCCC2)C2CCCCC2)c(C(C)C)c1,KOPiv,CCCCOC(C)=O,0.1,90,,
CC(C)c1cc(C(C)C)c(-c2ccccc2P(C2CCCCC2)C2CCCCC2)c(C(C)C)c1,KOPiv,CCCCOC(C)=O,0.1,105,,
CC(C)c1cc(C(C)C)c(-c2ccccc2P(C2CCCCC2)C2CCCCC2)c(C(C)C)c1,KOPiv,CCCCOC(C)=O,0.1,120,,
CC(C)c1cc(C(C)C)c(-c2ccccc2P(C2CCCCC2)C2CCCCC2)c(C(C)C)c1,KOPiv,CCCCOC(C)=O,0.057,90,,
CC(C)c1cc(C(C)C)c(-c2ccccc2P(C2CCCCC2)C2CCCCC2)c(C(C)C)c1,KOPiv,CCCCOC(C)=O,0.057,105,,
CC(C)c1cc(C(C)C)c(-c2ccccc2P(C2CCCCC2)C2CCCCC2)c(C(C)C)c1,KOPiv,CCCCOC(C)=O,0.057,120,,
CC(C)c1cc(C(C)C)c(-c2ccccc2P(C2CCCCC2)C2CCCCC2)c(C(C)C)c1,KOPiv,CCCCOC(C)=O,0.153,90,,
CC(C)c1cc(C(C)C)c(-c2ccccc2P(C2CCCCC2)C2CCCCC2)c(C(C)C)c1,KOPiv,CCCCOC(C)=O,0.153,105,,
CC(C)c1cc(C(C)C)c(-c2ccccc2P(C2CCCCC2)C2CCCCC2)c(C(C)C)c1,KOPiv,CCCCOC(C)=O,0.153,120,,
CC(C)c1cc(C(C)C)c(-c2ccccc2P(C2CCCCC2)C2CCCCC2)c(C(C)C)c1,KOPiv,CCCC#N,0.1,90,,
CC(C)c1cc(C(C)C)c(-c2ccccc2P(C2CCCCC2)C2CCCCC2)c(C(C)C)c1,KOPiv,CCCC#N,0.1,105,,
CC(C)c1cc(C(C)C)c(-c2ccccc2P(C2CCCCC2)C2CCCCC2)c(C(C)C)c1,KOPiv,CCCC#N,0.1,120,,
CC(C)c1cc(C(C)C)c(-c2ccccc2P(C2CCCCC2)C2CCCCC2)c(C(C)C)c1,KOPiv,CCCC#N,0.057,90,,
CC(C)c1cc(C(C)C)c(-c2ccccc2P(C2CCCCC2)C2CCCCC2)c(C(C)C)c1,KOPiv,CCCC#N,0.057,105,,
CC(C)c1cc(C(C)C)c(-c2ccccc2P(C2CCCCC2)C2CCCCC2)c(C(C)C)c1,KOPiv,CCCC#N,0.057,120,,
CC(C)c1cc(C(C)C)c(-c2ccccc2P(C2CCCCC2)C2CCCCC2)c(C(C)C)c1,KOPiv,CCCC#N,0.153,90,,
CC(C)c1cc(C(C)C)c(-c2ccccc2P(C2CCCCC2)C2CCCCC2)c(C(C)C)c1,KOPiv,CCCC#N,0.153,105,,
CC(C)c1cc(C(C)C)c(-c2ccccc2P(C2CCCCC2)C2CCCCC2)c(C(C)C)c1,KOPiv,CCCC#N,0.153,120,,
CC(C)c1cc(C(C)C)c(-c2ccccc2P(C2CCCCC2)C2CCCCC2)c(C(C)C)c1,KOPiv,Cc1ccc(C)cc1,0.1,90,,
CC(C)c1cc(C(C)C)c(-c2ccccc2P(C2CCCCC2)C2CCCCC2)c(C(C)C)c1,KOPiv,Cc1ccc(C)cc1,0.1,105,,
CC(C)c1cc(C(C)C)c(-c2ccccc2P(C2CCCCC2)C2CCCCC2)c(C(C)C)c1,KOPiv,Cc1ccc(C)cc1,0.1,120,,
CC(C)c1cc(C(C)C)c(-c2ccccc2P(C2CCCCC2)C2CCCCC2)c(C(C)C)c1,KOPiv,Cc1ccc(C)cc1,0.057,90,,
CC(C)c1cc(C(C)C)c(-c2ccccc2P(C2CCCCC2)C2CCCCC2)c(C(C)C)c1,KOPiv,Cc1ccc(C)cc1,0.057,105,,
CC(C)c1cc(C(C)C)c(-c2ccccc2P(C2CCCCC2)C2CCCCC2)c(C(C)C)c1,KOPiv,Cc1ccc(C)cc1,0.057,120,,
CC(C)c1cc(C(C)C)c(-c2ccccc2P(C2CCCCC2)C2CCCCC2)c(C(C)C)c1,KOPiv,Cc1ccc(C)cc1,0.153,90,,
CC(C)c1cc(C(C)C)c(-c2ccccc2P(C2CCCCC2)C2CCCCC2)c(C(C)C)c1,KOPiv,Cc1ccc(C)cc1,0.153,105,,
CC(C)c1cc(C(C)C)c(-c2ccccc2P(C2CCCCC2)C2CCCCC2)c(C(C)C)c1,KOPiv,Cc1ccc(C)cc1,0.153,120,,
CC(C)c1cc(C(C)C)c(-c2ccccc2P(C2CCCCC2)C2CCCCC2)c(C(C)C)c1,KOPiv,CC(=O)N(C)C,0.1,90,,
CC(C)c1cc(C(C)C)c(-c2ccccc2P(C2CCCCC2)C2CCCCC2)c(C(C)C)c1,KOPiv,CC(=O)N(C)C,0.1,105,,
CC(C)c1cc(C(C)C)c(-c2ccccc2P(C2CCCCC2)C2CCCCC2)c(C(C)C)c1,KOPiv,CC(=O)N(C)C,0.1,120,,
CC(C)c1cc(C(C)C)c(-c2ccccc2P(C2CCCCC2)C2CCCCC2)c(C(C)C)c1,KOPiv,CC(=O)N(C)C,0.057,90,,
CC(C)c1cc(C(C)C)c(-c2ccccc2P(C2CCCCC2)C2CCCCC2)c(C(C)C)c1,KOPiv,CC(=O)N(C)C,0.057,105,,
CC(C)c1cc(C(C)C)c(-c2ccccc2P(C2CCCCC2)C2CCCCC2)c(C(C)C)c1,KOPiv,CC(=O)N(C)C,0.057,120,,
CC(C)c1cc(C(C)C)c(-c2ccccc2P(C2CCCCC2)C2CCCCC2)c(C(C)C)c1,KOPiv,CC(=O)N(C)C,0.153,90,,
CC(C)c1cc(C(C)C)c(-c2ccccc2P(C2CCCCC2)C2CCCCC2)c(C(C)C)c1,KOPiv,CC(=O)N(C)C,0.153,105,,
CC(C)c1cc(C(C)C)c(-c2ccccc2P(C2CCCCC2)C2CCCCC2)c(C(C)C)c1,KOPiv,CC(=O)N(C)C,0.153,120,,
CC(C)c1cc(C(C)C)c(-c2ccccc2P(C2CCCCC2)C2CCCCC2)c(C(C)C)c1,CsOPiv,CCCCOC(C)=O,0.1,90,,
CC(C)c1cc(C(C)C)c(-c2ccccc2P(C2CCCCC2)C2CCCCC2)c(C(C)C)c1,CsOPiv,CCCCOC(C)=O,0.1,105,,
CC(C)c1cc(C(C)C)c(-c2ccccc2P(C2CCCCC2)C2CCCCC2)c(C(C)C)c1,CsOPiv,CCCCOC(C)=O,0.1,120,,
CC(C)c1cc(C(C)C)c(-c2ccccc2P(C2CCCCC2)C2CCCCC2)c(C(C)C)c1,CsOPiv,CCCCOC(C)=O,0.057,90,,
CC(C)c1cc(C(C)C)c(-c2ccccc2P(C2CCCCC2)C2CCCCC2)c(C(C)C)c1,CsOPiv,CCCCOC(C)=O,0.057,105,,
CC(C)c1cc(C(C)C)c(-c2ccccc2P(C2CCCCC2)C2CCCCC2)c(C(C)C)c1,CsOPiv,CCCCOC(C)=O,0.057,120,,
CC(C)c1cc(C(C)C)c(-c2ccccc2P(C2CCCCC2)C2CCCCC2)c(C(C)C)c1,CsOPiv,CCCCOC(C)=O,0.153,90,,
CC(C)c1cc(C(C)C)c(-c2ccccc2P(C2CCCCC2)C2CCCCC2)c(C(C)C)c1,CsOPiv,CCCCOC(C)=O,0.153,105,,
CC(C)c1cc(C(C)C)c(-c2ccccc2P(C2CCCCC2)C2CCCCC2)c(C(C)C)c1,CsOPiv,CCCCOC(C)=O,0.153,120,,
CC(C)c1cc(C(C)C)c(-c2ccccc2P(C2CCCCC2)C2CCCCC2)c(C(C)C)c1,CsOPiv,CCCC#N,0.1,90,,
CC(C)c1cc(C(C)C)c(-c2ccccc2P(C2CCCCC2)C2CCCCC2)c(C(C)C)c1,CsOPiv,CCCC#N,0.1,105,,
CC(C)c1cc(C(C)C)c(-c2ccccc2P(C2CCCCC2)C2CCCCC2)c(C(C)C)c1,CsOPiv,CCCC#N,0.1,120,,
CC(C)c1cc(C(C)C)c(-c2ccccc2P(C2CCCCC2)C2CCCCC2)c(C(C)C)c1,CsOPiv,CCCC#N,0.057,90,,
CC(C)c1cc(C(C)C)c(-c2ccccc2P(C2CCCCC2)C2CCCCC2)c(C(C)C)c1,CsOPiv,CCCC#N,0.057,105,,
CC(C)c1cc(C(C)C)c(-c2ccccc2P(C2CCCCC2)C2CCCCC2)c(C(C)C)c1,CsOPiv,CCCC#N,0.057,120,,
CC(C)c1cc(C(C)C)c(-c2ccccc2P(C2CCCCC2)C2CCCCC2)c(C(C)C)c1,CsOPiv,CCCC#N,0.153,90,,
CC(C)c1cc(C(C)C)c(-c2ccccc2P(C2CCCCC2)C2CCCCC2)c(C(C)C)c1,CsOPiv,CCCC#N,0.153,105,,
CC(C)c1cc(C(C)C)c(-c2ccccc2P(C2CCCCC2)C2CCCCC2)c(C(C)C)c1,CsOPiv,CCCC#N,0.153,120,,
CC(C)c1cc(C(C)C)c(-c2ccccc2P(C2CCCCC2)C2CCCCC2)c(C(C)C)c1,CsOPiv,Cc1ccc(C)cc1,0.1,90,,
CC(C)c1cc(C(C)C)c(-c2ccccc2P(C2CCCCC2)C2CCCCC2)c(C(C)C)c1,CsOPiv,Cc1ccc(C)cc1,0.1,105,,
CC(C)c1cc(C(C)C)c(-c2ccccc2P(C2CCCCC2)C2CCCCC2)c(C(C)C)c1,CsOPiv,Cc1ccc(C)cc1,0.1,120,,
CC(C)c1cc(C(C)C)c(-c2ccccc2P(C2CCCCC2)C2CCCCC2)c(C(C)C)c1,CsOPiv,Cc1ccc(C)cc1,0.057,90,,
CC(C)c1cc(C(C)C)c(-c2ccccc2P(C2CCCCC2)C2CCCCC2)c(C(C)C)c1,CsOPiv,Cc1ccc(C)cc1,0.057,105,,
CC(C)c1cc(C(C)C)c(-c2ccccc2P(C2CCCCC2)C2CCCCC2)c(C(C)C)c1,CsOPiv,Cc1ccc(C)cc1,0.057,120,,
CC(C)c1cc(C(C)C)c(-c2ccccc2P(C2CCCCC2)C2CCCCC2)c(C(C)C)c1,CsOPiv,Cc1ccc(C)cc1,0.153,90,,
CC(C)c1cc(C(C)C)c(-c2ccccc2P(C2CCCCC2)C2CCCCC2)c(C(C)C)c1,CsOPiv,Cc1ccc(C)cc1,0.153,105,,
CC(C)c1cc(C(C)C)c(-c2ccccc2P(C2CCCCC2)C2CCCCC2)c(C(C)C)c1,CsOPiv,Cc1ccc(C)cc1,0.153,120,,
CC(C)c1cc(C(C)C)c(-c2ccccc2P(C2CCCCC2)C2CCCCC2)c(C(C)C)c1,CsOPiv,CC(=O)N(C)C,0.1,90,,
CC(C)c1cc(C(C)C)c(-c2ccccc2P(C2CCCCC2)C2CCCCC2)c(C(C)C)c1,CsOPiv,CC(=O)N(C)C,0.1,105,,
CC(C)c1cc(C(C)C)c(-c2ccccc2P(C2CCCCC2)C2CCCCC2)c(C(C)C)c1,CsOPiv,CC(=O)N(C)C,0.1,120,,
CC(C)c1cc(C(C)C)c(-c2ccccc2P(C2CCCCC2)C2CCCCC2)c(C(C)C)c1,CsOPiv,CC(=O)N(C)C,0.057,90,,
CC(C)c1cc(C(C)C)c(-c2ccccc2P(C2CCCCC2)C2CCCCC2)c(C(C)C)c1,CsOPiv,CC(=O)N(C)C,0.057,105,,
CC(C)c1cc(C(C)C)c(-c2ccccc2P(C2CCCCC2)C2CCCCC2)c(C(C)C)c1,CsOPiv,CC(=O)N(C)C,0.057,120,,
CC(C)c1cc(C(C)C)c(-c2ccccc2P(C2CCCCC2)C2CCCCC2)c(C(C)C)c1,CsOPiv,CC(=O)N(C)C,0.153,90,,
CC(C)c1cc(C(C)C)c(-c2ccccc2P(C2CCCCC2)C2CCCCC2)c(C(C)C)c1,CsOPiv,CC(=O)N(C)C,0.153,105,,
CC(C)c1cc(C(C)C)c(-c2ccccc2P(C2CCCCC2)C2CCCCC2)c(C(C)C)c1,CsOPiv,CC(=O)N(C)C,0.153,120,,
CC(C)Oc1cccc(OC(C)C)c1P(C1CCCCC1)C1CCCCC1,KOAc,CCCCOC(C)=O,0.1,90,,
CC(C)Oc1cccc(OC(C)C)c1P(C1CCCCC1)C1CCCCC1,KOAc,CCCCOC(C)=O,0.1,105,,
CC(C)Oc1cccc(OC(C)C)c1P(C1CCCCC1)C1CCCCC1,KOAc,CCCCOC(C)=O,0.1,120,,
CC(C)Oc1cccc(OC(C)C)c1P(C1CCCCC1)C1CCCCC1,KOAc,CCCCOC(C)=O,0.057,90,,
CC(C)Oc1cccc(OC(C)C)c1P(C1CCCCC1)C1CCCCC1,KOAc,CCCCOC(C)=O,0.057,105,,
CC(C)Oc1cccc(OC(C)C)c1P(C1CCCCC1)C1CCCCC1,KOAc,CCCCOC(C)=O,0.057,120,,
CC(C)Oc1cccc(OC(C)C)c1P(C1CCCCC1)C1CCCCC1,KOAc,CCCCOC(C)=O,0.153,90,,
CC(C)Oc1cccc(OC(C)C)c1P(C1CCCCC1)C1CCCCC1,KOAc,CCCCOC(C)=O,0.153,105,,
CC(C)Oc1cccc(OC(C)C)c1P(C1CCCCC1)C1CCCCC1,KOAc,CCCCOC(C)=O,0.153,120,,
CC(C)Oc1cccc(OC(C)C)c1P(C1CCCCC1)C1CCCCC1,KOAc,CCCC#N,0.1,90,,
CC(C)Oc1cccc(OC(C)C)c1P(C1CCCCC1)C1CCCCC1,KOAc,CCCC#N,0.1,105,,
CC(C)Oc1cccc(OC(C)C)c1P(C1CCCCC1)C1CCCCC1,KOAc,CCCC#N,0.1,120,,
CC(C)Oc1cccc(OC(C)C)c1P(C1CCCCC1)C1CCCCC1,KOAc,CCCC#N,0.057,90,,
CC(C)Oc1cccc(OC(C)C)c1P(C1CCCCC1)C1CCCCC1,KOAc,CCCC#N,0.057,105,,
CC(C)Oc1cccc(OC(C)C)c1P(C1CCCCC1)C1CCCCC1,KOAc,CCCC#N,0.057,120,,
CC(C)Oc1cccc(OC(C)C)c1P(C1CCCCC1)C1CCCCC1,KOAc,CCCC#N,0.153,90,,
CC(C)Oc1cccc(OC(C)C)c1P(C1CCCCC1)C1CCCCC1,KOAc,CCCC#N,0.153,105,,
CC(C)Oc1cccc(OC(C)C)c1P(C1CCCCC1)C1CCCCC1,KOAc,CCCC#N,0.153,120,,
CC(C)Oc1cccc(OC(C)C)c1P(C1CCCCC1)C1CCCCC1,KOAc,Cc1ccc(C)cc1,0.1,90,,
CC(C)Oc1cccc(OC(C)C)c1P(C1CCCCC1)C1CCCCC1,KOAc,Cc1ccc(C)cc1,0.1,105,,
CC(C)Oc1cccc(OC(C)C)c1P(C1CCCCC1)C1CCCCC1,KOAc,Cc1ccc(C)cc1,0.1,120,,
CC(C)Oc1cccc(OC(C)C)c1P(C1CCCCC1)C1CCCCC1,KOAc,Cc1ccc(C)cc1,0.057,90,,
CC(C)Oc1cccc(OC(C)C)c1P(C1CCCCC1)C1CCCCC1,KOAc,Cc1ccc(C)cc1,0.057,105,,
CC(C)Oc1cccc(OC(C)C)c1P(C1CCCCC1)C1CCCCC1,KOAc,Cc1ccc(C)cc1,0.057,120,,
CC(C)Oc1cccc(OC(C)C)c1P(C1CCCCC1)C1CCCCC1,KOAc,Cc1ccc(C)cc1,0.153,90,,
CC(C)Oc1cccc(OC(C)C)c1P(C1CCCCC1)C1CCCCC1,KOAc,Cc1ccc(C)cc1,0.153,105,,
CC(C)Oc1cccc(OC(C)C)c1P(C1CCCCC1)C1CCCCC1,KOAc,Cc1ccc(C)cc1,0.153,120,,
CC(C)Oc1cccc(OC(C)C)c1P(C1CCCCC1)C1CCCCC1,KOAc,CC(=O)N(C)C,0.1,90,,
CC(C)Oc1cccc(OC(C)C)c1P(C1CCCCC1)C1CCCCC1,KOAc,CC(=O)N(C)C,0.1,105,,
CC(C)Oc1cccc(OC(C)C)c1P(C1CCCCC1)C1CCCCC1,KOAc,CC(=O)N(C)C,0.1,120,,
CC(C)Oc1cccc(OC(C)C)c1P(C1CCCCC1)C1CCCCC1,KOAc,CC(=O)N(C)C,0.057,90,,
CC(C)Oc1cccc(OC(C)C)c1P(C1CCCCC1)C1CCCCC1,KOAc,CC(=O)N(C)C,0.057,105,,
CC(C)Oc1cccc(OC(C)C)c1P(C1CCCCC1)C1CCCCC1,KOAc,CC(=O)N(C)C,0.057,120,,
CC(C)Oc1cccc(OC(C)C)c1P(C1CCCCC1)C1CCCCC1,KOAc,CC(=O)N(C)C,0.153,90,,
CC(C)Oc1cccc(OC(C)C)c1P(C1CCCCC1)C1CCCCC1,KOAc,CC(=O)N(C)C,0.153,105,,
CC(C)Oc1cccc(OC(C)C)c1P(C1CCCCC1)C1CCCCC1,KOAc,CC(=O)N(C)C,0.153,120,,
CC(C)Oc1cccc(OC(C)C)c1P(C1CCCCC1)C1CCCCC1,CsOAc,CCCCOC(C)=O,0.1,90,,
CC(C)Oc1cccc(OC(C)C)c1P(C1CCCCC1)C1CCCCC1,CsOAc,CCCCOC(C)=O,0.1,105,,
CC(C)Oc1cccc(OC(C)C)c1P(C1CCCCC1)C1CCCCC1,CsOAc,CCCCOC(C)=O,0.1,120,,
CC(C)Oc1cccc(OC(C)C)c1P(C1CCCCC1)C1CCCCC1,CsOAc,CCCCOC(C)=O,0.057,90,,
CC(C)Oc1cccc(OC(C)C)c1P(C1CCCCC1)C1CCCCC1,CsOAc,CCCCOC(C)=O,0.057,105,,
CC(C)Oc1cccc(OC(C)C)c1P(C1CCCCC1)C1CCCCC1,CsOAc,CCCCOC(C)=O,0.057,120,,
CC(C)Oc1cccc(OC(C)C)c1P(C1CCCCC1)C1CCCCC1,CsOAc,CCCCOC(C)=O,0.153,90,,
CC(C)Oc1cccc(OC(C)C)c1P(C1CCCCC1)C1CCCCC1,CsOAc,CCCCOC(C)=O,0.153,105,,
CC(C)Oc1cccc(OC(C)C)c1P(C1CCCCC1)C1CCCCC1,CsOAc,CCCCOC(C)=O,0.153,120,,
CC(C)Oc1cccc(OC(C)C)c1P(C1CCCCC1)C1CCCCC1,CsOAc,CCCC#N,0.1,90,,
CC(C)Oc1cccc(OC(C)C)c1P(C1CCCCC1)C1CCCCC1,CsOAc,CCCC#N,0.1,105,,
CC(C)Oc1cccc(OC(C)C)c1P(C1CCCCC1)C1CCCCC1,CsOAc,CCCC#N,0.1,120,,
CC(C)Oc1cccc(OC(C)C)c1P(C1CCCCC1)C1CCCCC1,CsOAc,CCCC#N,0.057,90,,
CC(C)Oc1cccc(OC(C)C)c1P(C1CCCCC1)C1CCCCC1,CsOAc,CCCC#N,0.057,105,,
CC(C)Oc1cccc(OC(C)C)c1P(C1CCCCC1)C1CCCCC1,CsOAc,CCCC#N,0.057,120,,
CC(C)Oc1cccc(OC(C)C)c1P(C1CCCCC1)C1CCCCC1,CsOAc,CCCC#N,0.153,90,,
CC(C)Oc1cccc(OC(C)C)c1P(C1CCCCC1)C1CCCCC1,CsOAc,CCCC#N,0.153,105,,
CC(C)Oc1cccc(OC(C)C)c1P(C1CCCCC1)C1CCCCC1,CsOAc,CCCC#N,0.153,120,,
CC(C)Oc1cccc(OC(C)C)c1P(C1CCCCC1)C1CCCCC1,CsOAc,Cc1ccc(C)cc1,0.1,90,,
CC(C)Oc1cccc(OC(C)C)c1P(C1CCCCC1)C1CCCCC1,CsOAc,Cc1ccc(C)cc1,0.1,105,,
CC(C)Oc1cccc(OC(C)C)c1P(C1CCCCC1)C1CCCCC1,CsOAc,Cc1ccc(C)cc1,0.1,120,,
CC(C)Oc1cccc(OC(C)C)c1P(C1CCCCC1)C1CCCCC1,CsOAc,Cc1ccc(C)cc1,0.057,90,,
CC(C)Oc1cccc(OC(C)C)c1P(C1CCCCC1)C1CCCCC1,CsOAc,Cc1ccc(C)cc1,0.057,105,,
CC(C)Oc1cccc(OC(C)C)c1P(C1CCCCC1)C1CCCCC1,CsOAc,Cc1ccc(C)cc1,0.057,120,,
CC(C)Oc1cccc(OC(C)C)c1P(C1CCCCC1)C1CCCCC1,CsOAc,Cc1ccc(C)cc1,0.153,90,,
CC(C)Oc1cccc(OC(C)C)c1P(C1CCCCC1)C1CCCCC1,CsOAc,Cc1ccc(C)cc1,0.153,105,,
CC(C)Oc1cccc(OC(C)C)c1P(C1CCCCC1)C1CCCCC1,CsOAc,Cc1ccc(C)cc1,0.153,120,,
CC(C)Oc1cccc(OC(C)C)c1P(C1CCCCC1)C1CCCCC1,CsOAc,CC(=O)N(C)C,0.1,90,,
CC(C)Oc1cccc(OC(C)C)c1P(C1CCCCC1)C1CCCCC1,CsOAc,CC(=O)N(C)C,0.1,105,,
CC(C)Oc1cccc(OC(C)C)c1P(C1CCCCC1)C1CCCCC1,CsOAc,CC(=O)N(C)C,0.1,120,,
CC(C)Oc1cccc(OC(C)C)c1P(C1CCCCC1)C1CCCCC1,CsOAc,CC(=O)N(C)C,0.057,90,,
CC(C)Oc1cccc(OC(C)C)c1P(C1CCCCC1)C1CCCCC1,CsOAc,CC(=O)N(C)C,0.057,105,,
CC(C)Oc1cccc(OC(C)C)c1P(C1CCCCC1)C1CCCCC1,CsOAc,CC(=O)N(C)C,0.057,120,,
CC(C)Oc1cccc(OC(C)C)c1P(C1CCCCC1)C1CCCCC1,CsOAc,CC(=O)N(C)C,0.153,90,,
CC(C)Oc1cccc(OC(C)C)c1P(C1CCCCC1)C1CCCCC1,CsOAc,CC(=O)N(C)C,0.153,105,,
CC(C)Oc1cccc(OC(C)C)c1P(C1CCCCC1)C1CCCCC1,CsOAc,CC(=O)N(C)C,0.153,120,,
CC(C)Oc1cccc(OC(C)C)c1P(C1CCCCC1)C1CCCCC1,KOPiv,CCCCOC(C)=O,0.1,90,,
CC(C)Oc1cccc(OC(C)C)c1P(C1CCCCC1)C1CCCCC1,KOPiv,CCCCOC(C)=O,0.1,105,,
CC(C)Oc1cccc(OC(C)C)c1P(C1CCCCC1)C1CCCCC1,KOPiv,CCCCOC(C)=O,0.1,120,,
CC(C)Oc1cccc(OC(C)C)c1P(C1CCCCC1)C1CCCCC1,KOPiv,CCCCOC(C)=O,0.057,90,,
CC(C)Oc1cccc(OC(C)C)c1P(C1CCCCC1)C1CCCCC1,KOPiv,CCCCOC(C)=O,0.057,105,,
CC(C)Oc1cccc(OC(C)C)c1P(C1CCCCC1)C1CCCCC1,KOPiv,CCCCOC(C)=O,0.057,120,,
CC(C)Oc1cccc(OC(C)C)c1P(C1CCCCC1)C1CCCCC1,KOPiv,CCCCOC(C)=O,0.153,90,,
CC(C)Oc1cccc(OC(C)C)c1P(C1CCCCC1)C1CCCCC1,KOPiv,CCCCOC(C)=O,0.153,105,,
CC(C)Oc1cccc(OC(C)C)c1P(C1CCCCC1)C1CCCCC1,KOPiv,CCCCOC(C)=O,0.153,120,,
CC(C)Oc1cccc(OC(C)C)c1P(C1CCCCC1)C1CCCCC1,KOPiv,CCCC#N,0.1,90,,
CC(C)Oc1cccc(OC(C)C)c1P(C1CCCCC1)C1CCCCC1,KOPiv,CCCC#N,0.1,105,,
CC(C)Oc1cccc(OC(C)C)c1P(C1CCCCC1)C1CCCCC1,KOPiv,CCCC#N,0.1,120,,
CC(C)Oc1cccc(OC(C)C)c1P(C1CCCCC1)C1CCCCC1,KOPiv,CCCC#N,0.057,90,,
CC(C)Oc1cccc(OC(C)C)c1P(C1CCCCC1)C1CCCCC1,KOPiv,CCCC#N,0.057,105,,
CC(C)Oc1cccc(OC(C)C)c1P(C1CCCCC1)C1CCCCC1,KOPiv,CCCC#N,0.057,120,,
CC(C)Oc1cccc(OC(C)C)c1P(C1CCCCC1)C1CCCCC1,KOPiv,CCCC#N,0.153,90,,
CC(C)Oc1cccc(OC(C)C)c1P(C1CCCCC1)C1CCCCC1,KOPiv,CCCC#N,0.153,105,,
CC(C)Oc1cccc(OC(C)C)c1P(C1CCCCC1)C1CCCCC1,KOPiv,CCCC#N,0.153,120,,
CC(C)Oc1cccc(OC(C)C)c1P(C1CCCCC1)C1CCCCC1,KOPiv,Cc1ccc(C)cc1,0.1,90,,
CC(C)Oc1cccc(OC(C)C)c1P(C1CCCCC1)C1CCCCC1,KOPiv,Cc1ccc(C)cc1,0.1,105,,
CC(C)Oc1cccc(OC(C)C)c1P(C1CCCCC1)C1CCCCC1,KOPiv,Cc1ccc(C)cc1,0.1,120,,
CC(C)Oc1cccc(OC(C)C)c1P(C1CCCCC1)C1CCCCC1,KOPiv,Cc1ccc(C)cc1,0.057,90,,
CC(C)Oc1cccc(OC(C)C)c1P(C1CCCCC1)C1CCCCC1,KOPiv,Cc1ccc(C)cc1,0.057,105,,
CC(C)Oc1cccc(OC(C)C)c1P(C1CCCCC1)C1CCCCC1,KOPiv,Cc1ccc(C)cc1,0.057,120,,
CC(C)Oc1cccc(OC(C)C)c1P(C1CCCCC1)C1CCCCC1,KOPiv,Cc1ccc(C)cc1,0.153,90,,
CC(C)Oc1cccc(OC(C)C)c1P(C1CCCCC1)C1CCCCC1,KOPiv,Cc1ccc(C)cc1,0.153,105,,
CC(C)Oc1cccc(OC(C)C)c1P(C1CCCCC1)C1CCCCC1,KOPiv,Cc1ccc(C)cc1,0.153,120,,
CC(C)Oc1cccc(OC(C)C)c1P(C1CCCCC1)C1CCCCC1,KOPiv,CC(=O)N(C)C,0.1,90,,
CC(C)Oc1cccc(OC(C)C)c1P(C1CCCCC1)C1CCCCC1,KOPiv,CC(=O)N(C)C,0.1,105,,
CC(C)Oc1cccc(OC(C)C)c1P(C1CCCCC1)C1CCCCC1,KOPiv,CC(=O)N(C)C,0.1,120,,
CC(C)Oc1cccc(OC(C)C)c1P(C1CCCCC1)C1CCCCC1,KOPiv,CC(=O)N(C)C,0.057,90,,
CC(C)Oc1cccc(OC(C)C)c1P(C1CCCCC1)C1CCCCC1,KOPiv,CC(=O)N(C)C,0.057,105,,
CC(C)Oc1cccc(OC(C)C)c1P(C1CCCCC1)C1CCCCC1,KOPiv,CC(=O)N(C)C,0.057,120,,
CC(C)Oc1cccc(OC(C)C)c1P(C1CCCCC1)C1CCCCC1,KOPiv,CC(=O)N(C)C,0.153,90,,
CC(C)Oc1cccc(OC(C)C)c1P(C1CCCCC1)C1CCCCC1,KOPiv,CC(=O)N(C)C,0.153,105,,
CC(C)Oc1cccc(OC(C)C)c1P(C1CCCCC1)C1CCCCC1,KOPiv,CC(=O)N(C)C,0.153,120,,
CC(C)Oc1cccc(OC(C)C)c1P(C1CCCCC1)C1CCCCC1,CsOPiv,CCCCOC(C)=O,0.1,90,,
CC(C)Oc1cccc(OC(C)C)c1P(C1CCCCC1)C1CCCCC1,CsOPiv,CCCCOC(C)=O,0.1,105,,
CC(C)Oc1cccc(OC(C)C)c1P(C1CCCCC1)C1CCCCC1,CsOPiv,CCCCOC(C)=O,0.1,120,,
CC(C)Oc1cccc(OC(C)C)c1P(C1CCCCC1)C1CCCCC1,CsOPiv,CCCCOC(C)=O,0.057,90,,
CC(C)Oc1cccc(OC(C)C)c1P(C1CCCCC1)C1CCCCC1,CsOPiv,CCCCOC(C)=O,0.057,105,,
CC(C)Oc1cccc(OC(C)C)c1P(C1CCCCC1)C1CCCCC1,CsOPiv,CCCCOC(C)=O,0.057,120,,
CC(C)Oc1cccc(OC(C)C)c1P(C1CCCCC1)C1CCCCC1,CsOPiv,CCCCOC(C)=O,0.153,90,,
CC(C)Oc1cccc(OC(C)C)c1P(C1CCCCC1)C1CCCCC1,CsOPiv,CCCCOC(C)=O,0.153,105,,
CC(C)Oc1cccc(OC(C)C)c1P(C1CCCCC1)C1CCCCC1,CsOPiv,CCCCOC(C)=O,0.153,120,,
CC(C)Oc1cccc(OC(C)C)c1P(C1CCCCC1)C1CCCCC1,CsOPiv,CCCC#N,0.1,90,,
CC(C)Oc1cccc(OC(C)C)c1P(C1CCCCC1)C1CCCCC1,CsOPiv,CCCC#N,0.1,105,,
CC(C)Oc1cccc(OC(C)C)c1P(C1CCCCC1)C1CCCCC1,CsOPiv,CCCC#N,0.1,120,,
CC(C)Oc1cccc(OC(C)C)c1P(C1CCCCC1)C1CCCCC1,CsOPiv,CCCC#N,0.057,90,,
CC(C)Oc1cccc(OC(C)C)c1P(C1CCCCC1)C1CCCCC1,CsOPiv,CCCC#N,0.057,105,,
CC(C)Oc1cccc(OC(C)C)c1P(C1CCCCC1)C1CCCCC1,CsOPiv,CCCC#N,0.057,120,,
CC(C)Oc1cccc(OC(C)C)c1P(C1CCCCC1)C1CCCCC1,CsOPiv,CCCC#N,0.153,90,,
CC(C)Oc1cccc(OC(C)C)c1P(C1CCCCC1)C1CCCCC1,CsOPiv,CCCC#N,0.153,105,,
CC(C)Oc1cccc(OC(C)C)c1P(C1CCCCC1)C1CCCCC1,CsOPiv,CCCC#N,0.153,120,,
CC(C)Oc1cccc(OC(C)C)c1P(C1CCCCC1)C1CCCCC1,CsOPiv,Cc1ccc(C)cc1,0.1,90,,
CC(C)Oc1cccc(OC(C)C)c1P(C1CCCCC1)C1CCCCC1,CsOPiv,Cc1ccc(C)cc1,0.1,105,,
CC(C)Oc1cccc(OC(C)C)c1P(C1CCCCC1)C1CCCCC1,CsOPiv,Cc1ccc(C)cc1,0.1,120,,
CC(C)Oc1cccc(OC(C)C)c1P(C1CCCCC1)C1CCCCC1,CsOPiv,Cc1ccc(C)cc1,0.057,90,,
CC(C)Oc1cccc(OC(C)C)c1P(C1CCCCC1)C1CCCCC1,CsOPiv,Cc1ccc(C)cc1,0.057,105,,
CC(C)Oc1cccc(OC(C)C)c1P(C1CCCCC1)C1CCCCC1,CsOPiv,Cc1ccc(C)cc1,0.057,120,,
CC(C)Oc1cccc(OC(C)C)c1P(C1CCCCC1)C1CCCCC1,CsOPiv,Cc1ccc(C)cc1,0.153,90,,
CC(C)Oc1cccc(OC(C)C)c1P(C1CCCCC1)C1CCCCC1,CsOPiv,Cc1ccc(C)cc1,0.153,105,,
CC(C)Oc1cccc(OC(C)C)c1P(C1CCCCC1)C1CCCCC1,CsOPiv,Cc1ccc(C)cc1,0.153,120,,
CC(C)Oc1cccc(OC(C)C)c1P(C1CCCCC1)C1CCCCC1,CsOPiv,CC(=O)N(C)C,0.1,90,,
CC(C)Oc1cccc(OC(C)C)c1P(C1CCCCC1)C1CCCCC1,CsOPiv,CC(=O)N(C)C,0.1,105,,
CC(C)Oc1cccc(OC(C)C)c1P(C1CCCCC1)C1CCCCC1,CsOPiv,CC(=O)N(C)C,0.1,120,,
CC(C)Oc1cccc(OC(C)C)c1P(C1CCCCC1)C1CCCCC1,CsOPiv,CC(=O)N(C)C,0.057,90,,
CC(C)Oc1cccc(OC(C)C)c1P(C1CCCCC1)C1CCCCC1,CsOPiv,CC(=O)N(C)C,0.057,105,,
CC(C)Oc1cccc(OC(C)C)c1P(C1CCCCC1)C1CCCCC1,CsOPiv,CC(=O)N(C)C,0.057,120,,
CC(C)Oc1cccc(OC(C)C)c1P(C1CCCCC1)C1CCCCC1,CsOPiv,CC(=O)N(C)C,0.153,90,,
CC(C)Oc1cccc(OC(C)C)c1P(C1CCCCC1)C1CCCCC1,CsOPiv,CC(=O)N(C)C,0.153,105,,
CC(C)Oc1cccc(OC(C)C)c1P(C1CCCCC1)C1CCCCC1,CsOPiv,CC(=O)N(C)C,0.153,120,,
COc1ccc(OC)c(P(c2cc(C(F)(F)F)cc(C(F)(F)F)c2)c2cc(C(F)(F)F)cc(C(F)(F)F)c2)c1-c1c(C(C)C)cc(C(C)C)cc1C(C)C,KOAc,CCCCOC(C)=O,0.1,90,,
COc1ccc(OC)c(P(c2cc(C(F)(F)F)cc(C(F)(F)F)c2)c2cc(C(F)(F)F)cc(C(F)(F)F)c2)c1-c1c(C(C)C)cc(C(C)C)cc1C(C)C,KOAc,CCCCOC(C)=O,0.1,105,,
COc1ccc(OC)c(P(c2cc(C(F)(F)F)cc(C(F)(F)F)c2)c2cc(C(F)(F)F)cc(C(F)(F)F)c2)c1-c1c(C(C)C)cc(C(C)C)cc1C(C)C,KOAc,CCCCOC(C)=O,0.1,120,,
COc1ccc(OC)c(P(c2cc(C(F)(F)F)cc(C(F)(F)F)c2)c2cc(C(F)(F)F)cc(C(F)(F)F)c2)c1-c1c(C(C)C)cc(C(C)C)cc1C(C)C,KOAc,CCCCOC(C)=O,0.057,90,,
COc1ccc(OC)c(P(c2cc(C(F)(F)F)cc(C(F)(F)F)c2)c2cc(C(F)(F)F)cc(C(F)(F)F)c2)c1-c1c(C(C)C)cc(C(C)C)cc1C(C)C,KOAc,CCCCOC(C)=O,0.057,105,,
COc1ccc(OC)c(P(c2cc(C(F)(F)F)cc(C(F)(F)F)c2)c2cc(C(F)(F)F)cc(C(F)(F)F)c2)c1-c1c(C(C)C)cc(C(C)C)cc1C(C)C,KOAc,CCCCOC(C)=O,0.057,120,,
COc1ccc(OC)c(P(c2cc(C(F)(F)F)cc(C(F)(F)F)c2)c2cc(C(F)(F)F)cc(C(F)(F)F)c2)c1-c1c(C(C)C)cc(C(C)C)cc1C(C)C,KOAc,CCCCOC(C)=O,0.153,90,,
COc1ccc(OC)c(P(c2cc(C(F)(F)F)cc(C(F)(F)F)c2)c2cc(C(F)(F)F)cc(C(F)(F)F)c2)c1-c1c(C(C)C)cc(C(C)C)cc1C(C)C,KOAc,CCCCOC(C)=O,0.153,105,,
COc1ccc(OC)c(P(c2cc(C(F)(F)F)cc(C(F)(F)F)c2)c2cc(C(F)(F)F)cc(C(F)(F)F)c2)c1-c1c(C(C)C)cc(C(C)C)cc1C(C)C,KOAc,CCCCOC(C)=O,0.153,120,,
COc1ccc(OC)c(P(c2cc(C(F)(F)F)cc(C(F)(F)F)c2)c2cc(C(F)(F)F)cc(C(F)(F)F)c2)c1-c1c(C(C)C)cc(C(C)C)cc1C(C)C,KOAc,CCCC#N,0.1,90,,
COc1ccc(OC)c(P(c2cc(C(F)(F)F)cc(C(F)(F)F)c2)c2cc(C(F)(F)F)cc(C(F)(F)F)c2)c1-c1c(C(C)C)cc(C(C)C)cc1C(C)C,KOAc,CCCC#N,0.1,105,,
COc1ccc(OC)c(P(c2cc(C(F)(F)F)cc(C(F)(F)F)c2)c2cc(C(F)(F)F)cc(C(F)(F)F)c2)c1-c1c(C(C)C)cc(C(C)C)cc1C(C)C,KOAc,CCCC#N,0.1,120,,
COc1ccc(OC)c(P(c2cc(C(F)(F)F)cc(C(F)(F)F)c2)c2cc(C(F)(F)F)cc(C(F)(F)F)c2)c1-c1c(C(C)C)cc(C(C)C)cc1C(C)C,KOAc,CCCC#N,0.057,90,,
COc1ccc(OC)c(P(c2cc(C(F)(F)F)cc(C(F)(F)F)c2)c2cc(C(F)(F)F)cc(C(F)(F)F)c2)c1-c1c(C(C)C)cc(C(C)C)cc1C(C)C,KOAc,CCCC#N,0.057,105,,
COc1ccc(OC)c(P(c2cc(C(F)(F)F)cc(C(F)(F)F)c2)c2cc(C(F)(F)F)cc(C(F)(F)F)c2)c1-c1c(C(C)C)cc(C(C)C)cc1C(C)C,KOAc,CCCC#N,0.057,120,,
COc1ccc(OC)c(P(c2cc(C(F)(F)F)cc(C(F)(F)F)c2)c2cc(C(F)(F)F)cc(C(F)(F)F)c2)c1-c1c(C(C)C)cc(C(C)C)cc1C(C)C,KOAc,CCCC#N,0.153,90,,
COc1ccc(OC)c(P(c2cc(C(F)(F)F)cc(C(F)(F)F)c2)c2cc(C(F)(F)F)cc(C(F)(F)F)c2)c1-c1c(C(C)C)cc(C(C)C)cc1C(C)C,KOAc,CCCC#N,0.153,105,,
COc1ccc(OC)c(P(c2cc(C(F)(F)F)cc(C(F)(F)F)c2)c2cc(C(F)(F)F)cc(C(F)(F)F)c2)c1-c1c(C(C)C)cc(C(C)C)cc1C(C)C,KOAc,CCCC#N,0.153,120,,
COc1ccc(OC)c(P(c2cc(C(F)(F)F)cc(C(F)(F)F)c2)c2cc(C(F)(F)F)cc(C(F)(F)F)c2)c1-c1c(C(C)C)cc(C(C)C)cc1C(C)C,KOAc,Cc1ccc(C)cc1,0.1,90,,
COc1ccc(OC)c(P(c2cc(C(F)(F)F)cc(C(F)(F)F)c2)c2cc(C(F)(F)F)cc(C(F)(F)F)c2)c1-c1c(C(C)C)cc(C(C)C)cc1C(C)C,KOAc,Cc1ccc(C)cc1,0.1,105,,
COc1ccc(OC)c(P(c2cc(C(F)(F)F)cc(C(F)(F)F)c2)c2cc(C(F)(F)F)cc(C(F)(F)F)c2)c1-c1c(C(C)C)cc(C(C)C)cc1C(C)C,KOAc,Cc1ccc(C)cc1,0.1,120,,
COc1ccc(OC)c(P(c2cc(C(F)(F)F)cc(C(F)(F)F)c2)c2cc(C(F)(F)F)cc(C(F)(F)F)c2)c1-c1c(C(C)C)cc(C(C)C)cc1C(C)C,KOAc,Cc1ccc(C)cc1,0.057,90,,
COc1ccc(OC)c(P(c2cc(C(F)(F)F)cc(C(F)(F)F)c2)c2cc(C(F)(F)F)cc(C(F)(F)F)c2)c1-c1c(C(C)C)cc(C(C)C)cc1C(C)C,KOAc,Cc1ccc(C)cc1,0.057,105,,
COc1ccc(OC)c(P(c2cc(C(F)(F)F)cc(C(F)(F)F)c2)c2cc(C(F)(F)F)cc(C(F)(F)F)c2)c1-c1c(C(C)C)cc(C(C)C)cc1C(C)C,KOAc,Cc1ccc(C)cc1,0.057,120,,
COc1ccc(OC)c(P(c2cc(C(F)(F)F)cc(C(F)(F)F)c2)c2cc(C(F)(F)F)cc(C(F)(F)F)c2)c1-c1c(C(C)C)cc(C(C)C)cc1C(C)C,KOAc,Cc1ccc(C)cc1,0.153,90,,
COc1ccc(OC)c(P(c2cc(C(F)(F)F)cc(C(F)(F)F)c2)c2cc(C(F)(F)F)cc(C(F)(F)F)c2)c1-c1c(C(C)C)cc(C(C)C)cc1C(C)C,KOAc,Cc1ccc(C)cc1,0.153,105,,
COc1ccc(OC)c(P(c2cc(C(F)(F)F)cc(C(F)(F)F)c2)c2cc(C(F)(F)F)cc(C(F)(F)F)c2)c1-c1c(C(C)C)cc(C(C)C)cc1C(C)C,KOAc,Cc1ccc(C)cc1,0.153,120,,
COc1ccc(OC)c(P(c2cc(C(F)(F)F)cc(C(F)(F)F)c2)c2cc(C(F)(F)F)cc(C(F)(F)F)c2)c1-c1c(C(C)C)cc(C(C)C)cc1C(C)C,KOAc,CC(=O)N(C)C,0.1,90,,
COc1ccc(OC)c(P(c2cc(C(F)(F)F)cc(C(F)(F)F)c2)c2cc(C(F)(F)F)cc(C(F)(F)F)c2)c1-c1c(C(C)C)cc(C(C)C)cc1C(C)C,KOAc,CC(=O)N(C)C,0.1,105,,
COc1ccc(OC)c(P(c2cc(C(F)(F)F)cc(C(F)(F)F)c2)c2cc(C(F)(F)F)cc(C(F)(F)F)c2)c1-c1c(C(C)C)cc(C(C)C)cc1C(C)C,KOAc,CC(=O)N(C)C,0.1,120,,
COc1ccc(OC)c(P(c2cc(C(F)(F)F)cc(C(F)(F)F)c2)c2cc(C(F)(F)F)cc(C(F)(F)F)c2)c1-c1c(C(C)C)cc(C(C)C)cc1C(C)C,KOAc,CC(=O)N(C)C,0.057,90,,
COc1ccc(OC)c(P(c2cc(C(F)(F)F)cc(C(F)(F)F)c2)c2cc(C(F)(F)F)cc(C(F)(F)F)c2)c1-c1c(C(C)C)cc(C(C)C)cc1C(C)C,KOAc,CC(=O)N(C)C,0.057,105,,
COc1ccc(OC)c(P(c2cc(C(F)(F)F)cc(C(F)(F)F)c2)c2cc(C(F)(F)F)cc(C(F)(F)F)c2)c1-c1c(C(C)C)cc(C(C)C)cc1C(C)C,KOAc,CC(=O)N(C)C,0.057,120,,
COc1ccc(OC)c(P(c2cc(C(F)(F)F)cc(C(F)(F)F)c2)c2cc(C(F)(F)F)cc(C(F)(F)F)c2)c1-c1c(C(C)C)cc(C(C)C)cc1C(C)C,KOAc,CC(=O)N(C)C,0.153,90,,
COc1ccc(OC)c(P(c2cc(C(F)(F)F)cc(C(F)(F)F)c2)c2cc(C(F)(F)F)cc(C(F)(F)F)c2)c1-c1c(C(C)C)cc(C(C)C)cc1C(C)C,KOAc,CC(=O)N(C)C,0.153,105,,
COc1ccc(OC)c(P(c2cc(C(F)(F)F)cc(C(F)(F)F)c2)c2cc(C(F)(F)F)cc(C(F)(F)F)c2)c1-c1c(C(C)C)cc(C(C)C)cc1C(C)C,KOAc,CC(=O)N(C)C,0.153,120,,
COc1ccc(OC)c(P(c2cc(C(F)(F)F)cc(C(F)(F)F)c2)c2cc(C(F)(F)F)cc(C(F)(F)F)c2)c1-c1c(C(C)C)cc(C(C)C)cc1C(C)C,CsOAc,CCCCOC(C)=O,0.1,90,,
COc1ccc(OC)c(P(c2cc(C(F)(F)F)cc(C(F)(F)F)c2)c2cc(C(F)(F)F)cc(C(F)(F)F)c2)c1-c1c(C(C)C)cc(C(C)C)cc1C(C)C,CsOAc,CCCCOC(C)=O,0.1,105,,
COc1ccc(OC)c(P(c2cc(C(F)(F)F)cc(C(F)(F)F)c2)c2cc(C(F)(F)F)cc(C(F)(F)F)c2)c1-c1c(C(C)C)cc(C(C)C)cc1C(C)C,CsOAc,CCCCOC(C)=O,0.1,120,,
COc1ccc(OC)c(P(c2cc(C(F)(F)F)cc(C(F)(F)F)c2)c2cc(C(F)(F)F)cc(C(F)(F)F)c2)c1-c1c(C(C)C)cc(C(C)C)cc1C(C)C,CsOAc,CCCCOC(C)=O,0.057,90,,
COc1ccc(OC)c(P(c2cc(C(F)(F)F)cc(C(F)(F)F)c2)c2cc(C(F)(F)F)cc(C(F)(F)F)c2)c1-c1c(C(C)C)cc(C(C)C)cc1C(C)C,CsOAc,CCCCOC(C)=O,0.057,105,,
COc1ccc(OC)c(P(c2cc(C(F)(F)F)cc(C(F)(F)F)c2)c2cc(C(F)(F)F)cc(C(F)(F)F)c2)c1-c1c(C(C)C)cc(C(C)C)cc1C(C)C,CsOAc,CCCCOC(C)=O,0.057,120,,
COc1ccc(OC)c(P(c2cc(C(F)(F)F)cc(C(F)(F)F)c2)c2cc(C(F)(F)F)cc(C(F)(F)F)c2)c1-c1c(C(C)C)cc(C(C)C)cc1C(C)C,CsOAc,CCCCOC(C)=O,0.153,90,,
COc1ccc(OC)c(P(c2cc(C(F)(F)F)cc(C(F)(F)F)c2)c2cc(C(F)(F)F)cc(C(F)(F)F)c2)c1-c1c(C(C)C)cc(C(C)C)cc1C(C)C,CsOAc,CCCCOC(C)=O,0.153,105,,
COc1ccc(OC)c(P(c2cc(C(F)(F)F)cc(C(F)(F)F)c2)c2cc(C(F)(F)F)cc(C(F)(F)F)c2)c1-c1c(C(C)C)cc(C(C)C)cc1C(C)C,CsOAc,CCCCOC(C)=O,0.153,120,,
COc1ccc(OC)c(P(c2cc(C(F)(F)F)cc(C(F)(F)F)c2)c2cc(C(F)(F)F)cc(C(F)(F)F)c2)c1-c1c(C(C)C)cc(C(C)C)cc1C(C)C,CsOAc,CCCC#N,0.1,90,,
COc1ccc(OC)c(P(c2cc(C(F)(F)F)cc(C(F)(F)F)c2)c2cc(C(F)(F)F)cc(C(F)(F)F)c2)c1-c1c(C(C)C)cc(C(C)C)cc1C(C)C,CsOAc,CCCC#N,0.1,105,,
COc1ccc(OC)c(P(c2cc(C(F)(F)F)cc(C(F)(F)F)c2)c2cc(C(F)(F)F)cc(C(F)(F)F)c2)c1-c1c(C(C)C)cc(C(C)C)cc1C(C)C,CsOAc,CCCC#N,0.1,120,,
COc1ccc(OC)c(P(c2cc(C(F)(F)F)cc(C(F)(F)F)c2)c2cc(C(F)(F)F)cc(C(F)(F)F)c2)c1-c1c(C(C)C)cc(C(C)C)cc1C(C)C,CsOAc,CCCC#N,0.057,90,,
COc1ccc(OC)c(P(c2cc(C(F)(F)F)cc(C(F)(F)F)c2)c2cc(C(F)(F)F)cc(C(F)(F)F)c2)c1-c1c(C(C)C)cc(C(C)C)cc1C(C)C,CsOAc,CCCC#N,0.057,105,,
COc1ccc(OC)c(P(c2cc(C(F)(F)F)cc(C(F)(F)F)c2)c2cc(C(F)(F)F)cc(C(F)(F)F)c2)c1-c1c(C(C)C)cc(C(C)C)cc1C(C)C,CsOAc,CCCC#N,0.057,120,,
COc1ccc(OC)c(P(c2cc(C(F)(F)F)cc(C(F)(F)F)c2)c2cc(C(F)(F)F)cc(C(F)(F)F)c2)c1-c1c(C(C)C)cc(C(C)C)cc1C(C)C,CsOAc,CCCC#N,0.153,90,,
COc1ccc(OC)c(P(c2cc(C(F)(F)F)cc(C(F)(F)F)c2)c2cc(C(F)(F)F)cc(C(F)(F)F)c2)c1-c1c(C(C)C)cc(C(C)C)cc1C(C)C,CsOAc,CCCC#N,0.153,105,,
COc1ccc(OC)c(P(c2cc(C(F)(F)F)cc(C(F)(F)F)c2)c2cc(C(F)(F)F)cc(C(F)(F)F)c2)c1-c1c(C(C)C)cc(C(C)C)cc1C(C)C,CsOAc,CCCC#N,0.153,120,,
COc1ccc(OC)c(P(c2cc(C(F)(F)F)cc(C(F)(F)F)c2)c2cc(C(F)(F)F)cc(C(F)(F)F)c2)c1-c1c(C(C)C)cc(C(C)C)cc1C(C)C,CsOAc,Cc1ccc(C)cc1,0.1,90,,
COc1ccc(OC)c(P(c2cc(C(F)(F)F)cc(C(F)(F)F)c2)c2cc(C(F)(F)F)cc(C(F)(F)F)c2)c1-c1c(C(C)C)cc(C(C)C)cc1C(C)C,CsOAc,Cc1ccc(C)cc1,0.1,105,,
COc1ccc(OC)c(P(c2cc(C(F)(F)F)cc(C(F)(F)F)c2)c2cc(C(F)(F)F)cc(C(F)(F)F)c2)c1-c1c(C(C)C)cc(C(C)C)cc1C(C)C,CsOAc,Cc1ccc(C)cc1,0.1,120,,
COc1ccc(OC)c(P(c2cc(C(F)(F)F)cc(C(F)(F)F)c2)c2cc(C(F)(F)F)cc(C(F)(F)F)c2)c1-c1c(C(C)C)cc(C(C)C)cc1C(C)C,CsOAc,Cc1ccc(C)cc1,0.057,90,,
COc1ccc(OC)c(P(c2cc(C(F)(F)F)cc(C(F)(F)F)c2)c2cc(C(F)(F)F)cc(C(F)(F)F)c2)c1-c1c(C(C)C)cc(C(C)C)cc1C(C)C,CsOAc,Cc1ccc(C)cc1,0.057,105,,
COc1ccc(OC)c(P(c2cc(C(F)(F)F)cc(C(F)(F)F)c2)c2cc(C(F)(F)F)cc(C(F)(F)F)c2)c1-c1c(C(C)C)cc(C(C)C)cc1C(C)C,CsOAc,Cc1ccc(C)cc1,0.057,120,,
COc1ccc(OC)c(P(c2cc(C(F)(F)F)cc(C(F)(F)F)c2)c2cc(C(F)(F)F)cc(C(F)(F)F)c2)c1-c1c(C(C)C)cc(C(C)C)cc1C(C)C,CsOAc,Cc1ccc(C)cc1,0.153,90,,
COc1ccc(OC)c(P(c2cc(C(F)(F)F)cc(C(F)(F)F)c2)c2cc(C(F)(F)F)cc(C(F)(F)F)c2)c1-c1c(C(C)C)cc(C(C)C)cc1C(C)C,CsOAc,Cc1ccc(C)cc1,0.153,105,,
COc1ccc(OC)c(P(c2cc(C(F)(F)F)cc(C(F)(F)F)c2)c2cc(C(F)(F)F)cc(C(F)(F)F)c2)c1-c1c(C(C)C)cc(C(C)C)cc1C(C)C,CsOAc,Cc1ccc(C)cc1,0.153,120,,
COc1ccc(OC)c(P(c2cc(C(F)(F)F)cc(C(F)(F)F)c2)c2cc(C(F)(F)F)cc(C(F)(F)F)c2)c1-c1c(C(C)C)cc(C(C)C)cc1C(C)C,CsOAc,CC(=O)N(C)C,0.1,90,,
COc1ccc(OC)c(P(c2cc(C(F)(F)F)cc(C(F)(F)F)c2)c2cc(C(F)(F)F)cc(C(F)(F)F)c2)c1-c1c(C(C)C)cc(C(C)C)cc1C(C)C,CsOAc,CC(=O)N(C)C,0.1,105,,
COc1ccc(OC)c(P(c2cc(C(F)(F)F)cc(C(F)(F)F)c2)c2cc(C(F)(F)F)cc(C(F)(F)F)c2)c1-c1c(C(C)C)cc(C(C)C)cc1C(C)C,CsOAc,CC(=O)N(C)C,0.1,120,,
COc1ccc(OC)c(P(c2cc(C(F)(F)F)cc(C(F)(F)F)c2)c2cc(C(F)(F)F)cc(C(F)(F)F)c2)c1-c1c(C(C)C)cc(C(C)C)cc1C(C)C,CsOAc,CC(=O)N(C)C,0.057,90,,
COc1ccc(OC)c(P(c2cc(C(F)(F)F)cc(C(F)(F)F)c2)c2cc(C(F)(F)F)cc(C(F)(F)F)c2)c1-c1c(C(C)C)cc(C(C)C)cc1C(C)C,CsOAc,CC(=O)N(C)C,0.057,105,,
COc1ccc(OC)c(P(c2cc(C(F)(F)F)cc(C(F)(F)F)c2)c2cc(C(F)(F)F)cc(C(F)(F)F)c2)c1-c1c(C(C)C)cc(C(C)C)cc1C(C)C,CsOAc,CC(=O)N(C)C,0.057,120,,
COc1ccc(OC)c(P(c2cc(C(F)(F)F)cc(C(F)(F)F)c2)c2cc(C(F)(F)F)cc(C(F)(F)F)c2)c1-c1c(C(C)C)cc(C(C)C)cc1C(C)C,CsOAc,CC(=O)N(C)C,0.153,90,,
COc1ccc(OC)c(P(c2cc(C(F)(F)F)cc(C(F)(F)F)c2)c2cc(C(F)(F)F)cc(C(F)(F)F)c2)c1-c1c(C(C)C)cc(C(C)C)cc1C(C)C,CsOAc,CC(=O)N(C)C,0.153,105,,
COc1ccc(OC)c(P(c2cc(C(F)(F)F)cc(C(F)(F)F)c2)c2cc(C(F)(F)F)cc(C(F)(F)F)c2)c1-c1c(C(C)C)cc(C(C)C)cc1C(C)C,CsOAc,CC(=O)N(C)C,0.153,120,,
COc1ccc(OC)c(P(c2cc(C(F)(F)F)cc(C(F)(F)F)c2)c2cc(C(F)(F)F)cc(C(F)(F)F)c2)c1-c1c(C(C)C)cc(C(C)C)cc1C(C)C,KOPiv,CCCCOC(C)=O,0.1,90,,
COc1ccc(OC)c(P(c2cc(C(F)(F)F)cc(C(F)(F)F)c2)c2cc(C(F)(F)F)cc(C(F)(F)F)c2)c1-c1c(C(C)C)cc(C(C)C)cc1C(C)C,KOPiv,CCCCOC(C)=O,0.1,105,,
COc1ccc(OC)c(P(c2cc(C(F)(F)F)cc(C(F)(F)F)c2)c2cc(C(F)(F)F)cc(C(F)(F)F)c2)c1-c1c(C(C)C)cc(C(C)C)cc1C(C)C,KOPiv,CCCCOC(C)=O,0.1,120,,
COc1ccc(OC)c(P(c2cc(C(F)(F)F)cc(C(F)(F)F)c2)c2cc(C(F)(F)F)cc(C(F)(F)F)c2)c1-c1c(C(C)C)cc(C(C)C)cc1C(C)C,KOPiv,CCCCOC(C)=O,0.057,90,,
COc1ccc(OC)c(P(c2cc(C(F)(F)F)cc(C(F)(F)F)c2)c2cc(C(F)(F)F)cc(C(F)(F)F)c2)c1-c1c(C(C)C)cc(C(C)C)cc1C(C)C,KOPiv,CCCCOC(C)=O,0.057,105,,
COc1ccc(OC)c(P(c2cc(C(F)(F)F)cc(C(F)(F)F)c2)c2cc(C(F)(F)F)cc(C(F)(F)F)c2)c1-c1c(C(C)C)cc(C(C)C)cc1C(C)C,KOPiv,CCCCOC(C)=O,0.057,120,,
COc1ccc(OC)c(P(c2cc(C(F)(F)F)cc(C(F)(F)F)c2)c2cc(C(F)(F)F)cc(C(F)(F)F)c2)c1-c1c(C(C)C)cc(C(C)C)cc1C(C)C,KOPiv,CCCCOC(C)=O,0.153,90,,
COc1ccc(OC)c(P(c2cc(C(F)(F)F)cc(C(F)(F)F)c2)c2cc(C(F)(F)F)cc(C(F)(F)F)c2)c1-c1c(C(C)C)cc(C(C)C)cc1C(C)C,KOPiv,CCCCOC(C)=O,0.153,105,,
COc1ccc(OC)c(P(c2cc(C(F)(F)F)cc(C(F)(F)F)c2)c2cc(C(F)(F)F)cc(C(F)(F)F)c2)c1-c1c(C(C)C)cc(C(C)C)cc1C(C)C,KOPiv,CCCCOC(C)=O,0.153,120,,
COc1ccc(OC)c(P(c2cc(C(F)(F)F)cc(C(F)(F)F)c2)c2cc(C(F)(F)F)cc(C(F)(F)F)c2)c1-c1c(C(C)C)cc(C(C)C)cc1C(C)C,KOPiv,CCCC#N,0.1,90,,
COc1ccc(OC)c(P(c2cc(C(F)(F)F)cc(C(F)(F)F)c2)c2cc(C(F)(F)F)cc(C(F)(F)F)c2)c1-c1c(C(C)C)cc(C(C)C)cc1C(C)C,KOPiv,CCCC#N,0.1,105,,
COc1ccc(OC)c(P(c2cc(C(F)(F)F)cc(C(F)(F)F)c2)c2cc(C(F)(F)F)cc(C(F)(F)F)c2)c1-c1c(C(C)C)cc(C(C)C)cc1C(C)C,KOPiv,CCCC#N,0.1,120,,
COc1ccc(OC)c(P(c2cc(C(F)(F)F)cc(C(F)(F)F)c2)c2cc(C(F)(F)F)cc(C(F)(F)F)c2)c1-c1c(C(C)C)cc(C(C)C)cc1C(C)C,KOPiv,CCCC#N,0.057,90,,
COc1ccc(OC)c(P(c2cc(C(F)(F)F)cc(C(F)(F)F)c2)c2cc(C(F)(F)F)cc(C(F)(F)F)c2)c1-c1c(C(C)C)cc(C(C)C)cc1C(C)C,KOPiv,CCCC#N,0.057,105,,
COc1ccc(OC)c(P(c2cc(C(F)(F)F)cc(C(F)(F)F)c2)c2cc(C(F)(F)F)cc(C(F)(F)F)c2)c1-c1c(C(C)C)cc(C(C)C)cc1C(C)C,KOPiv,CCCC#N,0.057,120,,
COc1ccc(OC)c(P(c2cc(C(F)(F)F)cc(C(F)(F)F)c2)c2cc(C(F)(F)F)cc(C(F)(F)F)c2)c1-c1c(C(C)C)cc(C(C)C)cc1C(C)C,KOPiv,CCCC#N,0.153,90,,
COc1ccc(OC)c(P(c2cc(C(F)(F)F)cc(C(F)(F)F)c2)c2cc(C(F)(F)F)cc(C(F)(F)F)c2)c1-c1c(C(C)C)cc(C(C)C)cc1C(C)C,KOPiv,CCCC#N,0.153,105,,
COc1ccc(OC)c(P(c2cc(C(F)(F)F)cc(C(F)(F)F)c2)c2cc(C(F)(F)F)cc(C(F)(F)F)c2)c1-c1c(C(C)C)cc(C(C)C)cc1C(C)C,KOPiv,CCCC#N,0.153,120,,
COc1ccc(OC)c(P(c2cc(C(F)(F)F)cc(C(F)(F)F)c2)c2cc(C(F)(F)F)cc(C(F)(F)F)c2)c1-c1c(C(C)C)cc(C(C)C)cc1C(C)C,KOPiv,Cc1ccc(C)cc1,0.1,90,,
COc1ccc(OC)c(P(c2cc(C(F)(F)F)cc(C(F)(F)F)c2)c2cc(C(F)(F)F)cc(C(F)(F)F)c2)c1-c1c(C(C)C)cc(C(C)C)cc1C(C)C,KOPiv,Cc1ccc(C)cc1,0.1,105,,
COc1ccc(OC)c(P(c2cc(C(F)(F)F)cc(C(F)(F)F)c2)c2cc(C(F)(F)F)cc(C(F)(F)F)c2)c1-c1c(C(C)C)cc(C(C)C)cc1C(C)C,KOPiv,Cc1ccc(C)cc1,0.1,120,,
COc1ccc(OC)c(P(c2cc(C(F)(F)F)cc(C(F)(F)F)c2)c2cc(C(F)(F)F)cc(C(F)(F)F)c2)c1-c1c(C(C)C)cc(C(C)C)cc1C(C)C,KOPiv,Cc1ccc(C)cc1,0.057,90,,
COc1ccc(OC)c(P(c2cc(C(F)(F)F)cc(C(F)(F)F)c2)c2cc(C(F)(F)F)cc(C(F)(F)F)c2)c1-c1c(C(C)C)cc(C(C)C)cc1C(C)C,KOPiv,Cc1ccc(C)cc1,0.057,105,,
COc1ccc(OC)c(P(c2cc(C(F)(F)F)cc(C(F)(F)F)c2)c2cc(C(F)(F)F)cc(C(F)(F)F)c2)c1-c1c(C(C)C)cc(C(C)C)cc1C(C)C,KOPiv,Cc1ccc(C)cc1,0.057,120,,
COc1ccc(OC)c(P(c2cc(C(F)(F)F)cc(C(F)(F)F)c2)c2cc(C(F)(F)F)cc(C(F)(F)F)c2)c1-c1c(C(C)C)cc(C(C)C)cc1C(C)C,KOPiv,Cc1ccc(C)cc1,0.153,90,,
COc1ccc(OC)c(P(c2cc(C(F)(F)F)cc(C(F)(F)F)c2)c2cc(C(F)(F)F)cc(C(F)(F)F)c2)c1-c1c(C(C)C)cc(C(C)C)cc1C(C)C,KOPiv,Cc1ccc(C)cc1,0.153,105,,
COc1ccc(OC)c(P(c2cc(C(F)(F)F)cc(C(F)(F)F)c2)c2cc(C(F)(F)F)cc(C(F)(F)F)c2)c1-c1c(C(C)C)cc(C(C)C)cc1C(C)C,KOPiv,Cc1ccc(C)cc1,0.153,120,,
COc1ccc(OC)c(P(c2cc(C(F)(F)F)cc(C(F)(F)F)c2)c2cc(C(F)(F)F)cc(C(F)(F)F)c2)c1-c1c(C(C)C)cc(C(C)C)cc1C(C)C,KOPiv,CC(=O)N(C)C,0.1,90,,
COc1ccc(OC)c(P(c2cc(C(F)(F)F)cc(C(F)(F)F)c2)c2cc(C(F)(F)F)cc(C(F)(F)F)c2)c1-c1c(C(C)C)cc(C(C)C)cc1C(C)C,KOPiv,CC(=O)N(C)C,0.1,105,,
COc1ccc(OC)c(P(c2cc(C(F)(F)F)cc(C(F)(F)F)c2)c2cc(C(F)(F)F)cc(C(F)(F)F)c2)c1-c1c(C(C)C)cc(C(C)C)cc1C(C)C,KOPiv,CC(=O)N(C)C,0.1,120,,
COc1ccc(OC)c(P(c2cc(C(F)(F)F)cc(C(F)(F)F)c2)c2cc(C(F)(F)F)cc(C(F)(F)F)c2)c1-c1c(C(C)C)cc(C(C)C)cc1C(C)C,KOPiv,CC(=O)N(C)C,0.057,90,,
COc1ccc(OC)c(P(c2cc(C(F)(F)F)cc(C(F)(F)F)c2)c2cc(C(F)(F)F)cc(C(F)(F)F)c2)c1-c1c(C(C)C)cc(C(C)C)cc1C(C)C,KOPiv,CC(=O)N(C)C,0.057,105,,
COc1ccc(OC)c(P(c2cc(C(F)(F)F)cc(C(F)(F)F)c2)c2cc(C(F)(F)F)cc(C(F)(F)F)c2)c1-c1c(C(C)C)cc(C(C)C)cc1C(C)C,KOPiv,CC(=O)N(C)C,0.057,120,,
COc1ccc(OC)c(P(c2cc(C(F)(F)F)cc(C(F)(F)F)c2)c2cc(C(F)(F)F)cc(C(F)(F)F)c2)c1-c1c(C(C)C)cc(C(C)C)cc1C(C)C,KOPiv,CC(=O)N(C)C,0.153,90,,
COc1ccc(OC)c(P(c2cc(C(F)(F)F)cc(C(F)(F)F)c2)c2cc(C(F)(F)F)cc(C(F)(F)F)c2)c1-c1c(C(C)C)cc(C(C)C)cc1C(C)C,KOPiv,CC(=O)N(C)C,0.153,105,,
COc1ccc(OC)c(P(c2cc(C(F)(F)F)cc(C(F)(F)F)c2)c2cc(C(F)(F)F)cc(C(F)(F)F)c2)c1-c1c(C(C)C)cc(C(C)C)cc1C(C)C,KOPiv,CC(=O)N(C)C,0.153,120,,
COc1ccc(OC)c(P(c2cc(C(F)(F)F)cc(C(F)(F)F)c2)c2cc(C(F)(F)F)cc(C(F)(F)F)c2)c1-c1c(C(C)C)cc(C(C)C)cc1C(C)C,CsOPiv,CCCCOC(C)=O,0.1,90,,
COc1ccc(OC)c(P(c2cc(C(F)(F)F)cc(C(F)(F)F)c2)c2cc(C(F)(F)F)cc(C(F)(F)F)c2)c1-c1c(C(C)C)cc(C(C)C)cc1C(C)C,CsOPiv,CCCCOC(C)=O,0.1,105,,
COc1ccc(OC)c(P(c2cc(C(F)(F)F)cc(C(F)(F)F)c2)c2cc(C(F)(F)F)cc(C(F)(F)F)c2)c1-c1c(C(C)C)cc(C(C)C)cc1C(C)C,CsOPiv,CCCCOC(C)=O,0.1,120,,
COc1ccc(OC)c(P(c2cc(C(F)(F)F)cc(C(F)(F)F)c2)c2cc(C(F)(F)F)cc(C(F)(F)F)c2)c1-c1c(C(C)C)cc(C(C)C)cc1C(C)C,CsOPiv,CCCCOC(C)=O,0.057,90,,
COc1ccc(OC)c(P(c2cc(C(F)(F)F)cc(C(F)(F)F)c2)c2cc(C(F)(F)F)cc(C(F)(F)F)c2)c1-c1c(C(C)C)cc(C(C)C)cc1C(C)C,CsOPiv,CCCCOC(C)=O,0.057,105,,
COc1ccc(OC)c(P(c2cc(C(F)(F)F)cc(C(F)(F)F)c2)c2cc(C(F)(F)F)cc(C(F)(F)F)c2)c1-c1c(C(C)C)cc(C(C)C)cc1C(C)C,CsOPiv,CCCCOC(C)=O,0.057,120,,
COc1ccc(OC)c(P(c2cc(C(F)(F)F)cc(C(F)(F)F)c2)c2cc(C(F)(F)F)cc(C(F)(F)F)c2)c1-c1c(C(C)C)cc(C(C)C)cc1C(C)C,CsOPiv,CCCCOC(C)=O,0.153,90,,
COc1ccc(OC)c(P(c2cc(C(F)(F)F)cc(C(F)(F)F)c2)c2cc(C(F)(F)F)cc(C(F)(F)F)c2)c1-c1c(C(C)C)cc(C(C)C)cc1C(C)C,CsOPiv,CCCCOC(C)=O,0.153,105,,
COc1ccc(OC)c(P(c2cc(C(F)(F)F)cc(C(F)(F)F)c2)c2cc(C(F)(F)F)cc(C(F)(F)F)c2)c1-c1c(C(C)C)cc(C(C)C)cc1C(C)C,CsOPiv,CCCCOC(C)=O,0.153,120,,
COc1ccc(OC)c(P(c2cc(C(F)(F)F)cc(C(F)(F)F)c2)c2cc(C(F)(F)F)cc(C(F)(F)F)c2)c1-c1c(C(C)C)cc(C(C)C)cc1C(C)C,CsOPiv,CCCC#N,0.1,90,,
COc1ccc(OC)c(P(c2cc(C(F)(F)F)cc(C(F)(F)F)c2)c2cc(C(F)(F)F)cc(C(F)(F)F)c2)c1-c1c(C(C)C)cc(C(C)C)cc1C(C)C,CsOPiv,CCCC#N,0.1,105,,
COc1ccc(OC)c(P(c2cc(C(F)(F)F)cc(C(F)(F)F)c2)c2cc(C(F)(F)F)cc(C(F)(F)F)c2)c1-c1c(C(C)C)cc(C(C)C)cc1C(C)C,CsOPiv,CCCC#N,0.1,120,,
COc1ccc(OC)c(P(c2cc(C(F)(F)F)cc(C(F)(F)F)c2)c2cc(C(F)(F)F)cc(C(F)(F)F)c2)c1-c1c(C(C)C)cc(C(C)C)cc1C(C)C,CsOPiv,CCCC#N,0.057,90,,
COc1ccc(OC)c(P(c2cc(C(F)(F)F)cc(C(F)(F)F)c2)c2cc(C(F)(F)F)cc(C(F)(F)F)c2)c1-c1c(C(C)C)cc(C(C)C)cc1C(C)C,CsOPiv,CCCC#N,0.057,105,,
COc1ccc(OC)c(P(c2cc(C(F)(F)F)cc(C(F)(F)F)c2)c2cc(C(F)(F)F)cc(C(F)(F)F)c2)c1-c1c(C(C)C)cc(C(C)C)cc1C(C)C,CsOPiv,CCCC#N,0.057,120,,
COc1ccc(OC)c(P(c2cc(C(F)(F)F)cc(C(F)(F)F)c2)c2cc(C(F)(F)F)cc(C(F)(F)F)c2)c1-c1c(C(C)C)cc(C(C)C)cc1C(C)C,CsOPiv,CCCC#N,0.153,90,,
COc1ccc(OC)c(P(c2cc(C(F)(F)F)cc(C(F)(F)F)c2)c2cc(C(F)(F)F)cc(C(F)(F)F)c2)c1-c1c(C(C)C)cc(C(C)C)cc1C(C)C,CsOPiv,CCCC#N,0.153,105,,
COc1ccc(OC)c(P(c2cc(C(F)(F)F)cc(C(F)(F)F)c2)c2cc(C(F)(F)F)cc(C(F)(F)F)c2)c1-c1c(C(C)C)cc(C(C)C)cc1C(C)C,CsOPiv,CCCC#N,0.153,120,,
COc1ccc(OC)c(P(c2cc(C(F)(F)F)cc(C(F)(F)F)c2)c2cc(C(F)(F)F)cc(C(F)(F)F)c2)c1-c1c(C(C)C)cc(C(C)C)cc1C(C)C,CsOPiv,Cc1ccc(C)cc1,0.1,90,,
COc1ccc(OC)c(P(c2cc(C(F)(F)F)cc(C(F)(F)F)c2)c2cc(C(F)(F)F)cc(C(F)(F)F)c2)c1-c1c(C(C)C)cc(C(C)C)cc1C(C)C,CsOPiv,Cc1ccc(C)cc1,0.1,105,,
COc1ccc(OC)c(P(c2cc(C(F)(F)F)cc(C(F)(F)F)c2)c2cc(C(F)(F)F)cc(C(F)(F)F)c2)c1-c1c(C(C)C)cc(C(C)C)cc1C(C)C,CsOPiv,Cc1ccc(C)cc1,0.1,120,,
COc1ccc(OC)c(P(c2cc(C(F)(F)F)cc(C(F)(F)F)c2)c2cc(C(F)(F)F)cc(C(F)(F)F)c2)c1-c1c(C(C)C)cc(C(C)C)cc1C(C)C,CsOPiv,Cc1ccc(C)cc1,0.057,90,,
COc1ccc(OC)c(P(c2cc(C(F)(F)F)cc(C(F)(F)F)c2)c2cc(C(F)(F)F)cc(C(F)(F)F)c2)c1-c1c(C(C)C)cc(C(C)C)cc1C(C)C,CsOPiv,Cc1ccc(C)cc1,0.057,105,,
COc1ccc(OC)c(P(c2cc(C(F)(F)F)cc(C(F)(F)F)c2)c2cc(C(F)(F)F)cc(C(F)(F)F)c2)c1-c1c(C(C)C)cc(C(C)C)cc1C(C)C,CsOPiv,Cc1ccc(C)cc1,0.057,120,,
COc1ccc(OC)c(P(c2cc(C(F)(F)F)cc(C(F)(F)F)c2)c2cc(C(F)(F)F)cc(C(F)(F)F)c2)c1-c1c(C(C)C)cc(C(C)C)cc1C(C)C,CsOPiv,Cc1ccc(C)cc1,0.153,90,,
COc1ccc(OC)c(P(c2cc(C(F)(F)F)cc(C(F)(F)F)c2)c2cc(C(F)(F)F)cc(C(F)(F)F)c2)c1-c1c(C(C)C)cc(C(C)C)cc1C(C)C,CsOPiv,Cc1ccc(C)cc1,0.153,105,,
COc1ccc(OC)c(P(c2cc(C(F)(F)F)cc(C(F)(F)F)c2)c2cc(C(F)(F)F)cc(C(F)(F)F)c2)c1-c1c(C(C)C)cc(C(C)C)cc1C(C)C,CsOPiv,Cc1ccc(C)cc1,0.153,120,,
COc1ccc(OC)c(P(c2cc(C(F)(F)F)cc(C(F)(F)F)c2)c2cc(C(F)(F)F)cc(C(F)(F)F)c2)c1-c1c(C(C)C)cc(C(C)C)cc1C(C)C,CsOPiv,CC(=O)N(C)C,0.1,90,,
COc1ccc(OC)c(P(c2cc(C(F)(F)F)cc(C(F)(F)F)c2)c2cc(C(F)(F)F)cc(C(F)(F)F)c2)c1-c1c(C(C)C)cc(C(C)C)cc1C(C)C,CsOPiv,CC(=O)N(C)C,0.1,105,,
COc1ccc(OC)c(P(c2cc(C(F)(F)F)cc(C(F)(F)F)c2)c2cc(C(F)(F)F)cc(C(F)(F)F)c2)c1-c1c(C(C)C)cc(C(C)C)cc1C(C)C,CsOPiv,CC(=O)N(C)C,0.1,120,,
COc1ccc(OC)c(P(c2cc(C(F)(F)F)cc(C(F)(F)F)c2)c2cc(C(F)(F)F)cc(C(F)(F)F)c2)c1-c1c(C(C)C)cc(C(C)C)cc1C(C)C,CsOPiv,CC(=O)N(C)C,0.057,90,,
COc1ccc(OC)c(P(c2cc(C(F)(F)F)cc(C(F)(F)F)c2)c2cc(C(F)(F)F)cc(C(F)(F)F)c2)c1-c1c(C(C)C)cc(C(C)C)cc1C(C)C,CsOPiv,CC(=O)N(C)C,0.057,105,,
COc1ccc(OC)c(P(c2cc(C(F)(F)F)cc(C(F)(F)F)c2)c2cc(C(F)(F)F)cc(C(F)(F)F)c2)c1-c1c(C(C)C)cc(C(C)C)cc1C(C)C,CsOPiv,CC(=O)N(C)C,0.057,120,,
COc1ccc(OC)c(P(c2cc(C(F)(F)F)cc(C(F)(F)F)c2)c2cc(C(F)(F)F)cc(C(F)(F)F)c2)c1-c1c(C(C)C)cc(C(C)C)cc1C(C)C,CsOPiv,CC(=O)N(C)C,0.153,90,,
COc1ccc(OC)c(P(c2cc(C(F)(F)F)cc(C(F)(F)F)c2)c2cc(C(F)(F)F)cc(C(F)(F)F)c2)c1-c1c(C(C)C)cc(C(C)C)cc1C(C)C,CsOPiv,CC(=O)N(C)C,0.153,105,,
COc1ccc(OC)c(P(c2cc(C(F)(F)F)cc(C(F)(F)F)c2)c2cc(C(F)(F)F)cc(C(F)(F)F)c2)c1-c1c(C(C)C)cc(C(C)C)cc1C(C)C,CsOPiv,CC(=O)N(C)C,0.153,120,,
CC12C[C@]3(C)O[C@@](C)(C[C@@](C)(O3)P1c1ccccc1)O2,KOAc,CCCCOC(C)=O,0.1,90,,
CC12C[C@]3(C)O[C@@](C)(C[C@@](C)(O3)P1c1ccccc1)O2,KOAc,CCCCOC(C)=O,0.1,105,,
CC12C[C@]3(C)O[C@@](C)(C[C@@](C)(O3)P1c1ccccc1)O2,KOAc,CCCCOC(C)=O,0.1,120,,
CC12C[C@]3(C)O[C@@](C)(C[C@@](C)(O3)P1c1ccccc1)O2,KOAc,CCCCOC(C)=O,0.057,90,,
CC12C[C@]3(C)O[C@@](C)(C[C@@](C)(O3)P1c1ccccc1)O2,KOAc,CCCCOC(C)=O,0.057,105,,
CC12C[C@]3(C)O[C@@](C)(C[C@@](C)(O3)P1c1ccccc1)O2,KOAc,CCCCOC(C)=O,0.057,120,,
CC12C[C@]3(C)O[C@@](C)(C[C@@](C)(O3)P1c1ccccc1)O2,KOAc,CCCCOC(C)=O,0.153,90,,
CC12C[C@]3(C)O[C@@](C)(C[C@@](C)(O3)P1c1ccccc1)O2,KOAc,CCCCOC(C)=O,0.153,105,,
CC12C[C@]3(C)O[C@@](C)(C[C@@](C)(O3)P1c1ccccc1)O2,KOAc,CCCCOC(C)=O,0.153,120,,
CC12C[C@]3(C)O[C@@](C)(C[C@@](C)(O3)P1c1ccccc1)O2,KOAc,CCCC#N,0.1,90,,
CC12C[C@]3(C)O[C@@](C)(C[C@@](C)(O3)P1c1ccccc1)O2,KOAc,CCCC#N,0.1,105,,
CC12C[C@]3(C)O[C@@](C)(C[C@@](C)(O3)P1c1ccccc1)O2,KOAc,CCCC#N,0.1,120,,
CC12C[C@]3(C)O[C@@](C)(C[C@@](C)(O3)P1c1ccccc1)O2,KOAc,CCCC#N,0.057,90,,
CC12C[C@]3(C)O[C@@](C)(C[C@@](C)(O3)P1c1ccccc1)O2,KOAc,CCCC#N,0.057,105,,
CC12C[C@]3(C)O[C@@](C)(C[C@@](C)(O3)P1c1ccccc1)O2,KOAc,CCCC#N,0.057,120,,
CC12C[C@]3(C)O[C@@](C)(C[C@@](C)(O3)P1c1ccccc1)O2,KOAc,CCCC#N,0.153,90,,
CC12C[C@]3(C)O[C@@](C)(C[C@@](C)(O3)P1c1ccccc1)O2,KOAc,CCCC#N,0.153,105,,
CC12C[C@]3(C)O[C@@](C)(C[C@@](C)(O3)P1c1ccccc1)O2,KOAc,CCCC#N,0.153,120,,
CC12C[C@]3(C)O[C@@](C)(C[C@@](C)(O3)P1c1ccccc1)O2,KOAc,Cc1ccc(C)cc1,0.1,90,,
CC12C[C@]3(C)O[C@@](C)(C[C@@](C)(O3)P1c1ccccc1)O2,KOAc,Cc1ccc(C)cc1,0.1,105,,
CC12C[C@]3(C)O[C@@](C)(C[C@@](C)(O3)P1c1ccccc1)O2,KOAc,Cc1ccc(C)cc1,0.1,120,,
CC12C[C@]3(C)O[C@@](C)(C[C@@](C)(O3)P1c1ccccc1)O2,KOAc,Cc1ccc(C)cc1,0.057,90,,
CC12C[C@]3(C)O[C@@](C)(C[C@@](C)(O3)P1c1ccccc1)O2,KOAc,Cc1ccc(C)cc1,0.057,105,,
CC12C[C@]3(C)O[C@@](C)(C[C@@](C)(O3)P1c1ccccc1)O2,KOAc,Cc1ccc(C)cc1,0.057,120,,
CC12C[C@]3(C)O[C@@](C)(C[C@@](C)(O3)P1c1ccccc1)O2,KOAc,Cc1ccc(C)cc1,0.153,90,,
CC12C[C@]3(C)O[C@@](C)(C[C@@](C)(O3)P1c1ccccc1)O2,KOAc,Cc1ccc(C)cc1,0.153,105,,
CC12C[C@]3(C)O[C@@](C)(C[C@@](C)(O3)P1c1ccccc1)O2,KOAc,Cc1ccc(C)cc1,0.153,120,,
CC12C[C@]3(C)O[C@@](C)(C[C@@](C)(O3)P1c1ccccc1)O2,KOAc,CC(=O)N(C)C,0.1,90,,
CC12C[C@]3(C)O[C@@](C)(C[C@@](C)(O3)P1c1ccccc1)O2,KOAc,CC(=O)N(C)C,0.1,105,,
CC12C[C@]3(C)O[C@@](C)(C[C@@](C)(O3)P1c1ccccc1)O2,KOAc,CC(=O)N(C)C,0.1,120,,
CC12C[C@]3(C)O[C@@](C)(C[C@@](C)(O3)P1c1ccccc1)O2,KOAc,CC(=O)N(C)C,0.057,90,,
CC12C[C@]3(C)O[C@@](C)(C[C@@](C)(O3)P1c1ccccc1)O2,KOAc,CC(=O)N(C)C,0.057,105,,
CC12C[C@]3(C)O[C@@](C)(C[C@@](C)(O3)P1c1ccccc1)O2,KOAc,CC(=O)N(C)C,0.057,120,,
CC12C[C@]3(C)O[C@@](C)(C[C@@](C)(O3)P1c1ccccc1)O2,KOAc,CC(=O)N(C)C,0.153,90,,
CC12C[C@]3(C)O[C@@](C)(C[C@@](C)(O3)P1c1ccccc1)O2,KOAc,CC(=O)N(C)C,0.153,105,,
CC12C[C@]3(C)O[C@@](C)(C[C@@](C)(O3)P1c1ccccc1)O2,KOAc,CC(=O)N(C)C,0.153,120,,
CC12C[C@]3(C)O[C@@](C)(C[C@@](C)(O3)P1c1ccccc1)O2,CsOAc,CCCCOC(C)=O,0.1,90,,
CC12C[C@]3(C)O[C@@](C)(C[C@@](C)(O3)P1c1ccccc1)O2,CsOAc,CCCCOC(C)=O,0.1,105,,
CC12C[C@]3(C)O[C@@](C)(C[C@@](C)(O3)P1c1ccccc1)O2,CsOAc,CCCCOC(C)=O,0.1,120,,
CC12C[C@]3(C)O[C@@](C)(C[C@@](C)(O3)P1c1ccccc1)O2,CsOAc,CCCCOC(C)=O,0.057,90,,
CC12C[C@]3(C)O[C@@](C)(C[C@@](C)(O3)P1c1ccccc1)O2,CsOAc,CCCCOC(C)=O,0.057,105,,
CC12C[C@]3(C)O[C@@](C)(C[C@@](C)(O3)P1c1ccccc1)O2,CsOAc,CCCCOC(C)=O,0.057,120,,
CC12C[C@]3(C)O[C@@](C)(C[C@@](C)(O3)P1c1ccccc1)O2,CsOAc,CCCCOC(C)=O,0.153,90,,
CC12C[C@]3(C)O[C@@](C)(C[C@@](C)(O3)P1c1ccccc1)O2,CsOAc,CCCCOC(C)=O,0.153,105,,
CC12C[C@]3(C)O[C@@](C)(C[C@@](C)(O3)P1c1ccccc1)O2,CsOAc,CCCCOC(C)=O,0.153,120,,
CC12C[C@]3(C)O[C@@](C)(C[C@@](C)(O3)P1c1ccccc1)O2,CsOAc,CCCC#N,0.1,90,,
CC12C[C@]3(C)O[C@@](C)(C[C@@](C)(O3)P1c1ccccc1)O2,CsOAc,CCCC#N,0.1,105,,
CC12C[C@]3(C)O[C@@](C)(C[C@@](C)(O3)P1c1ccccc1)O2,CsOAc,CCCC#N,0.1,120,,
CC12C[C@]3(C)O[C@@](C)(C[C@@](C)(O3)P1c1ccccc1)O2,CsOAc,CCCC#N,0.057,90,,
CC12C[C@]3(C)O[C@@](C)(C[C@@](C)(O3)P1c1ccccc1)O2,CsOAc,CCCC#N,0.057,105,,
CC12C[C@]3(C)O[C@@](C)(C[C@@](C)(O3)P1c1ccccc1)O2,CsOAc,CCCC#N,0.057,120,,
CC12C[C@]3(C)O[C@@](C)(C[C@@](C)(O3)P1c1ccccc1)O2,CsOAc,CCCC#N,0.153,90,,
CC12C[C@]3(C)O[C@@](C)(C[C@@](C)(O3)P1c1ccccc1)O2,CsOAc,CCCC#N,0.153,105,,
CC12C[C@]3(C)O[C@@](C)(C[C@@](C)(O3)P1c1ccccc1)O2,CsOAc,CCCC#N,0.153,120,,
CC12C[C@]3(C)O[C@@](C)(C[C@@](C)(O3)P1c1ccccc1)O2,CsOAc,Cc1ccc(C)cc1,0.1,90,,
CC12C[C@]3(C)O[C@@](C)(C[C@@](C)(O3)P1c1ccccc1)O2,CsOAc,Cc1ccc(C)cc1,0.1,105,,
CC12C[C@]3(C)O[C@@](C)(C[C@@](C)(O3)P1c1ccccc1)O2,CsOAc,Cc1ccc(C)cc1,0.1,120,,
CC12C[C@]3(C)O[C@@](C)(C[C@@](C)(O3)P1c1ccccc1)O2,CsOAc,Cc1ccc(C)cc1,0.057,90,,
CC12C[C@]3(C)O[C@@](C)(C[C@@](C)(O3)P1c1ccccc1)O2,CsOAc,Cc1ccc(C)cc1,0.057,105,,
CC12C[C@]3(C)O[C@@](C)(C[C@@](C)(O3)P1c1ccccc1)O2,CsOAc,Cc1ccc(C)cc1,0.057,120,,
CC12C[C@]3(C)O[C@@](C)(C[C@@](C)(O3)P1c1ccccc1)O2,CsOAc,Cc1ccc(C)cc1,0.153,90,,
CC12C[C@]3(C)O[C@@](C)(C[C@@](C)(O3)P1c1ccccc1)O2,CsOAc,Cc1ccc(C)cc1,0.153,105,,
CC12C[C@]3(C)O[C@@](C)(C[C@@](C)(O3)P1c1ccccc1)O2,CsOAc,Cc1ccc(C)cc1,0.153,120,,
CC12C[C@]3(C)O[C@@](C)(C[C@@](C)(O3)P1c1ccccc1)O2,CsOAc,CC(=O)N(C)C,0.1,90,,
CC12C[C@]3(C)O[C@@](C)(C[C@@](C)(O3)P1c1ccccc1)O2,CsOAc,CC(=O)N(C)C,0.1,105,,
CC12C[C@]3(C)O[C@@](C)(C[C@@](C)(O3)P1c1ccccc1)O2,CsOAc,CC(=O)N(C)C,0.1,120,,
CC12C[C@]3(C)O[C@@](C)(C[C@@](C)(O3)P1c1ccccc1)O2,CsOAc,CC(=O)N(C)C,0.057,90,,
CC12C[C@]3(C)O[C@@](C)(C[C@@](C)(O3)P1c1ccccc1)O2,CsOAc,CC(=O)N(C)C,0.057,105,,
CC12C[C@]3(C)O[C@@](C)(C[C@@](C)(O3)P1c1ccccc1)O2,CsOAc,CC(=O)N(C)C,0.057,120,,
CC12C[C@]3(C)O[C@@](C)(C[C@@](C)(O3)P1c1ccccc1)O2,CsOAc,CC(=O)N(C)C,0.153,90,,
CC12C[C@]3(C)O[C@@](C)(C[C@@](C)(O3)P1c1ccccc1)O2,CsOAc,CC(=O)N(C)C,0.153,105,,
CC12C[C@]3(C)O[C@@](C)(C[C@@](C)(O3)P1c1ccccc1)O2,CsOAc,CC(=O)N(C)C,0.153,120,,
CC12C[C@]3(C)O[C@@](C)(C[C@@](C)(O3)P1c1ccccc1)O2,KOPiv,CCCCOC(C)=O,0.1,90,,
CC12C[C@]3(C)O[C@@](C)(C[C@@](C)(O3)P1c1ccccc1)O2,KOPiv,CCCCOC(C)=O,0.1,105,,
CC12C[C@]3(C)O[C@@](C)(C[C@@](C)(O3)P1c1ccccc1)O2,KOPiv,CCCCOC(C)=O,0.1,120,,
CC12C[C@]3(C)O[C@@](C)(C[C@@](C)(O3)P1c1ccccc1)O2,KOPiv,CCCCOC(C)=O,0.057,90,,
CC12C[C@]3(C)O[C@@](C)(C[C@@](C)(O3)P1c1ccccc1)O2,KOPiv,CCCCOC(C)=O,0.057,105,,
CC12C[C@]3(C)O[C@@](C)(C[C@@](C)(O3)P1c1ccccc1)O2,KOPiv,CCCCOC(C)=O,0.057,120,,
CC12C[C@]3(C)O[C@@](C)(C[C@@](C)(O3)P1c1ccccc1)O2,KOPiv,CCCCOC(C)=O,0.153,90,,
CC12C[C@]3(C)O[C@@](C)(C[C@@](C)(O3)P1c1ccccc1)O2,KOPiv,CCCCOC(C)=O,0.153,105,,
CC12C[C@]3(C)O[C@@](C)(C[C@@](C)(O3)P1c1ccccc1)O2,KOPiv,CCCCOC(C)=O,0.153,120,,
CC12C[C@]3(C)O[C@@](C)(C[C@@](C)(O3)P1c1ccccc1)O2,KOPiv,CCCC#N,0.1,90,,
CC12C[C@]3(C)O[C@@](C)(C[C@@](C)(O3)P1c1ccccc1)O2,KOPiv,CCCC#N,0.1,105,,
CC12C[C@]3(C)O[C@@](C)(C[C@@](C)(O3)P1c1ccccc1)O2,KOPiv,CCCC#N,0.1,120,,
CC12C[C@]3(C)O[C@@](C)(C[C@@](C)(O3)P1c1ccccc1)O2,KOPiv,CCCC#N,0.057,90,,
CC12C[C@]3(C)O[C@@](C)(C[C@@](C)(O3)P1c1ccccc1)O2,KOPiv,CCCC#N,0.057,105,,
CC12C[C@]3(C)O[C@@](C)(C[C@@](C)(O3)P1c1ccccc1)O2,KOPiv,CCCC#N,0.057,120,,
CC12C[C@]3(C)O[C@@](C)(C[C@@](C)(O3)P1c1ccccc1)O2,KOPiv,CCCC#N,0.153,90,,
CC12C[C@]3(C)O[C@@](C)(C[C@@](C)(O3)P1c1ccccc1)O2,KOPiv,CCCC#N,0.153,105,,
CC12C[C@]3(C)O[C@@](C)(C[C@@](C)(O3)P1c1ccccc1)O2,KOPiv,CCCC#N,0.153,120,,
CC12C[C@]3(C)O[C@@](C)(C[C@@](C)(O3)P1c1ccccc1)O2,KOPiv,Cc1ccc(C)cc1,0.1,90,,
CC12C[C@]3(C)O[C@@](C)(C[C@@](C)(O3)P1c1ccccc1)O2,KOPiv,Cc1ccc(C)cc1,0.1,105,,
CC12C[C@]3(C)O[C@@](C)(C[C@@](C)(O3)P1c1ccccc1)O2,KOPiv,Cc1ccc(C)cc1,0.1,120,,
CC12C[C@]3(C)O[C@@](C)(C[C@@](C)(O3)P1c1ccccc1)O2,KOPiv,Cc1ccc(C)cc1,0.057,90,,
CC12C[C@]3(C)O[C@@](C)(C[C@@](C)(O3)P1c1ccccc1)O2,KOPiv,Cc1ccc(C)cc1,0.057,105,,
CC12C[C@]3(C)O[C@@](C)(C[C@@](C)(O3)P1c1ccccc1)O2,KOPiv,Cc1ccc(C)cc1,0.057,120,,
CC12C[C@]3(C)O[C@@](C)(C[C@@](C)(O3)P1c1ccccc1)O2,KOPiv,Cc1ccc(C)cc1,0.153,90,,
CC12C[C@]3(C)O[C@@](C)(C[C@@](C)(O3)P1c1ccccc1)O2,KOPiv,Cc1ccc(C)cc1,0.153,105,,
CC12C[C@]3(C)O[C@@](C)(C[C@@](C)(O3)P1c1ccccc1)O2,KOPiv,Cc1ccc(C)cc1,0.153,120,,
CC12C[C@]3(C)O[C@@](C)(C[C@@](C)(O3)P1c1ccccc1)O2,KOPiv,CC(=O)N(C)C,0.1,90,,
CC12C[C@]3(C)O[C@@](C)(C[C@@](C)(O3)P1c1ccccc1)O2,KOPiv,CC(=O)N(C)C,0.1,105,,
CC12C[C@]3(C)O[C@@](C)(C[C@@](C)(O3)P1c1ccccc1)O2,KOPiv,CC(=O)N(C)C,0.1,120,,
CC12C[C@]3(C)O[C@@](C)(C[C@@](C)(O3)P1c1ccccc1)O2,KOPiv,CC(=O)N(C)C,0.057,90,,
CC12C[C@]3(C)O[C@@](C)(C[C@@](C)(O3)P1c1ccccc1)O2,KOPiv,CC(=O)N(C)C,0.057,105,,
CC12C[C@]3(C)O[C@@](C)(C[C@@](C)(O3)P1c1ccccc1)O2,KOPiv,CC(=O)N(C)C,0.057,120,,
CC12C[C@]3(C)O[C@@](C)(C[C@@](C)(O3)P1c1ccccc1)O2,KOPiv,CC(=O)N(C)C,0.153,90,,
CC12C[C@]3(C)O[C@@](C)(C[C@@](C)(O3)P1c1ccccc1)O2,KOPiv,CC(=O)N(C)C,0.153,105,,
CC12C[C@]3(C)O[C@@](C)(C[C@@](C)(O3)P1c1ccccc1)O2,KOPiv,CC(=O)N(C)C,0.153,120,,
CC12C[C@]3(C)O[C@@](C)(C[C@@](C)(O3)P1c1ccccc1)O2,CsOPiv,CCCCOC(C)=O,0.1,90,,
CC12C[C@]3(C)O[C@@](C)(C[C@@](C)(O3)P1c1ccccc1)O2,CsOPiv,CCCCOC(C)=O,0.1,105,,
CC12C[C@]3(C)O[C@@](C)(C[C@@](C)(O3)P1c1ccccc1)O2,CsOPiv,CCCCOC(C)=O,0.1,120,,
CC12C[C@]3(C)O[C@@](C)(C[C@@](C)(O3)P1c1ccccc1)O2,CsOPiv,CCCCOC(C)=O,0.057,90,,
CC12C[C@]3(C)O[C@@](C)(C[C@@](C)(O3)P1c1ccccc1)O2,CsOPiv,CCCCOC(C)=O,0.057,105,,
CC12C[C@]3(C)O[C@@](C)(C[C@@](C)(O3)P1c1ccccc1)O2,CsOPiv,CCCCOC(C)=O,0.057,120,,
CC12C[C@]3(C)O[C@@](C)(C[C@@](C)(O3)P1c1ccccc1)O2,CsOPiv,CCCCOC(C)=O,0.153,90,,
CC12C[C@]3(C)O[C@@](C)(C[C@@](C)(O3)P1c1ccccc1)O2,CsOPiv,CCCCOC(C)=O,0.153,105,,
CC12C[C@]3(C)O[C@@](C)(C[C@@](C)(O3)P1c1ccccc1)O2,CsOPiv,CCCCOC(C)=O,0.153,120,,
CC12C[C@]3(C)O[C@@](C)(C[C@@](C)(O3)P1c1ccccc1)O2,CsOPiv,CCCC#N,0.1,90,,
CC12C[C@]3(C)O[C@@](C)(C[C@@](C)(O3)P1c1ccccc1)O2,CsOPiv,CCCC#N,0.1,105,,
CC12C[C@]3(C)O[C@@](C)(C[C@@](C)(O3)P1c1ccccc1)O2,CsOPiv,CCCC#N,0.1,120,,
CC12C[C@]3(C)O[C@@](C)(C[C@@](C)(O3)P1c1ccccc1)O2,CsOPiv,CCCC#N,0.057,90,,
CC12C[C@]3(C)O[C@@](C)(C[C@@](C)(O3)P1c1ccccc1)O2,CsOPiv,CCCC#N,0.057,105,,
CC12C[C@]3(C)O[C@@](C)(C[C@@](C)(O3)P1c1ccccc1)O2,CsOPiv,CCCC#N,0.057,120,,
CC12C[C@]3(C)O[C@@](C)(C[C@@](C)(O3)P1c1ccccc1)O2,CsOPiv,CCCC#N,0.153,90,,
CC12C[C@]3(C)O[C@@](C)(C[C@@](C)(O3)P1c1ccccc1)O2,CsOPiv,CCCC#N,0.153,105,,
CC12C[C@]3(C)O[C@@](C)(C[C@@](C)(O3)P1c1ccccc1)O2,CsOPiv,CCCC#N,0.153,120,,
CC12C[C@]3(C)O[C@@](C)(C[C@@](C)(O3)P1c1ccccc1)O2,CsOPiv,Cc1ccc(C)cc1,0.1,90,,
CC12C[C@]3(C)O[C@@](C)(C[C@@](C)(O3)P1c1ccccc1)O2,CsOPiv,Cc1ccc(C)cc1,0.1,105,,
CC12C[C@]3(C)O[C@@](C)(C[C@@](C)(O3)P1c1ccccc1)O2,CsOPiv,Cc1ccc(C)cc1,0.1,120,,
CC12C[C@]3(C)O[C@@](C)(C[C@@](C)(O3)P1c1ccccc1)O2,CsOPiv,Cc1ccc(C)cc1,0.057,90,,
CC12C[C@]3(C)O[C@@](C)(C[C@@](C)(O3)P1c1ccccc1)O2,CsOPiv,Cc1ccc(C)cc1,0.057,105,,
CC12C[C@]3(C)O[C@@](C)(C[C@@](C)(O3)P1c1ccccc1)O2,CsOPiv,Cc1ccc(C)cc1,0.057,120,,
CC12C[C@]3(C)O[C@@](C)(C[C@@](C)(O3)P1c1ccccc1)O2,CsOPiv,Cc1ccc(C)cc1,0.153,90,,
CC12C[C@]3(C)O[C@@](C)(C[C@@](C)(O3)P1c1ccccc1)O2,CsOPiv,Cc1ccc(C)cc1,0.153,105,,
CC12C[C@]3(C)O[C@@](C)(C[C@@](C)(O3)P1c1ccccc1)O2,CsOPiv,Cc1ccc(C)cc1,0.153,120,,
CC12C[C@]3(C)O[C@@](C)(C[C@@](C)(O3)P1c1ccccc1)O2,CsOPiv,CC(=O)N(C)C,0.1,90,,
CC12C[C@]3(C)O[C@@](C)(C[C@@](C)(O3)P1c1ccccc1)O2,CsOPiv,CC(=O)N(C)C,0.1,105,,
CC12C[C@]3(C)O[C@@](C)(C[C@@](C)(O3)P1c1ccccc1)O2,CsOPiv,CC(=O)N(C)C,0.1,120,,
CC12C[C@]3(C)O[C@@](C)(C[C@@](C)(O3)P1c1ccccc1)O2,CsOPiv,CC(=O)N(C)C,0.057,90,,
CC12C[C@]3(C)O[C@@](C)(C[C@@](C)(O3)P1c1ccccc1)O2,CsOPiv,CC(=O)N(C)C,0.057,105,,
CC12C[C@]3(C)O[C@@](C)(C[C@@](C)(O3)P1c1ccccc1)O2,CsOPiv,CC(=O)N(C)C,0.057,120,,
CC12C[C@]3(C)O[C@@](C)(C[C@@](C)(O3)P1c1ccccc1)O2,CsOPiv,CC(=O)N(C)C,0.153,90,,
CC12C[C@]3(C)O[C@@](C)(C[C@@](C)(O3)P1c1ccccc1)O2,CsOPiv,CC(=O)N(C)C,0.153,105,,
CC12C[C@]3(C)O[C@@](C)(C[C@@](C)(O3)P1c1ccccc1)O2,CsOPiv,CC(=O)N(C)C,0.153,120,,
CP(C)c1ccccc1,KOAc,CCCCOC(C)=O,0.1,90,,
CP(C)c1ccccc1,KOAc,CCCCOC(C)=O,0.1,105,,
CP(C)c1ccccc1,KOAc,CCCCOC(C)=O,0.1,120,,
CP(C)c1ccccc1,KOAc,CCCCOC(C)=O,0.057,90,,
CP(C)c1ccccc1,KOAc,CCCCOC(C)=O,0.057,105,,
CP(C)c1ccccc1,KOAc,CCCCOC(C)=O,0.057,120,,
CP(C)c1ccccc1,KOAc,CCCCOC(C)=O,0.153,90,,
CP(C)c1ccccc1,KOAc,CCCCOC(C)=O,0.153,105,,
CP(C)c1ccccc1,KOAc,CCCCOC(C)=O,0.153,120,,
CP(C)c1ccccc1,KOAc,CCCC#N,0.1,90,,
CP(C)c1ccccc1,KOAc,CCCC#N,0.1,105,,
CP(C)c1ccccc1,KOAc,CCCC#N,0.1,120,,
CP(C)c1ccccc1,KOAc,CCCC#N,0.057,90,,
CP(C)c1ccccc1,KOAc,CCCC#N,0.057,105,,
CP(C)c1ccccc1,KOAc,CCCC#N,0.057,120,,
CP(C)c1ccccc1,KOAc,CCCC#N,0.153,90,,
CP(C)c1ccccc1,KOAc,CCCC#N,0.153,105,,
CP(C)c1ccccc1,KOAc,CCCC#N,0.153,120,,
CP(C)c1ccccc1,KOAc,Cc1ccc(C)cc1,0.1,90,,
CP(C)c1ccccc1,KOAc,Cc1ccc(C)cc1,0.1,105,,
CP(C)c1ccccc1,KOAc,Cc1ccc(C)cc1,0.1,120,,
CP(C)c1ccccc1,KOAc,Cc1ccc(C)cc1,0.057,90,,
CP(C)c1ccccc1,KOAc,Cc1ccc(C)cc1,0.057,105,,
CP(C)c1ccccc1,KOAc,Cc1ccc(C)cc1,0.057,120,,
CP(C)c1ccccc1,KOAc,Cc1ccc(C)cc1,0.153,90,,
CP(C)c1ccccc1,KOAc,Cc1ccc(C)cc1,0.153,105,,
CP(C)c1ccccc1,KOAc,Cc1ccc(C)cc1,0.153,120,,
CP(C)c1ccccc1,KOAc,CC(=O)N(C)C,0.1,90,,
CP(C)c1ccccc1,KOAc,CC(=O)N(C)C,0.1,105,,
CP(C)c1ccccc1,KOAc,CC(=O)N(C)C,0.1,120,,
CP(C)c1ccccc1,KOAc,CC(=O)N(C)C,0.057,90,,
CP(C)c1ccccc1,KOAc,CC(=O)N(C)C,0.057,105,,
CP(C)c1ccccc1,KOAc,CC(=O)N(C)C,0.057,120,,
CP(C)c1ccccc1,KOAc,CC(=O)N(C)C,0.153,90,,
CP(C)c1ccccc1,KOAc,CC(=O)N(C)C,0.153,105,,
CP(C)c1ccccc1,KOAc,CC(=O)N(C)C,0.153,120,,
CP(C)c1ccccc1,CsOAc,CCCCOC(C)=O,0.1,90,,
CP(C)c1ccccc1,CsOAc,CCCCOC(C)=O,0.1,105,,
CP(C)c1ccccc1,CsOAc,CCCCOC(C)=O,0.1,120,,
CP(C)c1ccccc1,CsOAc,CCCCOC(C)=O,0.057,90,,
CP(C)c1ccccc1,CsOAc,CCCCOC(C)=O,0.057,105,,
CP(C)c1ccccc1,CsOAc,CCCCOC(C)=O,0.057,120,,
CP(C)c1ccccc1,CsOAc,CCCCOC(C)=O,0.153,90,,
CP(C)c1ccccc1,CsOAc,CCCCOC(C)=O,0.153,105,,
CP(C)c1ccccc1,CsOAc,CCCCOC(C)=O,0.153,120,,
CP(C)c1ccccc1,CsOAc,CCCC#N,0.1,90,,
CP(C)c1ccccc1,CsOAc,CCCC#N,0.1,105,,
CP(C)c1ccccc1,CsOAc,CCCC#N,0.1,120,,
CP(C)c1ccccc1,CsOAc,CCCC#N,0.057,90,,
CP(C)c1ccccc1,CsOAc,CCCC#N,0.057,105,,
CP(C)c1ccccc1,CsOAc,CCCC#N,0.057,120,,
CP(C)c1ccccc1,CsOAc,CCCC#N,0.153,90,,
CP(C)c1ccccc1,CsOAc,CCCC#N,0.153,105,,
CP(C)c1ccccc1,CsOAc,CCCC#N,0.153,120,,
CP(C)c1ccccc1,CsOAc,Cc1ccc(C)cc1,0.1,90,,
CP(C)c1ccccc1,CsOAc,Cc1ccc(C)cc1,0.1,105,,
CP(C)c1ccccc1,CsOAc,Cc1ccc(C)cc1,0.1,120,,
CP(C)c1ccccc1,CsOAc,Cc1ccc(C)cc1,0.057,90,,
CP(C)c1ccccc1,CsOAc,Cc1ccc(C)cc1,0.057,105,,
CP(C)c1ccccc1,CsOAc,Cc1ccc(C)cc1,0.057,120,,
CP(C)c1ccccc1,CsOAc,Cc1ccc(C)cc1,0.153,90,,
CP(C)c1ccccc1,CsOAc,Cc1ccc(C)cc1,0.153,105,,
CP(C)c1ccccc1,CsOAc,Cc1ccc(C)cc1,0.153,120,,
CP(C)c1ccccc1,CsOAc,CC(=O)N(C)C,0.1,90,,
CP(C)c1ccccc1,CsOAc,CC(=O)N(C)C,0.1,105,,
CP(C)c1ccccc1,CsOAc,CC(=O)N(C)C,0.1,120,,
CP(C)c1ccccc1,CsOAc,CC(=O)N(C)C,0.057,90,,
CP(C)c1ccccc1,CsOAc,CC(=O)N(C)C,0.057,105,,
CP(C)c1ccccc1,CsOAc,CC(=O)N(C)C,0.057,120,,
CP(C)c1ccccc1,CsOAc,CC(=O)N(C)C,0.153,90,,
CP(C)c1ccccc1,CsOAc,CC(=O)N(C)C,0.153,105,,
CP(C)c1ccccc1,CsOAc,CC(=O)N(C)C,0.153,120,,
CP(C)c1ccccc1,KOPiv,CCCCOC(C)=O,0.1,90,,
CP(C)c1ccccc1,KOPiv,CCCCOC(C)=O,0.1,105,,
CP(C)c1ccccc1,KOPiv,CCCCOC(C)=O,0.1,120,,
CP(C)c1ccccc1,KOPiv,CCCCOC(C)=O,0.057,90,,
CP(C)c1ccccc1,KOPiv,CCCCOC(C)=O,0.057,105,,
CP(C)c1ccccc1,KOPiv,CCCCOC(C)=O,0.057,120,,
CP(C)c1ccccc1,KOPiv,CCCCOC(C)=O,0.153,90,,
CP(C)c1ccccc1,KOPiv,CCCCOC(C)=O,0.153,105,,
CP(C)c1ccccc1,KOPiv,CCCCOC(C)=O,0.153,120,,
CP(C)c1ccccc1,KOPiv,CCCC#N,0.1,90,,
CP(C)c1ccccc1,KOPiv,CCCC#N,0.1,105,,
CP(C)c1ccccc1,KOPiv,CCCC#N,0.1,120,,
CP(C)c1ccccc1,KOPiv,CCCC#N,0.057,90,,
CP(C)c1ccccc1,KOPiv,CCCC#N,0.057,105,,
CP(C)c1ccccc1,KOPiv,CCCC#N,0.057,120,,
CP(C)c1ccccc1,KOPiv,CCCC#N,0.153,90,,
CP(C)c1ccccc1,KOPiv,CCCC#N,0.153,105,,
CP(C)c1ccccc1,KOPiv,CCCC#N,0.153,120,,
CP(C)c1ccccc1,KOPiv,Cc1ccc(C)cc1,0.1,90,,
CP(C)c1ccccc1,KOPiv,Cc1ccc(C)cc1,0.1,105,,
CP(C)c1ccccc1,KOPiv,Cc1ccc(C)cc1,0.1,120,,
CP(C)c1ccccc1,KOPiv,Cc1ccc(C)cc1,0.057,90,,
CP(C)c1ccccc1,KOPiv,Cc1ccc(C)cc1,0.057,105,,
CP(C)c1ccccc1,KOPiv,Cc1ccc(C)cc1,0.057,120,,
CP(C)c1ccccc1,KOPiv,Cc1ccc(C)cc1,0.153,90,,
CP(C)c1ccccc1,KOPiv,Cc1ccc(C)cc1,0.153,105,,
CP(C)c1ccccc1,KOPiv,Cc1ccc(C)cc1,0.153,120,,
CP(C)c1ccccc1,KOPiv,CC(=O)N(C)C,0.1,90,,
CP(C)c1ccccc1,KOPiv,CC(=O)N(C)C,0.1,105,,
CP(C)c1ccccc1,KOPiv,CC(=O)N(C)C,0.1,120,,
CP(C)c1ccccc1,KOPiv,CC(=O)N(C)C,0.057,90,,
CP(C)c1ccccc1,KOPiv,CC(=O)N(C)C,0.057,105,,
CP(C)c1ccccc1,KOPiv,CC(=O)N(C)C,0.057,120,,
CP(C)c1ccccc1,KOPiv,CC(=O)N(C)C,0.153,90,,
CP(C)c1ccccc1,KOPiv,CC(=O)N(C)C,0.153,105,,
CP(C)c1ccccc1,KOPiv,CC(=O)N(C)C,0.153,120,,
CP(C)c1ccccc1,CsOPiv,CCCCOC(C)=O,0.1,90,,
CP(C)c1ccccc1,CsOPiv,CCCCOC(C)=O,0.1,105,,
CP(C)c1ccccc1,CsOPiv,CCCCOC(C)=O,0.1,120,,
CP(C)c1ccccc1,CsOPiv,CCCCOC(C)=O,0.057,90,,
CP(C)c1ccccc1,CsOPiv,CCCCOC(C)=O,0.057,105,,
CP(C)c1ccccc1,CsOPiv,CCCCOC(C)=O,0.057,120,,
CP(C)c1ccccc1,CsOPiv,CCCCOC(C)=O,0.153,90,,
CP(C)c1ccccc1,CsOPiv,CCCCOC(C)=O,0.153,105,,
CP(C)c1ccccc1,CsOPiv,CCCCOC(C)=O,0.153,120,,
CP(C)c1ccccc1,CsOPiv,CCCC#N,0.1,90,,
CP(C)c1ccccc1,CsOPiv,CCCC#N,0.1,105,,
CP(C)c1ccccc1,CsOPiv,CCCC#N,0.1,120,,
CP(C)c1ccccc1,CsOPiv,CCCC#N,0.057,90,,
CP(C)c1ccccc1,CsOPiv,CCCC#N,0.057,105,,
CP(C)c1ccccc1,CsOPiv,CCCC#N,0.057,120,,
CP(C)c1ccccc1,CsOPiv,CCCC#N,0.153,90,,
CP(C)c1ccccc1,CsOPiv,CCCC#N,0.153,105,,
CP(C)c1ccccc1,CsOPiv,CCCC#N,0.153,120,,
CP(C)c1ccccc1,CsOPiv,Cc1ccc(C)cc1,0.1,90,,
CP(C)c1ccccc1,CsOPiv,Cc1ccc(C)cc1,0.1,105,,
CP(C)c1ccccc1,CsOPiv,Cc1ccc(C)cc1,0.1,120,,
CP(C)c1ccccc1,CsOPiv,Cc1ccc(C)cc1,0.057,90,,
CP(C)c1ccccc1,CsOPiv,Cc1ccc(C)cc1,0.057,105,,
CP(C)c1ccccc1,CsOPiv,Cc1ccc(C)cc1,0.057,120,,
CP(C)c1ccccc1,CsOPiv,Cc1ccc(C)cc1,0.153,90,,
CP(C)c1ccccc1,CsOPiv,Cc1ccc(C)cc1,0.153,105,,
CP(C)c1ccccc1,CsOPiv,Cc1ccc(C)cc1,0.153,120,,
CP(C)c1ccccc1,CsOPiv,CC(=O)N(C)C,0.1,90,,
CP(C)c1ccccc1,CsOPiv,CC(=O)N(C)C,0.1,105,,
CP(C)c1ccccc1,CsOPiv,CC(=O)N(C)C,0.1,120,,
CP(C)c1ccccc1,CsOPiv,CC(=O)N(C)C,0.057,90,,
CP(C)c1ccccc1,CsOPiv,CC(=O)N(C)C,0.057,105,,
CP(C)c1ccccc1,CsOPiv,CC(=O)N(C)C,0.057,120,,
CP(C)c1ccccc1,CsOPiv,CC(=O)N(C)C,0.153,90,,
CP(C)c1ccccc1,CsOPiv,CC(=O)N(C)C,0.153,105,,
CP(C)c1ccccc1,CsOPiv,CC(=O)N(C)C,0.153,120,,
c1coc(P(c2ccco2)c2ccco2)c1,KOAc,CCCCOC(C)=O,0.1,90,,
c1coc(P(c2ccco2)c2ccco2)c1,KOAc,CCCCOC(C)=O,0.1,105,,
c1coc(P(c2ccco2)c2ccco2)c1,KOAc,CCCCOC(C)=O,0.1,120,,
c1coc(P(c2ccco2)c2ccco2)c1,KOAc,CCCCOC(C)=O,0.057,90,,
c1coc(P(c2ccco2)c2ccco2)c1,KOAc,CCCCOC(C)=O,0.057,105,,
c1coc(P(c2ccco2)c2ccco2)c1,KOAc,CCCCOC(C)=O,0.057,120,,
c1coc(P(c2ccco2)c2ccco2)c1,KOAc,CCCCOC(C)=O,0.153,90,,
c1coc(P(c2ccco2)c2ccco2)c1,KOAc,CCCCOC(C)=O,0.153,105,,
c1coc(P(c2ccco2)c2ccco2)c1,KOAc,CCCCOC(C)=O,0.153,120,,
c1coc(P(c2ccco2)c2ccco2)c1,KOAc,CCCC#N,0.1,90,,
c1coc(P(c2ccco2)c2ccco2)c1,KOAc,CCCC#N,0.1,105,,
c1coc(P(c2ccco2)c2ccco2)c1,KOAc,CCCC#N,0.1,120,,
c1coc(P(c2ccco2)c2ccco2)c1,KOAc,CCCC#N,0.057,90,,
c1coc(P(c2ccco2)c2ccco2)c1,KOAc,CCCC#N,0.057,105,,
c1coc(P(c2ccco2)c2ccco2)c1,KOAc,CCCC#N,0.057,120,,
c1coc(P(c2ccco2)c2ccco2)c1,KOAc,CCCC#N,0.153,90,,
c1coc(P(c2ccco2)c2ccco2)c1,KOAc,CCCC#N,0.153,105,,
c1coc(P(c2ccco2)c2ccco2)c1,KOAc,CCCC#N,0.153,120,,
c1coc(P(c2ccco2)c2ccco2)c1,KOAc,Cc1ccc(C)cc1,0.1,90,,
c1coc(P(c2ccco2)c2ccco2)c1,KOAc,Cc1ccc(C)cc1,0.1,105,,
c1coc(P(c2ccco2)c2ccco2)c1,KOAc,Cc1ccc(C)cc1,0.1,120,,
c1coc(P(c2ccco2)c2ccco2)c1,KOAc,Cc1ccc(C)cc1,0.057,90,,
c1coc(P(c2ccco2)c2ccco2)c1,KOAc,Cc1ccc(C)cc1,0.057,105,,
c1coc(P(c2ccco2)c2ccco2)c1,KOAc,Cc1ccc(C)cc1,0.057,120,,
c1coc(P(c2ccco2)c2ccco2)c1,KOAc,Cc1ccc(C)cc1,0.153,90,,
c1coc(P(c2ccco2)c2ccco2)c1,KOAc,Cc1ccc(C)cc1,0.153,105,,
c1coc(P(c2ccco2)c2ccco2)c1,KOAc,Cc1ccc(C)cc1,0.153,120,,
c1coc(P(c2ccco2)c2ccco2)c1,KOAc,CC(=O)N(C)C,0.1,90,,
c1coc(P(c2ccco2)c2ccco2)c1,KOAc,CC(=O)N(C)C,0.1,105,,
c1coc(P(c2ccco2)c2ccco2)c1,KOAc,CC(=O)N(C)C,0.1,120,,
c1coc(P(c2ccco2)c2ccco2)c1,KOAc,CC(=O)N(C)C,0.057,90,,
c1coc(P(c2ccco2)c2ccco2)c1,KOAc,CC(=O)N(C)C,0.057,105,,
c1coc(P(c2ccco2)c2ccco2)c1,KOAc,CC(=O)N(C)C,0.057,120,,
c1coc(P(c2ccco2)c2ccco2)c1,KOAc,CC(=O)N(C)C,0.153,90,,
c1coc(P(c2ccco2)c2ccco2)c1,KOAc,CC(=O)N(C)C,0.153,105,,
c1coc(P(c2ccco2)c2ccco2)c1,KOAc,CC(=O)N(C)C,0.153,120,,
c1coc(P(c2ccco2)c2ccco2)c1,CsOAc,CCCCOC(C)=O,0.1,90,,
c1coc(P(c2ccco2)c2ccco2)c1,CsOAc,CCCCOC(C)=O,0.1,105,,
c1coc(P(c2ccco2)c2ccco2)c1,CsOAc,CCCCOC(C)=O,0.1,120,,
c1coc(P(c2ccco2)c2ccco2)c1,CsOAc,CCCCOC(C)=O,0.057,90,,
c1coc(P(c2ccco2)c2ccco2)c1,CsOAc,CCCCOC(C)=O,0.057,105,,
c1coc(P(c2ccco2)c2ccco2)c1,CsOAc,CCCCOC(C)=O,0.057,120,,
c1coc(P(c2ccco2)c2ccco2)c1,CsOAc,CCCCOC(C)=O,0.153,90,,
c1coc(P(c2ccco2)c2ccco2)c1,CsOAc,CCCCOC(C)=O,0.153,105,,
c1coc(P(c2ccco2)c2ccco2)c1,CsOAc,CCCCOC(C)=O,0.153,120,,
c1coc(P(c2ccco2)c2ccco2)c1,CsOAc,CCCC#N,0.1,90,,
c1coc(P(c2ccco2)c2ccco2)c1,CsOAc,CCCC#N,0.1,105,,
c1coc(P(c2ccco2)c2ccco2)c1,CsOAc,CCCC#N,0.1,120,,
c1coc(P(c2ccco2)c2ccco2)c1,CsOAc,CCCC#N,0.057,90,,
c1coc(P(c2ccco2)c2ccco2)c1,CsOAc,CCCC#N,0.057,105,,
c1coc(P(c2ccco2)c2ccco2)c1,CsOAc,CCCC#N,0.057,120,,
c1coc(P(c2ccco2)c2ccco2)c1,CsOAc,CCCC#N,0.153,90,,
c1coc(P(c2ccco2)c2ccco2)c1,CsOAc,CCCC#N,0.153,105,,
c1coc(P(c2ccco2)c2ccco2)c1,CsOAc,CCCC#N,0.153,120,,
c1coc(P(c2ccco2)c2ccco2)c1,CsOAc,Cc1ccc(C)cc1,0.1,90,,
c1coc(P(c2ccco2)c2ccco2)c1,CsOAc,Cc1ccc(C)cc1,0.1,105,,
c1coc(P(c2ccco2)c2ccco2)c1,CsOAc,Cc1ccc(C)cc1,0.1,120,,
c1coc(P(c2ccco2)c2ccco2)c1,CsOAc,Cc1ccc(C)cc1,0.057,90,,
c1coc(P(c2ccco2)c2ccco2)c1,CsOAc,Cc1ccc(C)cc1,0.057,105,,
c1coc(P(c2ccco2)c2ccco2)c1,CsOAc,Cc1ccc(C)cc1,0.057,120,,
c1coc(P(c2ccco2)c2ccco2)c1,CsOAc,Cc1ccc(C)cc1,0.153,90,,
c1coc(P(c2ccco2)c2ccco2)c1,CsOAc,Cc1ccc(C)cc1,0.153,105,,
c1coc(P(c2ccco2)c2ccco2)c1,CsOAc,Cc1ccc(C)cc1,0.153,120,,
c1coc(P(c2ccco2)c2ccco2)c1,CsOAc,CC(=O)N(C)C,0.1,90,,
c1coc(P(c2ccco2)c2ccco2)c1,CsOAc,CC(=O)N(C)C,0.1,105,,
c1coc(P(c2ccco2)c2ccco2)c1,CsOAc,CC(=O)N(C)C,0.1,120,,
c1coc(P(c2ccco2)c2ccco2)c1,CsOAc,CC(=O)N(C)C,0.057,90,,
c1coc(P(c2ccco2)c2ccco2)c1,CsOAc,CC(=O)N(C)C,0.057,105,,
c1coc(P(c2ccco2)c2ccco2)c1,CsOAc,CC(=O)N(C)C,0.057,120,,
c1coc(P(c2ccco2)c2ccco2)c1,CsOAc,CC(=O)N(C)C,0.153,90,,
c1coc(P(c2ccco2)c2ccco2)c1,CsOAc,CC(=O)N(C)C,0.153,105,,
c1coc(P(c2ccco2)c2ccco2)c1,CsOAc,CC(=O)N(C)C,0.153,120,,
c1coc(P(c2ccco2)c2ccco2)c1,KOPiv,CCCCOC(C)=O,0.1,90,,
c1coc(P(c2ccco2)c2ccco2)c1,KOPiv,CCCCOC(C)=O,0.1,105,,
c1coc(P(c2ccco2)c2ccco2)c1,KOPiv,CCCCOC(C)=O,0.1,120,,
c1coc(P(c2ccco2)c2ccco2)c1,KOPiv,CCCCOC(C)=O,0.057,90,,
c1coc(P(c2ccco2)c2ccco2)c1,KOPiv,CCCCOC(C)=O,0.057,105,,
c1coc(P(c2ccco2)c2ccco2)c1,KOPiv,CCCCOC(C)=O,0.057,120,,
c1coc(P(c2ccco2)c2ccco2)c1,KOPiv,CCCCOC(C)=O,0.153,90,,
c1coc(P(c2ccco2)c2ccco2)c1,KOPiv,CCCCOC(C)=O,0.153,105,,
c1coc(P(c2ccco2)c2ccco2)c1,KOPiv,CCCCOC(C)=O,0.153,120,,
c1coc(P(c2ccco2)c2ccco2)c1,KOPiv,CCCC#N,0.1,90,,
c1coc(P(c2ccco2)c2ccco2)c1,KOPiv,CCCC#N,0.1,105,,
c1coc(P(c2ccco2)c2ccco2)c1,KOPiv,CCCC#N,0.1,120,,
c1coc(P(c2ccco2)c2ccco2)c1,KOPiv,CCCC#N,0.057,90,,
c1coc(P(c2ccco2)c2ccco2)c1,KOPiv,CCCC#N,0.057,105,,
c1coc(P(c2ccco2)c2ccco2)c1,KOPiv,CCCC#N,0.057,120,,
c1coc(P(c2ccco2)c2ccco2)c1,KOPiv,CCCC#N,0.153,90,,
c1coc(P(c2ccco2)c2ccco2)c1,KOPiv,CCCC#N,0.153,105,,
c1coc(P(c2ccco2)c2ccco2)c1,KOPiv,CCCC#N,0.153,120,,
c1coc(P(c2ccco2)c2ccco2)c1,KOPiv,Cc1ccc(C)cc1,0.1,90,,
c1coc(P(c2ccco2)c2ccco2)c1,KOPiv,Cc1ccc(C)cc1,0.1,105,,
c1coc(P(c2ccco2)c2ccco2)c1,KOPiv,Cc1ccc(C)cc1,0.1,120,,
c1coc(P(c2ccco2)c2ccco2)c1,KOPiv,Cc1ccc(C)cc1,0.057,90,,
c1coc(P(c2ccco2)c2ccco2)c1,KOPiv,Cc1ccc(C)cc1,0.057,105,,
c1coc(P(c2ccco2)c2ccco2)c1,KOPiv,Cc1ccc(C)cc1,0.057,120,,
c1coc(P(c2ccco2)c2ccco2)c1,KOPiv,Cc1ccc(C)cc1,0.153,90,,
c1coc(P(c2ccco2)c2ccco2)c1,KOPiv,Cc1ccc(C)cc1,0.153,105,,
c1coc(P(c2ccco2)c2ccco2)c1,KOPiv,Cc1ccc(C)cc1,0.153,120,,
c1coc(P(c2ccco2)c2ccco2)c1,KOPiv,CC(=O)N(C)C,0.1,90,,
c1coc(P(c2ccco2)c2ccco2)c1,KOPiv,CC(=O)N(C)C,0.1,105,,
c1coc(P(c2ccco2)c2ccco2)c1,KOPiv,CC(=O)N(C)C,0.1,120,,
c1coc(P(c2ccco2)c2ccco2)c1,KOPiv,CC(=O)N(C)C,0.057,90,,
c1coc(P(c2ccco2)c2ccco2)c1,KOPiv,CC(=O)N(C)C,0.057,105,,
c1coc(P(c2ccco2)c2ccco2)c1,KOPiv,CC(=O)N(C)C,0.057,120,,
c1coc(P(c2ccco2)c2ccco2)c1,KOPiv,CC(=O)N(C)C,0.153,90,,
c1coc(P(c2ccco2)c2ccco2)c1,KOPiv,CC(=O)N(C)C,0.153,105,,
c1coc(P(c2ccco2)c2ccco2)c1,KOPiv,CC(=O)N(C)C,0.153,120,,
c1coc(P(c2ccco2)c2ccco2)c1,CsOPiv,CCCCOC(C)=O,0.1,90,,
c1coc(P(c2ccco2)c2ccco2)c1,CsOPiv,CCCCOC(C)=O,0.1,105,,
c1coc(P(c2ccco2)c2ccco2)c1,CsOPiv,CCCCOC(C)=O,0.1,120,,
c1coc(P(c2ccco2)c2ccco2)c1,CsOPiv,CCCCOC(C)=O,0.057,90,,
c1coc(P(c2ccco2)c2ccco2)c1,CsOPiv,CCCCOC(C)=O,0.057,105,,
c1coc(P(c2ccco2)c2ccco2)c1,CsOPiv,CCCCOC(C)=O,0.057,120,,
c1coc(P(c2ccco2)c2ccco2)c1,CsOPiv,CCCCOC(C)=O,0.153,90,,
c1coc(P(c2ccco2)c2ccco2)c1,CsOPiv,CCCCOC(C)=O,0.153,105,,
c1coc(P(c2ccco2)c2ccco2)c1,CsOPiv,CCCCOC(C)=O,0.153,120,,
c1coc(P(c2ccco2)c2ccco2)c1,CsOPiv,CCCC#N,0.1,90,,
c1coc(P(c2ccco2)c2ccco2)c1,CsOPiv,CCCC#N,0.1,105,,
c1coc(P(c2ccco2)c2ccco2)c1,CsOPiv,CCCC#N,0.1,120,,
c1coc(P(c2ccco2)c2ccco2)c1,CsOPiv,CCCC#N,0.057,90,,
c1coc(P(c2ccco2)c2ccco2)c1,CsOPiv,CCCC#N,0.057,105,,
c1coc(P(c2ccco2)c2ccco2)c1,CsOPiv,CCCC#N,0.057,120,,
c1coc(P(c2ccco2)c2ccco2)c1,CsOPiv,CCCC#N,0.153,90,,
c1coc(P(c2ccco2)c2ccco2)c1,CsOPiv,CCCC#N,0.153,105,,
c1coc(P(c2ccco2)c2ccco2)c1,CsOPiv,CCCC#N,0.153,120,,
c1coc(P(c2ccco2)c2ccco2)c1,CsOPiv,Cc1ccc(C)cc1,0.1,90,,
c1coc(P(c2ccco2)c2ccco2)c1,CsOPiv,Cc1ccc(C)cc1,0.1,105,,
c1coc(P(c2ccco2)c2ccco2)c1,CsOPiv,Cc1ccc(C)cc1,0.1,120,,
c1coc(P(c2ccco2)c2ccco2)c1,CsOPiv,Cc1ccc(C)cc1,0.057,90,,
c1coc(P(c2ccco2)c2ccco2)c1,CsOPiv,Cc1ccc(C)cc1,0.057,105,,
c1coc(P(c2ccco2)c2ccco2)c1,CsOPiv,Cc1ccc(C)cc1,0.057,120,,
c1coc(P(c2ccco2)c2ccco2)c1,CsOPiv,Cc1ccc(C)cc1,0.153,90,,
c1coc(P(c2ccco2)c2ccco2)c1,CsOPiv,Cc1ccc(C)cc1,0.153,105,,
c1coc(P(c2ccco2)c2ccco2)c1,CsOPiv,Cc1ccc(C)cc1,0.153,120,,
c1coc(P(c2ccco2)c2ccco2)c1,CsOPiv,CC(=O)N(C)C,0.1,90,,
c1coc(P(c2ccco2)c2ccco2)c1,CsOPiv,CC(=O)N(C)C,0.1,105,,
c1coc(P(c2ccco2)c2ccco2)c1,CsOPiv,CC(=O)N(C)C,0.1,120,,
c1coc(P(c2ccco2)c2ccco2)c1,CsOPiv,CC(=O)N(C)C,0.057,90,,
c1coc(P(c2ccco2)c2ccco2)c1,CsOPiv,CC(=O)N(C)C,0.057,105,,
c1coc(P(c2ccco2)c2ccco2)c1,CsOPiv,CC(=O)N(C)C,0.057,120,,
c1coc(P(c2ccco2)c2ccco2)c1,CsOPiv,CC(=O)N(C)C,0.153,90,,
c1coc(P(c2ccco2)c2ccco2)c1,CsOPiv,CC(=O)N(C)C,0.153,105,,
c1coc(P(c2ccco2)c2ccco2)c1,CsOPiv,CC(=O)N(C)C,0.153,120,,
CP(c1ccccc1)c1ccccc1,KOAc,CCCCOC(C)=O,0.1,90,,
CP(c1ccccc1)c1ccccc1,KOAc,CCCCOC(C)=O,0.1,105,,
CP(c1ccccc1)c1ccccc1,KOAc,CCCCOC(C)=O,0.1,120,,
CP(c1ccccc1)c1ccccc1,KOAc,CCCCOC(C)=O,0.057,90,,
CP(c1ccccc1)c1ccccc1,KOAc,CCCCOC(C)=O,0.057,105,,
CP(c1ccccc1)c1ccccc1,KOAc,CCCCOC(C)=O,0.057,120,,
CP(c1ccccc1)c1ccccc1,KOAc,CCCCOC(C)=O,0.153,90,,
CP(c1ccccc1)c1ccccc1,KOAc,CCCCOC(C)=O,0.153,105,,
CP(c1ccccc1)c1ccccc1,KOAc,CCCCOC(C)=O,0.153,120,,
CP(c1ccccc1)c1ccccc1,KOAc,CCCC#N,0.1,90,,
CP(c1ccccc1)c1ccccc1,KOAc,CCCC#N,0.1,105,,
CP(c1ccccc1)c1ccccc1,KOAc,CCCC#N,0.1,120,,
CP(c1ccccc1)c1ccccc1,KOAc,CCCC#N,0.057,90,,
CP(c1ccccc1)c1ccccc1,KOAc,CCCC#N,0.057,105,,
CP(c1ccccc1)c1ccccc1,KOAc,CCCC#N,0.057,120,,
CP(c1ccccc1)c1ccccc1,KOAc,CCCC#N,0.153,90,,
CP(c1ccccc1)c1ccccc1,KOAc,CCCC#N,0.153,105,,
CP(c1ccccc1)c1ccccc1,KOAc,CCCC#N,0.153,120,,
CP(c1ccccc1)c1ccccc1,KOAc,Cc1ccc(C)cc1,0.1,90,,
CP(c1ccccc1)c1ccccc1,KOAc,Cc1ccc(C)cc1,0.1,105,,
CP(c1ccccc1)c1ccccc1,KOAc,Cc1ccc(C)cc1,0.1,120,,
CP(c1ccccc1)c1ccccc1,KOAc,Cc1ccc(C)cc1,0.057,90,,
CP(c1ccccc1)c1ccccc1,KOAc,Cc1ccc(C)cc1,0.057,105,,
CP(c1ccccc1)c1ccccc1,KOAc,Cc1ccc(C)cc1,0.057,120,,
CP(c1ccccc1)c1ccccc1,KOAc,Cc1ccc(C)cc1,0.153,90,,
CP(c1ccccc1)c1ccccc1,KOAc,Cc1ccc(C)cc1,0.153,105,,
CP(c1ccccc1)c1ccccc1,KOAc,Cc1ccc(C)cc1,0.153,120,,
CP(c1ccccc1)c1ccccc1,KOAc,CC(=O)N(C)C,0.1,90,,
CP(c1ccccc1)c1ccccc1,KOAc,CC(=O)N(C)C,0.1,105,,
CP(c1ccccc1)c1ccccc1,KOAc,CC(=O)N(C)C,0.1,120,,
CP(c1ccccc1)c1ccccc1,KOAc,CC(=O)N(C)C,0.057,90,,
CP(c1ccccc1)c1ccccc1,KOAc,CC(=O)N(C)C,0.057,105,,
CP(c1ccccc1)c1ccccc1,KOAc,CC(=O)N(C)C,0.057,120,,
CP(c1ccccc1)c1ccccc1,KOAc,CC(=O)N(C)C,0.153,90,,
CP(c1ccccc1)c1ccccc1,KOAc,CC(=O)N(C)C,0.153,105,,
CP(c1ccccc1)c1ccccc1,KOAc,CC(=O)N(C)C,0.153,120,,
CP(c1ccccc1)c1ccccc1,CsOAc,CCCCOC(C)=O,0.1,90,,
CP(c1ccccc1)c1ccccc1,CsOAc,CCCCOC(C)=O,0.1,105,,
CP(c1ccccc1)c1ccccc1,CsOAc,CCCCOC(C)=O,0.1,120,,
CP(c1ccccc1)c1ccccc1,CsOAc,CCCCOC(C)=O,0.057,90,,
CP(c1ccccc1)c1ccccc1,CsOAc,CCCCOC(C)=O,0.057,105,,
CP(c1ccccc1)c1ccccc1,CsOAc,CCCCOC(C)=O,0.057,120,,
CP(c1ccccc1)c1ccccc1,CsOAc,CCCCOC(C)=O,0.153,90,,
CP(c1ccccc1)c1ccccc1,CsOAc,CCCCOC(C)=O,0.153,105,,
CP(c1ccccc1)c1ccccc1,CsOAc,CCCCOC(C)=O,0.153,120,,
CP(c1ccccc1)c1ccccc1,CsOAc,CCCC#N,0.1,90,,
CP(c1ccccc1)c1ccccc1,CsOAc,CCCC#N,0.1,105,,
CP(c1ccccc1)c1ccccc1,CsOAc,CCCC#N,0.1,120,,
CP(c1ccccc1)c1ccccc1,CsOAc,CCCC#N,0.057,90,,
CP(c1ccccc1)c1ccccc1,CsOAc,CCCC#N,0.057,105,,
CP(c1ccccc1)c1ccccc1,CsOAc,CCCC#N,0.057,120,,
CP(c1ccccc1)c1ccccc1,CsOAc,CCCC#N,0.153,90,,
CP(c1ccccc1)c1ccccc1,CsOAc,CCCC#N,0.153,105,,
CP(c1ccccc1)c1ccccc1,CsOAc,CCCC#N,0.153,120,,
CP(c1ccccc1)c1ccccc1,CsOAc,Cc1ccc(C)cc1,0.1,90,,
CP(c1ccccc1)c1ccccc1,CsOAc,Cc1ccc(C)cc1,0.1,105,,
CP(c1ccccc1)c1ccccc1,CsOAc,Cc1ccc(C)cc1,0.1,120,,
CP(c1ccccc1)c1ccccc1,CsOAc,Cc1ccc(C)cc1,0.057,90,,
CP(c1ccccc1)c1ccccc1,CsOAc,Cc1ccc(C)cc1,0.057,105,,
CP(c1ccccc1)c1ccccc1,CsOAc,Cc1ccc(C)cc1,0.057,120,,
CP(c1ccccc1)c1ccccc1,CsOAc,Cc1ccc(C)cc1,0.153,90,,
CP(c1ccccc1)c1ccccc1,CsOAc,Cc1ccc(C)cc1,0.153,105,,
CP(c1ccccc1)c1ccccc1,CsOAc,Cc1ccc(C)cc1,0.153,120,,
CP(c1ccccc1)c1ccccc1,CsOAc,CC(=O)N(C)C,0.1,90,,
CP(c1ccccc1)c1ccccc1,CsOAc,CC(=O)N(C)C,0.1,105,,
CP(c1ccccc1)c1ccccc1,CsOAc,CC(=O)N(C)C,0.1,120,,
CP(c1ccccc1)c1ccccc1,CsOAc,CC(=O)N(C)C,0.057,90,,
CP(c1ccccc1)c1ccccc1,CsOAc,CC(=O)N(C)C,0.057,105,,
CP(c1ccccc1)c1ccccc1,CsOAc,CC(=O)N(C)C,0.057,120,,
CP(c1ccccc1)c1ccccc1,CsOAc,CC(=O)N(C)C,0.153,90,,
CP(c1ccccc1)c1ccccc1,CsOAc,CC(=O)N(C)C,0.153,105,,
CP(c1ccccc1)c1ccccc1,CsOAc,CC(=O)N(C)C,0.153,120,,
CP(c1ccccc1)c1ccccc1,KOPiv,CCCCOC(C)=O,0.1,90,,
CP(c1ccccc1)c1ccccc1,KOPiv,CCCCOC(C)=O,0.1,105,,
CP(c1ccccc1)c1ccccc1,KOPiv,CCCCOC(C)=O,0.1,120,,
CP(c1ccccc1)c1ccccc1,KOPiv,CCCCOC(C)=O,0.057,90,,
CP(c1ccccc1)c1ccccc1,KOPiv,CCCCOC(C)=O,0.057,105,,
CP(c1ccccc1)c1ccccc1,KOPiv,CCCCOC(C)=O,0.057,120,,
CP(c1ccccc1)c1ccccc1,KOPiv,CCCCOC(C)=O,0.153,90,,
CP(c1ccccc1)c1ccccc1,KOPiv,CCCCOC(C)=O,0.153,105,,
CP(c1ccccc1)c1ccccc1,KOPiv,CCCCOC(C)=O,0.153,120,,
CP(c1ccccc1)c1ccccc1,KOPiv,CCCC#N,0.1,90,,
CP(c1ccccc1)c1ccccc1,KOPiv,CCCC#N,0.1,105,,
CP(c1ccccc1)c1ccccc1,KOPiv,CCCC#N,0.1,120,,
CP(c1ccccc1)c1ccccc1,KOPiv,CCCC#N,0.057,90,,
CP(c1ccccc1)c1ccccc1,KOPiv,CCCC#N,0.057,105,,
CP(c1ccccc1)c1ccccc1,KOPiv,CCCC#N,0.057,120,,
CP(c1ccccc1)c1ccccc1,KOPiv,CCCC#N,0.153,90,,
CP(c1ccccc1)c1ccccc1,KOPiv,CCCC#N,0.153,105,,
CP(c1ccccc1)c1ccccc1,KOPiv,CCCC#N,0.153,120,,
CP(c1ccccc1)c1ccccc1,KOPiv,Cc1ccc(C)cc1,0.1,90,,
CP(c1ccccc1)c1ccccc1,KOPiv,Cc1ccc(C)cc1,0.1,105,,
CP(c1ccccc1)c1ccccc1,KOPiv,Cc1ccc(C)cc1,0.1,120,,
CP(c1ccccc1)c1ccccc1,KOPiv,Cc1ccc(C)cc1,0.057,90,,
CP(c1ccccc1)c1ccccc1,KOPiv,Cc1ccc(C)cc1,0.057,105,,
CP(c1ccccc1)c1ccccc1,KOPiv,Cc1ccc(C)cc1,0.057,120,,
CP(c1ccccc1)c1ccccc1,KOPiv,Cc1ccc(C)cc1,0.153,90,,
CP(c1ccccc1)c1ccccc1,KOPiv,Cc1ccc(C)cc1,0.153,105,,
CP(c1ccccc1)c1ccccc1,KOPiv,Cc1ccc(C)cc1,0.153,120,,
CP(c1ccccc1)c1ccccc1,KOPiv,CC(=O)N(C)C,0.1,90,,
CP(c1ccccc1)c1ccccc1,KOPiv,CC(=O)N(C)C,0.1,105,,
CP(c1ccccc1)c1ccccc1,KOPiv,CC(=O)N(C)C,0.1,120,,
CP(c1ccccc1)c1ccccc1,KOPiv,CC(=O)N(C)C,0.057,90,,
CP(c1ccccc1)c1ccccc1,KOPiv,CC(=O)N(C)C,0.057,105,,
CP(c1ccccc1)c1ccccc1,KOPiv,CC(=O)N(C)C,0.057,120,,
CP(c1ccccc1)c1ccccc1,KOPiv,CC(=O)N(C)C,0.153,90,,
CP(c1ccccc1)c1ccccc1,KOPiv,CC(=O)N(C)C,0.153,105,,
CP(c1ccccc1)c1ccccc1,KOPiv,CC(=O)N(C)C,0.153,120,,
CP(c1ccccc1)c1ccccc1,CsOPiv,CCCCOC(C)=O,0.1,90,,
CP(c1ccccc1)c1ccccc1,CsOPiv,CCCCOC(C)=O,0.1,105,,
CP(c1ccccc1)c1ccccc1,CsOPiv,CCCCOC(C)=O,0.1,120,,
CP(c1ccccc1)c1ccccc1,CsOPiv,CCCCOC(C)=O,0.057,90,,
CP(c1ccccc1)c1ccccc1,CsOPiv,CCCCOC(C)=O,0.057,105,,
CP(c1ccccc1)c1ccccc1,CsOPiv,CCCCOC(C)=O,0.057,120,,
CP(c1ccccc1)c1ccccc1,CsOPiv,CCCCOC(C)=O,0.153,90,,
CP(c1ccccc1)c1ccccc1,CsOPiv,CCCCOC(C)=O,0.153,105,,
CP(c1ccccc1)c1ccccc1,CsOPiv,CCCCOC(C)=O,0.153,120,,
CP(c1ccccc1)c1ccccc1,CsOPiv,CCCC#N,0.1,90,,
CP(c1ccccc1)c1ccccc1,CsOPiv,CCCC#N,0.1,105,,
CP(c1ccccc1)c1ccccc1,CsOPiv,CCCC#N,0.1,120,,
CP(c1ccccc1)c1ccccc1,CsOPiv,CCCC#N,0.057,90,,
CP(c1ccccc1)c1ccccc1,CsOPiv,CCCC#N,0.057,105,,
CP(c1ccccc1)c1ccccc1,CsOPiv,CCCC#N,0.057,120,,
CP(c1ccccc1)c1ccccc1,CsOPiv,CCCC#N,0.153,90,,
CP(c1ccccc1)c1ccccc1,CsOPiv,CCCC#N,0.153,105,,
CP(c1ccccc1)c1ccccc1,CsOPiv,CCCC#N,0.153,120,,
CP(c1ccccc1)c1ccccc1,CsOPiv,Cc1ccc(C)cc1,0.1,90,,
CP(c1ccccc1)c1ccccc1,CsOPiv,Cc1ccc(C)cc1,0.1,105,,
CP(c1ccccc1)c1ccccc1,CsOPiv,Cc1ccc(C)cc1,0.1,120,,
CP(c1ccccc1)c1ccccc1,CsOPiv,Cc1ccc(C)cc1,0.057,90,,
CP(c1ccccc1)c1ccccc1,CsOPiv,Cc1ccc(C)cc1,0.057,105,,
CP(c1ccccc1)c1ccccc1,CsOPiv,Cc1ccc(C)cc1,0.057,120,,
CP(c1ccccc1)c1ccccc1,CsOPiv,Cc1ccc(C)cc1,0.153,90,,
CP(c1ccccc1)c1ccccc1,CsOPiv,Cc1ccc(C)cc1,0.153,105,,
CP(c1ccccc1)c1ccccc1,CsOPiv,Cc1ccc(C)cc1,0.153,120,,
CP(c1ccccc1)c1ccccc1,CsOPiv,CC(=O)N(C)C,0.1,90,,
CP(c1ccccc1)c1ccccc1,CsOPiv,CC(=O)N(C)C,0.1,105,,
CP(c1ccccc1)c1ccccc1,CsOPiv,CC(=O)N(C)C,0.1,120,,
CP(c1ccccc1)c1ccccc1,CsOPiv,CC(=O)N(C)C,0.057,90,,
CP(c1ccccc1)c1ccccc1,CsOPiv,CC(=O)N(C)C,0.057,105,,
CP(c1ccccc1)c1ccccc1,CsOPiv,CC(=O)N(C)C,0.057,120,,
CP(c1ccccc1)c1ccccc1,CsOPiv,CC(=O)N(C)C,0.153,90,,
CP(c1ccccc1)c1ccccc1,CsOPiv,CC(=O)N(C)C,0.153,105,,
CP(c1ccccc1)c1ccccc1,CsOPiv,CC(=O)N(C)C,0.153,120,,
