"instruction","input","output","history"
"Here is a chemical reaction. Reactants are: Cn1cnc(C#N)c1, Fc1ccccc1Br. Product is: Cn1cnc(C#N)c1-c1ccccc1F. Reaction type is Pd catalyzed C-H arylation. The reaction conditions of this reaction are: Palladium Source: [PdCl(allyl)]2. Ligand: CC(C)c1cc(C(C)C)c(-c2ccccc2P(C2CCCCC2)C2CCCCC2)c(C(C)C)c1. Solvent: CC(=O)N(C)C. Base: CsOPiv. Reaction Temperature: 90 degrees centigrade. Reaction Concentration: 0.153 M. Palladium loading: 2.25 mol%. Ligand loading: 5 mol%. Base loading: 3 eq. What is the yield (%) and cost (US dollar per mol) of this reaction?","","27.79,0.116292458","[]"
"Here is a chemical reaction. Reactants are: Cn1cnc(C#N)c1, Fc1ccccc1Br. Product is: Cn1cnc(C#N)c1-c1ccccc1F. Reaction type is Pd catalyzed C-H arylation. The reaction conditions of this reaction are: Palladium Source: [PdCl(allyl)]2. Ligand: CP(c1ccccc1)c1ccccc1. Solvent: CCCCOC(C)=O. Base: KOAc. Reaction Temperature: 90 degrees centigrade. Reaction Concentration: 0.057 M. Palladium loading: 2.25 mol%. Ligand loading: 5 mol%. Base loading: 3 eq. What is the yield (%) and cost (US dollar per mol) of this reaction?","","0.0,0.05762498","[]"
"Here is a chemical reaction. Reactants are: Cn1cnc(C#N)c1, Fc1ccccc1Br. Product is: Cn1cnc(C#N)c1-c1ccccc1F. Reaction type is Pd catalyzed C-H arylation. The reaction conditions of this reaction are: Palladium Source: [PdCl(allyl)]2. Ligand: c1ccc(P(c2ccccc2)c2ccccc2)cc1. Solvent: CCCCOC(C)=O. Base: KOAc. Reaction Temperature: 90 degrees centigrade. Reaction Concentration: 0.153 M. Palladium loading: 2.25 mol%. Ligand loading: 5 mol%. Base loading: 3 eq. What is the yield (%) and cost (US dollar per mol) of this reaction?","","1.39,0.029494637","[]"
"Here is a chemical reaction. Reactants are: Cn1cnc(C#N)c1, Fc1ccccc1Br. Product is: Cn1cnc(C#N)c1-c1ccccc1F. Reaction type is Pd catalyzed C-H arylation. The reaction conditions of this reaction are: Palladium Source: [PdCl(allyl)]2. Ligand: CC12C[C@]3(C)O[C@@](C)(C[C@@](C)(O3)P1c1ccccc1)O2. Solvent: CCCCOC(C)=O. Base: KOPiv. Reaction Temperature: 90 degrees centigrade. Reaction Concentration: 0.153 M. Palladium loading: 2.25 mol%. Ligand loading: 5 mol%. Base loading: 3 eq. What is the yield (%) and cost (US dollar per mol) of this reaction?","","22.65,0.059991823","[]"
"Here is a chemical reaction. Reactants are: Cn1cnc(C#N)c1, Fc1ccccc1Br. Product is: Cn1cnc(C#N)c1-c1ccccc1F. Reaction type is Pd catalyzed C-H arylation. The reaction conditions of this reaction are: Palladium Source: [PdCl(allyl)]2. Ligand: COc1ccc(OC)c(P(c2cc(C(F)(F)F)cc(C(F)(F)F)c2)c2cc(C(F)(F)F)cc(C(F)(F)F)c2)c1-c1c(C(C)C)cc(C(C)C)cc1C(C)C. Solvent: CC(=O)N(C)C. Base: CsOAc. Reaction Temperature: 105 degrees centigrade. Reaction Concentration: 0.057 M. Palladium loading: 2.25 mol%. Ligand loading: 5 mol%. Base loading: 3 eq. What is the yield (%) and cost (US dollar per mol) of this reaction?","","71.97,0.411846987","[]"
"Here is a chemical reaction. Reactants are: Cn1cnc(C#N)c1, Fc1ccccc1Br. Product is: Cn1cnc(C#N)c1-c1ccccc1F. Reaction type is Pd catalyzed C-H arylation. The reaction conditions of this reaction are: Palladium Source: [PdCl(allyl)]2. Ligand: CP(c1ccccc1)c1ccccc1. Solvent: CCCCOC(C)=O. Base: CsOPiv. Reaction Temperature: 90 degrees centigrade. Reaction Concentration: 0.1 M. Palladium loading: 2.25 mol%. Ligand loading: 5 mol%. Base loading: 3 eq. What is the yield (%) and cost (US dollar per mol) of this reaction?","","0.0,0.125440798","[]"
"Here is a chemical reaction. Reactants are: Cn1cnc(C#N)c1, Fc1ccccc1Br. Product is: Cn1cnc(C#N)c1-c1ccccc1F. Reaction type is Pd catalyzed C-H arylation. The reaction conditions of this reaction are: Palladium Source: [PdCl(allyl)]2. Ligand: CC(C)c1cc(C(C)C)c(-c2ccccc2P(C2CCCCC2)C2CCCCC2)c(C(C)C)c1. Solvent: CC(=O)N(C)C. Base: CsOPiv. Reaction Temperature: 105 degrees centigrade. Reaction Concentration: 0.1 M. Palladium loading: 2.25 mol%. Ligand loading: 5 mol%. Base loading: 3 eq. What is the yield (%) and cost (US dollar per mol) of this reaction?","","29.16,0.120946897","[]"
"Here is a chemical reaction. Reactants are: Cn1cnc(C#N)c1, Fc1ccccc1Br. Product is: Cn1cnc(C#N)c1-c1ccccc1F. Reaction type is Pd catalyzed C-H arylation. The reaction conditions of this reaction are: Palladium Source: [PdCl(allyl)]2. Ligand: c1ccc(P(c2ccccc2)c2ccccc2)cc1. Solvent: Cc1ccc(C)cc1. Base: KOAc. Reaction Temperature: 120 degrees centigrade. Reaction Concentration: 0.153 M. Palladium loading: 2.25 mol%. Ligand loading: 5 mol%. Base loading: 3 eq. What is the yield (%) and cost (US dollar per mol) of this reaction?","","5.22,0.023233406","[]"
"Here is a chemical reaction. Reactants are: Cn1cnc(C#N)c1, Fc1ccccc1Br. Product is: Cn1cnc(C#N)c1-c1ccccc1F. Reaction type is Pd catalyzed C-H arylation. The reaction conditions of this reaction are: Palladium Source: [PdCl(allyl)]2. Ligand: CC12C[C@]3(C)O[C@@](C)(C[C@@](C)(O3)P1c1ccccc1)O2. Solvent: CC(=O)N(C)C. Base: KOAc. Reaction Temperature: 105 degrees centigrade. Reaction Concentration: 0.1 M. Palladium loading: 2.25 mol%. Ligand loading: 5 mol%. Base loading: 3 eq. What is the yield (%) and cost (US dollar per mol) of this reaction?","","80.38,0.057995393","[]"
"Here is a chemical reaction. Reactants are: Cn1cnc(C#N)c1, Fc1ccccc1Br. Product is: Cn1cnc(C#N)c1-c1ccccc1F. Reaction type is Pd catalyzed C-H arylation. The reaction conditions of this reaction are: Palladium Source: [PdCl(allyl)]2. Ligand: CN(C)c1cccc(N(C)C)c1-c1ccccc1P(c1ccccc1)C(C)(C)C. Solvent: Cc1ccc(C)cc1. Base: CsOPiv. Reaction Temperature: 105 degrees centigrade. Reaction Concentration: 0.153 M. Palladium loading: 2.25 mol%. Ligand loading: 5 mol%. Base loading: 3 eq. What is the yield (%) and cost (US dollar per mol) of this reaction?","","29.56,0.352316381","[]"
"Here is a chemical reaction. Reactants are: Cn1cnc(C#N)c1, Fc1ccccc1Br. Product is: Cn1cnc(C#N)c1-c1ccccc1F. Reaction type is Pd catalyzed C-H arylation. The reaction conditions of this reaction are: Palladium Source: [PdCl(allyl)]2. Ligand: CP(C)c1ccccc1. Solvent: CCCC#N. Base: CsOAc. Reaction Temperature: 90 degrees centigrade. Reaction Concentration: 0.153 M. Palladium loading: 2.25 mol%. Ligand loading: 5 mol%. Base loading: 3 eq. What is the yield (%) and cost (US dollar per mol) of this reaction?","","0.0,0.08143296","[]"
"Here is a chemical reaction. Reactants are: Cn1cnc(C#N)c1, Fc1ccccc1Br. Product is: Cn1cnc(C#N)c1-c1ccccc1F. Reaction type is Pd catalyzed C-H arylation. The reaction conditions of this reaction are: Palladium Source: [PdCl(allyl)]2. Ligand: CC(C)Oc1cccc(OC(C)C)c1P(C1CCCCC1)C1CCCCC1. Solvent: CC(=O)N(C)C. Base: CsOPiv. Reaction Temperature: 90 degrees centigrade. Reaction Concentration: 0.057 M. Palladium loading: 2.25 mol%. Ligand loading: 5 mol%. Base loading: 3 eq. What is the yield (%) and cost (US dollar per mol) of this reaction?","","11.07,0.134938742","[]"
"Here is a chemical reaction. Reactants are: Cn1cnc(C#N)c1, Fc1ccccc1Br. Product is: Cn1cnc(C#N)c1-c1ccccc1F. Reaction type is Pd catalyzed C-H arylation. The reaction conditions of this reaction are: Palladium Source: [PdCl(allyl)]2. Ligand: CN(C)c1cccc(N(C)C)c1-c1ccccc1P(c1ccccc1)C(C)(C)C. Solvent: CCCCOC(C)=O. Base: KOPiv. Reaction Temperature: 90 degrees centigrade. Reaction Concentration: 0.057 M. Palladium loading: 2.25 mol%. Ligand loading: 5 mol%. Base loading: 3 eq. What is the yield (%) and cost (US dollar per mol) of this reaction?","","17.9,0.29819309","[]"
"Here is a chemical reaction. Reactants are: Cn1cnc(C#N)c1, Fc1ccccc1Br. Product is: Cn1cnc(C#N)c1-c1ccccc1F. Reaction type is Pd catalyzed C-H arylation. The reaction conditions of this reaction are: Palladium Source: [PdCl(allyl)]2. Ligand: CC(C)c1cc(C(C)C)c(-c2ccccc2P(C2CCCCC2)C2CCCCC2)c(C(C)C)c1. Solvent: CCCC#N. Base: KOAc. Reaction Temperature: 105 degrees centigrade. Reaction Concentration: 0.057 M. Palladium loading: 2.25 mol%. Ligand loading: 5 mol%. Base loading: 3 eq. What is the yield (%) and cost (US dollar per mol) of this reaction?","","12.54,0.0752656","[]"
"Here is a chemical reaction. Reactants are: Cn1cnc(C#N)c1, Fc1ccccc1Br. Product is: Cn1cnc(C#N)c1-c1ccccc1F. Reaction type is Pd catalyzed C-H arylation. The reaction conditions of this reaction are: Palladium Source: [PdCl(allyl)]2. Ligand: CN(C)c1cccc(N(C)C)c1-c1ccccc1P(c1ccccc1)C(C)(C)C. Solvent: CC(=O)N(C)C. Base: CsOAc. Reaction Temperature: 120 degrees centigrade. Reaction Concentration: 0.057 M. Palladium loading: 2.25 mol%. Ligand loading: 5 mol%. Base loading: 3 eq. What is the yield (%) and cost (US dollar per mol) of this reaction?","","66.84,0.324732958","[]"
"Here is a chemical reaction. Reactants are: Cn1cnc(C#N)c1, Fc1ccccc1Br. Product is: Cn1cnc(C#N)c1-c1ccccc1F. Reaction type is Pd catalyzed C-H arylation. The reaction conditions of this reaction are: Palladium Source: [PdCl(allyl)]2. Ligand: c1ccc(P(c2ccccc2)c2ccccc2)cc1. Solvent: CC(=O)N(C)C. Base: KOPiv. Reaction Temperature: 90 degrees centigrade. Reaction Concentration: 0.057 M. Palladium loading: 2.25 mol%. Ligand loading: 5 mol%. Base loading: 3 eq. What is the yield (%) and cost (US dollar per mol) of this reaction?","","46.46,0.035459033","[]"
"Here is a chemical reaction. Reactants are: Cn1cnc(C#N)c1, Fc1ccccc1Br. Product is: Cn1cnc(C#N)c1-c1ccccc1F. Reaction type is Pd catalyzed C-H arylation. The reaction conditions of this reaction are: Palladium Source: [PdCl(allyl)]2. Ligand: CC(C)(C)P(c1ccccc1)C(C)(C)C. Solvent: CCCCOC(C)=O. Base: KOAc. Reaction Temperature: 120 degrees centigrade. Reaction Concentration: 0.057 M. Palladium loading: 2.25 mol%. Ligand loading: 5 mol%. Base loading: 3 eq. What is the yield (%) and cost (US dollar per mol) of this reaction?","","0.0,0.073475425","[]"
"Here is a chemical reaction. Reactants are: Cn1cnc(C#N)c1, Fc1ccccc1Br. Product is: Cn1cnc(C#N)c1-c1ccccc1F. Reaction type is Pd catalyzed C-H arylation. The reaction conditions of this reaction are: Palladium Source: [PdCl(allyl)]2. Ligand: CP(C)c1ccccc1. Solvent: CC(=O)N(C)C. Base: CsOAc. Reaction Temperature: 120 degrees centigrade. Reaction Concentration: 0.153 M. Palladium loading: 2.25 mol%. Ligand loading: 5 mol%. Base loading: 3 eq. What is the yield (%) and cost (US dollar per mol) of this reaction?","","2.79,0.069464293","[]"
"Here is a chemical reaction. Reactants are: Cn1cnc(C#N)c1, Fc1ccccc1Br. Product is: Cn1cnc(C#N)c1-c1ccccc1F. Reaction type is Pd catalyzed C-H arylation. The reaction conditions of this reaction are: Palladium Source: [PdCl(allyl)]2. Ligand: CC(C)Oc1cccc(OC(C)C)c1P(C1CCCCC1)C1CCCCC1. Solvent: CCCC#N. Base: CsOAc. Reaction Temperature: 90 degrees centigrade. Reaction Concentration: 0.057 M. Palladium loading: 2.25 mol%. Ligand loading: 5 mol%. Base loading: 3 eq. What is the yield (%) and cost (US dollar per mol) of this reaction?","","21.15,0.124748518","[]"
"Here is a chemical reaction. Reactants are: Cn1cnc(C#N)c1, Fc1ccccc1Br. Product is: Cn1cnc(C#N)c1-c1ccccc1F. Reaction type is Pd catalyzed C-H arylation. The reaction conditions of this reaction are: Palladium Source: [PdCl(allyl)]2. Ligand: CP(c1ccccc1)c1ccccc1. Solvent: CCCCOC(C)=O. Base: CsOPiv. Reaction Temperature: 90 degrees centigrade. Reaction Concentration: 0.153 M. Palladium loading: 2.25 mol%. Ligand loading: 5 mol%. Base loading: 3 eq. What is the yield (%) and cost (US dollar per mol) of this reaction?","","0.0,0.116919229","[]"
"Here is a chemical reaction. Reactants are: Cn1cnc(C#N)c1, Fc1ccccc1Br. Product is: Cn1cnc(C#N)c1-c1ccccc1F. Reaction type is Pd catalyzed C-H arylation. The reaction conditions of this reaction are: Palladium Source: [PdCl(allyl)]2. Ligand: CN(C)c1cccc(N(C)C)c1-c1ccccc1P(c1ccccc1)C(C)(C)C. Solvent: CCCCOC(C)=O. Base: CsOPiv. Reaction Temperature: 120 degrees centigrade. Reaction Concentration: 0.057 M. Palladium loading: 2.25 mol%. Ligand loading: 5 mol%. Base loading: 3 eq. What is the yield (%) and cost (US dollar per mol) of this reaction?","","8.24,0.385606769","[]"
"Here is a chemical reaction. Reactants are: Cn1cnc(C#N)c1, Fc1ccccc1Br. Product is: Cn1cnc(C#N)c1-c1ccccc1F. Reaction type is Pd catalyzed C-H arylation. The reaction conditions of this reaction are: Palladium Source: [PdCl(allyl)]2. Ligand: CC(C)c1cc(C(C)C)c(-c2ccccc2P(C2CCCCC2)C2CCCCC2)c(C(C)C)c1. Solvent: Cc1ccc(C)cc1. Base: KOPiv. Reaction Temperature: 90 degrees centigrade. Reaction Concentration: 0.057 M. Palladium loading: 2.25 mol%. Ligand loading: 5 mol%. Base loading: 3 eq. What is the yield (%) and cost (US dollar per mol) of this reaction?","","23.45,0.04757534","[]"
"Here is a chemical reaction. Reactants are: Cn1cnc(C#N)c1, Fc1ccccc1Br. Product is: Cn1cnc(C#N)c1-c1ccccc1F. Reaction type is Pd catalyzed C-H arylation. The reaction conditions of this reaction are: Palladium Source: [PdCl(allyl)]2. Ligand: CC(C)Oc1cccc(OC(C)C)c1P(C1CCCCC1)C1CCCCC1. Solvent: Cc1ccc(C)cc1. Base: CsOPiv. Reaction Temperature: 105 degrees centigrade. Reaction Concentration: 0.057 M. Palladium loading: 2.25 mol%. Ligand loading: 5 mol%. Base loading: 3 eq. What is the yield (%) and cost (US dollar per mol) of this reaction?","","12.53,0.138919859","[]"
"Here is a chemical reaction. Reactants are: Cn1cnc(C#N)c1, Fc1ccccc1Br. Product is: Cn1cnc(C#N)c1-c1ccccc1F. Reaction type is Pd catalyzed C-H arylation. The reaction conditions of this reaction are: Palladium Source: [PdCl(allyl)]2. Ligand: c1ccc(P(c2ccccc2)c2ccccc2)cc1. Solvent: CCCCOC(C)=O. Base: CsOAc. Reaction Temperature: 105 degrees centigrade. Reaction Concentration: 0.153 M. Palladium loading: 2.25 mol%. Ligand loading: 5 mol%. Base loading: 3 eq. What is the yield (%) and cost (US dollar per mol) of this reaction?","","4.2,0.075010888","[]"
"Here is a chemical reaction. Reactants are: Cn1cnc(C#N)c1, Fc1ccccc1Br. Product is: Cn1cnc(C#N)c1-c1ccccc1F. Reaction type is Pd catalyzed C-H arylation. The reaction conditions of this reaction are: Palladium Source: [PdCl(allyl)]2. Ligand: CN(C)c1cccc(N(C)C)c1-c1ccccc1P(c1ccccc1)C(C)(C)C. Solvent: CCCCOC(C)=O. Base: CsOAc. Reaction Temperature: 120 degrees centigrade. Reaction Concentration: 0.1 M. Palladium loading: 2.25 mol%. Ligand loading: 5 mol%. Base loading: 3 eq. What is the yield (%) and cost (US dollar per mol) of this reaction?","","0.0,0.326129261","[]"
"Here is a chemical reaction. Reactants are: Cn1cnc(C#N)c1, Fc1ccccc1Br. Product is: Cn1cnc(C#N)c1-c1ccccc1F. Reaction type is Pd catalyzed C-H arylation. The reaction conditions of this reaction are: Palladium Source: [PdCl(allyl)]2. Ligand: CC(C)(C)P(c1ccccc1)C(C)(C)C. Solvent: CCCCOC(C)=O. Base: CsOAc. Reaction Temperature: 120 degrees centigrade. Reaction Concentration: 0.153 M. Palladium loading: 2.25 mol%. Ligand loading: 5 mol%. Base loading: 3 eq. What is the yield (%) and cost (US dollar per mol) of this reaction?","","0.0,0.091896408","[]"
"Here is a chemical reaction. Reactants are: Cn1cnc(C#N)c1, Fc1ccccc1Br. Product is: Cn1cnc(C#N)c1-c1ccccc1F. Reaction type is Pd catalyzed C-H arylation. The reaction conditions of this reaction are: Palladium Source: [PdCl(allyl)]2. Ligand: CC(C)c1cc(C(C)C)c(-c2ccccc2P(C2CCCCC2)C2CCCCC2)c(C(C)C)c1. Solvent: Cc1ccc(C)cc1. Base: CsOPiv. Reaction Temperature: 105 degrees centigrade. Reaction Concentration: 0.057 M. Palladium loading: 2.25 mol%. Ligand loading: 5 mol%. Base loading: 3 eq. What is the yield (%) and cost (US dollar per mol) of this reaction?","","39.81,0.135103062","[]"
"Here is a chemical reaction. Reactants are: Cn1cnc(C#N)c1, Fc1ccccc1Br. Product is: Cn1cnc(C#N)c1-c1ccccc1F. Reaction type is Pd catalyzed C-H arylation. The reaction conditions of this reaction are: Palladium Source: [PdCl(allyl)]2. Ligand: C1CCC(P(C2CCCCC2)C2CCCCC2)CC1. Solvent: CC(=O)N(C)C. Base: KOPiv. Reaction Temperature: 90 degrees centigrade. Reaction Concentration: 0.057 M. Palladium loading: 2.25 mol%. Ligand loading: 5 mol%. Base loading: 3 eq. What is the yield (%) and cost (US dollar per mol) of this reaction?","","5.85,0.041209879","[]"
"Here is a chemical reaction. Reactants are: Cn1cnc(C#N)c1, Fc1ccccc1Br. Product is: Cn1cnc(C#N)c1-c1ccccc1F. Reaction type is Pd catalyzed C-H arylation. The reaction conditions of this reaction are: Palladium Source: [PdCl(allyl)]2. Ligand: CP(C)c1ccccc1. Solvent: CCCC#N. Base: CsOAc. Reaction Temperature: 90 degrees centigrade. Reaction Concentration: 0.057 M. Palladium loading: 2.25 mol%. Ligand loading: 5 mol%. Base loading: 3 eq. What is the yield (%) and cost (US dollar per mol) of this reaction?","","0.0,0.114786933","[]"
"Here is a chemical reaction. Reactants are: Cn1cnc(C#N)c1, Fc1ccccc1Br. Product is: Cn1cnc(C#N)c1-c1ccccc1F. Reaction type is Pd catalyzed C-H arylation. The reaction conditions of this reaction are: Palladium Source: [PdCl(allyl)]2. Ligand: CN(C)c1cccc(N(C)C)c1-c1ccccc1P(c1ccccc1)C(C)(C)C. Solvent: CCCC#N. Base: KOAc. Reaction Temperature: 90 degrees centigrade. Reaction Concentration: 0.153 M. Palladium loading: 2.25 mol%. Ligand loading: 5 mol%. Base loading: 3 eq. What is the yield (%) and cost (US dollar per mol) of this reaction?","","4.97,0.276276575","[]"
"Here is a chemical reaction. Reactants are: Cn1cnc(C#N)c1, Fc1ccccc1Br. Product is: Cn1cnc(C#N)c1-c1ccccc1F. Reaction type is Pd catalyzed C-H arylation. The reaction conditions of this reaction are: Palladium Source: [PdCl(allyl)]2. Ligand: CC12C[C@]3(C)O[C@@](C)(C[C@@](C)(O3)P1c1ccccc1)O2. Solvent: Cc1ccc(C)cc1. Base: KOAc. Reaction Temperature: 90 degrees centigrade. Reaction Concentration: 0.1 M. Palladium loading: 2.25 mol%. Ligand loading: 5 mol%. Base loading: 3 eq. What is the yield (%) and cost (US dollar per mol) of this reaction?","","11.95,0.060133799","[]"
"Here is a chemical reaction. Reactants are: Cn1cnc(C#N)c1, Fc1ccccc1Br. Product is: Cn1cnc(C#N)c1-c1ccccc1F. Reaction type is Pd catalyzed C-H arylation. The reaction conditions of this reaction are: Palladium Source: [PdCl(allyl)]2. Ligand: c1ccc(P(c2ccccc2)c2ccccc2)cc1. Solvent: CCCCOC(C)=O. Base: CsOAc. Reaction Temperature: 90 degrees centigrade. Reaction Concentration: 0.057 M. Palladium loading: 2.25 mol%. Ligand loading: 5 mol%. Base loading: 3 eq. What is the yield (%) and cost (US dollar per mol) of this reaction?","","1.03,0.102072521","[]"
"Here is a chemical reaction. Reactants are: Cn1cnc(C#N)c1, Fc1ccccc1Br. Product is: Cn1cnc(C#N)c1-c1ccccc1F. Reaction type is Pd catalyzed C-H arylation. The reaction conditions of this reaction are: Palladium Source: [PdCl(allyl)]2. Ligand: CC(C)c1cc(C(C)C)c(-c2ccccc2P(C2CCCCC2)C2CCCCC2)c(C(C)C)c1. Solvent: Cc1ccc(C)cc1. Base: KOAc. Reaction Temperature: 90 degrees centigrade. Reaction Concentration: 0.1 M. Palladium loading: 2.25 mol%. Ligand loading: 5 mol%. Base loading: 3 eq. What is the yield (%) and cost (US dollar per mol) of this reaction?","","25.5,0.036908701","[]"
"Here is a chemical reaction. Reactants are: Cn1cnc(C#N)c1, Fc1ccccc1Br. Product is: Cn1cnc(C#N)c1-c1ccccc1F. Reaction type is Pd catalyzed C-H arylation. The reaction conditions of this reaction are: Palladium Source: [PdCl(allyl)]2. Ligand: CP(c1ccccc1)c1ccccc1. Solvent: CCCC#N. Base: CsOPiv. Reaction Temperature: 120 degrees centigrade. Reaction Concentration: 0.153 M. Palladium loading: 2.25 mol%. Ligand loading: 5 mol%. Base loading: 3 eq. What is the yield (%) and cost (US dollar per mol) of this reaction?","","0.0,0.121050397","[]"
"Here is a chemical reaction. Reactants are: Cn1cnc(C#N)c1, Fc1ccccc1Br. Product is: Cn1cnc(C#N)c1-c1ccccc1F. Reaction type is Pd catalyzed C-H arylation. The reaction conditions of this reaction are: Palladium Source: [PdCl(allyl)]2. Ligand: CC12C[C@]3(C)O[C@@](C)(C[C@@](C)(O3)P1c1ccccc1)O2. Solvent: CC(=O)N(C)C. Base: CsOPiv. Reaction Temperature: 120 degrees centigrade. Reaction Concentration: 0.1 M. Palladium loading: 2.25 mol%. Ligand loading: 5 mol%. Base loading: 3 eq. What is the yield (%) and cost (US dollar per mol) of this reaction?","","83.85,0.144379109","[]"
"Here is a chemical reaction. Reactants are: Cn1cnc(C#N)c1, Fc1ccccc1Br. Product is: Cn1cnc(C#N)c1-c1ccccc1F. Reaction type is Pd catalyzed C-H arylation. The reaction conditions of this reaction are: Palladium Source: [PdCl(allyl)]2. Ligand: CP(c1ccccc1)c1ccccc1. Solvent: CC(=O)N(C)C. Base: KOAc. Reaction Temperature: 120 degrees centigrade. Reaction Concentration: 0.153 M. Palladium loading: 2.25 mol%. Ligand loading: 5 mol%. Base loading: 3 eq. What is the yield (%) and cost (US dollar per mol) of this reaction?","","7.5,0.022721597","[]"
"Here is a chemical reaction. Reactants are: Cn1cnc(C#N)c1, Fc1ccccc1Br. Product is: Cn1cnc(C#N)c1-c1ccccc1F. Reaction type is Pd catalyzed C-H arylation. The reaction conditions of this reaction are: Palladium Source: [PdCl(allyl)]2. Ligand: CP(c1ccccc1)c1ccccc1. Solvent: Cc1ccc(C)cc1. Base: KOPiv. Reaction Temperature: 105 degrees centigrade. Reaction Concentration: 0.153 M. Palladium loading: 2.25 mol%. Ligand loading: 5 mol%. Base loading: 3 eq. What is the yield (%) and cost (US dollar per mol) of this reaction?","","0.22,0.023179556","[]"
"Here is a chemical reaction. Reactants are: Cn1cnc(C#N)c1, Fc1ccccc1Br. Product is: Cn1cnc(C#N)c1-c1ccccc1F. Reaction type is Pd catalyzed C-H arylation. The reaction conditions of this reaction are: Palladium Source: [PdCl(allyl)]2. Ligand: COc1ccc(OC)c(P(c2cc(C(F)(F)F)cc(C(F)(F)F)c2)c2cc(C(F)(F)F)cc(C(F)(F)F)c2)c1-c1c(C(C)C)cc(C(C)C)cc1C(C)C. Solvent: CCCC#N. Base: CsOAc. Reaction Temperature: 120 degrees centigrade. Reaction Concentration: 0.153 M. Palladium loading: 2.25 mol%. Ligand loading: 5 mol%. Base loading: 3 eq. What is the yield (%) and cost (US dollar per mol) of this reaction?","","27.41,0.40904856","[]"
"Here is a chemical reaction. Reactants are: Cn1cnc(C#N)c1, Fc1ccccc1Br. Product is: Cn1cnc(C#N)c1-c1ccccc1F. Reaction type is Pd catalyzed C-H arylation. The reaction conditions of this reaction are: Palladium Source: [PdCl(allyl)]2. Ligand: COc1ccc(OC)c(P(C2CCCCC2)C2CCCCC2)c1-c1c(C(C)C)cc(C(C)C)cc1C(C)C. Solvent: CCCCOC(C)=O. Base: CsOPiv. Reaction Temperature: 120 degrees centigrade. Reaction Concentration: 0.153 M. Palladium loading: 2.25 mol%. Ligand loading: 5 mol%. Base loading: 3 eq. What is the yield (%) and cost (US dollar per mol) of this reaction?","","25.67,0.235472859","[]"
"Here is a chemical reaction. Reactants are: Cn1cnc(C#N)c1, Fc1ccccc1Br. Product is: Cn1cnc(C#N)c1-c1ccccc1F. Reaction type is Pd catalyzed C-H arylation. The reaction conditions of this reaction are: Palladium Source: [PdCl(allyl)]2. Ligand: COc1ccc(OC)c(P(c2cc(C(F)(F)F)cc(C(F)(F)F)c2)c2cc(C(F)(F)F)cc(C(F)(F)F)c2)c1-c1c(C(C)C)cc(C(C)C)cc1C(C)C. Solvent: Cc1ccc(C)cc1. Base: CsOAc. Reaction Temperature: 120 degrees centigrade. Reaction Concentration: 0.057 M. Palladium loading: 2.25 mol%. Ligand loading: 5 mol%. Base loading: 3 eq. What is the yield (%) and cost (US dollar per mol) of this reaction?","","6.44,0.415630316","[]"
"Here is a chemical reaction. Reactants are: Cn1cnc(C#N)c1, Fc1ccccc1Br. Product is: Cn1cnc(C#N)c1-c1ccccc1F. Reaction type is Pd catalyzed C-H arylation. The reaction conditions of this reaction are: Palladium Source: [PdCl(allyl)]2. Ligand: c1coc(P(c2ccco2)c2ccco2)c1. Solvent: CCCCOC(C)=O. Base: KOAc. Reaction Temperature: 90 degrees centigrade. Reaction Concentration: 0.153 M. Palladium loading: 2.25 mol%. Ligand loading: 5 mol%. Base loading: 3 eq. What is the yield (%) and cost (US dollar per mol) of this reaction?","","10.04,0.041843595","[]"
"Here is a chemical reaction. Reactants are: Cn1cnc(C#N)c1, Fc1ccccc1Br. Product is: Cn1cnc(C#N)c1-c1ccccc1F. Reaction type is Pd catalyzed C-H arylation. The reaction conditions of this reaction are: Palladium Source: [PdCl(allyl)]2. Ligand: C1CCC(P(C2CCCCC2)C2CCCCC2)CC1. Solvent: Cc1ccc(C)cc1. Base: CsOPiv. Reaction Temperature: 120 degrees centigrade. Reaction Concentration: 0.153 M. Palladium loading: 2.25 mol%. Ligand loading: 5 mol%. Base loading: 3 eq. What is the yield (%) and cost (US dollar per mol) of this reaction?","","0.83,0.115459012","[]"
"Here is a chemical reaction. Reactants are: Cn1cnc(C#N)c1, Fc1ccccc1Br. Product is: Cn1cnc(C#N)c1-c1ccccc1F. Reaction type is Pd catalyzed C-H arylation. The reaction conditions of this reaction are: Palladium Source: [PdCl(allyl)]2. Ligand: CC12C[C@]3(C)O[C@@](C)(C[C@@](C)(O3)P1c1ccccc1)O2. Solvent: CCCCOC(C)=O. Base: CsOAc. Reaction Temperature: 90 degrees centigrade. Reaction Concentration: 0.153 M. Palladium loading: 2.25 mol%. Ligand loading: 5 mol%. Base loading: 3 eq. What is the yield (%) and cost (US dollar per mol) of this reaction?","","31.58,0.106636797","[]"
"Here is a chemical reaction. Reactants are: Cn1cnc(C#N)c1, Fc1ccccc1Br. Product is: Cn1cnc(C#N)c1-c1ccccc1F. Reaction type is Pd catalyzed C-H arylation. The reaction conditions of this reaction are: Palladium Source: [PdCl(allyl)]2. Ligand: c1ccc(P(c2ccccc2)c2ccccc2)cc1. Solvent: CCCC#N. Base: KOAc. Reaction Temperature: 105 degrees centigrade. Reaction Concentration: 0.153 M. Palladium loading: 2.25 mol%. Ligand loading: 5 mol%. Base loading: 3 eq. What is the yield (%) and cost (US dollar per mol) of this reaction?","","6.67,0.0336692","[]"
"Here is a chemical reaction. Reactants are: Cn1cnc(C#N)c1, Fc1ccccc1Br. Product is: Cn1cnc(C#N)c1-c1ccccc1F. Reaction type is Pd catalyzed C-H arylation. The reaction conditions of this reaction are: Palladium Source: [PdCl(allyl)]2. Ligand: CP(C)c1ccccc1. Solvent: CCCC#N. Base: KOPiv. Reaction Temperature: 120 degrees centigrade. Reaction Concentration: 0.1 M. Palladium loading: 2.25 mol%. Ligand loading: 5 mol%. Base loading: 3 eq. What is the yield (%) and cost (US dollar per mol) of this reaction?","","0.0,0.045334292","[]"
"Here is a chemical reaction. Reactants are: Cn1cnc(C#N)c1, Fc1ccccc1Br. Product is: Cn1cnc(C#N)c1-c1ccccc1F. Reaction type is Pd catalyzed C-H arylation. The reaction conditions of this reaction are: Palladium Source: [PdCl(allyl)]2. Ligand: CC(C)Oc1cccc(OC(C)C)c1P(C1CCCCC1)C1CCCCC1. Solvent: CC(=O)N(C)C. Base: CsOAc. Reaction Temperature: 90 degrees centigrade. Reaction Concentration: 0.153 M. Palladium loading: 2.25 mol%. Ligand loading: 5 mol%. Base loading: 3 eq. What is the yield (%) and cost (US dollar per mol) of this reaction?","","14.72,0.079297876","[]"
"Here is a chemical reaction. Reactants are: Cn1cnc(C#N)c1, Fc1ccccc1Br. Product is: Cn1cnc(C#N)c1-c1ccccc1F. Reaction type is Pd catalyzed C-H arylation. The reaction conditions of this reaction are: Palladium Source: [PdCl(allyl)]2. Ligand: CC(C)Oc1cccc(OC(C)C)c1P(C1CCCCC1)C1CCCCC1. Solvent: Cc1ccc(C)cc1. Base: CsOPiv. Reaction Temperature: 90 degrees centigrade. Reaction Concentration: 0.057 M. Palladium loading: 2.25 mol%. Ligand loading: 5 mol%. Base loading: 3 eq. What is the yield (%) and cost (US dollar per mol) of this reaction?","","0.76,0.138876901","[]"
"Here is a chemical reaction. Reactants are: Cn1cnc(C#N)c1, Fc1ccccc1Br. Product is: Cn1cnc(C#N)c1-c1ccccc1F. Reaction type is Pd catalyzed C-H arylation. The reaction conditions of this reaction are: Palladium Source: [PdCl(allyl)]2. Ligand: c1coc(P(c2ccco2)c2ccco2)c1. Solvent: Cc1ccc(C)cc1. Base: KOAc. Reaction Temperature: 120 degrees centigrade. Reaction Concentration: 0.057 M. Palladium loading: 2.25 mol%. Ligand loading: 5 mol%. Base loading: 3 eq. What is the yield (%) and cost (US dollar per mol) of this reaction?","","4.66,0.052704011","[]"
"Here is a chemical reaction. Reactants are: Cn1cnc(C#N)c1, Fc1ccccc1Br. Product is: Cn1cnc(C#N)c1-c1ccccc1F. Reaction type is Pd catalyzed C-H arylation. The reaction conditions of this reaction are: Palladium Source: [PdCl(allyl)]2. Ligand: CC12C[C@]3(C)O[C@@](C)(C[C@@](C)(O3)P1c1ccccc1)O2. Solvent: CCCC#N. Base: KOPiv. Reaction Temperature: 90 degrees centigrade. Reaction Concentration: 0.1 M. Palladium loading: 2.25 mol%. Ligand loading: 5 mol%. Base loading: 3 eq. What is the yield (%) and cost (US dollar per mol) of this reaction?","","57.18,0.074930712","[]"
"Here is a chemical reaction. Reactants are: Cn1cnc(C#N)c1, Fc1ccccc1Br. Product is: Cn1cnc(C#N)c1-c1ccccc1F. Reaction type is Pd catalyzed C-H arylation. The reaction conditions of this reaction are: Palladium Source: [PdCl(allyl)]2. Ligand: CP(C)c1ccccc1. Solvent: CC(=O)N(C)C. Base: CsOPiv. Reaction Temperature: 120 degrees centigrade. Reaction Concentration: 0.153 M. Palladium loading: 2.25 mol%. Ligand loading: 5 mol%. Base loading: 3 eq. What is the yield (%) and cost (US dollar per mol) of this reaction?","","0.0,0.110329516","[]"
"Here is a chemical reaction. Reactants are: Cn1cnc(C#N)c1, Fc1ccccc1Br. Product is: Cn1cnc(C#N)c1-c1ccccc1F. Reaction type is Pd catalyzed C-H arylation. The reaction conditions of this reaction are: Palladium Source: [PdCl(allyl)]2. Ligand: CN(C)c1cccc(N(C)C)c1-c1ccccc1P(c1ccccc1)C(C)(C)C. Solvent: Cc1ccc(C)cc1. Base: CsOPiv. Reaction Temperature: 90 degrees centigrade. Reaction Concentration: 0.1 M. Palladium loading: 2.25 mol%. Ligand loading: 5 mol%. Base loading: 3 eq. What is the yield (%) and cost (US dollar per mol) of this reaction?","","31.97,0.357729099","[]"
"Here is a chemical reaction. Reactants are: Cn1cnc(C#N)c1, Fc1ccccc1Br. Product is: Cn1cnc(C#N)c1-c1ccccc1F. Reaction type is Pd catalyzed C-H arylation. The reaction conditions of this reaction are: Palladium Source: [PdCl(allyl)]2. Ligand: CN(C)c1cccc(N(C)C)c1-c1ccccc1P(c1ccccc1)C(C)(C)C. Solvent: CCCCOC(C)=O. Base: KOAc. Reaction Temperature: 120 degrees centigrade. Reaction Concentration: 0.153 M. Palladium loading: 2.25 mol%. Ligand loading: 5 mol%. Base loading: 3 eq. What is the yield (%) and cost (US dollar per mol) of this reaction?","","0.0,0.272107247","[]"
"Here is a chemical reaction. Reactants are: Cn1cnc(C#N)c1, Fc1ccccc1Br. Product is: Cn1cnc(C#N)c1-c1ccccc1F. Reaction type is Pd catalyzed C-H arylation. The reaction conditions of this reaction are: Palladium Source: [PdCl(allyl)]2. Ligand: CP(c1ccccc1)c1ccccc1. Solvent: Cc1ccc(C)cc1. Base: KOPiv. Reaction Temperature: 90 degrees centigrade. Reaction Concentration: 0.1 M. Palladium loading: 2.25 mol%. Ligand loading: 5 mol%. Base loading: 3 eq. What is the yield (%) and cost (US dollar per mol) of this reaction?","","0.0,0.028582675","[]"
"Here is a chemical reaction. Reactants are: Cn1cnc(C#N)c1, Fc1ccccc1Br. Product is: Cn1cnc(C#N)c1-c1ccccc1F. Reaction type is Pd catalyzed C-H arylation. The reaction conditions of this reaction are: Palladium Source: [PdCl(allyl)]2. Ligand: CP(c1ccccc1)c1ccccc1. Solvent: CC(=O)N(C)C. Base: CsOPiv. Reaction Temperature: 105 degrees centigrade. Reaction Concentration: 0.1 M. Palladium loading: 2.25 mol%. Ligand loading: 5 mol%. Base loading: 3 eq. What is the yield (%) and cost (US dollar per mol) of this reaction?","","4.3,0.113736574","[]"
"Here is a chemical reaction. Reactants are: Cn1cnc(C#N)c1, Fc1ccccc1Br. Product is: Cn1cnc(C#N)c1-c1ccccc1F. Reaction type is Pd catalyzed C-H arylation. The reaction conditions of this reaction are: Palladium Source: [PdCl(allyl)]2. Ligand: CC(C)(C)P(c1ccccc1)C(C)(C)C. Solvent: CC(=O)N(C)C. Base: KOAc. Reaction Temperature: 120 degrees centigrade. Reaction Concentration: 0.057 M. Palladium loading: 2.25 mol%. Ligand loading: 5 mol%. Base loading: 3 eq. What is the yield (%) and cost (US dollar per mol) of this reaction?","","2.13,0.053334682","[]"
"Here is a chemical reaction. Reactants are: Cn1cnc(C#N)c1, Fc1ccccc1Br. Product is: Cn1cnc(C#N)c1-c1ccccc1F. Reaction type is Pd catalyzed C-H arylation. The reaction conditions of this reaction are: Palladium Source: [PdCl(allyl)]2. Ligand: COc1ccc(OC)c(P(c2cc(C(F)(F)F)cc(C(F)(F)F)c2)c2cc(C(F)(F)F)cc(C(F)(F)F)c2)c1-c1c(C(C)C)cc(C(C)C)cc1C(C)C. Solvent: Cc1ccc(C)cc1. Base: KOAc. Reaction Temperature: 120 degrees centigrade. Reaction Concentration: 0.057 M. Palladium loading: 2.25 mol%. Ligand loading: 5 mol%. Base loading: 3 eq. What is the yield (%) and cost (US dollar per mol) of this reaction?","","5.4,0.370126074","[]"
"Here is a chemical reaction. Reactants are: Cn1cnc(C#N)c1, Fc1ccccc1Br. Product is: Cn1cnc(C#N)c1-c1ccccc1F. Reaction type is Pd catalyzed C-H arylation. The reaction conditions of this reaction are: Palladium Source: [PdCl(allyl)]2. Ligand: CP(c1ccccc1)c1ccccc1. Solvent: CCCCOC(C)=O. Base: CsOPiv. Reaction Temperature: 105 degrees centigrade. Reaction Concentration: 0.1 M. Palladium loading: 2.25 mol%. Ligand loading: 5 mol%. Base loading: 3 eq. What is the yield (%) and cost (US dollar per mol) of this reaction?","","0.0,0.125440798","[]"
"Here is a chemical reaction. Reactants are: Cn1cnc(C#N)c1, Fc1ccccc1Br. Product is: Cn1cnc(C#N)c1-c1ccccc1F. Reaction type is Pd catalyzed C-H arylation. The reaction conditions of this reaction are: Palladium Source: [PdCl(allyl)]2. Ligand: COc1ccc(OC)c(P(c2cc(C(F)(F)F)cc(C(F)(F)F)c2)c2cc(C(F)(F)F)cc(C(F)(F)F)c2)c1-c1c(C(C)C)cc(C(C)C)cc1C(C)C. Solvent: Cc1ccc(C)cc1. Base: KOAc. Reaction Temperature: 120 degrees centigrade. Reaction Concentration: 0.153 M. Palladium loading: 2.25 mol%. Ligand loading: 5 mol%. Base loading: 3 eq. What is the yield (%) and cost (US dollar per mol) of this reaction?","","7.88,0.352962783","[]"
"Here is a chemical reaction. Reactants are: Cn1cnc(C#N)c1, Fc1ccccc1Br. Product is: Cn1cnc(C#N)c1-c1ccccc1F. Reaction type is Pd catalyzed C-H arylation. The reaction conditions of this reaction are: Palladium Source: [PdCl(allyl)]2. Ligand: COc1ccc(OC)c(P(C2CCCCC2)C2CCCCC2)c1-c1c(C(C)C)cc(C(C)C)cc1C(C)C. Solvent: Cc1ccc(C)cc1. Base: CsOPiv. Reaction Temperature: 120 degrees centigrade. Reaction Concentration: 0.057 M. Palladium loading: 2.25 mol%. Ligand loading: 5 mol%. Base loading: 3 eq. What is the yield (%) and cost (US dollar per mol) of this reaction?","","26.52,0.246325146","[]"
"Here is a chemical reaction. Reactants are: Cn1cnc(C#N)c1, Fc1ccccc1Br. Product is: Cn1cnc(C#N)c1-c1ccccc1F. Reaction type is Pd catalyzed C-H arylation. The reaction conditions of this reaction are: Palladium Source: [PdCl(allyl)]2. Ligand: CP(c1ccccc1)c1ccccc1. Solvent: CC(=O)N(C)C. Base: KOPiv. Reaction Temperature: 105 degrees centigrade. Reaction Concentration: 0.057 M. Palladium loading: 2.25 mol%. Ligand loading: 5 mol%. Base loading: 3 eq. What is the yield (%) and cost (US dollar per mol) of this reaction?","","22.92,0.036449871","[]"
"Here is a chemical reaction. Reactants are: Cn1cnc(C#N)c1, Fc1ccccc1Br. Product is: Cn1cnc(C#N)c1-c1ccccc1F. Reaction type is Pd catalyzed C-H arylation. The reaction conditions of this reaction are: Palladium Source: [PdCl(allyl)]2. Ligand: COc1ccc(OC)c(P(C2CCCCC2)C2CCCCC2)c1-c1c(C(C)C)cc(C(C)C)cc1C(C)C. Solvent: Cc1ccc(C)cc1. Base: KOPiv. Reaction Temperature: 105 degrees centigrade. Reaction Concentration: 0.057 M. Palladium loading: 2.25 mol%. Ligand loading: 5 mol%. Base loading: 3 eq. What is the yield (%) and cost (US dollar per mol) of this reaction?","","29.85,0.158869288","[]"
"Here is a chemical reaction. Reactants are: Cn1cnc(C#N)c1, Fc1ccccc1Br. Product is: Cn1cnc(C#N)c1-c1ccccc1F. Reaction type is Pd catalyzed C-H arylation. The reaction conditions of this reaction are: Palladium Source: [PdCl(allyl)]2. Ligand: c1ccc(P(c2ccccc2)c2ccccc2)cc1. Solvent: CCCCOC(C)=O. Base: KOAc. Reaction Temperature: 105 degrees centigrade. Reaction Concentration: 0.153 M. Palladium loading: 2.25 mol%. Ligand loading: 5 mol%. Base loading: 3 eq. What is the yield (%) and cost (US dollar per mol) of this reaction?","","4.51,0.029512185","[]"
"Here is a chemical reaction. Reactants are: Cn1cnc(C#N)c1, Fc1ccccc1Br. Product is: Cn1cnc(C#N)c1-c1ccccc1F. Reaction type is Pd catalyzed C-H arylation. The reaction conditions of this reaction are: Palladium Source: [PdCl(allyl)]2. Ligand: CC(C)(C)P(c1ccccc1)C(C)(C)C. Solvent: CC(=O)N(C)C. Base: CsOPiv. Reaction Temperature: 90 degrees centigrade. Reaction Concentration: 0.1 M. Palladium loading: 2.25 mol%. Ligand loading: 5 mol%. Base loading: 3 eq. What is the yield (%) and cost (US dollar per mol) of this reaction?","","0.0,0.129574623","[]"
"Here is a chemical reaction. Reactants are: Cn1cnc(C#N)c1, Fc1ccccc1Br. Product is: Cn1cnc(C#N)c1-c1ccccc1F. Reaction type is Pd catalyzed C-H arylation. The reaction conditions of this reaction are: Palladium Source: [PdCl(allyl)]2. Ligand: c1coc(P(c2ccco2)c2ccco2)c1. Solvent: CCCC#N. Base: KOPiv. Reaction Temperature: 105 degrees centigrade. Reaction Concentration: 0.1 M. Palladium loading: 2.25 mol%. Ligand loading: 5 mol%. Base loading: 3 eq. What is the yield (%) and cost (US dollar per mol) of this reaction?","","46.99,0.055680869","[]"
"Here is a chemical reaction. Reactants are: Cn1cnc(C#N)c1, Fc1ccccc1Br. Product is: Cn1cnc(C#N)c1-c1ccccc1F. Reaction type is Pd catalyzed C-H arylation. The reaction conditions of this reaction are: Palladium Source: [PdCl(allyl)]2. Ligand: CP(c1ccccc1)c1ccccc1. Solvent: CC(=O)N(C)C. Base: CsOAc. Reaction Temperature: 105 degrees centigrade. Reaction Concentration: 0.057 M. Palladium loading: 2.25 mol%. Ligand loading: 5 mol%. Base loading: 3 eq. What is the yield (%) and cost (US dollar per mol) of this reaction?","","20.41,0.083037381","[]"
"Here is a chemical reaction. Reactants are: Cn1cnc(C#N)c1, Fc1ccccc1Br. Product is: Cn1cnc(C#N)c1-c1ccccc1F. Reaction type is Pd catalyzed C-H arylation. The reaction conditions of this reaction are: Palladium Source: [PdCl(allyl)]2. Ligand: CC(C)Oc1cccc(OC(C)C)c1P(C1CCCCC1)C1CCCCC1. Solvent: CCCCOC(C)=O. Base: KOPiv. Reaction Temperature: 105 degrees centigrade. Reaction Concentration: 0.153 M. Palladium loading: 2.25 mol%. Ligand loading: 5 mol%. Base loading: 3 eq. What is the yield (%) and cost (US dollar per mol) of this reaction?","","13.22,0.040580594","[]"
"Here is a chemical reaction. Reactants are: Cn1cnc(C#N)c1, Fc1ccccc1Br. Product is: Cn1cnc(C#N)c1-c1ccccc1F. Reaction type is Pd catalyzed C-H arylation. The reaction conditions of this reaction are: Palladium Source: [PdCl(allyl)]2. Ligand: COc1ccc(OC)c(P(C2CCCCC2)C2CCCCC2)c1-c1c(C(C)C)cc(C(C)C)cc1C(C)C. Solvent: CCCC#N. Base: CsOPiv. Reaction Temperature: 120 degrees centigrade. Reaction Concentration: 0.057 M. Palladium loading: 2.25 mol%. Ligand loading: 5 mol%. Base loading: 3 eq. What is the yield (%) and cost (US dollar per mol) of this reaction?","","42.63,0.273140939","[]"
"Here is a chemical reaction. Reactants are: Cn1cnc(C#N)c1, Fc1ccccc1Br. Product is: Cn1cnc(C#N)c1-c1ccccc1F. Reaction type is Pd catalyzed C-H arylation. The reaction conditions of this reaction are: Palladium Source: [PdCl(allyl)]2. Ligand: CC(C)c1cc(C(C)C)c(-c2ccccc2P(C2CCCCC2)C2CCCCC2)c(C(C)C)c1. Solvent: Cc1ccc(C)cc1. Base: KOAc. Reaction Temperature: 120 degrees centigrade. Reaction Concentration: 0.057 M. Palladium loading: 2.25 mol%. Ligand loading: 5 mol%. Base loading: 3 eq. What is the yield (%) and cost (US dollar per mol) of this reaction?","","45.62,0.048750555","[]"
"Here is a chemical reaction. Reactants are: Cn1cnc(C#N)c1, Fc1ccccc1Br. Product is: Cn1cnc(C#N)c1-c1ccccc1F. Reaction type is Pd catalyzed C-H arylation. The reaction conditions of this reaction are: Palladium Source: [PdCl(allyl)]2. Ligand: CC(C)(C)P(c1ccccc1)C(C)(C)C. Solvent: CCCCOC(C)=O. Base: KOPiv. Reaction Temperature: 105 degrees centigrade. Reaction Concentration: 0.153 M. Palladium loading: 2.25 mol%. Ligand loading: 5 mol%. Base loading: 3 eq. What is the yield (%) and cost (US dollar per mol) of this reaction?","","0.0,0.045301662","[]"
"Here is a chemical reaction. Reactants are: Cn1cnc(C#N)c1, Fc1ccccc1Br. Product is: Cn1cnc(C#N)c1-c1ccccc1F. Reaction type is Pd catalyzed C-H arylation. The reaction conditions of this reaction are: Palladium Source: [PdCl(allyl)]2. Ligand: c1coc(P(c2ccco2)c2ccco2)c1. Solvent: CCCCOC(C)=O. Base: CsOAc. Reaction Temperature: 105 degrees centigrade. Reaction Concentration: 0.057 M. Palladium loading: 2.25 mol%. Ligand loading: 5 mol%. Base loading: 3 eq. What is the yield (%) and cost (US dollar per mol) of this reaction?","","14.5,0.11444859","[]"
"Here is a chemical reaction. Reactants are: Cn1cnc(C#N)c1, Fc1ccccc1Br. Product is: Cn1cnc(C#N)c1-c1ccccc1F. Reaction type is Pd catalyzed C-H arylation. The reaction conditions of this reaction are: Palladium Source: [PdCl(allyl)]2. Ligand: CC(C)Oc1cccc(OC(C)C)c1P(C1CCCCC1)C1CCCCC1. Solvent: CCCCOC(C)=O. Base: CsOPiv. Reaction Temperature: 90 degrees centigrade. Reaction Concentration: 0.057 M. Palladium loading: 2.25 mol%. Ligand loading: 5 mol%. Base loading: 3 eq. What is the yield (%) and cost (US dollar per mol) of this reaction?","","11.0,0.155115582","[]"
"Here is a chemical reaction. Reactants are: Cn1cnc(C#N)c1, Fc1ccccc1Br. Product is: Cn1cnc(C#N)c1-c1ccccc1F. Reaction type is Pd catalyzed C-H arylation. The reaction conditions of this reaction are: Palladium Source: [PdCl(allyl)]2. Ligand: COc1ccc(OC)c(P(C2CCCCC2)C2CCCCC2)c1-c1c(C(C)C)cc(C(C)C)cc1C(C)C. Solvent: CC(=O)N(C)C. Base: KOPiv. Reaction Temperature: 90 degrees centigrade. Reaction Concentration: 0.153 M. Palladium loading: 2.25 mol%. Ligand loading: 5 mol%. Base loading: 3 eq. What is the yield (%) and cost (US dollar per mol) of this reaction?","","0.66,0.140016826","[]"
"Here is a chemical reaction. Reactants are: Cn1cnc(C#N)c1, Fc1ccccc1Br. Product is: Cn1cnc(C#N)c1-c1ccccc1F. Reaction type is Pd catalyzed C-H arylation. The reaction conditions of this reaction are: Palladium Source: [PdCl(allyl)]2. Ligand: C1CCC(P(C2CCCCC2)C2CCCCC2)CC1. Solvent: CCCC#N. Base: CsOAc. Reaction Temperature: 90 degrees centigrade. Reaction Concentration: 0.1 M. Palladium loading: 2.25 mol%. Ligand loading: 5 mol%. Base loading: 3 eq. What is the yield (%) and cost (US dollar per mol) of this reaction?","","0.0,0.095482427","[]"
"Here is a chemical reaction. Reactants are: Cn1cnc(C#N)c1, Fc1ccccc1Br. Product is: Cn1cnc(C#N)c1-c1ccccc1F. Reaction type is Pd catalyzed C-H arylation. The reaction conditions of this reaction are: Palladium Source: [PdCl(allyl)]2. Ligand: C1CCC(P(C2CCCCC2)C2CCCCC2)CC1. Solvent: CC(=O)N(C)C. Base: CsOAc. Reaction Temperature: 120 degrees centigrade. Reaction Concentration: 0.057 M. Palladium loading: 2.25 mol%. Ligand loading: 5 mol%. Base loading: 3 eq. What is the yield (%) and cost (US dollar per mol) of this reaction?","","35.61,0.087890417","[]"
"Here is a chemical reaction. Reactants are: Cn1cnc(C#N)c1, Fc1ccccc1Br. Product is: Cn1cnc(C#N)c1-c1ccccc1F. Reaction type is Pd catalyzed C-H arylation. The reaction conditions of this reaction are: Palladium Source: [PdCl(allyl)]2. Ligand: CC(C)Oc1cccc(OC(C)C)c1P(C1CCCCC1)C1CCCCC1. Solvent: CCCC#N. Base: CsOAc. Reaction Temperature: 120 degrees centigrade. Reaction Concentration: 0.1 M. Palladium loading: 2.25 mol%. Ligand loading: 5 mol%. Base loading: 3 eq. What is the yield (%) and cost (US dollar per mol) of this reaction?","","40.61,0.10204004","[]"
"Here is a chemical reaction. Reactants are: Cn1cnc(C#N)c1, Fc1ccccc1Br. Product is: Cn1cnc(C#N)c1-c1ccccc1F. Reaction type is Pd catalyzed C-H arylation. The reaction conditions of this reaction are: Palladium Source: [PdCl(allyl)]2. Ligand: CC(C)Oc1cccc(OC(C)C)c1P(C1CCCCC1)C1CCCCC1. Solvent: CCCC#N. Base: KOAc. Reaction Temperature: 105 degrees centigrade. Reaction Concentration: 0.153 M. Palladium loading: 2.25 mol%. Ligand loading: 5 mol%. Base loading: 3 eq. What is the yield (%) and cost (US dollar per mol) of this reaction?","","11.6,0.045820772","[]"
"Here is a chemical reaction. Reactants are: Cn1cnc(C#N)c1, Fc1ccccc1Br. Product is: Cn1cnc(C#N)c1-c1ccccc1F. Reaction type is Pd catalyzed C-H arylation. The reaction conditions of this reaction are: Palladium Source: [PdCl(allyl)]2. Ligand: COc1ccc(OC)c(P(C2CCCCC2)C2CCCCC2)c1-c1c(C(C)C)cc(C(C)C)cc1C(C)C. Solvent: CC(=O)N(C)C. Base: CsOPiv. Reaction Temperature: 120 degrees centigrade. Reaction Concentration: 0.1 M. Palladium loading: 2.25 mol%. Ligand loading: 5 mol%. Base loading: 3 eq. What is the yield (%) and cost (US dollar per mol) of this reaction?","","0.0,0.232133425","[]"
"Here is a chemical reaction. Reactants are: Cn1cnc(C#N)c1, Fc1ccccc1Br. Product is: Cn1cnc(C#N)c1-c1ccccc1F. Reaction type is Pd catalyzed C-H arylation. The reaction conditions of this reaction are: Palladium Source: [PdCl(allyl)]2. Ligand: C1CCC(P(C2CCCCC2)C2CCCCC2)CC1. Solvent: CCCC#N. Base: CsOPiv. Reaction Temperature: 90 degrees centigrade. Reaction Concentration: 0.153 M. Palladium loading: 2.25 mol%. Ligand loading: 5 mol%. Base loading: 3 eq. What is the yield (%) and cost (US dollar per mol) of this reaction?","","0.0,0.125859615","[]"
"Here is a chemical reaction. Reactants are: Cn1cnc(C#N)c1, Fc1ccccc1Br. Product is: Cn1cnc(C#N)c1-c1ccccc1F. Reaction type is Pd catalyzed C-H arylation. The reaction conditions of this reaction are: Palladium Source: [PdCl(allyl)]2. Ligand: C1CCC(P(C2CCCCC2)C2CCCCC2)CC1. Solvent: Cc1ccc(C)cc1. Base: CsOAc. Reaction Temperature: 105 degrees centigrade. Reaction Concentration: 0.153 M. Palladium loading: 2.25 mol%. Ligand loading: 5 mol%. Base loading: 3 eq. What is the yield (%) and cost (US dollar per mol) of this reaction?","","0.28,0.074583739","[]"
"Here is a chemical reaction. Reactants are: Cn1cnc(C#N)c1, Fc1ccccc1Br. Product is: Cn1cnc(C#N)c1-c1ccccc1F. Reaction type is Pd catalyzed C-H arylation. The reaction conditions of this reaction are: Palladium Source: [PdCl(allyl)]2. Ligand: CC(C)(C)P(c1ccccc1)C(C)(C)C. Solvent: CCCCOC(C)=O. Base: KOAc. Reaction Temperature: 105 degrees centigrade. Reaction Concentration: 0.1 M. Palladium loading: 2.25 mol%. Ligand loading: 5 mol%. Base loading: 3 eq. What is the yield (%) and cost (US dollar per mol) of this reaction?","","0.0,0.05491753","[]"
"Here is a chemical reaction. Reactants are: Cn1cnc(C#N)c1, Fc1ccccc1Br. Product is: Cn1cnc(C#N)c1-c1ccccc1F. Reaction type is Pd catalyzed C-H arylation. The reaction conditions of this reaction are: Palladium Source: [PdCl(allyl)]2. Ligand: CP(C)c1ccccc1. Solvent: CCCCOC(C)=O. Base: KOAc. Reaction Temperature: 90 degrees centigrade. Reaction Concentration: 0.057 M. Palladium loading: 2.25 mol%. Ligand loading: 5 mol%. Base loading: 3 eq. What is the yield (%) and cost (US dollar per mol) of this reaction?","","0.0,0.058880809","[]"
"Here is a chemical reaction. Reactants are: Cn1cnc(C#N)c1, Fc1ccccc1Br. Product is: Cn1cnc(C#N)c1-c1ccccc1F. Reaction type is Pd catalyzed C-H arylation. The reaction conditions of this reaction are: Palladium Source: [PdCl(allyl)]2. Ligand: COc1ccc(OC)c(P(c2cc(C(F)(F)F)cc(C(F)(F)F)c2)c2cc(C(F)(F)F)cc(C(F)(F)F)c2)c1-c1c(C(C)C)cc(C(C)C)cc1C(C)C. Solvent: CC(=O)N(C)C. Base: KOPiv. Reaction Temperature: 90 degrees centigrade. Reaction Concentration: 0.057 M. Palladium loading: 2.25 mol%. Ligand loading: 5 mol%. Base loading: 3 eq. What is the yield (%) and cost (US dollar per mol) of this reaction?","","7.12,0.365065293","[]"
"Here is a chemical reaction. Reactants are: Cn1cnc(C#N)c1, Fc1ccccc1Br. Product is: Cn1cnc(C#N)c1-c1ccccc1F. Reaction type is Pd catalyzed C-H arylation. The reaction conditions of this reaction are: Palladium Source: [PdCl(allyl)]2. Ligand: COc1ccc(OC)c(P(C2CCCCC2)C2CCCCC2)c1-c1c(C(C)C)cc(C(C)C)cc1C(C)C. Solvent: Cc1ccc(C)cc1. Base: KOPiv. Reaction Temperature: 120 degrees centigrade. Reaction Concentration: 0.153 M. Palladium loading: 2.25 mol%. Ligand loading: 5 mol%. Base loading: 3 eq. What is the yield (%) and cost (US dollar per mol) of this reaction?","","49.57,0.141768918","[]"
"Here is a chemical reaction. Reactants are: Cn1cnc(C#N)c1, Fc1ccccc1Br. Product is: Cn1cnc(C#N)c1-c1ccccc1F. Reaction type is Pd catalyzed C-H arylation. The reaction conditions of this reaction are: Palladium Source: [PdCl(allyl)]2. Ligand: CC12C[C@]3(C)O[C@@](C)(C[C@@](C)(O3)P1c1ccccc1)O2. Solvent: CCCC#N. Base: CsOPiv. Reaction Temperature: 90 degrees centigrade. Reaction Concentration: 0.057 M. Palladium loading: 2.25 mol%. Ligand loading: 5 mol%. Base loading: 3 eq. What is the yield (%) and cost (US dollar per mol) of this reaction?","","43.22,0.185149431","[]"
"Here is a chemical reaction. Reactants are: Cn1cnc(C#N)c1, Fc1ccccc1Br. Product is: Cn1cnc(C#N)c1-c1ccccc1F. Reaction type is Pd catalyzed C-H arylation. The reaction conditions of this reaction are: Palladium Source: [PdCl(allyl)]2. Ligand: CP(C)c1ccccc1. Solvent: CC(=O)N(C)C. Base: CsOAc. Reaction Temperature: 105 degrees centigrade. Reaction Concentration: 0.057 M. Palladium loading: 2.25 mol%. Ligand loading: 5 mol%. Base loading: 3 eq. What is the yield (%) and cost (US dollar per mol) of this reaction?","","0.0,0.084234372","[]"
"Here is a chemical reaction. Reactants are: Cn1cnc(C#N)c1, Fc1ccccc1Br. Product is: Cn1cnc(C#N)c1-c1ccccc1F. Reaction type is Pd catalyzed C-H arylation. The reaction conditions of this reaction are: Palladium Source: [PdCl(allyl)]2. Ligand: CC12C[C@]3(C)O[C@@](C)(C[C@@](C)(O3)P1c1ccccc1)O2. Solvent: CCCCOC(C)=O. Base: KOAc. Reaction Temperature: 90 degrees centigrade. Reaction Concentration: 0.1 M. Palladium loading: 2.25 mol%. Ligand loading: 5 mol%. Base loading: 3 eq. What is the yield (%) and cost (US dollar per mol) of this reaction?","","14.83,0.069563708","[]"
"Here is a chemical reaction. Reactants are: Cn1cnc(C#N)c1, Fc1ccccc1Br. Product is: Cn1cnc(C#N)c1-c1ccccc1F. Reaction type is Pd catalyzed C-H arylation. The reaction conditions of this reaction are: Palladium Source: [PdCl(allyl)]2. Ligand: c1coc(P(c2ccco2)c2ccco2)c1. Solvent: CCCCOC(C)=O. Base: CsOAc. Reaction Temperature: 120 degrees centigrade. Reaction Concentration: 0.057 M. Palladium loading: 2.25 mol%. Ligand loading: 5 mol%. Base loading: 3 eq. What is the yield (%) and cost (US dollar per mol) of this reaction?","","12.14,0.114435316","[]"
"Here is a chemical reaction. Reactants are: Cn1cnc(C#N)c1, Fc1ccccc1Br. Product is: Cn1cnc(C#N)c1-c1ccccc1F. Reaction type is Pd catalyzed C-H arylation. The reaction conditions of this reaction are: Palladium Source: [PdCl(allyl)]2. Ligand: CN(C)c1cccc(N(C)C)c1-c1ccccc1P(c1ccccc1)C(C)(C)C. Solvent: CC(=O)N(C)C. Base: CsOAc. Reaction Temperature: 105 degrees centigrade. Reaction Concentration: 0.057 M. Palladium loading: 2.25 mol%. Ligand loading: 5 mol%. Base loading: 3 eq. What is the yield (%) and cost (US dollar per mol) of this reaction?","","42.43,0.32466259","[]"
"Here is a chemical reaction. Reactants are: Cn1cnc(C#N)c1, Fc1ccccc1Br. Product is: Cn1cnc(C#N)c1-c1ccccc1F. Reaction type is Pd catalyzed C-H arylation. The reaction conditions of this reaction are: Palladium Source: [PdCl(allyl)]2. Ligand: CC(C)Oc1cccc(OC(C)C)c1P(C1CCCCC1)C1CCCCC1. Solvent: CCCC#N. Base: CsOAc. Reaction Temperature: 120 degrees centigrade. Reaction Concentration: 0.153 M. Palladium loading: 2.25 mol%. Ligand loading: 5 mol%. Base loading: 3 eq. What is the yield (%) and cost (US dollar per mol) of this reaction?","","36.46,0.091512098","[]"
"Here is a chemical reaction. Reactants are: Cn1cnc(C#N)c1, Fc1ccccc1Br. Product is: Cn1cnc(C#N)c1-c1ccccc1F. Reaction type is Pd catalyzed C-H arylation. The reaction conditions of this reaction are: Palladium Source: [PdCl(allyl)]2. Ligand: CC(C)Oc1cccc(OC(C)C)c1P(C1CCCCC1)C1CCCCC1. Solvent: CCCC#N. Base: CsOAc. Reaction Temperature: 105 degrees centigrade. Reaction Concentration: 0.1 M. Palladium loading: 2.25 mol%. Ligand loading: 5 mol%. Base loading: 3 eq. What is the yield (%) and cost (US dollar per mol) of this reaction?","","33.34,0.10198422","[]"
"Here is a chemical reaction. Reactants are: Cn1cnc(C#N)c1, Fc1ccccc1Br. Product is: Cn1cnc(C#N)c1-c1ccccc1F. Reaction type is Pd catalyzed C-H arylation. The reaction conditions of this reaction are: Palladium Source: [PdCl(allyl)]2. Ligand: c1coc(P(c2ccco2)c2ccco2)c1. Solvent: CC(=O)N(C)C. Base: CsOAc. Reaction Temperature: 120 degrees centigrade. Reaction Concentration: 0.057 M. Palladium loading: 2.25 mol%. Ligand loading: 5 mol%. Base loading: 3 eq. What is the yield (%) and cost (US dollar per mol) of this reaction?","","78.6,0.094446738","[]"
"Here is a chemical reaction. Reactants are: Cn1cnc(C#N)c1, Fc1ccccc1Br. Product is: Cn1cnc(C#N)c1-c1ccccc1F. Reaction type is Pd catalyzed C-H arylation. The reaction conditions of this reaction are: Palladium Source: [PdCl(allyl)]2. Ligand: CC(C)Oc1cccc(OC(C)C)c1P(C1CCCCC1)C1CCCCC1. Solvent: CCCCOC(C)=O. Base: CsOAc. Reaction Temperature: 120 degrees centigrade. Reaction Concentration: 0.153 M. Palladium loading: 2.25 mol%. Ligand loading: 5 mol%. Base loading: 3 eq. What is the yield (%) and cost (US dollar per mol) of this reaction?","","23.3,0.087232035","[]"
"Here is a chemical reaction. Reactants are: Cn1cnc(C#N)c1, Fc1ccccc1Br. Product is: Cn1cnc(C#N)c1-c1ccccc1F. Reaction type is Pd catalyzed C-H arylation. The reaction conditions of this reaction are: Palladium Source: [PdCl(allyl)]2. Ligand: c1coc(P(c2ccco2)c2ccco2)c1. Solvent: CC(=O)N(C)C. Base: KOPiv. Reaction Temperature: 105 degrees centigrade. Reaction Concentration: 0.1 M. Palladium loading: 2.25 mol%. Ligand loading: 5 mol%. Base loading: 3 eq. What is the yield (%) and cost (US dollar per mol) of this reaction?","","73.59,0.037709917","[]"
"Here is a chemical reaction. Reactants are: Cn1cnc(C#N)c1, Fc1ccccc1Br. Product is: Cn1cnc(C#N)c1-c1ccccc1F. Reaction type is Pd catalyzed C-H arylation. The reaction conditions of this reaction are: Palladium Source: [PdCl(allyl)]2. Ligand: COc1ccc(OC)c(P(C2CCCCC2)C2CCCCC2)c1-c1c(C(C)C)cc(C(C)C)cc1C(C)C. Solvent: Cc1ccc(C)cc1. Base: KOPiv. Reaction Temperature: 105 degrees centigrade. Reaction Concentration: 0.1 M. Palladium loading: 2.25 mol%. Ligand loading: 5 mol%. Base loading: 3 eq. What is the yield (%) and cost (US dollar per mol) of this reaction?","","29.17,0.147098385","[]"
"Here is a chemical reaction. Reactants are: Cn1cnc(C#N)c1, Fc1ccccc1Br. Product is: Cn1cnc(C#N)c1-c1ccccc1F. Reaction type is Pd catalyzed C-H arylation. The reaction conditions of this reaction are: Palladium Source: [PdCl(allyl)]2. Ligand: CC12C[C@]3(C)O[C@@](C)(C[C@@](C)(O3)P1c1ccccc1)O2. Solvent: CCCC#N. Base: CsOAc. Reaction Temperature: 120 degrees centigrade. Reaction Concentration: 0.057 M. Palladium loading: 2.25 mol%. Ligand loading: 5 mol%. Base loading: 3 eq. What is the yield (%) and cost (US dollar per mol) of this reaction?","","50.74,0.144333905","[]"
"Here is a chemical reaction. Reactants are: Cn1cnc(C#N)c1, Fc1ccccc1Br. Product is: Cn1cnc(C#N)c1-c1ccccc1F. Reaction type is Pd catalyzed C-H arylation. The reaction conditions of this reaction are: Palladium Source: [PdCl(allyl)]2. Ligand: CC12C[C@]3(C)O[C@@](C)(C[C@@](C)(O3)P1c1ccccc1)O2. Solvent: Cc1ccc(C)cc1. Base: CsOPiv. Reaction Temperature: 120 degrees centigrade. Reaction Concentration: 0.153 M. Palladium loading: 2.25 mol%. Ligand loading: 5 mol%. Base loading: 3 eq. What is the yield (%) and cost (US dollar per mol) of this reaction?","","19.13,0.141129795","[]"
"Here is a chemical reaction. Reactants are: Cn1cnc(C#N)c1, Fc1ccccc1Br. Product is: Cn1cnc(C#N)c1-c1ccccc1F. Reaction type is Pd catalyzed C-H arylation. The reaction conditions of this reaction are: Palladium Source: [PdCl(allyl)]2. Ligand: CC(C)c1cc(C(C)C)c(-c2ccccc2P(C2CCCCC2)C2CCCCC2)c(C(C)C)c1. Solvent: CCCC#N. Base: CsOPiv. Reaction Temperature: 120 degrees centigrade. Reaction Concentration: 0.057 M. Palladium loading: 2.25 mol%. Ligand loading: 5 mol%. Base loading: 3 eq. What is the yield (%) and cost (US dollar per mol) of this reaction?","","31.51,0.161784968","[]"
"Here is a chemical reaction. Reactants are: Cn1cnc(C#N)c1, Fc1ccccc1Br. Product is: Cn1cnc(C#N)c1-c1ccccc1F. Reaction type is Pd catalyzed C-H arylation. The reaction conditions of this reaction are: Palladium Source: [PdCl(allyl)]2. Ligand: COc1ccc(OC)c(P(C2CCCCC2)C2CCCCC2)c1-c1c(C(C)C)cc(C(C)C)cc1C(C)C. Solvent: CCCCOC(C)=O. Base: KOPiv. Reaction Temperature: 105 degrees centigrade. Reaction Concentration: 0.057 M. Palladium loading: 2.25 mol%. Ligand loading: 5 mol%. Base loading: 3 eq. What is the yield (%) and cost (US dollar per mol) of this reaction?","","48.88,0.175214857","[]"
"Here is a chemical reaction. Reactants are: Cn1cnc(C#N)c1, Fc1ccccc1Br. Product is: Cn1cnc(C#N)c1-c1ccccc1F. Reaction type is Pd catalyzed C-H arylation. The reaction conditions of this reaction are: Palladium Source: [PdCl(allyl)]2. Ligand: C1CCC(P(C2CCCCC2)C2CCCCC2)CC1. Solvent: Cc1ccc(C)cc1. Base: KOAc. Reaction Temperature: 90 degrees centigrade. Reaction Concentration: 0.153 M. Palladium loading: 2.25 mol%. Ligand loading: 5 mol%. Base loading: 3 eq. What is the yield (%) and cost (US dollar per mol) of this reaction?","","0.0,0.029082271","[]"
"Here is a chemical reaction. Reactants are: Cn1cnc(C#N)c1, Fc1ccccc1Br. Product is: Cn1cnc(C#N)c1-c1ccccc1F. Reaction type is Pd catalyzed C-H arylation. The reaction conditions of this reaction are: Palladium Source: [PdCl(allyl)]2. Ligand: CP(c1ccccc1)c1ccccc1. Solvent: CC(=O)N(C)C. Base: CsOAc. Reaction Temperature: 90 degrees centigrade. Reaction Concentration: 0.153 M. Palladium loading: 2.25 mol%. Ligand loading: 5 mol%. Base loading: 3 eq. What is the yield (%) and cost (US dollar per mol) of this reaction?","","3.61,0.068210829","[]"
"Here is a chemical reaction. Reactants are: Cn1cnc(C#N)c1, Fc1ccccc1Br. Product is: Cn1cnc(C#N)c1-c1ccccc1F. Reaction type is Pd catalyzed C-H arylation. The reaction conditions of this reaction are: Palladium Source: [PdCl(allyl)]2. Ligand: c1ccc(P(c2ccccc2)c2ccccc2)cc1. Solvent: CCCCOC(C)=O. Base: CsOPiv. Reaction Temperature: 105 degrees centigrade. Reaction Concentration: 0.1 M. Palladium loading: 2.25 mol%. Ligand loading: 5 mol%. Base loading: 3 eq. What is the yield (%) and cost (US dollar per mol) of this reaction?","","0.91,0.124387218","[]"
"Here is a chemical reaction. Reactants are: Cn1cnc(C#N)c1, Fc1ccccc1Br. Product is: Cn1cnc(C#N)c1-c1ccccc1F. Reaction type is Pd catalyzed C-H arylation. The reaction conditions of this reaction are: Palladium Source: [PdCl(allyl)]2. Ligand: CC(C)c1cc(C(C)C)c(-c2ccccc2P(C2CCCCC2)C2CCCCC2)c(C(C)C)c1. Solvent: CCCC#N. Base: KOAc. Reaction Temperature: 105 degrees centigrade. Reaction Concentration: 0.1 M. Palladium loading: 2.25 mol%. Ligand loading: 5 mol%. Base loading: 3 eq. What is the yield (%) and cost (US dollar per mol) of this reaction?","","47.3,0.052674599","[]"
"Here is a chemical reaction. Reactants are: Cn1cnc(C#N)c1, Fc1ccccc1Br. Product is: Cn1cnc(C#N)c1-c1ccccc1F. Reaction type is Pd catalyzed C-H arylation. The reaction conditions of this reaction are: Palladium Source: [PdCl(allyl)]2. Ligand: CC12C[C@]3(C)O[C@@](C)(C[C@@](C)(O3)P1c1ccccc1)O2. Solvent: CC(=O)N(C)C. Base: KOAc. Reaction Temperature: 105 degrees centigrade. Reaction Concentration: 0.153 M. Palladium loading: 2.25 mol%. Ligand loading: 5 mol%. Base loading: 3 eq. What is the yield (%) and cost (US dollar per mol) of this reaction?","","87.0,0.053363987","[]"
"Here is a chemical reaction. Reactants are: Cn1cnc(C#N)c1, Fc1ccccc1Br. Product is: Cn1cnc(C#N)c1-c1ccccc1F. Reaction type is Pd catalyzed C-H arylation. The reaction conditions of this reaction are: Palladium Source: [PdCl(allyl)]2. Ligand: C1CCC(P(C2CCCCC2)C2CCCCC2)CC1. Solvent: CCCCOC(C)=O. Base: CsOPiv. Reaction Temperature: 105 degrees centigrade. Reaction Concentration: 0.1 M. Palladium loading: 2.25 mol%. Ligand loading: 5 mol%. Base loading: 3 eq. What is the yield (%) and cost (US dollar per mol) of this reaction?","","0.0,0.130250015","[]"
"Here is a chemical reaction. Reactants are: Cn1cnc(C#N)c1, Fc1ccccc1Br. Product is: Cn1cnc(C#N)c1-c1ccccc1F. Reaction type is Pd catalyzed C-H arylation. The reaction conditions of this reaction are: Palladium Source: [PdCl(allyl)]2. Ligand: CC12C[C@]3(C)O[C@@](C)(C[C@@](C)(O3)P1c1ccccc1)O2. Solvent: Cc1ccc(C)cc1. Base: KOAc. Reaction Temperature: 90 degrees centigrade. Reaction Concentration: 0.057 M. Palladium loading: 2.25 mol%. Ligand loading: 5 mol%. Base loading: 3 eq. What is the yield (%) and cost (US dollar per mol) of this reaction?","","8.45,0.071889446","[]"
"Here is a chemical reaction. Reactants are: Cn1cnc(C#N)c1, Fc1ccccc1Br. Product is: Cn1cnc(C#N)c1-c1ccccc1F. Reaction type is Pd catalyzed C-H arylation. The reaction conditions of this reaction are: Palladium Source: [PdCl(allyl)]2. Ligand: CP(C)c1ccccc1. Solvent: CCCC#N. Base: KOPiv. Reaction Temperature: 120 degrees centigrade. Reaction Concentration: 0.153 M. Palladium loading: 2.25 mol%. Ligand loading: 5 mol%. Base loading: 3 eq. What is the yield (%) and cost (US dollar per mol) of this reaction?","","0.0,0.034838214","[]"
"Here is a chemical reaction. Reactants are: Cn1cnc(C#N)c1, Fc1ccccc1Br. Product is: Cn1cnc(C#N)c1-c1ccccc1F. Reaction type is Pd catalyzed C-H arylation. The reaction conditions of this reaction are: Palladium Source: [PdCl(allyl)]2. Ligand: CC12C[C@]3(C)O[C@@](C)(C[C@@](C)(O3)P1c1ccccc1)O2. Solvent: CC(=O)N(C)C. Base: KOPiv. Reaction Temperature: 90 degrees centigrade. Reaction Concentration: 0.153 M. Palladium loading: 2.25 mol%. Ligand loading: 5 mol%. Base loading: 3 eq. What is the yield (%) and cost (US dollar per mol) of this reaction?","","61.09,0.052194994","[]"
"Here is a chemical reaction. Reactants are: Cn1cnc(C#N)c1, Fc1ccccc1Br. Product is: Cn1cnc(C#N)c1-c1ccccc1F. Reaction type is Pd catalyzed C-H arylation. The reaction conditions of this reaction are: Palladium Source: [PdCl(allyl)]2. Ligand: CC12C[C@]3(C)O[C@@](C)(C[C@@](C)(O3)P1c1ccccc1)O2. Solvent: CC(=O)N(C)C. Base: CsOPiv. Reaction Temperature: 105 degrees centigrade. Reaction Concentration: 0.057 M. Palladium loading: 2.25 mol%. Ligand loading: 5 mol%. Base loading: 3 eq. What is the yield (%) and cost (US dollar per mol) of this reaction?","","91.06,0.154527525","[]"
"Here is a chemical reaction. Reactants are: Cn1cnc(C#N)c1, Fc1ccccc1Br. Product is: Cn1cnc(C#N)c1-c1ccccc1F. Reaction type is Pd catalyzed C-H arylation. The reaction conditions of this reaction are: Palladium Source: [PdCl(allyl)]2. Ligand: CC(C)Oc1cccc(OC(C)C)c1P(C1CCCCC1)C1CCCCC1. Solvent: Cc1ccc(C)cc1. Base: KOPiv. Reaction Temperature: 105 degrees centigrade. Reaction Concentration: 0.057 M. Palladium loading: 2.25 mol%. Ligand loading: 5 mol%. Base loading: 3 eq. What is the yield (%) and cost (US dollar per mol) of this reaction?","","24.06,0.051493928","[]"
"Here is a chemical reaction. Reactants are: Cn1cnc(C#N)c1, Fc1ccccc1Br. Product is: Cn1cnc(C#N)c1-c1ccccc1F. Reaction type is Pd catalyzed C-H arylation. The reaction conditions of this reaction are: Palladium Source: [PdCl(allyl)]2. Ligand: CC12C[C@]3(C)O[C@@](C)(C[C@@](C)(O3)P1c1ccccc1)O2. Solvent: CCCCOC(C)=O. Base: KOPiv. Reaction Temperature: 120 degrees centigrade. Reaction Concentration: 0.057 M. Palladium loading: 2.25 mol%. Ligand loading: 5 mol%. Base loading: 3 eq. What is the yield (%) and cost (US dollar per mol) of this reaction?","","33.69,0.087133382","[]"
"Here is a chemical reaction. Reactants are: Cn1cnc(C#N)c1, Fc1ccccc1Br. Product is: Cn1cnc(C#N)c1-c1ccccc1F. Reaction type is Pd catalyzed C-H arylation. The reaction conditions of this reaction are: Palladium Source: [PdCl(allyl)]2. Ligand: CC(C)c1cc(C(C)C)c(-c2ccccc2P(C2CCCCC2)C2CCCCC2)c(C(C)C)c1. Solvent: CCCCOC(C)=O. Base: CsOAc. Reaction Temperature: 90 degrees centigrade. Reaction Concentration: 0.057 M. Palladium loading: 2.25 mol%. Ligand loading: 5 mol%. Base loading: 3 eq. What is the yield (%) and cost (US dollar per mol) of this reaction?","","61.71,0.110611176","[]"
"Here is a chemical reaction. Reactants are: Cn1cnc(C#N)c1, Fc1ccccc1Br. Product is: Cn1cnc(C#N)c1-c1ccccc1F. Reaction type is Pd catalyzed C-H arylation. The reaction conditions of this reaction are: Palladium Source: [PdCl(allyl)]2. Ligand: COc1ccc(OC)c(P(c2cc(C(F)(F)F)cc(C(F)(F)F)c2)c2cc(C(F)(F)F)cc(C(F)(F)F)c2)c1-c1c(C(C)C)cc(C(C)C)cc1C(C)C. Solvent: CCCC#N. Base: CsOPiv. Reaction Temperature: 105 degrees centigrade. Reaction Concentration: 0.057 M. Palladium loading: 2.25 mol%. Ligand loading: 5 mol%. Base loading: 3 eq. What is the yield (%) and cost (US dollar per mol) of this reaction?","","10.68,0.483147343","[]"
"Here is a chemical reaction. Reactants are: Cn1cnc(C#N)c1, Fc1ccccc1Br. Product is: Cn1cnc(C#N)c1-c1ccccc1F. Reaction type is Pd catalyzed C-H arylation. The reaction conditions of this reaction are: Palladium Source: [PdCl(allyl)]2. Ligand: CC(C)c1cc(C(C)C)c(-c2ccccc2P(C2CCCCC2)C2CCCCC2)c(C(C)C)c1. Solvent: Cc1ccc(C)cc1. Base: CsOAc. Reaction Temperature: 90 degrees centigrade. Reaction Concentration: 0.1 M. Palladium loading: 2.25 mol%. Ligand loading: 5 mol%. Base loading: 3 eq. What is the yield (%) and cost (US dollar per mol) of this reaction?","","59.27,0.082532399","[]"
"Here is a chemical reaction. Reactants are: Cn1cnc(C#N)c1, Fc1ccccc1Br. Product is: Cn1cnc(C#N)c1-c1ccccc1F. Reaction type is Pd catalyzed C-H arylation. The reaction conditions of this reaction are: Palladium Source: [PdCl(allyl)]2. Ligand: CC(C)c1cc(C(C)C)c(-c2ccccc2P(C2CCCCC2)C2CCCCC2)c(C(C)C)c1. Solvent: Cc1ccc(C)cc1. Base: CsOPiv. Reaction Temperature: 90 degrees centigrade. Reaction Concentration: 0.057 M. Palladium loading: 2.25 mol%. Ligand loading: 5 mol%. Base loading: 3 eq. What is the yield (%) and cost (US dollar per mol) of this reaction?","","34.98,0.135085434","[]"
"Here is a chemical reaction. Reactants are: Cn1cnc(C#N)c1, Fc1ccccc1Br. Product is: Cn1cnc(C#N)c1-c1ccccc1F. Reaction type is Pd catalyzed C-H arylation. The reaction conditions of this reaction are: Palladium Source: [PdCl(allyl)]2. Ligand: CC(C)(C)P(c1ccccc1)C(C)(C)C. Solvent: CCCC#N. Base: KOPiv. Reaction Temperature: 105 degrees centigrade. Reaction Concentration: 0.057 M. Palladium loading: 2.25 mol%. Ligand loading: 5 mol%. Base loading: 3 eq. What is the yield (%) and cost (US dollar per mol) of this reaction?","","0.0,0.082786803","[]"
"Here is a chemical reaction. Reactants are: Cn1cnc(C#N)c1, Fc1ccccc1Br. Product is: Cn1cnc(C#N)c1-c1ccccc1F. Reaction type is Pd catalyzed C-H arylation. The reaction conditions of this reaction are: Palladium Source: [PdCl(allyl)]2. Ligand: CC(C)c1cc(C(C)C)c(-c2ccccc2P(C2CCCCC2)C2CCCCC2)c(C(C)C)c1. Solvent: CCCC#N. Base: CsOPiv. Reaction Temperature: 120 degrees centigrade. Reaction Concentration: 0.1 M. Palladium loading: 2.25 mol%. Ligand loading: 5 mol%. Base loading: 3 eq. What is the yield (%) and cost (US dollar per mol) of this reaction?","","59.81,0.139144366","[]"
"Here is a chemical reaction. Reactants are: Cn1cnc(C#N)c1, Fc1ccccc1Br. Product is: Cn1cnc(C#N)c1-c1ccccc1F. Reaction type is Pd catalyzed C-H arylation. The reaction conditions of this reaction are: Palladium Source: [PdCl(allyl)]2. Ligand: CP(C)c1ccccc1. Solvent: Cc1ccc(C)cc1. Base: CsOPiv. Reaction Temperature: 90 degrees centigrade. Reaction Concentration: 0.153 M. Palladium loading: 2.25 mol%. Ligand loading: 5 mol%. Base loading: 3 eq. What is the yield (%) and cost (US dollar per mol) of this reaction?","","0.0,0.111902594","[]"
"Here is a chemical reaction. Reactants are: Cn1cnc(C#N)c1, Fc1ccccc1Br. Product is: Cn1cnc(C#N)c1-c1ccccc1F. Reaction type is Pd catalyzed C-H arylation. The reaction conditions of this reaction are: Palladium Source: [PdCl(allyl)]2. Ligand: COc1ccc(OC)c(P(C2CCCCC2)C2CCCCC2)c1-c1c(C(C)C)cc(C(C)C)cc1C(C)C. Solvent: CCCCOC(C)=O. Base: KOPiv. Reaction Temperature: 90 degrees centigrade. Reaction Concentration: 0.057 M. Palladium loading: 2.25 mol%. Ligand loading: 5 mol%. Base loading: 3 eq. What is the yield (%) and cost (US dollar per mol) of this reaction?","","61.94,0.175288313","[]"
"Here is a chemical reaction. Reactants are: Cn1cnc(C#N)c1, Fc1ccccc1Br. Product is: Cn1cnc(C#N)c1-c1ccccc1F. Reaction type is Pd catalyzed C-H arylation. The reaction conditions of this reaction are: Palladium Source: [PdCl(allyl)]2. Ligand: CC(C)c1cc(C(C)C)c(-c2ccccc2P(C2CCCCC2)C2CCCCC2)c(C(C)C)c1. Solvent: CCCCOC(C)=O. Base: CsOAc. Reaction Temperature: 105 degrees centigrade. Reaction Concentration: 0.1 M. Palladium loading: 2.25 mol%. Ligand loading: 5 mol%. Base loading: 3 eq. What is the yield (%) and cost (US dollar per mol) of this reaction?","","86.43,0.092192321","[]"
"Here is a chemical reaction. Reactants are: Cn1cnc(C#N)c1, Fc1ccccc1Br. Product is: Cn1cnc(C#N)c1-c1ccccc1F. Reaction type is Pd catalyzed C-H arylation. The reaction conditions of this reaction are: Palladium Source: [PdCl(allyl)]2. Ligand: COc1ccc(OC)c(P(c2cc(C(F)(F)F)cc(C(F)(F)F)c2)c2cc(C(F)(F)F)cc(C(F)(F)F)c2)c1-c1c(C(C)C)cc(C(C)C)cc1C(C)C. Solvent: Cc1ccc(C)cc1. Base: KOPiv. Reaction Temperature: 90 degrees centigrade. Reaction Concentration: 0.057 M. Palladium loading: 2.25 mol%. Ligand loading: 5 mol%. Base loading: 3 eq. What is the yield (%) and cost (US dollar per mol) of this reaction?","","7.25,0.369038526","[]"
"Here is a chemical reaction. Reactants are: Cn1cnc(C#N)c1, Fc1ccccc1Br. Product is: Cn1cnc(C#N)c1-c1ccccc1F. Reaction type is Pd catalyzed C-H arylation. The reaction conditions of this reaction are: Palladium Source: [PdCl(allyl)]2. Ligand: CC12C[C@]3(C)O[C@@](C)(C[C@@](C)(O3)P1c1ccccc1)O2. Solvent: Cc1ccc(C)cc1. Base: CsOAc. Reaction Temperature: 105 degrees centigrade. Reaction Concentration: 0.153 M. Palladium loading: 2.25 mol%. Ligand loading: 5 mol%. Base loading: 3 eq. What is the yield (%) and cost (US dollar per mol) of this reaction?","","80.69,0.100481207","[]"
"Here is a chemical reaction. Reactants are: Cn1cnc(C#N)c1, Fc1ccccc1Br. Product is: Cn1cnc(C#N)c1-c1ccccc1F. Reaction type is Pd catalyzed C-H arylation. The reaction conditions of this reaction are: Palladium Source: [PdCl(allyl)]2. Ligand: CP(C)c1ccccc1. Solvent: Cc1ccc(C)cc1. Base: KOAc. Reaction Temperature: 90 degrees centigrade. Reaction Concentration: 0.057 M. Palladium loading: 2.25 mol%. Ligand loading: 5 mol%. Base loading: 3 eq. What is the yield (%) and cost (US dollar per mol) of this reaction?","","0.0,0.042701224","[]"
"Here is a chemical reaction. Reactants are: Cn1cnc(C#N)c1, Fc1ccccc1Br. Product is: Cn1cnc(C#N)c1-c1ccccc1F. Reaction type is Pd catalyzed C-H arylation. The reaction conditions of this reaction are: Palladium Source: [PdCl(allyl)]2. Ligand: c1coc(P(c2ccco2)c2ccco2)c1. Solvent: CCCC#N. Base: KOPiv. Reaction Temperature: 120 degrees centigrade. Reaction Concentration: 0.153 M. Palladium loading: 2.25 mol%. Ligand loading: 5 mol%. Base loading: 3 eq. What is the yield (%) and cost (US dollar per mol) of this reaction?","","53.11,0.045231781","[]"
"Here is a chemical reaction. Reactants are: Cn1cnc(C#N)c1, Fc1ccccc1Br. Product is: Cn1cnc(C#N)c1-c1ccccc1F. Reaction type is Pd catalyzed C-H arylation. The reaction conditions of this reaction are: Palladium Source: [PdCl(allyl)]2. Ligand: c1ccc(P(c2ccccc2)c2ccccc2)cc1. Solvent: CCCC#N. Base: CsOAc. Reaction Temperature: 120 degrees centigrade. Reaction Concentration: 0.153 M. Palladium loading: 2.25 mol%. Ligand loading: 5 mol%. Base loading: 3 eq. What is the yield (%) and cost (US dollar per mol) of this reaction?","","19.64,0.079269232","[]"
"Here is a chemical reaction. Reactants are: Cn1cnc(C#N)c1, Fc1ccccc1Br. Product is: Cn1cnc(C#N)c1-c1ccccc1F. Reaction type is Pd catalyzed C-H arylation. The reaction conditions of this reaction are: Palladium Source: [PdCl(allyl)]2. Ligand: CP(c1ccccc1)c1ccccc1. Solvent: Cc1ccc(C)cc1. Base: CsOPiv. Reaction Temperature: 105 degrees centigrade. Reaction Concentration: 0.057 M. Palladium loading: 2.25 mol%. Ligand loading: 5 mol%. Base loading: 3 eq. What is the yield (%) and cost (US dollar per mol) of this reaction?","","0.0,0.127819108","[]"
"Here is a chemical reaction. Reactants are: Cn1cnc(C#N)c1, Fc1ccccc1Br. Product is: Cn1cnc(C#N)c1-c1ccccc1F. Reaction type is Pd catalyzed C-H arylation. The reaction conditions of this reaction are: Palladium Source: [PdCl(allyl)]2. Ligand: C1CCC(P(C2CCCCC2)C2CCCCC2)CC1. Solvent: CC(=O)N(C)C. Base: CsOPiv. Reaction Temperature: 105 degrees centigrade. Reaction Concentration: 0.057 M. Palladium loading: 2.25 mol%. Ligand loading: 5 mol%. Base loading: 3 eq. What is the yield (%) and cost (US dollar per mol) of this reaction?","","11.52,0.128694237","[]"
"Here is a chemical reaction. Reactants are: Cn1cnc(C#N)c1, Fc1ccccc1Br. Product is: Cn1cnc(C#N)c1-c1ccccc1F. Reaction type is Pd catalyzed C-H arylation. The reaction conditions of this reaction are: Palladium Source: [PdCl(allyl)]2. Ligand: CC12C[C@]3(C)O[C@@](C)(C[C@@](C)(O3)P1c1ccccc1)O2. Solvent: CCCC#N. Base: KOAc. Reaction Temperature: 120 degrees centigrade. Reaction Concentration: 0.153 M. Palladium loading: 2.25 mol%. Ligand loading: 5 mol%. Base loading: 3 eq. What is the yield (%) and cost (US dollar per mol) of this reaction?","","80.86,0.065710753","[]"
"Here is a chemical reaction. Reactants are: Cn1cnc(C#N)c1, Fc1ccccc1Br. Product is: Cn1cnc(C#N)c1-c1ccccc1F. Reaction type is Pd catalyzed C-H arylation. The reaction conditions of this reaction are: Palladium Source: [PdCl(allyl)]2. Ligand: COc1ccc(OC)c(P(c2cc(C(F)(F)F)cc(C(F)(F)F)c2)c2cc(C(F)(F)F)cc(C(F)(F)F)c2)c1-c1c(C(C)C)cc(C(C)C)cc1C(C)C. Solvent: CC(=O)N(C)C. Base: CsOAc. Reaction Temperature: 120 degrees centigrade. Reaction Concentration: 0.057 M. Palladium loading: 2.25 mol%. Ligand loading: 5 mol%. Base loading: 3 eq. What is the yield (%) and cost (US dollar per mol) of this reaction?","","81.48,0.411874402","[]"
"Here is a chemical reaction. Reactants are: Cn1cnc(C#N)c1, Fc1ccccc1Br. Product is: Cn1cnc(C#N)c1-c1ccccc1F. Reaction type is Pd catalyzed C-H arylation. The reaction conditions of this reaction are: Palladium Source: [PdCl(allyl)]2. Ligand: COc1ccc(OC)c(P(c2cc(C(F)(F)F)cc(C(F)(F)F)c2)c2cc(C(F)(F)F)cc(C(F)(F)F)c2)c1-c1c(C(C)C)cc(C(C)C)cc1C(C)C. Solvent: CCCC#N. Base: KOAc. Reaction Temperature: 120 degrees centigrade. Reaction Concentration: 0.1 M. Palladium loading: 2.25 mol%. Ligand loading: 5 mol%. Base loading: 3 eq. What is the yield (%) and cost (US dollar per mol) of this reaction?","","20.08,0.373987911","[]"
"Here is a chemical reaction. Reactants are: Cn1cnc(C#N)c1, Fc1ccccc1Br. Product is: Cn1cnc(C#N)c1-c1ccccc1F. Reaction type is Pd catalyzed C-H arylation. The reaction conditions of this reaction are: Palladium Source: [PdCl(allyl)]2. Ligand: CN(C)c1cccc(N(C)C)c1-c1ccccc1P(c1ccccc1)C(C)(C)C. Solvent: Cc1ccc(C)cc1. Base: KOPiv. Reaction Temperature: 105 degrees centigrade. Reaction Concentration: 0.057 M. Palladium loading: 2.25 mol%. Ligand loading: 5 mol%. Base loading: 3 eq. What is the yield (%) and cost (US dollar per mol) of this reaction?","","21.43,0.28199104","[]"
"Here is a chemical reaction. Reactants are: Cn1cnc(C#N)c1, Fc1ccccc1Br. Product is: Cn1cnc(C#N)c1-c1ccccc1F. Reaction type is Pd catalyzed C-H arylation. The reaction conditions of this reaction are: Palladium Source: [PdCl(allyl)]2. Ligand: C1CCC(P(C2CCCCC2)C2CCCCC2)CC1. Solvent: Cc1ccc(C)cc1. Base: KOAc. Reaction Temperature: 120 degrees centigrade. Reaction Concentration: 0.153 M. Palladium loading: 2.25 mol%. Ligand loading: 5 mol%. Base loading: 3 eq. What is the yield (%) and cost (US dollar per mol) of this reaction?","","0.0,0.029082271","[]"
"Here is a chemical reaction. Reactants are: Cn1cnc(C#N)c1, Fc1ccccc1Br. Product is: Cn1cnc(C#N)c1-c1ccccc1F. Reaction type is Pd catalyzed C-H arylation. The reaction conditions of this reaction are: Palladium Source: [PdCl(allyl)]2. Ligand: COc1ccc(OC)c(P(C2CCCCC2)C2CCCCC2)c1-c1c(C(C)C)cc(C(C)C)cc1C(C)C. Solvent: CCCC#N. Base: KOPiv. Reaction Temperature: 105 degrees centigrade. Reaction Concentration: 0.1 M. Palladium loading: 2.25 mol%. Ligand loading: 5 mol%. Base loading: 3 eq. What is the yield (%) and cost (US dollar per mol) of this reaction?","","56.05,0.162918073","[]"
"Here is a chemical reaction. Reactants are: Cn1cnc(C#N)c1, Fc1ccccc1Br. Product is: Cn1cnc(C#N)c1-c1ccccc1F. Reaction type is Pd catalyzed C-H arylation. The reaction conditions of this reaction are: Palladium Source: [PdCl(allyl)]2. Ligand: CC12C[C@]3(C)O[C@@](C)(C[C@@](C)(O3)P1c1ccccc1)O2. Solvent: CCCCOC(C)=O. Base: KOPiv. Reaction Temperature: 90 degrees centigrade. Reaction Concentration: 0.057 M. Palladium loading: 2.25 mol%. Ligand loading: 5 mol%. Base loading: 3 eq. What is the yield (%) and cost (US dollar per mol) of this reaction?","","17.63,0.087043051","[]"
"Here is a chemical reaction. Reactants are: Cn1cnc(C#N)c1, Fc1ccccc1Br. Product is: Cn1cnc(C#N)c1-c1ccccc1F. Reaction type is Pd catalyzed C-H arylation. The reaction conditions of this reaction are: Palladium Source: [PdCl(allyl)]2. Ligand: CC(C)(C)P(c1ccccc1)C(C)(C)C. Solvent: CC(=O)N(C)C. Base: CsOPiv. Reaction Temperature: 120 degrees centigrade. Reaction Concentration: 0.153 M. Palladium loading: 2.25 mol%. Ligand loading: 5 mol%. Base loading: 3 eq. What is the yield (%) and cost (US dollar per mol) of this reaction?","","0.0,0.124924132","[]"
"Here is a chemical reaction. Reactants are: Cn1cnc(C#N)c1, Fc1ccccc1Br. Product is: Cn1cnc(C#N)c1-c1ccccc1F. Reaction type is Pd catalyzed C-H arylation. The reaction conditions of this reaction are: Palladium Source: [PdCl(allyl)]2. Ligand: C1CCC(P(C2CCCCC2)C2CCCCC2)CC1. Solvent: CCCC#N. Base: KOAc. Reaction Temperature: 105 degrees centigrade. Reaction Concentration: 0.057 M. Palladium loading: 2.25 mol%. Ligand loading: 5 mol%. Base loading: 3 eq. What is the yield (%) and cost (US dollar per mol) of this reaction?","","0.0,0.072839876","[]"
"Here is a chemical reaction. Reactants are: Cn1cnc(C#N)c1, Fc1ccccc1Br. Product is: Cn1cnc(C#N)c1-c1ccccc1F. Reaction type is Pd catalyzed C-H arylation. The reaction conditions of this reaction are: Palladium Source: [PdCl(allyl)]2. Ligand: CC(C)Oc1cccc(OC(C)C)c1P(C1CCCCC1)C1CCCCC1. Solvent: CC(=O)N(C)C. Base: KOPiv. Reaction Temperature: 105 degrees centigrade. Reaction Concentration: 0.1 M. Palladium loading: 2.25 mol%. Ligand loading: 5 mol%. Base loading: 3 eq. What is the yield (%) and cost (US dollar per mol) of this reaction?","","38.15,0.037421164","[]"
"Here is a chemical reaction. Reactants are: Cn1cnc(C#N)c1, Fc1ccccc1Br. Product is: Cn1cnc(C#N)c1-c1ccccc1F. Reaction type is Pd catalyzed C-H arylation. The reaction conditions of this reaction are: Palladium Source: [PdCl(allyl)]2. Ligand: C1CCC(P(C2CCCCC2)C2CCCCC2)CC1. Solvent: CC(=O)N(C)C. Base: KOAc. Reaction Temperature: 90 degrees centigrade. Reaction Concentration: 0.1 M. Palladium loading: 2.25 mol%. Ligand loading: 5 mol%. Base loading: 3 eq. What is the yield (%) and cost (US dollar per mol) of this reaction?","","1.71,0.032164613","[]"
"Here is a chemical reaction. Reactants are: Cn1cnc(C#N)c1, Fc1ccccc1Br. Product is: Cn1cnc(C#N)c1-c1ccccc1F. Reaction type is Pd catalyzed C-H arylation. The reaction conditions of this reaction are: Palladium Source: [PdCl(allyl)]2. Ligand: CC(C)Oc1cccc(OC(C)C)c1P(C1CCCCC1)C1CCCCC1. Solvent: CCCC#N. Base: CsOPiv. Reaction Temperature: 105 degrees centigrade. Reaction Concentration: 0.057 M. Palladium loading: 2.25 mol%. Ligand loading: 5 mol%. Base loading: 3 eq. What is the yield (%) and cost (US dollar per mol) of this reaction?","","46.17,0.165813892","[]"
"Here is a chemical reaction. Reactants are: Cn1cnc(C#N)c1, Fc1ccccc1Br. Product is: Cn1cnc(C#N)c1-c1ccccc1F. Reaction type is Pd catalyzed C-H arylation. The reaction conditions of this reaction are: Palladium Source: [PdCl(allyl)]2. Ligand: COc1ccc(OC)c(P(C2CCCCC2)C2CCCCC2)c1-c1c(C(C)C)cc(C(C)C)cc1C(C)C. Solvent: CC(=O)N(C)C. Base: KOPiv. Reaction Temperature: 120 degrees centigrade. Reaction Concentration: 0.057 M. Palladium loading: 2.25 mol%. Ligand loading: 5 mol%. Base loading: 3 eq. What is the yield (%) and cost (US dollar per mol) of this reaction?","","0.0,0.154793045","[]"
"Here is a chemical reaction. Reactants are: Cn1cnc(C#N)c1, Fc1ccccc1Br. Product is: Cn1cnc(C#N)c1-c1ccccc1F. Reaction type is Pd catalyzed C-H arylation. The reaction conditions of this reaction are: Palladium Source: [PdCl(allyl)]2. Ligand: c1ccc(P(c2ccccc2)c2ccccc2)cc1. Solvent: CCCC#N. Base: KOAc. Reaction Temperature: 120 degrees centigrade. Reaction Concentration: 0.1 M. Palladium loading: 2.25 mol%. Ligand loading: 5 mol%. Base loading: 3 eq. What is the yield (%) and cost (US dollar per mol) of this reaction?","","12.65,0.044211194","[]"
"Here is a chemical reaction. Reactants are: Cn1cnc(C#N)c1, Fc1ccccc1Br. Product is: Cn1cnc(C#N)c1-c1ccccc1F. Reaction type is Pd catalyzed C-H arylation. The reaction conditions of this reaction are: Palladium Source: [PdCl(allyl)]2. Ligand: CC(C)c1cc(C(C)C)c(-c2ccccc2P(C2CCCCC2)C2CCCCC2)c(C(C)C)c1. Solvent: CCCCOC(C)=O. Base: KOPiv. Reaction Temperature: 120 degrees centigrade. Reaction Concentration: 0.1 M. Palladium loading: 2.25 mol%. Ligand loading: 5 mol%. Base loading: 3 eq. What is the yield (%) and cost (US dollar per mol) of this reaction?","","66.49,0.045485421","[]"
"Here is a chemical reaction. Reactants are: Cn1cnc(C#N)c1, Fc1ccccc1Br. Product is: Cn1cnc(C#N)c1-c1ccccc1F. Reaction type is Pd catalyzed C-H arylation. The reaction conditions of this reaction are: Palladium Source: [PdCl(allyl)]2. Ligand: CC12C[C@]3(C)O[C@@](C)(C[C@@](C)(O3)P1c1ccccc1)O2. Solvent: CCCC#N. Base: CsOAc. Reaction Temperature: 105 degrees centigrade. Reaction Concentration: 0.057 M. Palladium loading: 2.25 mol%. Ligand loading: 5 mol%. Base loading: 3 eq. What is the yield (%) and cost (US dollar per mol) of this reaction?","","67.85,0.144465279","[]"
"Here is a chemical reaction. Reactants are: Cn1cnc(C#N)c1, Fc1ccccc1Br. Product is: Cn1cnc(C#N)c1-c1ccccc1F. Reaction type is Pd catalyzed C-H arylation. The reaction conditions of this reaction are: Palladium Source: [PdCl(allyl)]2. Ligand: CC(C)c1cc(C(C)C)c(-c2ccccc2P(C2CCCCC2)C2CCCCC2)c(C(C)C)c1. Solvent: CCCCOC(C)=O. Base: CsOPiv. Reaction Temperature: 120 degrees centigrade. Reaction Concentration: 0.057 M. Palladium loading: 2.25 mol%. Ligand loading: 5 mol%. Base loading: 3 eq. What is the yield (%) and cost (US dollar per mol) of this reaction?","","22.87,0.151265984","[]"
"Here is a chemical reaction. Reactants are: Cn1cnc(C#N)c1, Fc1ccccc1Br. Product is: Cn1cnc(C#N)c1-c1ccccc1F. Reaction type is Pd catalyzed C-H arylation. The reaction conditions of this reaction are: Palladium Source: [PdCl(allyl)]2. Ligand: CP(c1ccccc1)c1ccccc1. Solvent: CCCCOC(C)=O. Base: KOAc. Reaction Temperature: 120 degrees centigrade. Reaction Concentration: 0.057 M. Palladium loading: 2.25 mol%. Ligand loading: 5 mol%. Base loading: 3 eq. What is the yield (%) and cost (US dollar per mol) of this reaction?","","0.0,0.05762498","[]"
"Here is a chemical reaction. Reactants are: Cn1cnc(C#N)c1, Fc1ccccc1Br. Product is: Cn1cnc(C#N)c1-c1ccccc1F. Reaction type is Pd catalyzed C-H arylation. The reaction conditions of this reaction are: Palladium Source: [PdCl(allyl)]2. Ligand: COc1ccc(OC)c(P(C2CCCCC2)C2CCCCC2)c1-c1c(C(C)C)cc(C(C)C)cc1C(C)C. Solvent: Cc1ccc(C)cc1. Base: CsOAc. Reaction Temperature: 90 degrees centigrade. Reaction Concentration: 0.153 M. Palladium loading: 2.25 mol%. Ligand loading: 5 mol%. Base loading: 3 eq. What is the yield (%) and cost (US dollar per mol) of this reaction?","","41.03,0.188332496","[]"
"Here is a chemical reaction. Reactants are: Cn1cnc(C#N)c1, Fc1ccccc1Br. Product is: Cn1cnc(C#N)c1-c1ccccc1F. Reaction type is Pd catalyzed C-H arylation. The reaction conditions of this reaction are: Palladium Source: [PdCl(allyl)]2. Ligand: CP(c1ccccc1)c1ccccc1. Solvent: CCCC#N. Base: KOAc. Reaction Temperature: 120 degrees centigrade. Reaction Concentration: 0.153 M. Palladium loading: 2.25 mol%. Ligand loading: 5 mol%. Base loading: 3 eq. What is the yield (%) and cost (US dollar per mol) of this reaction?","","0.0,0.034676685","[]"
"Here is a chemical reaction. Reactants are: Cn1cnc(C#N)c1, Fc1ccccc1Br. Product is: Cn1cnc(C#N)c1-c1ccccc1F. Reaction type is Pd catalyzed C-H arylation. The reaction conditions of this reaction are: Palladium Source: [PdCl(allyl)]2. Ligand: CC(C)(C)P(c1ccccc1)C(C)(C)C. Solvent: CCCC#N. Base: CsOPiv. Reaction Temperature: 90 degrees centigrade. Reaction Concentration: 0.057 M. Palladium loading: 2.25 mol%. Ligand loading: 5 mol%. Base loading: 3 eq. What is the yield (%) and cost (US dollar per mol) of this reaction?","","0.0,0.170254815","[]"
"Here is a chemical reaction. Reactants are: Cn1cnc(C#N)c1, Fc1ccccc1Br. Product is: Cn1cnc(C#N)c1-c1ccccc1F. Reaction type is Pd catalyzed C-H arylation. The reaction conditions of this reaction are: Palladium Source: [PdCl(allyl)]2. Ligand: CC(C)c1cc(C(C)C)c(-c2ccccc2P(C2CCCCC2)C2CCCCC2)c(C(C)C)c1. Solvent: CC(=O)N(C)C. Base: CsOAc. Reaction Temperature: 120 degrees centigrade. Reaction Concentration: 0.057 M. Palladium loading: 2.25 mol%. Ligand loading: 5 mol%. Base loading: 3 eq. What is the yield (%) and cost (US dollar per mol) of this reaction?","","88.41,0.090372068","[]"
"Here is a chemical reaction. Reactants are: Cn1cnc(C#N)c1, Fc1ccccc1Br. Product is: Cn1cnc(C#N)c1-c1ccccc1F. Reaction type is Pd catalyzed C-H arylation. The reaction conditions of this reaction are: Palladium Source: [PdCl(allyl)]2. Ligand: C1CCC(P(C2CCCCC2)C2CCCCC2)CC1. Solvent: CCCCOC(C)=O. Base: KOAc. Reaction Temperature: 90 degrees centigrade. Reaction Concentration: 0.057 M. Palladium loading: 2.25 mol%. Ligand loading: 5 mol%. Base loading: 3 eq. What is the yield (%) and cost (US dollar per mol) of this reaction?","","0.0,0.062434198","[]"
"Here is a chemical reaction. Reactants are: Cn1cnc(C#N)c1, Fc1ccccc1Br. Product is: Cn1cnc(C#N)c1-c1ccccc1F. Reaction type is Pd catalyzed C-H arylation. The reaction conditions of this reaction are: Palladium Source: [PdCl(allyl)]2. Ligand: CN(C)c1cccc(N(C)C)c1-c1ccccc1P(c1ccccc1)C(C)(C)C. Solvent: CCCC#N. Base: KOPiv. Reaction Temperature: 105 degrees centigrade. Reaction Concentration: 0.1 M. Palladium loading: 2.25 mol%. Ligand loading: 5 mol%. Base loading: 3 eq. What is the yield (%) and cost (US dollar per mol) of this reaction?","","6.39,0.285689257","[]"
"Here is a chemical reaction. Reactants are: Cn1cnc(C#N)c1, Fc1ccccc1Br. Product is: Cn1cnc(C#N)c1-c1ccccc1F. Reaction type is Pd catalyzed C-H arylation. The reaction conditions of this reaction are: Palladium Source: [PdCl(allyl)]2. Ligand: CC(C)Oc1cccc(OC(C)C)c1P(C1CCCCC1)C1CCCCC1. Solvent: CCCCOC(C)=O. Base: CsOAc. Reaction Temperature: 120 degrees centigrade. Reaction Concentration: 0.1 M. Palladium loading: 2.25 mol%. Ligand loading: 5 mol%. Base loading: 3 eq. What is the yield (%) and cost (US dollar per mol) of this reaction?","","29.75,0.095789882","[]"
"Here is a chemical reaction. Reactants are: Cn1cnc(C#N)c1, Fc1ccccc1Br. Product is: Cn1cnc(C#N)c1-c1ccccc1F. Reaction type is Pd catalyzed C-H arylation. The reaction conditions of this reaction are: Palladium Source: [PdCl(allyl)]2. Ligand: CC(C)Oc1cccc(OC(C)C)c1P(C1CCCCC1)C1CCCCC1. Solvent: Cc1ccc(C)cc1. Base: KOAc. Reaction Temperature: 105 degrees centigrade. Reaction Concentration: 0.153 M. Palladium loading: 2.25 mol%. Ligand loading: 5 mol%. Base loading: 3 eq. What is the yield (%) and cost (US dollar per mol) of this reaction?","","0.83,0.035331102","[]"
"Here is a chemical reaction. Reactants are: Cn1cnc(C#N)c1, Fc1ccccc1Br. Product is: Cn1cnc(C#N)c1-c1ccccc1F. Reaction type is Pd catalyzed C-H arylation. The reaction conditions of this reaction are: Palladium Source: [PdCl(allyl)]2. Ligand: COc1ccc(OC)c(P(c2cc(C(F)(F)F)cc(C(F)(F)F)c2)c2cc(C(F)(F)F)cc(C(F)(F)F)c2)c1-c1c(C(C)C)cc(C(C)C)cc1C(C)C. Solvent: CCCC#N. Base: CsOPiv. Reaction Temperature: 90 degrees centigrade. Reaction Concentration: 0.057 M. Palladium loading: 2.25 mol%. Ligand loading: 5 mol%. Base loading: 3 eq. What is the yield (%) and cost (US dollar per mol) of this reaction?","","11.65,0.483154791","[]"
"Here is a chemical reaction. Reactants are: Cn1cnc(C#N)c1, Fc1ccccc1Br. Product is: Cn1cnc(C#N)c1-c1ccccc1F. Reaction type is Pd catalyzed C-H arylation. The reaction conditions of this reaction are: Palladium Source: [PdCl(allyl)]2. Ligand: COc1ccc(OC)c(P(C2CCCCC2)C2CCCCC2)c1-c1c(C(C)C)cc(C(C)C)cc1C(C)C. Solvent: Cc1ccc(C)cc1. Base: KOAc. Reaction Temperature: 120 degrees centigrade. Reaction Concentration: 0.057 M. Palladium loading: 2.25 mol%. Ligand loading: 5 mol%. Base loading: 3 eq. What is the yield (%) and cost (US dollar per mol) of this reaction?","","8.69,0.159886359","[]"
"Here is a chemical reaction. Reactants are: Cn1cnc(C#N)c1, Fc1ccccc1Br. Product is: Cn1cnc(C#N)c1-c1ccccc1F. Reaction type is Pd catalyzed C-H arylation. The reaction conditions of this reaction are: Palladium Source: [PdCl(allyl)]2. Ligand: CP(C)c1ccccc1. Solvent: CC(=O)N(C)C. Base: KOAc. Reaction Temperature: 90 degrees centigrade. Reaction Concentration: 0.1 M. Palladium loading: 2.25 mol%. Ligand loading: 5 mol%. Base loading: 3 eq. What is the yield (%) and cost (US dollar per mol) of this reaction?","","0.0,0.028606294","[]"
"Here is a chemical reaction. Reactants are: Cn1cnc(C#N)c1, Fc1ccccc1Br. Product is: Cn1cnc(C#N)c1-c1ccccc1F. Reaction type is Pd catalyzed C-H arylation. The reaction conditions of this reaction are: Palladium Source: [PdCl(allyl)]2. Ligand: c1coc(P(c2ccco2)c2ccco2)c1. Solvent: CCCC#N. Base: CsOPiv. Reaction Temperature: 120 degrees centigrade. Reaction Concentration: 0.057 M. Palladium loading: 2.25 mol%. Ligand loading: 5 mol%. Base loading: 3 eq. What is the yield (%) and cost (US dollar per mol) of this reaction?","","23.81,0.165828796","[]"
"Here is a chemical reaction. Reactants are: Cn1cnc(C#N)c1, Fc1ccccc1Br. Product is: Cn1cnc(C#N)c1-c1ccccc1F. Reaction type is Pd catalyzed C-H arylation. The reaction conditions of this reaction are: Palladium Source: [PdCl(allyl)]2. Ligand: C1CCC(P(C2CCCCC2)C2CCCCC2)CC1. Solvent: CCCCOC(C)=O. Base: CsOPiv. Reaction Temperature: 105 degrees centigrade. Reaction Concentration: 0.057 M. Palladium loading: 2.25 mol%. Ligand loading: 5 mol%. Base loading: 3 eq. What is the yield (%) and cost (US dollar per mol) of this reaction?","","0.0,0.14880791","[]"
"Here is a chemical reaction. Reactants are: Cn1cnc(C#N)c1, Fc1ccccc1Br. Product is: Cn1cnc(C#N)c1-c1ccccc1F. Reaction type is Pd catalyzed C-H arylation. The reaction conditions of this reaction are: Palladium Source: [PdCl(allyl)]2. Ligand: CC(C)c1cc(C(C)C)c(-c2ccccc2P(C2CCCCC2)C2CCCCC2)c(C(C)C)c1. Solvent: Cc1ccc(C)cc1. Base: KOPiv. Reaction Temperature: 120 degrees centigrade. Reaction Concentration: 0.1 M. Palladium loading: 2.25 mol%. Ligand loading: 5 mol%. Base loading: 3 eq. What is the yield (%) and cost (US dollar per mol) of this reaction?","","44.74,0.035884622","[]"
"Here is a chemical reaction. Reactants are: Cn1cnc(C#N)c1, Fc1ccccc1Br. Product is: Cn1cnc(C#N)c1-c1ccccc1F. Reaction type is Pd catalyzed C-H arylation. The reaction conditions of this reaction are: Palladium Source: [PdCl(allyl)]2. Ligand: COc1ccc(OC)c(P(C2CCCCC2)C2CCCCC2)c1-c1c(C(C)C)cc(C(C)C)cc1C(C)C. Solvent: CCCC#N. Base: CsOAc. Reaction Temperature: 90 degrees centigrade. Reaction Concentration: 0.057 M. Palladium loading: 2.25 mol%. Ligand loading: 5 mol%. Base loading: 3 eq. What is the yield (%) and cost (US dollar per mol) of this reaction?","","36.72,0.232222295","[]"
"Here is a chemical reaction. Reactants are: Cn1cnc(C#N)c1, Fc1ccccc1Br. Product is: Cn1cnc(C#N)c1-c1ccccc1F. Reaction type is Pd catalyzed C-H arylation. The reaction conditions of this reaction are: Palladium Source: [PdCl(allyl)]2. Ligand: CN(C)c1cccc(N(C)C)c1-c1ccccc1P(c1ccccc1)C(C)(C)C. Solvent: CCCC#N. Base: CsOPiv. Reaction Temperature: 105 degrees centigrade. Reaction Concentration: 0.1 M. Palladium loading: 2.25 mol%. Ligand loading: 5 mol%. Base loading: 3 eq. What is the yield (%) and cost (US dollar per mol) of this reaction?","","5.41,0.373149744","[]"
"Here is a chemical reaction. Reactants are: Cn1cnc(C#N)c1, Fc1ccccc1Br. Product is: Cn1cnc(C#N)c1-c1ccccc1F. Reaction type is Pd catalyzed C-H arylation. The reaction conditions of this reaction are: Palladium Source: [PdCl(allyl)]2. Ligand: CC12C[C@]3(C)O[C@@](C)(C[C@@](C)(O3)P1c1ccccc1)O2. Solvent: CC(=O)N(C)C. Base: CsOAc. Reaction Temperature: 105 degrees centigrade. Reaction Concentration: 0.1 M. Palladium loading: 2.25 mol%. Ligand loading: 5 mol%. Base loading: 3 eq. What is the yield (%) and cost (US dollar per mol) of this reaction?","","83.25,0.103504113","[]"
"Here is a chemical reaction. Reactants are: Cn1cnc(C#N)c1, Fc1ccccc1Br. Product is: Cn1cnc(C#N)c1-c1ccccc1F. Reaction type is Pd catalyzed C-H arylation. The reaction conditions of this reaction are: Palladium Source: [PdCl(allyl)]2. Ligand: CN(C)c1cccc(N(C)C)c1-c1ccccc1P(c1ccccc1)C(C)(C)C. Solvent: CC(=O)N(C)C. Base: CsOAc. Reaction Temperature: 120 degrees centigrade. Reaction Concentration: 0.153 M. Palladium loading: 2.25 mol%. Ligand loading: 5 mol%. Base loading: 3 eq. What is the yield (%) and cost (US dollar per mol) of this reaction?","","32.21,0.309855006","[]"
"Here is a chemical reaction. Reactants are: Cn1cnc(C#N)c1, Fc1ccccc1Br. Product is: Cn1cnc(C#N)c1-c1ccccc1F. Reaction type is Pd catalyzed C-H arylation. The reaction conditions of this reaction are: Palladium Source: [PdCl(allyl)]2. Ligand: c1ccc(P(c2ccccc2)c2ccccc2)cc1. Solvent: CCCC#N. Base: CsOPiv. Reaction Temperature: 120 degrees centigrade. Reaction Concentration: 0.057 M. Palladium loading: 2.25 mol%. Ligand loading: 5 mol%. Base loading: 3 eq. What is the yield (%) and cost (US dollar per mol) of this reaction?","","9.46,0.153418308","[]"
"Here is a chemical reaction. Reactants are: Cn1cnc(C#N)c1, Fc1ccccc1Br. Product is: Cn1cnc(C#N)c1-c1ccccc1F. Reaction type is Pd catalyzed C-H arylation. The reaction conditions of this reaction are: Palladium Source: [PdCl(allyl)]2. Ligand: CC(C)(C)P(c1ccccc1)C(C)(C)C. Solvent: Cc1ccc(C)cc1. Base: KOAc. Reaction Temperature: 120 degrees centigrade. Reaction Concentration: 0.153 M. Palladium loading: 2.25 mol%. Ligand loading: 5 mol%. Base loading: 3 eq. What is the yield (%) and cost (US dollar per mol) of this reaction?","","0.0,0.040123498","[]"
"Here is a chemical reaction. Reactants are: Cn1cnc(C#N)c1, Fc1ccccc1Br. Product is: Cn1cnc(C#N)c1-c1ccccc1F. Reaction type is Pd catalyzed C-H arylation. The reaction conditions of this reaction are: Palladium Source: [PdCl(allyl)]2. Ligand: CC(C)c1cc(C(C)C)c(-c2ccccc2P(C2CCCCC2)C2CCCCC2)c(C(C)C)c1. Solvent: CCCCOC(C)=O. Base: KOPiv. Reaction Temperature: 105 degrees centigrade. Reaction Concentration: 0.1 M. Palladium loading: 2.25 mol%. Ligand loading: 5 mol%. Base loading: 3 eq. What is the yield (%) and cost (US dollar per mol) of this reaction?","","48.25,0.045382829","[]"
"Here is a chemical reaction. Reactants are: Cn1cnc(C#N)c1, Fc1ccccc1Br. Product is: Cn1cnc(C#N)c1-c1ccccc1F. Reaction type is Pd catalyzed C-H arylation. The reaction conditions of this reaction are: Palladium Source: [PdCl(allyl)]2. Ligand: CC12C[C@]3(C)O[C@@](C)(C[C@@](C)(O3)P1c1ccccc1)O2. Solvent: CCCC#N. Base: KOAc. Reaction Temperature: 90 degrees centigrade. Reaction Concentration: 0.1 M. Palladium loading: 2.25 mol%. Ligand loading: 5 mol%. Base loading: 3 eq. What is the yield (%) and cost (US dollar per mol) of this reaction?","","16.04,0.075709131","[]"
"Here is a chemical reaction. Reactants are: Cn1cnc(C#N)c1, Fc1ccccc1Br. Product is: Cn1cnc(C#N)c1-c1ccccc1F. Reaction type is Pd catalyzed C-H arylation. The reaction conditions of this reaction are: Palladium Source: [PdCl(allyl)]2. Ligand: CC(C)(C)P(c1ccccc1)C(C)(C)C. Solvent: CCCCOC(C)=O. Base: CsOPiv. Reaction Temperature: 120 degrees centigrade. Reaction Concentration: 0.1 M. Palladium loading: 2.25 mol%. Ligand loading: 5 mol%. Base loading: 3 eq. What is the yield (%) and cost (US dollar per mol) of this reaction?","","0.0,0.141291242","[]"
"Here is a chemical reaction. Reactants are: Cn1cnc(C#N)c1, Fc1ccccc1Br. Product is: Cn1cnc(C#N)c1-c1ccccc1F. Reaction type is Pd catalyzed C-H arylation. The reaction conditions of this reaction are: Palladium Source: [PdCl(allyl)]2. Ligand: C1CCC(P(C2CCCCC2)C2CCCCC2)CC1. Solvent: CCCC#N. Base: CsOPiv. Reaction Temperature: 120 degrees centigrade. Reaction Concentration: 0.153 M. Palladium loading: 2.25 mol%. Ligand loading: 5 mol%. Base loading: 3 eq. What is the yield (%) and cost (US dollar per mol) of this reaction?","","3.33,0.125885183","[]"
"Here is a chemical reaction. Reactants are: Cn1cnc(C#N)c1, Fc1ccccc1Br. Product is: Cn1cnc(C#N)c1-c1ccccc1F. Reaction type is Pd catalyzed C-H arylation. The reaction conditions of this reaction are: Palladium Source: [PdCl(allyl)]2. Ligand: CC(C)c1cc(C(C)C)c(-c2ccccc2P(C2CCCCC2)C2CCCCC2)c(C(C)C)c1. Solvent: CCCC#N. Base: CsOAc. Reaction Temperature: 90 degrees centigrade. Reaction Concentration: 0.153 M. Palladium loading: 2.25 mol%. Ligand loading: 5 mol%. Base loading: 3 eq. What is the yield (%) and cost (US dollar per mol) of this reaction?","","0.0,0.087315789","[]"
"Here is a chemical reaction. Reactants are: Cn1cnc(C#N)c1, Fc1ccccc1Br. Product is: Cn1cnc(C#N)c1-c1ccccc1F. Reaction type is Pd catalyzed C-H arylation. The reaction conditions of this reaction are: Palladium Source: [PdCl(allyl)]2. Ligand: CP(C)c1ccccc1. Solvent: CC(=O)N(C)C. Base: CsOPiv. Reaction Temperature: 90 degrees centigrade. Reaction Concentration: 0.057 M. Palladium loading: 2.25 mol%. Ligand loading: 5 mol%. Base loading: 3 eq. What is the yield (%) and cost (US dollar per mol) of this reaction?","","0.0,0.125107638","[]"
"Here is a chemical reaction. Reactants are: Cn1cnc(C#N)c1, Fc1ccccc1Br. Product is: Cn1cnc(C#N)c1-c1ccccc1F. Reaction type is Pd catalyzed C-H arylation. The reaction conditions of this reaction are: Palladium Source: [PdCl(allyl)]2. Ligand: CC(C)Oc1cccc(OC(C)C)c1P(C1CCCCC1)C1CCCCC1. Solvent: CCCCOC(C)=O. Base: KOAc. Reaction Temperature: 120 degrees centigrade. Reaction Concentration: 0.057 M. Palladium loading: 2.25 mol%. Ligand loading: 5 mol%. Base loading: 3 eq. What is the yield (%) and cost (US dollar per mol) of this reaction?","","0.0,0.06868","[]"
"Here is a chemical reaction. Reactants are: Cn1cnc(C#N)c1, Fc1ccccc1Br. Product is: Cn1cnc(C#N)c1-c1ccccc1F. Reaction type is Pd catalyzed C-H arylation. The reaction conditions of this reaction are: Palladium Source: [PdCl(allyl)]2. Ligand: COc1ccc(OC)c(P(C2CCCCC2)C2CCCCC2)c1-c1c(C(C)C)cc(C(C)C)cc1C(C)C. Solvent: Cc1ccc(C)cc1. Base: KOPiv. Reaction Temperature: 120 degrees centigrade. Reaction Concentration: 0.1 M. Palladium loading: 2.25 mol%. Ligand loading: 5 mol%. Base loading: 3 eq. What is the yield (%) and cost (US dollar per mol) of this reaction?","","37.36,0.147128277","[]"
"Here is a chemical reaction. Reactants are: Cn1cnc(C#N)c1, Fc1ccccc1Br. Product is: Cn1cnc(C#N)c1-c1ccccc1F. Reaction type is Pd catalyzed C-H arylation. The reaction conditions of this reaction are: Palladium Source: [PdCl(allyl)]2. Ligand: CC(C)c1cc(C(C)C)c(-c2ccccc2P(C2CCCCC2)C2CCCCC2)c(C(C)C)c1. Solvent: CCCCOC(C)=O. Base: CsOPiv. Reaction Temperature: 105 degrees centigrade. Reaction Concentration: 0.153 M. Palladium loading: 2.25 mol%. Ligand loading: 5 mol%. Base loading: 3 eq. What is the yield (%) and cost (US dollar per mol) of this reaction?","","5.53,0.124088991","[]"
"Here is a chemical reaction. Reactants are: Cn1cnc(C#N)c1, Fc1ccccc1Br. Product is: Cn1cnc(C#N)c1-c1ccccc1F. Reaction type is Pd catalyzed C-H arylation. The reaction conditions of this reaction are: Palladium Source: [PdCl(allyl)]2. Ligand: CN(C)c1cccc(N(C)C)c1-c1ccccc1P(c1ccccc1)C(C)(C)C. Solvent: CC(=O)N(C)C. Base: CsOPiv. Reaction Temperature: 120 degrees centigrade. Reaction Concentration: 0.1 M. Palladium loading: 2.25 mol%. Ligand loading: 5 mol%. Base loading: 3 eq. What is the yield (%) and cost (US dollar per mol) of this reaction?","","17.43,0.355336154","[]"
"Here is a chemical reaction. Reactants are: Cn1cnc(C#N)c1, Fc1ccccc1Br. Product is: Cn1cnc(C#N)c1-c1ccccc1F. Reaction type is Pd catalyzed C-H arylation. The reaction conditions of this reaction are: Palladium Source: [PdCl(allyl)]2. Ligand: COc1ccc(OC)c(P(C2CCCCC2)C2CCCCC2)c1-c1c(C(C)C)cc(C(C)C)cc1C(C)C. Solvent: CCCC#N. Base: CsOPiv. Reaction Temperature: 90 degrees centigrade. Reaction Concentration: 0.153 M. Palladium loading: 2.25 mol%. Ligand loading: 5 mol%. Base loading: 3 eq. What is the yield (%) and cost (US dollar per mol) of this reaction?","","54.55,0.239878489","[]"
"Here is a chemical reaction. Reactants are: Cn1cnc(C#N)c1, Fc1ccccc1Br. Product is: Cn1cnc(C#N)c1-c1ccccc1F. Reaction type is Pd catalyzed C-H arylation. The reaction conditions of this reaction are: Palladium Source: [PdCl(allyl)]2. Ligand: CC(C)Oc1cccc(OC(C)C)c1P(C1CCCCC1)C1CCCCC1. Solvent: Cc1ccc(C)cc1. Base: KOPiv. Reaction Temperature: 90 degrees centigrade. Reaction Concentration: 0.1 M. Palladium loading: 2.25 mol%. Ligand loading: 5 mol%. Base loading: 3 eq. What is the yield (%) and cost (US dollar per mol) of this reaction?","","4.73,0.039654958","[]"
"Here is a chemical reaction. Reactants are: Cn1cnc(C#N)c1, Fc1ccccc1Br. Product is: Cn1cnc(C#N)c1-c1ccccc1F. Reaction type is Pd catalyzed C-H arylation. The reaction conditions of this reaction are: Palladium Source: [PdCl(allyl)]2. Ligand: CC(C)Oc1cccc(OC(C)C)c1P(C1CCCCC1)C1CCCCC1. Solvent: CCCC#N. Base: CsOAc. Reaction Temperature: 105 degrees centigrade. Reaction Concentration: 0.153 M. Palladium loading: 2.25 mol%. Ligand loading: 5 mol%. Base loading: 3 eq. What is the yield (%) and cost (US dollar per mol) of this reaction?","","28.37,0.091449981","[]"
"Here is a chemical reaction. Reactants are: Cn1cnc(C#N)c1, Fc1ccccc1Br. Product is: Cn1cnc(C#N)c1-c1ccccc1F. Reaction type is Pd catalyzed C-H arylation. The reaction conditions of this reaction are: Palladium Source: [PdCl(allyl)]2. Ligand: COc1ccc(OC)c(P(C2CCCCC2)C2CCCCC2)c1-c1c(C(C)C)cc(C(C)C)cc1C(C)C. Solvent: CCCC#N. Base: KOPiv. Reaction Temperature: 105 degrees centigrade. Reaction Concentration: 0.057 M. Palladium loading: 2.25 mol%. Ligand loading: 5 mol%. Base loading: 3 eq. What is the yield (%) and cost (US dollar per mol) of this reaction?","","29.14,0.185569348","[]"
"Here is a chemical reaction. Reactants are: Cn1cnc(C#N)c1, Fc1ccccc1Br. Product is: Cn1cnc(C#N)c1-c1ccccc1F. Reaction type is Pd catalyzed C-H arylation. The reaction conditions of this reaction are: Palladium Source: [PdCl(allyl)]2. Ligand: COc1ccc(OC)c(P(C2CCCCC2)C2CCCCC2)c1-c1c(C(C)C)cc(C(C)C)cc1C(C)C. Solvent: CCCC#N. Base: CsOAc. Reaction Temperature: 105 degrees centigrade. Reaction Concentration: 0.057 M. Palladium loading: 2.25 mol%. Ligand loading: 5 mol%. Base loading: 3 eq. What is the yield (%) and cost (US dollar per mol) of this reaction?","","45.11,0.232286715","[]"
"Here is a chemical reaction. Reactants are: Cn1cnc(C#N)c1, Fc1ccccc1Br. Product is: Cn1cnc(C#N)c1-c1ccccc1F. Reaction type is Pd catalyzed C-H arylation. The reaction conditions of this reaction are: Palladium Source: [PdCl(allyl)]2. Ligand: C1CCC(P(C2CCCCC2)C2CCCCC2)CC1. Solvent: CC(=O)N(C)C. Base: KOAc. Reaction Temperature: 120 degrees centigrade. Reaction Concentration: 0.057 M. Palladium loading: 2.25 mol%. Ligand loading: 5 mol%. Base loading: 3 eq. What is the yield (%) and cost (US dollar per mol) of this reaction?","","18.38,0.0423403","[]"
"Here is a chemical reaction. Reactants are: Cn1cnc(C#N)c1, Fc1ccccc1Br. Product is: Cn1cnc(C#N)c1-c1ccccc1F. Reaction type is Pd catalyzed C-H arylation. The reaction conditions of this reaction are: Palladium Source: [PdCl(allyl)]2. Ligand: c1ccc(P(c2ccccc2)c2ccccc2)cc1. Solvent: CC(=O)N(C)C. Base: KOPiv. Reaction Temperature: 105 degrees centigrade. Reaction Concentration: 0.057 M. Palladium loading: 2.25 mol%. Ligand loading: 5 mol%. Base loading: 3 eq. What is the yield (%) and cost (US dollar per mol) of this reaction?","","63.61,0.035508473","[]"
"Here is a chemical reaction. Reactants are: Cn1cnc(C#N)c1, Fc1ccccc1Br. Product is: Cn1cnc(C#N)c1-c1ccccc1F. Reaction type is Pd catalyzed C-H arylation. The reaction conditions of this reaction are: Palladium Source: [PdCl(allyl)]2. Ligand: CC(C)(C)P(c1ccccc1)C(C)(C)C. Solvent: Cc1ccc(C)cc1. Base: KOPiv. Reaction Temperature: 120 degrees centigrade. Reaction Concentration: 0.1 M. Palladium loading: 2.25 mol%. Ligand loading: 5 mol%. Base loading: 3 eq. What is the yield (%) and cost (US dollar per mol) of this reaction?","","0.0,0.04443312","[]"
"Here is a chemical reaction. Reactants are: Cn1cnc(C#N)c1, Fc1ccccc1Br. Product is: Cn1cnc(C#N)c1-c1ccccc1F. Reaction type is Pd catalyzed C-H arylation. The reaction conditions of this reaction are: Palladium Source: [PdCl(allyl)]2. Ligand: CC(C)c1cc(C(C)C)c(-c2ccccc2P(C2CCCCC2)C2CCCCC2)c(C(C)C)c1. Solvent: CC(=O)N(C)C. Base: KOPiv. Reaction Temperature: 120 degrees centigrade. Reaction Concentration: 0.1 M. Palladium loading: 2.25 mol%. Ligand loading: 5 mol%. Base loading: 3 eq. What is the yield (%) and cost (US dollar per mol) of this reaction?","","80.61,0.033627204","[]"
"Here is a chemical reaction. Reactants are: Cn1cnc(C#N)c1, Fc1ccccc1Br. Product is: Cn1cnc(C#N)c1-c1ccccc1F. Reaction type is Pd catalyzed C-H arylation. The reaction conditions of this reaction are: Palladium Source: [PdCl(allyl)]2. Ligand: CC12C[C@]3(C)O[C@@](C)(C[C@@](C)(O3)P1c1ccccc1)O2. Solvent: CCCC#N. Base: CsOAc. Reaction Temperature: 90 degrees centigrade. Reaction Concentration: 0.057 M. Palladium loading: 2.25 mol%. Ligand loading: 5 mol%. Base loading: 3 eq. What is the yield (%) and cost (US dollar per mol) of this reaction?","","57.85,0.144388497","[]"
"Here is a chemical reaction. Reactants are: Cn1cnc(C#N)c1, Fc1ccccc1Br. Product is: Cn1cnc(C#N)c1-c1ccccc1F. Reaction type is Pd catalyzed C-H arylation. The reaction conditions of this reaction are: Palladium Source: [PdCl(allyl)]2. Ligand: CP(c1ccccc1)c1ccccc1. Solvent: CCCC#N. Base: KOPiv. Reaction Temperature: 120 degrees centigrade. Reaction Concentration: 0.153 M. Palladium loading: 2.25 mol%. Ligand loading: 5 mol%. Base loading: 3 eq. What is the yield (%) and cost (US dollar per mol) of this reaction?","","0.0,0.033582385","[]"
"Here is a chemical reaction. Reactants are: Cn1cnc(C#N)c1, Fc1ccccc1Br. Product is: Cn1cnc(C#N)c1-c1ccccc1F. Reaction type is Pd catalyzed C-H arylation. The reaction conditions of this reaction are: Palladium Source: [PdCl(allyl)]2. Ligand: CC(C)Oc1cccc(OC(C)C)c1P(C1CCCCC1)C1CCCCC1. Solvent: Cc1ccc(C)cc1. Base: KOPiv. Reaction Temperature: 105 degrees centigrade. Reaction Concentration: 0.1 M. Palladium loading: 2.25 mol%. Ligand loading: 5 mol%. Base loading: 3 eq. What is the yield (%) and cost (US dollar per mol) of this reaction?","","10.98,0.039677769","[]"
"Here is a chemical reaction. Reactants are: Cn1cnc(C#N)c1, Fc1ccccc1Br. Product is: Cn1cnc(C#N)c1-c1ccccc1F. Reaction type is Pd catalyzed C-H arylation. The reaction conditions of this reaction are: Palladium Source: [PdCl(allyl)]2. Ligand: C1CCC(P(C2CCCCC2)C2CCCCC2)CC1. Solvent: CCCC#N. Base: CsOPiv. Reaction Temperature: 120 degrees centigrade. Reaction Concentration: 0.1 M. Palladium loading: 2.25 mol%. Ligand loading: 5 mol%. Base loading: 3 eq. What is the yield (%) and cost (US dollar per mol) of this reaction?","","3.1,0.136379496","[]"
"Here is a chemical reaction. Reactants are: Cn1cnc(C#N)c1, Fc1ccccc1Br. Product is: Cn1cnc(C#N)c1-c1ccccc1F. Reaction type is Pd catalyzed C-H arylation. The reaction conditions of this reaction are: Palladium Source: [PdCl(allyl)]2. Ligand: C1CCC(P(C2CCCCC2)C2CCCCC2)CC1. Solvent: Cc1ccc(C)cc1. Base: CsOPiv. Reaction Temperature: 90 degrees centigrade. Reaction Concentration: 0.057 M. Palladium loading: 2.25 mol%. Ligand loading: 5 mol%. Base loading: 3 eq. What is the yield (%) and cost (US dollar per mol) of this reaction?","","0.0,0.132628326","[]"
"Here is a chemical reaction. Reactants are: Cn1cnc(C#N)c1, Fc1ccccc1Br. Product is: Cn1cnc(C#N)c1-c1ccccc1F. Reaction type is Pd catalyzed C-H arylation. The reaction conditions of this reaction are: Palladium Source: [PdCl(allyl)]2. Ligand: CN(C)c1cccc(N(C)C)c1-c1ccccc1P(c1ccccc1)C(C)(C)C. Solvent: CCCC#N. Base: KOPiv. Reaction Temperature: 105 degrees centigrade. Reaction Concentration: 0.057 M. Palladium loading: 2.25 mol%. Ligand loading: 5 mol%. Base loading: 3 eq. What is the yield (%) and cost (US dollar per mol) of this reaction?","","5.77,0.308542391","[]"
"Here is a chemical reaction. Reactants are: Cn1cnc(C#N)c1, Fc1ccccc1Br. Product is: Cn1cnc(C#N)c1-c1ccccc1F. Reaction type is Pd catalyzed C-H arylation. The reaction conditions of this reaction are: Palladium Source: [PdCl(allyl)]2. Ligand: C1CCC(P(C2CCCCC2)C2CCCCC2)CC1. Solvent: CCCCOC(C)=O. Base: CsOPiv. Reaction Temperature: 120 degrees centigrade. Reaction Concentration: 0.1 M. Palladium loading: 2.25 mol%. Ligand loading: 5 mol%. Base loading: 3 eq. What is the yield (%) and cost (US dollar per mol) of this reaction?","","1.37,0.130257721","[]"
"Here is a chemical reaction. Reactants are: Cn1cnc(C#N)c1, Fc1ccccc1Br. Product is: Cn1cnc(C#N)c1-c1ccccc1F. Reaction type is Pd catalyzed C-H arylation. The reaction conditions of this reaction are: Palladium Source: [PdCl(allyl)]2. Ligand: CC(C)(C)P(c1ccccc1)C(C)(C)C. Solvent: CCCCOC(C)=O. Base: CsOPiv. Reaction Temperature: 105 degrees centigrade. Reaction Concentration: 0.1 M. Palladium loading: 2.25 mol%. Ligand loading: 5 mol%. Base loading: 3 eq. What is the yield (%) and cost (US dollar per mol) of this reaction?","","0.0,0.141291242","[]"
"Here is a chemical reaction. Reactants are: Cn1cnc(C#N)c1, Fc1ccccc1Br. Product is: Cn1cnc(C#N)c1-c1ccccc1F. Reaction type is Pd catalyzed C-H arylation. The reaction conditions of this reaction are: Palladium Source: [PdCl(allyl)]2. Ligand: COc1ccc(OC)c(P(c2cc(C(F)(F)F)cc(C(F)(F)F)c2)c2cc(C(F)(F)F)cc(C(F)(F)F)c2)c1-c1c(C(C)C)cc(C(C)C)cc1C(C)C. Solvent: CCCC#N. Base: CsOAc. Reaction Temperature: 120 degrees centigrade. Reaction Concentration: 0.057 M. Palladium loading: 2.25 mol%. Ligand loading: 5 mol%. Base loading: 3 eq. What is the yield (%) and cost (US dollar per mol) of this reaction?","","23.23,0.442370438","[]"
"Here is a chemical reaction. Reactants are: Cn1cnc(C#N)c1, Fc1ccccc1Br. Product is: Cn1cnc(C#N)c1-c1ccccc1F. Reaction type is Pd catalyzed C-H arylation. The reaction conditions of this reaction are: Palladium Source: [PdCl(allyl)]2. Ligand: c1ccc(P(c2ccccc2)c2ccccc2)cc1. Solvent: CCCC#N. Base: KOPiv. Reaction Temperature: 90 degrees centigrade. Reaction Concentration: 0.057 M. Palladium loading: 2.25 mol%. Ligand loading: 5 mol%. Base loading: 3 eq. What is the yield (%) and cost (US dollar per mol) of this reaction?","","5.92,0.065923115","[]"
"Here is a chemical reaction. Reactants are: Cn1cnc(C#N)c1, Fc1ccccc1Br. Product is: Cn1cnc(C#N)c1-c1ccccc1F. Reaction type is Pd catalyzed C-H arylation. The reaction conditions of this reaction are: Palladium Source: [PdCl(allyl)]2. Ligand: c1ccc(P(c2ccccc2)c2ccccc2)cc1. Solvent: CCCC#N. Base: KOAc. Reaction Temperature: 90 degrees centigrade. Reaction Concentration: 0.1 M. Palladium loading: 2.25 mol%. Ligand loading: 5 mol%. Base loading: 3 eq. What is the yield (%) and cost (US dollar per mol) of this reaction?","","2.83,0.044135794","[]"
"Here is a chemical reaction. Reactants are: Cn1cnc(C#N)c1, Fc1ccccc1Br. Product is: Cn1cnc(C#N)c1-c1ccccc1F. Reaction type is Pd catalyzed C-H arylation. The reaction conditions of this reaction are: Palladium Source: [PdCl(allyl)]2. Ligand: c1coc(P(c2ccco2)c2ccco2)c1. Solvent: Cc1ccc(C)cc1. Base: CsOAc. Reaction Temperature: 120 degrees centigrade. Reaction Concentration: 0.153 M. Palladium loading: 2.25 mol%. Ligand loading: 5 mol%. Base loading: 3 eq. What is the yield (%) and cost (US dollar per mol) of this reaction?","","53.02,0.081208617","[]"
"Here is a chemical reaction. Reactants are: Cn1cnc(C#N)c1, Fc1ccccc1Br. Product is: Cn1cnc(C#N)c1-c1ccccc1F. Reaction type is Pd catalyzed C-H arylation. The reaction conditions of this reaction are: Palladium Source: [PdCl(allyl)]2. Ligand: CP(c1ccccc1)c1ccccc1. Solvent: CCCCOC(C)=O. Base: CsOAc. Reaction Temperature: 120 degrees centigrade. Reaction Concentration: 0.057 M. Palladium loading: 2.25 mol%. Ligand loading: 5 mol%. Base loading: 3 eq. What is the yield (%) and cost (US dollar per mol) of this reaction?","","0.0,0.103125427","[]"
"Here is a chemical reaction. Reactants are: Cn1cnc(C#N)c1, Fc1ccccc1Br. Product is: Cn1cnc(C#N)c1-c1ccccc1F. Reaction type is Pd catalyzed C-H arylation. The reaction conditions of this reaction are: Palladium Source: [PdCl(allyl)]2. Ligand: CC12C[C@]3(C)O[C@@](C)(C[C@@](C)(O3)P1c1ccccc1)O2. Solvent: CCCCOC(C)=O. Base: CsOAc. Reaction Temperature: 90 degrees centigrade. Reaction Concentration: 0.057 M. Palladium loading: 2.25 mol%. Ligand loading: 5 mol%. Base loading: 3 eq. What is the yield (%) and cost (US dollar per mol) of this reaction?","","20.2,0.133652252","[]"
"Here is a chemical reaction. Reactants are: Cn1cnc(C#N)c1, Fc1ccccc1Br. Product is: Cn1cnc(C#N)c1-c1ccccc1F. Reaction type is Pd catalyzed C-H arylation. The reaction conditions of this reaction are: Palladium Source: [PdCl(allyl)]2. Ligand: CN(C)c1cccc(N(C)C)c1-c1ccccc1P(c1ccccc1)C(C)(C)C. Solvent: Cc1ccc(C)cc1. Base: KOAc. Reaction Temperature: 120 degrees centigrade. Reaction Concentration: 0.057 M. Palladium loading: 2.25 mol%. Ligand loading: 5 mol%. Base loading: 3 eq. What is the yield (%) and cost (US dollar per mol) of this reaction?","","0.15,0.283007673","[]"
"Here is a chemical reaction. Reactants are: Cn1cnc(C#N)c1, Fc1ccccc1Br. Product is: Cn1cnc(C#N)c1-c1ccccc1F. Reaction type is Pd catalyzed C-H arylation. The reaction conditions of this reaction are: Palladium Source: [PdCl(allyl)]2. Ligand: CC12C[C@]3(C)O[C@@](C)(C[C@@](C)(O3)P1c1ccccc1)O2. Solvent: Cc1ccc(C)cc1. Base: KOAc. Reaction Temperature: 90 degrees centigrade. Reaction Concentration: 0.153 M. Palladium loading: 2.25 mol%. Ligand loading: 5 mol%. Base loading: 3 eq. What is the yield (%) and cost (US dollar per mol) of this reaction?","","16.95,0.054748126","[]"
"Here is a chemical reaction. Reactants are: Cn1cnc(C#N)c1, Fc1ccccc1Br. Product is: Cn1cnc(C#N)c1-c1ccccc1F. Reaction type is Pd catalyzed C-H arylation. The reaction conditions of this reaction are: Palladium Source: [PdCl(allyl)]2. Ligand: CC12C[C@]3(C)O[C@@](C)(C[C@@](C)(O3)P1c1ccccc1)O2. Solvent: Cc1ccc(C)cc1. Base: KOPiv. Reaction Temperature: 105 degrees centigrade. Reaction Concentration: 0.057 M. Palladium loading: 2.25 mol%. Ligand loading: 5 mol%. Base loading: 3 eq. What is the yield (%) and cost (US dollar per mol) of this reaction?","","17.0,0.070826351","[]"
"Here is a chemical reaction. Reactants are: Cn1cnc(C#N)c1, Fc1ccccc1Br. Product is: Cn1cnc(C#N)c1-c1ccccc1F. Reaction type is Pd catalyzed C-H arylation. The reaction conditions of this reaction are: Palladium Source: [PdCl(allyl)]2. Ligand: C1CCC(P(C2CCCCC2)C2CCCCC2)CC1. Solvent: CC(=O)N(C)C. Base: CsOAc. Reaction Temperature: 90 degrees centigrade. Reaction Concentration: 0.057 M. Palladium loading: 2.25 mol%. Ligand loading: 5 mol%. Base loading: 3 eq. What is the yield (%) and cost (US dollar per mol) of this reaction?","","8.04,0.087810939","[]"
"Here is a chemical reaction. Reactants are: Cn1cnc(C#N)c1, Fc1ccccc1Br. Product is: Cn1cnc(C#N)c1-c1ccccc1F. Reaction type is Pd catalyzed C-H arylation. The reaction conditions of this reaction are: Palladium Source: [PdCl(allyl)]2. Ligand: c1ccc(P(c2ccccc2)c2ccccc2)cc1. Solvent: CCCCOC(C)=O. Base: KOAc. Reaction Temperature: 120 degrees centigrade. Reaction Concentration: 0.057 M. Palladium loading: 2.25 mol%. Ligand loading: 5 mol%. Base loading: 3 eq. What is the yield (%) and cost (US dollar per mol) of this reaction?","","5.67,0.056598173","[]"
"Here is a chemical reaction. Reactants are: Cn1cnc(C#N)c1, Fc1ccccc1Br. Product is: Cn1cnc(C#N)c1-c1ccccc1F. Reaction type is Pd catalyzed C-H arylation. The reaction conditions of this reaction are: Palladium Source: [PdCl(allyl)]2. Ligand: COc1ccc(OC)c(P(C2CCCCC2)C2CCCCC2)c1-c1c(C(C)C)cc(C(C)C)cc1C(C)C. Solvent: CCCCOC(C)=O. Base: CsOPiv. Reaction Temperature: 90 degrees centigrade. Reaction Concentration: 0.1 M. Palladium loading: 2.25 mol%. Ligand loading: 5 mol%. Base loading: 3 eq. What is the yield (%) and cost (US dollar per mol) of this reaction?","","23.75,0.243983628","[]"
"Here is a chemical reaction. Reactants are: Cn1cnc(C#N)c1, Fc1ccccc1Br. Product is: Cn1cnc(C#N)c1-c1ccccc1F. Reaction type is Pd catalyzed C-H arylation. The reaction conditions of this reaction are: Palladium Source: [PdCl(allyl)]2. Ligand: CC12C[C@]3(C)O[C@@](C)(C[C@@](C)(O3)P1c1ccccc1)O2. Solvent: CCCC#N. Base: KOAc. Reaction Temperature: 105 degrees centigrade. Reaction Concentration: 0.153 M. Palladium loading: 2.25 mol%. Ligand loading: 5 mol%. Base loading: 3 eq. What is the yield (%) and cost (US dollar per mol) of this reaction?","","50.75,0.065479563","[]"
"Here is a chemical reaction. Reactants are: Cn1cnc(C#N)c1, Fc1ccccc1Br. Product is: Cn1cnc(C#N)c1-c1ccccc1F. Reaction type is Pd catalyzed C-H arylation. The reaction conditions of this reaction are: Palladium Source: [PdCl(allyl)]2. Ligand: CC(C)(C)P(c1ccccc1)C(C)(C)C. Solvent: CCCCOC(C)=O. Base: KOPiv. Reaction Temperature: 120 degrees centigrade. Reaction Concentration: 0.1 M. Palladium loading: 2.25 mol%. Ligand loading: 5 mol%. Base loading: 3 eq. What is the yield (%) and cost (US dollar per mol) of this reaction?","","0.0,0.05382323","[]"
"Here is a chemical reaction. Reactants are: Cn1cnc(C#N)c1, Fc1ccccc1Br. Product is: Cn1cnc(C#N)c1-c1ccccc1F. Reaction type is Pd catalyzed C-H arylation. The reaction conditions of this reaction are: Palladium Source: [PdCl(allyl)]2. Ligand: CP(c1ccccc1)c1ccccc1. Solvent: CCCCOC(C)=O. Base: CsOAc. Reaction Temperature: 90 degrees centigrade. Reaction Concentration: 0.1 M. Palladium loading: 2.25 mol%. Ligand loading: 5 mol%. Base loading: 3 eq. What is the yield (%) and cost (US dollar per mol) of this reaction?","","0.0,0.084567532","[]"
"Here is a chemical reaction. Reactants are: Cn1cnc(C#N)c1, Fc1ccccc1Br. Product is: Cn1cnc(C#N)c1-c1ccccc1F. Reaction type is Pd catalyzed C-H arylation. The reaction conditions of this reaction are: Palladium Source: [PdCl(allyl)]2. Ligand: CP(C)c1ccccc1. Solvent: Cc1ccc(C)cc1. Base: KOPiv. Reaction Temperature: 105 degrees centigrade. Reaction Concentration: 0.057 M. Palladium loading: 2.25 mol%. Ligand loading: 5 mol%. Base loading: 3 eq. What is the yield (%) and cost (US dollar per mol) of this reaction?","","0.0,0.041606925","[]"
"Here is a chemical reaction. Reactants are: Cn1cnc(C#N)c1, Fc1ccccc1Br. Product is: Cn1cnc(C#N)c1-c1ccccc1F. Reaction type is Pd catalyzed C-H arylation. The reaction conditions of this reaction are: Palladium Source: [PdCl(allyl)]2. Ligand: CP(c1ccccc1)c1ccccc1. Solvent: Cc1ccc(C)cc1. Base: KOAc. Reaction Temperature: 105 degrees centigrade. Reaction Concentration: 0.153 M. Palladium loading: 2.25 mol%. Ligand loading: 5 mol%. Base loading: 3 eq. What is the yield (%) and cost (US dollar per mol) of this reaction?","","0.0,0.024273053","[]"
"Here is a chemical reaction. Reactants are: Cn1cnc(C#N)c1, Fc1ccccc1Br. Product is: Cn1cnc(C#N)c1-c1ccccc1F. Reaction type is Pd catalyzed C-H arylation. The reaction conditions of this reaction are: Palladium Source: [PdCl(allyl)]2. Ligand: COc1ccc(OC)c(P(C2CCCCC2)C2CCCCC2)c1-c1c(C(C)C)cc(C(C)C)cc1C(C)C. Solvent: CCCCOC(C)=O. Base: CsOPiv. Reaction Temperature: 105 degrees centigrade. Reaction Concentration: 0.057 M. Palladium loading: 2.25 mol%. Ligand loading: 5 mol%. Base loading: 3 eq. What is the yield (%) and cost (US dollar per mol) of this reaction?","","49.23,0.262684837","[]"
"Here is a chemical reaction. Reactants are: Cn1cnc(C#N)c1, Fc1ccccc1Br. Product is: Cn1cnc(C#N)c1-c1ccccc1F. Reaction type is Pd catalyzed C-H arylation. The reaction conditions of this reaction are: Palladium Source: [PdCl(allyl)]2. Ligand: CC12C[C@]3(C)O[C@@](C)(C[C@@](C)(O3)P1c1ccccc1)O2. Solvent: CCCCOC(C)=O. Base: CsOPiv. Reaction Temperature: 120 degrees centigrade. Reaction Concentration: 0.057 M. Palladium loading: 2.25 mol%. Ligand loading: 5 mol%. Base loading: 3 eq. What is the yield (%) and cost (US dollar per mol) of this reaction?","","19.71,0.174522762","[]"
"Here is a chemical reaction. Reactants are: Cn1cnc(C#N)c1, Fc1ccccc1Br. Product is: Cn1cnc(C#N)c1-c1ccccc1F. Reaction type is Pd catalyzed C-H arylation. The reaction conditions of this reaction are: Palladium Source: [PdCl(allyl)]2. Ligand: CN(C)c1cccc(N(C)C)c1-c1ccccc1P(c1ccccc1)C(C)(C)C. Solvent: CCCC#N. Base: CsOPiv. Reaction Temperature: 90 degrees centigrade. Reaction Concentration: 0.057 M. Palladium loading: 2.25 mol%. Ligand loading: 5 mol%. Base loading: 3 eq. What is the yield (%) and cost (US dollar per mol) of this reaction?","","4.89,0.396003646","[]"
"Here is a chemical reaction. Reactants are: Cn1cnc(C#N)c1, Fc1ccccc1Br. Product is: Cn1cnc(C#N)c1-c1ccccc1F. Reaction type is Pd catalyzed C-H arylation. The reaction conditions of this reaction are: Palladium Source: [PdCl(allyl)]2. Ligand: c1ccc(P(c2ccccc2)c2ccccc2)cc1. Solvent: CC(=O)N(C)C. Base: KOPiv. Reaction Temperature: 105 degrees centigrade. Reaction Concentration: 0.153 M. Palladium loading: 2.25 mol%. Ligand loading: 5 mol%. Base loading: 3 eq. What is the yield (%) and cost (US dollar per mol) of this reaction?","","71.11,0.020751972","[]"
"Here is a chemical reaction. Reactants are: Cn1cnc(C#N)c1, Fc1ccccc1Br. Product is: Cn1cnc(C#N)c1-c1ccccc1F. Reaction type is Pd catalyzed C-H arylation. The reaction conditions of this reaction are: Palladium Source: [PdCl(allyl)]2. Ligand: CP(c1ccccc1)c1ccccc1. Solvent: CCCC#N. Base: KOAc. Reaction Temperature: 90 degrees centigrade. Reaction Concentration: 0.1 M. Palladium loading: 2.25 mol%. Ligand loading: 5 mol%. Base loading: 3 eq. What is the yield (%) and cost (US dollar per mol) of this reaction?","","0.0,0.045172764","[]"
"Here is a chemical reaction. Reactants are: Cn1cnc(C#N)c1, Fc1ccccc1Br. Product is: Cn1cnc(C#N)c1-c1ccccc1F. Reaction type is Pd catalyzed C-H arylation. The reaction conditions of this reaction are: Palladium Source: [PdCl(allyl)]2. Ligand: CN(C)c1cccc(N(C)C)c1-c1ccccc1P(c1ccccc1)C(C)(C)C. Solvent: CCCC#N. Base: KOPiv. Reaction Temperature: 105 degrees centigrade. Reaction Concentration: 0.153 M. Palladium loading: 2.25 mol%. Ligand loading: 5 mol%. Base loading: 3 eq. What is the yield (%) and cost (US dollar per mol) of this reaction?","","10.05,0.275221281","[]"
"Here is a chemical reaction. Reactants are: Cn1cnc(C#N)c1, Fc1ccccc1Br. Product is: Cn1cnc(C#N)c1-c1ccccc1F. Reaction type is Pd catalyzed C-H arylation. The reaction conditions of this reaction are: Palladium Source: [PdCl(allyl)]2. Ligand: C1CCC(P(C2CCCCC2)C2CCCCC2)CC1. Solvent: CC(=O)N(C)C. Base: KOPiv. Reaction Temperature: 120 degrees centigrade. Reaction Concentration: 0.153 M. Palladium loading: 2.25 mol%. Ligand loading: 5 mol%. Base loading: 3 eq. What is the yield (%) and cost (US dollar per mol) of this reaction?","","24.11,0.026484397","[]"
"Here is a chemical reaction. Reactants are: Cn1cnc(C#N)c1, Fc1ccccc1Br. Product is: Cn1cnc(C#N)c1-c1ccccc1F. Reaction type is Pd catalyzed C-H arylation. The reaction conditions of this reaction are: Palladium Source: [PdCl(allyl)]2. Ligand: CP(C)c1ccccc1. Solvent: Cc1ccc(C)cc1. Base: CsOAc. Reaction Temperature: 120 degrees centigrade. Reaction Concentration: 0.1 M. Palladium loading: 2.25 mol%. Ligand loading: 5 mol%. Base loading: 3 eq. What is the yield (%) and cost (US dollar per mol) of this reaction?","","0.0,0.07643325","[]"
"Here is a chemical reaction. Reactants are: Cn1cnc(C#N)c1, Fc1ccccc1Br. Product is: Cn1cnc(C#N)c1-c1ccccc1F. Reaction type is Pd catalyzed C-H arylation. The reaction conditions of this reaction are: Palladium Source: [PdCl(allyl)]2. Ligand: c1ccc(P(c2ccccc2)c2ccccc2)cc1. Solvent: CCCCOC(C)=O. Base: CsOAc. Reaction Temperature: 120 degrees centigrade. Reaction Concentration: 0.057 M. Palladium loading: 2.25 mol%. Ligand loading: 5 mol%. Base loading: 3 eq. What is the yield (%) and cost (US dollar per mol) of this reaction?","","3.51,0.10208647","[]"
"Here is a chemical reaction. Reactants are: Cn1cnc(C#N)c1, Fc1ccccc1Br. Product is: Cn1cnc(C#N)c1-c1ccccc1F. Reaction type is Pd catalyzed C-H arylation. The reaction conditions of this reaction are: Palladium Source: [PdCl(allyl)]2. Ligand: COc1ccc(OC)c(P(C2CCCCC2)C2CCCCC2)c1-c1c(C(C)C)cc(C(C)C)cc1C(C)C. Solvent: Cc1ccc(C)cc1. Base: KOAc. Reaction Temperature: 90 degrees centigrade. Reaction Concentration: 0.1 M. Palladium loading: 2.25 mol%. Ligand loading: 5 mol%. Base loading: 3 eq. What is the yield (%) and cost (US dollar per mol) of this reaction?","","17.92,0.148151625","[]"
"Here is a chemical reaction. Reactants are: Cn1cnc(C#N)c1, Fc1ccccc1Br. Product is: Cn1cnc(C#N)c1-c1ccccc1F. Reaction type is Pd catalyzed C-H arylation. The reaction conditions of this reaction are: Palladium Source: [PdCl(allyl)]2. Ligand: c1coc(P(c2ccco2)c2ccco2)c1. Solvent: CC(=O)N(C)C. Base: KOAc. Reaction Temperature: 120 degrees centigrade. Reaction Concentration: 0.057 M. Palladium loading: 2.25 mol%. Ligand loading: 5 mol%. Base loading: 3 eq. What is the yield (%) and cost (US dollar per mol) of this reaction?","","62.04,0.048898553","[]"
"Here is a chemical reaction. Reactants are: Cn1cnc(C#N)c1, Fc1ccccc1Br. Product is: Cn1cnc(C#N)c1-c1ccccc1F. Reaction type is Pd catalyzed C-H arylation. The reaction conditions of this reaction are: Palladium Source: [PdCl(allyl)]2. Ligand: CP(C)c1ccccc1. Solvent: CCCC#N. Base: CsOPiv. Reaction Temperature: 120 degrees centigrade. Reaction Concentration: 0.1 M. Palladium loading: 2.25 mol%. Ligand loading: 5 mol%. Base loading: 3 eq. What is the yield (%) and cost (US dollar per mol) of this reaction?","","0.0,0.132802304","[]"
"Here is a chemical reaction. Reactants are: Cn1cnc(C#N)c1, Fc1ccccc1Br. Product is: Cn1cnc(C#N)c1-c1ccccc1F. Reaction type is Pd catalyzed C-H arylation. The reaction conditions of this reaction are: Palladium Source: [PdCl(allyl)]2. Ligand: CC(C)Oc1cccc(OC(C)C)c1P(C1CCCCC1)C1CCCCC1. Solvent: CC(=O)N(C)C. Base: CsOPiv. Reaction Temperature: 105 degrees centigrade. Reaction Concentration: 0.153 M. Palladium loading: 2.25 mol%. Ligand loading: 5 mol%. Base loading: 3 eq. What is the yield (%) and cost (US dollar per mol) of this reaction?","","76.34,0.120348779","[]"
"Here is a chemical reaction. Reactants are: Cn1cnc(C#N)c1, Fc1ccccc1Br. Product is: Cn1cnc(C#N)c1-c1ccccc1F. Reaction type is Pd catalyzed C-H arylation. The reaction conditions of this reaction are: Palladium Source: [PdCl(allyl)]2. Ligand: CC(C)(C)P(c1ccccc1)C(C)(C)C. Solvent: Cc1ccc(C)cc1. Base: KOAc. Reaction Temperature: 105 degrees centigrade. Reaction Concentration: 0.1 M. Palladium loading: 2.25 mol%. Ligand loading: 5 mol%. Base loading: 3 eq. What is the yield (%) and cost (US dollar per mol) of this reaction?","","0.0,0.045527419","[]"
"Here is a chemical reaction. Reactants are: Cn1cnc(C#N)c1, Fc1ccccc1Br. Product is: Cn1cnc(C#N)c1-c1ccccc1F. Reaction type is Pd catalyzed C-H arylation. The reaction conditions of this reaction are: Palladium Source: [PdCl(allyl)]2. Ligand: CC(C)(C)P(c1ccccc1)C(C)(C)C. Solvent: CC(=O)N(C)C. Base: CsOAc. Reaction Temperature: 90 degrees centigrade. Reaction Concentration: 0.1 M. Palladium loading: 2.25 mol%. Ligand loading: 5 mol%. Base loading: 3 eq. What is the yield (%) and cost (US dollar per mol) of this reaction?","","0.0,0.088701357","[]"
"Here is a chemical reaction. Reactants are: Cn1cnc(C#N)c1, Fc1ccccc1Br. Product is: Cn1cnc(C#N)c1-c1ccccc1F. Reaction type is Pd catalyzed C-H arylation. The reaction conditions of this reaction are: Palladium Source: [PdCl(allyl)]2. Ligand: CC(C)(C)P(c1ccccc1)C(C)(C)C. Solvent: CCCC#N. Base: KOPiv. Reaction Temperature: 90 degrees centigrade. Reaction Concentration: 0.153 M. Palladium loading: 2.25 mol%. Ligand loading: 5 mol%. Base loading: 3 eq. What is the yield (%) and cost (US dollar per mol) of this reaction?","","0.0,0.04943283","[]"
"Here is a chemical reaction. Reactants are: Cn1cnc(C#N)c1, Fc1ccccc1Br. Product is: Cn1cnc(C#N)c1-c1ccccc1F. Reaction type is Pd catalyzed C-H arylation. The reaction conditions of this reaction are: Palladium Source: [PdCl(allyl)]2. Ligand: C1CCC(P(C2CCCCC2)C2CCCCC2)CC1. Solvent: CCCC#N. Base: CsOAc. Reaction Temperature: 120 degrees centigrade. Reaction Concentration: 0.153 M. Palladium loading: 2.25 mol%. Ligand loading: 5 mol%. Base loading: 3 eq. What is the yield (%) and cost (US dollar per mol) of this reaction?","","1.89,0.085000861","[]"
"Here is a chemical reaction. Reactants are: Cn1cnc(C#N)c1, Fc1ccccc1Br. Product is: Cn1cnc(C#N)c1-c1ccccc1F. Reaction type is Pd catalyzed C-H arylation. The reaction conditions of this reaction are: Palladium Source: [PdCl(allyl)]2. Ligand: COc1ccc(OC)c(P(C2CCCCC2)C2CCCCC2)c1-c1c(C(C)C)cc(C(C)C)cc1C(C)C. Solvent: CCCCOC(C)=O. Base: KOAc. Reaction Temperature: 120 degrees centigrade. Reaction Concentration: 0.1 M. Palladium loading: 2.25 mol%. Ligand loading: 5 mol%. Base loading: 3 eq. What is the yield (%) and cost (US dollar per mol) of this reaction?","","25.86,0.157621784","[]"
"Here is a chemical reaction. Reactants are: Cn1cnc(C#N)c1, Fc1ccccc1Br. Product is: Cn1cnc(C#N)c1-c1ccccc1F. Reaction type is Pd catalyzed C-H arylation. The reaction conditions of this reaction are: Palladium Source: [PdCl(allyl)]2. Ligand: CC(C)Oc1cccc(OC(C)C)c1P(C1CCCCC1)C1CCCCC1. Solvent: CC(=O)N(C)C. Base: KOPiv. Reaction Temperature: 120 degrees centigrade. Reaction Concentration: 0.057 M. Palladium loading: 2.25 mol%. Ligand loading: 5 mol%. Base loading: 3 eq. What is the yield (%) and cost (US dollar per mol) of this reaction?","","36.29,0.047543433","[]"
"Here is a chemical reaction. Reactants are: Cn1cnc(C#N)c1, Fc1ccccc1Br. Product is: Cn1cnc(C#N)c1-c1ccccc1F. Reaction type is Pd catalyzed C-H arylation. The reaction conditions of this reaction are: Palladium Source: [PdCl(allyl)]2. Ligand: COc1ccc(OC)c(P(C2CCCCC2)C2CCCCC2)c1-c1c(C(C)C)cc(C(C)C)cc1C(C)C. Solvent: Cc1ccc(C)cc1. Base: KOPiv. Reaction Temperature: 90 degrees centigrade. Reaction Concentration: 0.057 M. Palladium loading: 2.25 mol%. Ligand loading: 5 mol%. Base loading: 3 eq. What is the yield (%) and cost (US dollar per mol) of this reaction?","","38.68,0.158901515","[]"
"Here is a chemical reaction. Reactants are: Cn1cnc(C#N)c1, Fc1ccccc1Br. Product is: Cn1cnc(C#N)c1-c1ccccc1F. Reaction type is Pd catalyzed C-H arylation. The reaction conditions of this reaction are: Palladium Source: [PdCl(allyl)]2. Ligand: CP(C)c1ccccc1. Solvent: CCCCOC(C)=O. Base: KOAc. Reaction Temperature: 105 degrees centigrade. Reaction Concentration: 0.1 M. Palladium loading: 2.25 mol%. Ligand loading: 5 mol%. Base loading: 3 eq. What is the yield (%) and cost (US dollar per mol) of this reaction?","","0.0,0.040322914","[]"
"Here is a chemical reaction. Reactants are: Cn1cnc(C#N)c1, Fc1ccccc1Br. Product is: Cn1cnc(C#N)c1-c1ccccc1F. Reaction type is Pd catalyzed C-H arylation. The reaction conditions of this reaction are: Palladium Source: [PdCl(allyl)]2. Ligand: C1CCC(P(C2CCCCC2)C2CCCCC2)CC1. Solvent: CCCC#N. Base: CsOAc. Reaction Temperature: 105 degrees centigrade. Reaction Concentration: 0.153 M. Palladium loading: 2.25 mol%. Ligand loading: 5 mol%. Base loading: 3 eq. What is the yield (%) and cost (US dollar per mol) of this reaction?","","2.15,0.085002857","[]"
"Here is a chemical reaction. Reactants are: Cn1cnc(C#N)c1, Fc1ccccc1Br. Product is: Cn1cnc(C#N)c1-c1ccccc1F. Reaction type is Pd catalyzed C-H arylation. The reaction conditions of this reaction are: Palladium Source: [PdCl(allyl)]2. Ligand: c1ccc(P(c2ccccc2)c2ccccc2)cc1. Solvent: CCCC#N. Base: KOAc. Reaction Temperature: 90 degrees centigrade. Reaction Concentration: 0.057 M. Palladium loading: 2.25 mol%. Ligand loading: 5 mol%. Base loading: 3 eq. What is the yield (%) and cost (US dollar per mol) of this reaction?","","4.3,0.067004976","[]"
"Here is a chemical reaction. Reactants are: Cn1cnc(C#N)c1, Fc1ccccc1Br. Product is: Cn1cnc(C#N)c1-c1ccccc1F. Reaction type is Pd catalyzed C-H arylation. The reaction conditions of this reaction are: Palladium Source: [PdCl(allyl)]2. Ligand: C1CCC(P(C2CCCCC2)C2CCCCC2)CC1. Solvent: CCCCOC(C)=O. Base: KOAc. Reaction Temperature: 105 degrees centigrade. Reaction Concentration: 0.1 M. Palladium loading: 2.25 mol%. Ligand loading: 5 mol%. Base loading: 3 eq. What is the yield (%) and cost (US dollar per mol) of this reaction?","","0.0,0.043876303","[]"
"Here is a chemical reaction. Reactants are: Cn1cnc(C#N)c1, Fc1ccccc1Br. Product is: Cn1cnc(C#N)c1-c1ccccc1F. Reaction type is Pd catalyzed C-H arylation. The reaction conditions of this reaction are: Palladium Source: [PdCl(allyl)]2. Ligand: CP(C)c1ccccc1. Solvent: CCCCOC(C)=O. Base: KOPiv. Reaction Temperature: 105 degrees centigrade. Reaction Concentration: 0.057 M. Palladium loading: 2.25 mol%. Ligand loading: 5 mol%. Base loading: 3 eq. What is the yield (%) and cost (US dollar per mol) of this reaction?","","0.0,0.057786509","[]"
"Here is a chemical reaction. Reactants are: Cn1cnc(C#N)c1, Fc1ccccc1Br. Product is: Cn1cnc(C#N)c1-c1ccccc1F. Reaction type is Pd catalyzed C-H arylation. The reaction conditions of this reaction are: Palladium Source: [PdCl(allyl)]2. Ligand: C1CCC(P(C2CCCCC2)C2CCCCC2)CC1. Solvent: CCCCOC(C)=O. Base: CsOPiv. Reaction Temperature: 105 degrees centigrade. Reaction Concentration: 0.153 M. Palladium loading: 2.25 mol%. Ligand loading: 5 mol%. Base loading: 3 eq. What is the yield (%) and cost (US dollar per mol) of this reaction?","","0.0,0.121728447","[]"
"Here is a chemical reaction. Reactants are: Cn1cnc(C#N)c1, Fc1ccccc1Br. Product is: Cn1cnc(C#N)c1-c1ccccc1F. Reaction type is Pd catalyzed C-H arylation. The reaction conditions of this reaction are: Palladium Source: [PdCl(allyl)]2. Ligand: CP(C)c1ccccc1. Solvent: CC(=O)N(C)C. Base: KOAc. Reaction Temperature: 105 degrees centigrade. Reaction Concentration: 0.1 M. Palladium loading: 2.25 mol%. Ligand loading: 5 mol%. Base loading: 3 eq. What is the yield (%) and cost (US dollar per mol) of this reaction?","","0.0,0.028606294","[]"
"Here is a chemical reaction. Reactants are: Cn1cnc(C#N)c1, Fc1ccccc1Br. Product is: Cn1cnc(C#N)c1-c1ccccc1F. Reaction type is Pd catalyzed C-H arylation. The reaction conditions of this reaction are: Palladium Source: [PdCl(allyl)]2. Ligand: c1ccc(P(c2ccccc2)c2ccccc2)cc1. Solvent: Cc1ccc(C)cc1. Base: KOAc. Reaction Temperature: 105 degrees centigrade. Reaction Concentration: 0.1 M. Palladium loading: 2.25 mol%. Ligand loading: 5 mol%. Base loading: 3 eq. What is the yield (%) and cost (US dollar per mol) of this reaction?","","2.06,0.028625795","[]"
"Here is a chemical reaction. Reactants are: Cn1cnc(C#N)c1, Fc1ccccc1Br. Product is: Cn1cnc(C#N)c1-c1ccccc1F. Reaction type is Pd catalyzed C-H arylation. The reaction conditions of this reaction are: Palladium Source: [PdCl(allyl)]2. Ligand: COc1ccc(OC)c(P(c2cc(C(F)(F)F)cc(C(F)(F)F)c2)c2cc(C(F)(F)F)cc(C(F)(F)F)c2)c1-c1c(C(C)C)cc(C(C)C)cc1C(C)C. Solvent: CC(=O)N(C)C. Base: CsOPiv. Reaction Temperature: 90 degrees centigrade. Reaction Concentration: 0.153 M. Palladium loading: 2.25 mol%. Ligand loading: 5 mol%. Base loading: 3 eq. What is the yield (%) and cost (US dollar per mol) of this reaction?","","0.97,0.437737454","[]"
"Here is a chemical reaction. Reactants are: Cn1cnc(C#N)c1, Fc1ccccc1Br. Product is: Cn1cnc(C#N)c1-c1ccccc1F. Reaction type is Pd catalyzed C-H arylation. The reaction conditions of this reaction are: Palladium Source: [PdCl(allyl)]2. Ligand: CN(C)c1cccc(N(C)C)c1-c1ccccc1P(c1ccccc1)C(C)(C)C. Solvent: CC(=O)N(C)C. Base: KOAc. Reaction Temperature: 120 degrees centigrade. Reaction Concentration: 0.057 M. Palladium loading: 2.25 mol%. Ligand loading: 5 mol%. Base loading: 3 eq. What is the yield (%) and cost (US dollar per mol) of this reaction?","","88.89,0.279296077","[]"
"Here is a chemical reaction. Reactants are: Cn1cnc(C#N)c1, Fc1ccccc1Br. Product is: Cn1cnc(C#N)c1-c1ccccc1F. Reaction type is Pd catalyzed C-H arylation. The reaction conditions of this reaction are: Palladium Source: [PdCl(allyl)]2. Ligand: CC12C[C@]3(C)O[C@@](C)(C[C@@](C)(O3)P1c1ccccc1)O2. Solvent: CC(=O)N(C)C. Base: KOPiv. Reaction Temperature: 90 degrees centigrade. Reaction Concentration: 0.1 M. Palladium loading: 2.25 mol%. Ligand loading: 5 mol%. Base loading: 3 eq. What is the yield (%) and cost (US dollar per mol) of this reaction?","","55.7,0.056829946","[]"
"Here is a chemical reaction. Reactants are: Cn1cnc(C#N)c1, Fc1ccccc1Br. Product is: Cn1cnc(C#N)c1-c1ccccc1F. Reaction type is Pd catalyzed C-H arylation. The reaction conditions of this reaction are: Palladium Source: [PdCl(allyl)]2. Ligand: CC(C)c1cc(C(C)C)c(-c2ccccc2P(C2CCCCC2)C2CCCCC2)c(C(C)C)c1. Solvent: CC(=O)N(C)C. Base: KOAc. Reaction Temperature: 120 degrees centigrade. Reaction Concentration: 0.057 M. Palladium loading: 2.25 mol%. Ligand loading: 5 mol%. Base loading: 3 eq. What is the yield (%) and cost (US dollar per mol) of this reaction?","","77.58,0.044840401","[]"
"Here is a chemical reaction. Reactants are: Cn1cnc(C#N)c1, Fc1ccccc1Br. Product is: Cn1cnc(C#N)c1-c1ccccc1F. Reaction type is Pd catalyzed C-H arylation. The reaction conditions of this reaction are: Palladium Source: [PdCl(allyl)]2. Ligand: COc1ccc(OC)c(P(c2cc(C(F)(F)F)cc(C(F)(F)F)c2)c2cc(C(F)(F)F)cc(C(F)(F)F)c2)c1-c1c(C(C)C)cc(C(C)C)cc1C(C)C. Solvent: CC(=O)N(C)C. Base: KOAc. Reaction Temperature: 120 degrees centigrade. Reaction Concentration: 0.057 M. Palladium loading: 2.25 mol%. Ligand loading: 5 mol%. Base loading: 3 eq. What is the yield (%) and cost (US dollar per mol) of this reaction?","","89.14,0.366396038","[]"
"Here is a chemical reaction. Reactants are: Cn1cnc(C#N)c1, Fc1ccccc1Br. Product is: Cn1cnc(C#N)c1-c1ccccc1F. Reaction type is Pd catalyzed C-H arylation. The reaction conditions of this reaction are: Palladium Source: [PdCl(allyl)]2. Ligand: c1coc(P(c2ccco2)c2ccco2)c1. Solvent: CCCCOC(C)=O. Base: KOPiv. Reaction Temperature: 120 degrees centigrade. Reaction Concentration: 0.057 M. Palladium loading: 2.25 mol%. Ligand loading: 5 mol%. Base loading: 3 eq. What is the yield (%) and cost (US dollar per mol) of this reaction?","","14.81,0.067855588","[]"
"Here is a chemical reaction. Reactants are: Cn1cnc(C#N)c1, Fc1ccccc1Br. Product is: Cn1cnc(C#N)c1-c1ccccc1F. Reaction type is Pd catalyzed C-H arylation. The reaction conditions of this reaction are: Palladium Source: [PdCl(allyl)]2. Ligand: COc1ccc(OC)c(P(C2CCCCC2)C2CCCCC2)c1-c1c(C(C)C)cc(C(C)C)cc1C(C)C. Solvent: CC(=O)N(C)C. Base: CsOAc. Reaction Temperature: 90 degrees centigrade. Reaction Concentration: 0.057 M. Palladium loading: 2.25 mol%. Ligand loading: 5 mol%. Base loading: 3 eq. What is the yield (%) and cost (US dollar per mol) of this reaction?","","1.96,0.201393441","[]"
"Here is a chemical reaction. Reactants are: Cn1cnc(C#N)c1, Fc1ccccc1Br. Product is: Cn1cnc(C#N)c1-c1ccccc1F. Reaction type is Pd catalyzed C-H arylation. The reaction conditions of this reaction are: Palladium Source: [PdCl(allyl)]2. Ligand: CC(C)(C)P(c1ccccc1)C(C)(C)C. Solvent: CCCCOC(C)=O. Base: KOAc. Reaction Temperature: 105 degrees centigrade. Reaction Concentration: 0.057 M. Palladium loading: 2.25 mol%. Ligand loading: 5 mol%. Base loading: 3 eq. What is the yield (%) and cost (US dollar per mol) of this reaction?","","0.0,0.073475425","[]"
"Here is a chemical reaction. Reactants are: Cn1cnc(C#N)c1, Fc1ccccc1Br. Product is: Cn1cnc(C#N)c1-c1ccccc1F. Reaction type is Pd catalyzed C-H arylation. The reaction conditions of this reaction are: Palladium Source: [PdCl(allyl)]2. Ligand: C1CCC(P(C2CCCCC2)C2CCCCC2)CC1. Solvent: CCCC#N. Base: KOAc. Reaction Temperature: 90 degrees centigrade. Reaction Concentration: 0.1 M. Palladium loading: 2.25 mol%. Ligand loading: 5 mol%. Base loading: 3 eq. What is the yield (%) and cost (US dollar per mol) of this reaction?","","0.0,0.049981981","[]"
"Here is a chemical reaction. Reactants are: Cn1cnc(C#N)c1, Fc1ccccc1Br. Product is: Cn1cnc(C#N)c1-c1ccccc1F. Reaction type is Pd catalyzed C-H arylation. The reaction conditions of this reaction are: Palladium Source: [PdCl(allyl)]2. Ligand: C1CCC(P(C2CCCCC2)C2CCCCC2)CC1. Solvent: Cc1ccc(C)cc1. Base: CsOAc. Reaction Temperature: 105 degrees centigrade. Reaction Concentration: 0.057 M. Palladium loading: 2.25 mol%. Ligand loading: 5 mol%. Base loading: 3 eq. What is the yield (%) and cost (US dollar per mol) of this reaction?","","0.0,0.09175506","[]"
"Here is a chemical reaction. Reactants are: Cn1cnc(C#N)c1, Fc1ccccc1Br. Product is: Cn1cnc(C#N)c1-c1ccccc1F. Reaction type is Pd catalyzed C-H arylation. The reaction conditions of this reaction are: Palladium Source: [PdCl(allyl)]2. Ligand: c1coc(P(c2ccco2)c2ccco2)c1. Solvent: Cc1ccc(C)cc1. Base: CsOPiv. Reaction Temperature: 105 degrees centigrade. Reaction Concentration: 0.1 M. Palladium loading: 2.25 mol%. Ligand loading: 5 mol%. Base loading: 3 eq. What is the yield (%) and cost (US dollar per mol) of this reaction?","","10.05,0.127328974","[]"
"Here is a chemical reaction. Reactants are: Cn1cnc(C#N)c1, Fc1ccccc1Br. Product is: Cn1cnc(C#N)c1-c1ccccc1F. Reaction type is Pd catalyzed C-H arylation. The reaction conditions of this reaction are: Palladium Source: [PdCl(allyl)]2. Ligand: CP(C)c1ccccc1. Solvent: CCCC#N. Base: KOPiv. Reaction Temperature: 120 degrees centigrade. Reaction Concentration: 0.057 M. Palladium loading: 2.25 mol%. Ligand loading: 5 mol%. Base loading: 3 eq. What is the yield (%) and cost (US dollar per mol) of this reaction?","","0.0,0.068192187","[]"
"Here is a chemical reaction. Reactants are: Cn1cnc(C#N)c1, Fc1ccccc1Br. Product is: Cn1cnc(C#N)c1-c1ccccc1F. Reaction type is Pd catalyzed C-H arylation. The reaction conditions of this reaction are: Palladium Source: [PdCl(allyl)]2. Ligand: c1coc(P(c2ccco2)c2ccco2)c1. Solvent: CCCC#N. Base: KOAc. Reaction Temperature: 90 degrees centigrade. Reaction Concentration: 0.057 M. Palladium loading: 2.25 mol%. Ligand loading: 5 mol%. Base loading: 3 eq. What is the yield (%) and cost (US dollar per mol) of this reaction?","","2.62,0.079292383","[]"
"Here is a chemical reaction. Reactants are: Cn1cnc(C#N)c1, Fc1ccccc1Br. Product is: Cn1cnc(C#N)c1-c1ccccc1F. Reaction type is Pd catalyzed C-H arylation. The reaction conditions of this reaction are: Palladium Source: [PdCl(allyl)]2. Ligand: c1ccc(P(c2ccccc2)c2ccccc2)cc1. Solvent: Cc1ccc(C)cc1. Base: CsOPiv. Reaction Temperature: 90 degrees centigrade. Reaction Concentration: 0.057 M. Palladium loading: 2.25 mol%. Ligand loading: 5 mol%. Base loading: 3 eq. What is the yield (%) and cost (US dollar per mol) of this reaction?","","0.01,0.126760446","[]"
"Here is a chemical reaction. Reactants are: Cn1cnc(C#N)c1, Fc1ccccc1Br. Product is: Cn1cnc(C#N)c1-c1ccccc1F. Reaction type is Pd catalyzed C-H arylation. The reaction conditions of this reaction are: Palladium Source: [PdCl(allyl)]2. Ligand: CP(c1ccccc1)c1ccccc1. Solvent: Cc1ccc(C)cc1. Base: CsOAc. Reaction Temperature: 90 degrees centigrade. Reaction Concentration: 0.1 M. Palladium loading: 2.25 mol%. Ligand loading: 5 mol%. Base loading: 3 eq. What is the yield (%) and cost (US dollar per mol) of this reaction?","","0.0,0.075177421","[]"
"Here is a chemical reaction. Reactants are: Cn1cnc(C#N)c1, Fc1ccccc1Br. Product is: Cn1cnc(C#N)c1-c1ccccc1F. Reaction type is Pd catalyzed C-H arylation. The reaction conditions of this reaction are: Palladium Source: [PdCl(allyl)]2. Ligand: c1coc(P(c2ccco2)c2ccco2)c1. Solvent: CCCC#N. Base: KOPiv. Reaction Temperature: 105 degrees centigrade. Reaction Concentration: 0.057 M. Palladium loading: 2.25 mol%. Ligand loading: 5 mol%. Base loading: 3 eq. What is the yield (%) and cost (US dollar per mol) of this reaction?","","43.79,0.078514194","[]"
"Here is a chemical reaction. Reactants are: Cn1cnc(C#N)c1, Fc1ccccc1Br. Product is: Cn1cnc(C#N)c1-c1ccccc1F. Reaction type is Pd catalyzed C-H arylation. The reaction conditions of this reaction are: Palladium Source: [PdCl(allyl)]2. Ligand: CN(C)c1cccc(N(C)C)c1-c1ccccc1P(c1ccccc1)C(C)(C)C. Solvent: CCCC#N. Base: CsOAc. Reaction Temperature: 120 degrees centigrade. Reaction Concentration: 0.057 M. Palladium loading: 2.25 mol%. Ligand loading: 5 mol%. Base loading: 3 eq. What is the yield (%) and cost (US dollar per mol) of this reaction?","","7.42,0.355149806","[]"
"Here is a chemical reaction. Reactants are: Cn1cnc(C#N)c1, Fc1ccccc1Br. Product is: Cn1cnc(C#N)c1-c1ccccc1F. Reaction type is Pd catalyzed C-H arylation. The reaction conditions of this reaction are: Palladium Source: [PdCl(allyl)]2. Ligand: COc1ccc(OC)c(P(c2cc(C(F)(F)F)cc(C(F)(F)F)c2)c2cc(C(F)(F)F)cc(C(F)(F)F)c2)c1-c1c(C(C)C)cc(C(C)C)cc1C(C)C. Solvent: CCCC#N. Base: CsOPiv. Reaction Temperature: 105 degrees centigrade. Reaction Concentration: 0.1 M. Palladium loading: 2.25 mol%. Ligand loading: 5 mol%. Base loading: 3 eq. What is the yield (%) and cost (US dollar per mol) of this reaction?","","11.95,0.4602992","[]"
"Here is a chemical reaction. Reactants are: Cn1cnc(C#N)c1, Fc1ccccc1Br. Product is: Cn1cnc(C#N)c1-c1ccccc1F. Reaction type is Pd catalyzed C-H arylation. The reaction conditions of this reaction are: Palladium Source: [PdCl(allyl)]2. Ligand: CN(C)c1cccc(N(C)C)c1-c1ccccc1P(c1ccccc1)C(C)(C)C. Solvent: CCCC#N. Base: CsOAc. Reaction Temperature: 105 degrees centigrade. Reaction Concentration: 0.153 M. Palladium loading: 2.25 mol%. Ligand loading: 5 mol%. Base loading: 3 eq. What is the yield (%) and cost (US dollar per mol) of this reaction?","","6.4,0.321788001","[]"
"Here is a chemical reaction. Reactants are: Cn1cnc(C#N)c1, Fc1ccccc1Br. Product is: Cn1cnc(C#N)c1-c1ccccc1F. Reaction type is Pd catalyzed C-H arylation. The reaction conditions of this reaction are: Palladium Source: [PdCl(allyl)]2. Ligand: c1ccc(P(c2ccccc2)c2ccccc2)cc1. Solvent: CCCCOC(C)=O. Base: KOPiv. Reaction Temperature: 105 degrees centigrade. Reaction Concentration: 0.153 M. Palladium loading: 2.25 mol%. Ligand loading: 5 mol%. Base loading: 3 eq. What is the yield (%) and cost (US dollar per mol) of this reaction?","","2.95,0.028409111","[]"
"Here is a chemical reaction. Reactants are: Cn1cnc(C#N)c1, Fc1ccccc1Br. Product is: Cn1cnc(C#N)c1-c1ccccc1F. Reaction type is Pd catalyzed C-H arylation. The reaction conditions of this reaction are: Palladium Source: [PdCl(allyl)]2. Ligand: COc1ccc(OC)c(P(c2cc(C(F)(F)F)cc(C(F)(F)F)c2)c2cc(C(F)(F)F)cc(C(F)(F)F)c2)c1-c1c(C(C)C)cc(C(C)C)cc1C(C)C. Solvent: CCCC#N. Base: CsOPiv. Reaction Temperature: 120 degrees centigrade. Reaction Concentration: 0.057 M. Palladium loading: 2.25 mol%. Ligand loading: 5 mol%. Base loading: 3 eq. What is the yield (%) and cost (US dollar per mol) of this reaction?","","11.26,0.483151796","[]"
"Here is a chemical reaction. Reactants are: Cn1cnc(C#N)c1, Fc1ccccc1Br. Product is: Cn1cnc(C#N)c1-c1ccccc1F. Reaction type is Pd catalyzed C-H arylation. The reaction conditions of this reaction are: Palladium Source: [PdCl(allyl)]2. Ligand: c1ccc(P(c2ccccc2)c2ccccc2)cc1. Solvent: Cc1ccc(C)cc1. Base: CsOPiv. Reaction Temperature: 105 degrees centigrade. Reaction Concentration: 0.057 M. Palladium loading: 2.25 mol%. Ligand loading: 5 mol%. Base loading: 3 eq. What is the yield (%) and cost (US dollar per mol) of this reaction?","","0.44,0.126762015","[]"
"Here is a chemical reaction. Reactants are: Cn1cnc(C#N)c1, Fc1ccccc1Br. Product is: Cn1cnc(C#N)c1-c1ccccc1F. Reaction type is Pd catalyzed C-H arylation. The reaction conditions of this reaction are: Palladium Source: [PdCl(allyl)]2. Ligand: CN(C)c1cccc(N(C)C)c1-c1ccccc1P(c1ccccc1)C(C)(C)C. Solvent: CCCC#N. Base: CsOAc. Reaction Temperature: 105 degrees centigrade. Reaction Concentration: 0.057 M. Palladium loading: 2.25 mol%. Ligand loading: 5 mol%. Base loading: 3 eq. What is the yield (%) and cost (US dollar per mol) of this reaction?","","5.6,0.355135832","[]"
"Here is a chemical reaction. Reactants are: Cn1cnc(C#N)c1, Fc1ccccc1Br. Product is: Cn1cnc(C#N)c1-c1ccccc1F. Reaction type is Pd catalyzed C-H arylation. The reaction conditions of this reaction are: Palladium Source: [PdCl(allyl)]2. Ligand: COc1ccc(OC)c(P(C2CCCCC2)C2CCCCC2)c1-c1c(C(C)C)cc(C(C)C)cc1C(C)C. Solvent: CCCCOC(C)=O. Base: KOAc. Reaction Temperature: 105 degrees centigrade. Reaction Concentration: 0.057 M. Palladium loading: 2.25 mol%. Ligand loading: 5 mol%. Base loading: 3 eq. What is the yield (%) and cost (US dollar per mol) of this reaction?","","16.39,0.176126414","[]"
"Here is a chemical reaction. Reactants are: Cn1cnc(C#N)c1, Fc1ccccc1Br. Product is: Cn1cnc(C#N)c1-c1ccccc1F. Reaction type is Pd catalyzed C-H arylation. The reaction conditions of this reaction are: Palladium Source: [PdCl(allyl)]2. Ligand: c1ccc(P(c2ccccc2)c2ccccc2)cc1. Solvent: CCCC#N. Base: KOPiv. Reaction Temperature: 90 degrees centigrade. Reaction Concentration: 0.153 M. Palladium loading: 2.25 mol%. Ligand loading: 5 mol%. Base loading: 3 eq. What is the yield (%) and cost (US dollar per mol) of this reaction?","","0.85,0.032530213","[]"
"Here is a chemical reaction. Reactants are: Cn1cnc(C#N)c1, Fc1ccccc1Br. Product is: Cn1cnc(C#N)c1-c1ccccc1F. Reaction type is Pd catalyzed C-H arylation. The reaction conditions of this reaction are: Palladium Source: [PdCl(allyl)]2. Ligand: C1CCC(P(C2CCCCC2)C2CCCCC2)CC1. Solvent: CCCC#N. Base: CsOPiv. Reaction Temperature: 90 degrees centigrade. Reaction Concentration: 0.1 M. Palladium loading: 2.25 mol%. Ligand loading: 5 mol%. Base loading: 3 eq. What is the yield (%) and cost (US dollar per mol) of this reaction?","","0.0,0.136355693","[]"
"Here is a chemical reaction. Reactants are: Cn1cnc(C#N)c1, Fc1ccccc1Br. Product is: Cn1cnc(C#N)c1-c1ccccc1F. Reaction type is Pd catalyzed C-H arylation. The reaction conditions of this reaction are: Palladium Source: [PdCl(allyl)]2. Ligand: C1CCC(P(C2CCCCC2)C2CCCCC2)CC1. Solvent: Cc1ccc(C)cc1. Base: CsOAc. Reaction Temperature: 120 degrees centigrade. Reaction Concentration: 0.153 M. Palladium loading: 2.25 mol%. Ligand loading: 5 mol%. Base loading: 3 eq. What is the yield (%) and cost (US dollar per mol) of this reaction?","","1.12,0.074586805","[]"
"Here is a chemical reaction. Reactants are: Cn1cnc(C#N)c1, Fc1ccccc1Br. Product is: Cn1cnc(C#N)c1-c1ccccc1F. Reaction type is Pd catalyzed C-H arylation. The reaction conditions of this reaction are: Palladium Source: [PdCl(allyl)]2. Ligand: COc1ccc(OC)c(P(C2CCCCC2)C2CCCCC2)c1-c1c(C(C)C)cc(C(C)C)cc1C(C)C. Solvent: CC(=O)N(C)C. Base: KOAc. Reaction Temperature: 90 degrees centigrade. Reaction Concentration: 0.153 M. Palladium loading: 2.25 mol%. Ligand loading: 5 mol%. Base loading: 3 eq. What is the yield (%) and cost (US dollar per mol) of this reaction?","","5.75,0.141125799","[]"
"Here is a chemical reaction. Reactants are: Cn1cnc(C#N)c1, Fc1ccccc1Br. Product is: Cn1cnc(C#N)c1-c1ccccc1F. Reaction type is Pd catalyzed C-H arylation. The reaction conditions of this reaction are: Palladium Source: [PdCl(allyl)]2. Ligand: COc1ccc(OC)c(P(c2cc(C(F)(F)F)cc(C(F)(F)F)c2)c2cc(C(F)(F)F)cc(C(F)(F)F)c2)c1-c1c(C(C)C)cc(C(C)C)cc1C(C)C. Solvent: Cc1ccc(C)cc1. Base: KOAc. Reaction Temperature: 105 degrees centigrade. Reaction Concentration: 0.153 M. Palladium loading: 2.25 mol%. Ligand loading: 5 mol%. Base loading: 3 eq. What is the yield (%) and cost (US dollar per mol) of this reaction?","","7.61,0.352961797","[]"
"Here is a chemical reaction. Reactants are: Cn1cnc(C#N)c1, Fc1ccccc1Br. Product is: Cn1cnc(C#N)c1-c1ccccc1F. Reaction type is Pd catalyzed C-H arylation. The reaction conditions of this reaction are: Palladium Source: [PdCl(allyl)]2. Ligand: COc1ccc(OC)c(P(c2cc(C(F)(F)F)cc(C(F)(F)F)c2)c2cc(C(F)(F)F)cc(C(F)(F)F)c2)c1-c1c(C(C)C)cc(C(C)C)cc1C(C)C. Solvent: CCCC#N. Base: KOPiv. Reaction Temperature: 120 degrees centigrade. Reaction Concentration: 0.153 M. Palladium loading: 2.25 mol%. Ligand loading: 5 mol%. Base loading: 3 eq. What is the yield (%) and cost (US dollar per mol) of this reaction?","","20.51,0.362400834","[]"
"Here is a chemical reaction. Reactants are: Cn1cnc(C#N)c1, Fc1ccccc1Br. Product is: Cn1cnc(C#N)c1-c1ccccc1F. Reaction type is Pd catalyzed C-H arylation. The reaction conditions of this reaction are: Palladium Source: [PdCl(allyl)]2. Ligand: CC(C)(C)P(c1ccccc1)C(C)(C)C. Solvent: Cc1ccc(C)cc1. Base: KOPiv. Reaction Temperature: 90 degrees centigrade. Reaction Concentration: 0.057 M. Palladium loading: 2.25 mol%. Ligand loading: 5 mol%. Base loading: 3 eq. What is the yield (%) and cost (US dollar per mol) of this reaction?","","0.0,0.056201541","[]"
"Here is a chemical reaction. Reactants are: Cn1cnc(C#N)c1, Fc1ccccc1Br. Product is: Cn1cnc(C#N)c1-c1ccccc1F. Reaction type is Pd catalyzed C-H arylation. The reaction conditions of this reaction are: Palladium Source: [PdCl(allyl)]2. Ligand: CC(C)Oc1cccc(OC(C)C)c1P(C1CCCCC1)C1CCCCC1. Solvent: CC(=O)N(C)C. Base: KOAc. Reaction Temperature: 105 degrees centigrade. Reaction Concentration: 0.153 M. Palladium loading: 2.25 mol%. Ligand loading: 5 mol%. Base loading: 3 eq. What is the yield (%) and cost (US dollar per mol) of this reaction?","","21.77,0.033817753","[]"
"Here is a chemical reaction. Reactants are: Cn1cnc(C#N)c1, Fc1ccccc1Br. Product is: Cn1cnc(C#N)c1-c1ccccc1F. Reaction type is Pd catalyzed C-H arylation. The reaction conditions of this reaction are: Palladium Source: [PdCl(allyl)]2. Ligand: c1ccc(P(c2ccccc2)c2ccccc2)cc1. Solvent: Cc1ccc(C)cc1. Base: CsOAc. Reaction Temperature: 90 degrees centigrade. Reaction Concentration: 0.1 M. Palladium loading: 2.25 mol%. Ligand loading: 5 mol%. Base loading: 3 eq. What is the yield (%) and cost (US dollar per mol) of this reaction?","","5.91,0.074140292","[]"
"Here is a chemical reaction. Reactants are: Cn1cnc(C#N)c1, Fc1ccccc1Br. Product is: Cn1cnc(C#N)c1-c1ccccc1F. Reaction type is Pd catalyzed C-H arylation. The reaction conditions of this reaction are: Palladium Source: [PdCl(allyl)]2. Ligand: COc1ccc(OC)c(P(C2CCCCC2)C2CCCCC2)c1-c1c(C(C)C)cc(C(C)C)cc1C(C)C. Solvent: CCCCOC(C)=O. Base: KOAc. Reaction Temperature: 105 degrees centigrade. Reaction Concentration: 0.153 M. Palladium loading: 2.25 mol%. Ligand loading: 5 mol%. Base loading: 3 eq. What is the yield (%) and cost (US dollar per mol) of this reaction?","","17.26,0.149051844","[]"
"Here is a chemical reaction. Reactants are: Cn1cnc(C#N)c1, Fc1ccccc1Br. Product is: Cn1cnc(C#N)c1-c1ccccc1F. Reaction type is Pd catalyzed C-H arylation. The reaction conditions of this reaction are: Palladium Source: [PdCl(allyl)]2. Ligand: c1ccc(P(c2ccccc2)c2ccccc2)cc1. Solvent: CCCCOC(C)=O. Base: KOAc. Reaction Temperature: 120 degrees centigrade. Reaction Concentration: 0.1 M. Palladium loading: 2.25 mol%. Ligand loading: 5 mol%. Base loading: 3 eq. What is the yield (%) and cost (US dollar per mol) of this reaction?","","7.89,0.038052765","[]"
"Here is a chemical reaction. Reactants are: Cn1cnc(C#N)c1, Fc1ccccc1Br. Product is: Cn1cnc(C#N)c1-c1ccccc1F. Reaction type is Pd catalyzed C-H arylation. The reaction conditions of this reaction are: Palladium Source: [PdCl(allyl)]2. Ligand: CC12C[C@]3(C)O[C@@](C)(C[C@@](C)(O3)P1c1ccccc1)O2. Solvent: CC(=O)N(C)C. Base: CsOPiv. Reaction Temperature: 120 degrees centigrade. Reaction Concentration: 0.057 M. Palladium loading: 2.25 mol%. Ligand loading: 5 mol%. Base loading: 3 eq. What is the yield (%) and cost (US dollar per mol) of this reaction?","","92.03,0.154530321","[]"
"Here is a chemical reaction. Reactants are: Cn1cnc(C#N)c1, Fc1ccccc1Br. Product is: Cn1cnc(C#N)c1-c1ccccc1F. Reaction type is Pd catalyzed C-H arylation. The reaction conditions of this reaction are: Palladium Source: [PdCl(allyl)]2. Ligand: CC(C)(C)P(c1ccccc1)C(C)(C)C. Solvent: CC(=O)N(C)C. Base: KOAc. Reaction Temperature: 90 degrees centigrade. Reaction Concentration: 0.057 M. Palladium loading: 2.25 mol%. Ligand loading: 5 mol%. Base loading: 3 eq. What is the yield (%) and cost (US dollar per mol) of this reaction?","","0.0,0.053328542","[]"
"Here is a chemical reaction. Reactants are: Cn1cnc(C#N)c1, Fc1ccccc1Br. Product is: Cn1cnc(C#N)c1-c1ccccc1F. Reaction type is Pd catalyzed C-H arylation. The reaction conditions of this reaction are: Palladium Source: [PdCl(allyl)]2. Ligand: CP(C)c1ccccc1. Solvent: CC(=O)N(C)C. Base: CsOPiv. Reaction Temperature: 90 degrees centigrade. Reaction Concentration: 0.153 M. Palladium loading: 2.25 mol%. Ligand loading: 5 mol%. Base loading: 3 eq. What is the yield (%) and cost (US dollar per mol) of this reaction?","","0.0,0.110329516","[]"
"Here is a chemical reaction. Reactants are: Cn1cnc(C#N)c1, Fc1ccccc1Br. Product is: Cn1cnc(C#N)c1-c1ccccc1F. Reaction type is Pd catalyzed C-H arylation. The reaction conditions of this reaction are: Palladium Source: [PdCl(allyl)]2. Ligand: CP(C)c1ccccc1. Solvent: CCCCOC(C)=O. Base: KOAc. Reaction Temperature: 105 degrees centigrade. Reaction Concentration: 0.153 M. Palladium loading: 2.25 mol%. Ligand loading: 5 mol%. Base loading: 3 eq. What is the yield (%) and cost (US dollar per mol) of this reaction?","","0.0,0.031801346","[]"
"Here is a chemical reaction. Reactants are: Cn1cnc(C#N)c1, Fc1ccccc1Br. Product is: Cn1cnc(C#N)c1-c1ccccc1F. Reaction type is Pd catalyzed C-H arylation. The reaction conditions of this reaction are: Palladium Source: [PdCl(allyl)]2. Ligand: CC(C)Oc1cccc(OC(C)C)c1P(C1CCCCC1)C1CCCCC1. Solvent: CC(=O)N(C)C. Base: CsOAc. Reaction Temperature: 105 degrees centigrade. Reaction Concentration: 0.1 M. Palladium loading: 2.25 mol%. Ligand loading: 5 mol%. Base loading: 3 eq. What is the yield (%) and cost (US dollar per mol) of this reaction?","","19.97,0.083963501","[]"
"Here is a chemical reaction. Reactants are: Cn1cnc(C#N)c1, Fc1ccccc1Br. Product is: Cn1cnc(C#N)c1-c1ccccc1F. Reaction type is Pd catalyzed C-H arylation. The reaction conditions of this reaction are: Palladium Source: [PdCl(allyl)]2. Ligand: C1CCC(P(C2CCCCC2)C2CCCCC2)CC1. Solvent: Cc1ccc(C)cc1. Base: KOPiv. Reaction Temperature: 120 degrees centigrade. Reaction Concentration: 0.057 M. Palladium loading: 2.25 mol%. Ligand loading: 5 mol%. Base loading: 3 eq. What is the yield (%) and cost (US dollar per mol) of this reaction?","","0.0,0.045160314","[]"
"Here is a chemical reaction. Reactants are: Cn1cnc(C#N)c1, Fc1ccccc1Br. Product is: Cn1cnc(C#N)c1-c1ccccc1F. Reaction type is Pd catalyzed C-H arylation. The reaction conditions of this reaction are: Palladium Source: [PdCl(allyl)]2. Ligand: CP(c1ccccc1)c1ccccc1. Solvent: Cc1ccc(C)cc1. Base: CsOAc. Reaction Temperature: 90 degrees centigrade. Reaction Concentration: 0.153 M. Palladium loading: 2.25 mol%. Ligand loading: 5 mol%. Base loading: 3 eq. What is the yield (%) and cost (US dollar per mol) of this reaction?","","0.0,0.069773499","[]"
"Here is a chemical reaction. Reactants are: Cn1cnc(C#N)c1, Fc1ccccc1Br. Product is: Cn1cnc(C#N)c1-c1ccccc1F. Reaction type is Pd catalyzed C-H arylation. The reaction conditions of this reaction are: Palladium Source: [PdCl(allyl)]2. Ligand: CC12C[C@]3(C)O[C@@](C)(C[C@@](C)(O3)P1c1ccccc1)O2. Solvent: Cc1ccc(C)cc1. Base: CsOPiv. Reaction Temperature: 90 degrees centigrade. Reaction Concentration: 0.153 M. Palladium loading: 2.25 mol%. Ligand loading: 5 mol%. Base loading: 3 eq. What is the yield (%) and cost (US dollar per mol) of this reaction?","","13.02,0.141107495","[]"
"Here is a chemical reaction. Reactants are: Cn1cnc(C#N)c1, Fc1ccccc1Br. Product is: Cn1cnc(C#N)c1-c1ccccc1F. Reaction type is Pd catalyzed C-H arylation. The reaction conditions of this reaction are: Palladium Source: [PdCl(allyl)]2. Ligand: c1ccc(P(c2ccccc2)c2ccccc2)cc1. Solvent: CCCCOC(C)=O. Base: KOPiv. Reaction Temperature: 120 degrees centigrade. Reaction Concentration: 0.1 M. Palladium loading: 2.25 mol%. Ligand loading: 5 mol%. Base loading: 3 eq. What is the yield (%) and cost (US dollar per mol) of this reaction?","","4.23,0.036937879","[]"
"Here is a chemical reaction. Reactants are: Cn1cnc(C#N)c1, Fc1ccccc1Br. Product is: Cn1cnc(C#N)c1-c1ccccc1F. Reaction type is Pd catalyzed C-H arylation. The reaction conditions of this reaction are: Palladium Source: [PdCl(allyl)]2. Ligand: CC(C)c1cc(C(C)C)c(-c2ccccc2P(C2CCCCC2)C2CCCCC2)c(C(C)C)c1. Solvent: CCCC#N. Base: CsOAc. Reaction Temperature: 105 degrees centigrade. Reaction Concentration: 0.057 M. Palladium loading: 2.25 mol%. Ligand loading: 5 mol%. Base loading: 3 eq. What is the yield (%) and cost (US dollar per mol) of this reaction?","","72.89,0.121229425","[]"
"Here is a chemical reaction. Reactants are: Cn1cnc(C#N)c1, Fc1ccccc1Br. Product is: Cn1cnc(C#N)c1-c1ccccc1F. Reaction type is Pd catalyzed C-H arylation. The reaction conditions of this reaction are: Palladium Source: [PdCl(allyl)]2. Ligand: COc1ccc(OC)c(P(c2cc(C(F)(F)F)cc(C(F)(F)F)c2)c2cc(C(F)(F)F)cc(C(F)(F)F)c2)c1-c1c(C(C)C)cc(C(C)C)cc1C(C)C. Solvent: Cc1ccc(C)cc1. Base: KOAc. Reaction Temperature: 120 degrees centigrade. Reaction Concentration: 0.1 M. Palladium loading: 2.25 mol%. Ligand loading: 5 mol%. Base loading: 3 eq. What is the yield (%) and cost (US dollar per mol) of this reaction?","","7.03,0.358363602","[]"
"Here is a chemical reaction. Reactants are: Cn1cnc(C#N)c1, Fc1ccccc1Br. Product is: Cn1cnc(C#N)c1-c1ccccc1F. Reaction type is Pd catalyzed C-H arylation. The reaction conditions of this reaction are: Palladium Source: [PdCl(allyl)]2. Ligand: CC(C)c1cc(C(C)C)c(-c2ccccc2P(C2CCCCC2)C2CCCCC2)c(C(C)C)c1. Solvent: Cc1ccc(C)cc1. Base: KOAc. Reaction Temperature: 90 degrees centigrade. Reaction Concentration: 0.057 M. Palladium loading: 2.25 mol%. Ligand loading: 5 mol%. Base loading: 3 eq. What is the yield (%) and cost (US dollar per mol) of this reaction?","","22.31,0.048665479","[]"
"Here is a chemical reaction. Reactants are: Cn1cnc(C#N)c1, Fc1ccccc1Br. Product is: Cn1cnc(C#N)c1-c1ccccc1F. Reaction type is Pd catalyzed C-H arylation. The reaction conditions of this reaction are: Palladium Source: [PdCl(allyl)]2. Ligand: CC12C[C@]3(C)O[C@@](C)(C[C@@](C)(O3)P1c1ccccc1)O2. Solvent: CCCC#N. Base: KOPiv. Reaction Temperature: 90 degrees centigrade. Reaction Concentration: 0.153 M. Palladium loading: 2.25 mol%. Ligand loading: 5 mol%. Base loading: 3 eq. What is the yield (%) and cost (US dollar per mol) of this reaction?","","52.23,0.064396627","[]"
"Here is a chemical reaction. Reactants are: Cn1cnc(C#N)c1, Fc1ccccc1Br. Product is: Cn1cnc(C#N)c1-c1ccccc1F. Reaction type is Pd catalyzed C-H arylation. The reaction conditions of this reaction are: Palladium Source: [PdCl(allyl)]2. Ligand: c1ccc(P(c2ccccc2)c2ccccc2)cc1. Solvent: CCCC#N. Base: KOPiv. Reaction Temperature: 120 degrees centigrade. Reaction Concentration: 0.153 M. Palladium loading: 2.25 mol%. Ligand loading: 5 mol%. Base loading: 3 eq. What is the yield (%) and cost (US dollar per mol) of this reaction?","","15.64,0.032643774","[]"
"Here is a chemical reaction. Reactants are: Cn1cnc(C#N)c1, Fc1ccccc1Br. Product is: Cn1cnc(C#N)c1-c1ccccc1F. Reaction type is Pd catalyzed C-H arylation. The reaction conditions of this reaction are: Palladium Source: [PdCl(allyl)]2. Ligand: c1coc(P(c2ccco2)c2ccco2)c1. Solvent: CCCCOC(C)=O. Base: KOAc. Reaction Temperature: 105 degrees centigrade. Reaction Concentration: 0.057 M. Palladium loading: 2.25 mol%. Ligand loading: 5 mol%. Base loading: 3 eq. What is the yield (%) and cost (US dollar per mol) of this reaction?","","8.43,0.068914003","[]"
"Here is a chemical reaction. Reactants are: Cn1cnc(C#N)c1, Fc1ccccc1Br. Product is: Cn1cnc(C#N)c1-c1ccccc1F. Reaction type is Pd catalyzed C-H arylation. The reaction conditions of this reaction are: Palladium Source: [PdCl(allyl)]2. Ligand: CC(C)(C)P(c1ccccc1)C(C)(C)C. Solvent: CCCC#N. Base: CsOPiv. Reaction Temperature: 105 degrees centigrade. Reaction Concentration: 0.153 M. Palladium loading: 2.25 mol%. Ligand loading: 5 mol%. Base loading: 3 eq. What is the yield (%) and cost (US dollar per mol) of this reaction?","","0.0,0.136900842","[]"
"Here is a chemical reaction. Reactants are: Cn1cnc(C#N)c1, Fc1ccccc1Br. Product is: Cn1cnc(C#N)c1-c1ccccc1F. Reaction type is Pd catalyzed C-H arylation. The reaction conditions of this reaction are: Palladium Source: [PdCl(allyl)]2. Ligand: CC(C)Oc1cccc(OC(C)C)c1P(C1CCCCC1)C1CCCCC1. Solvent: Cc1ccc(C)cc1. Base: KOAc. Reaction Temperature: 90 degrees centigrade. Reaction Concentration: 0.057 M. Palladium loading: 2.25 mol%. Ligand loading: 5 mol%. Base loading: 3 eq. What is the yield (%) and cost (US dollar per mol) of this reaction?","","0.0,0.052500415","[]"
"Here is a chemical reaction. Reactants are: Cn1cnc(C#N)c1, Fc1ccccc1Br. Product is: Cn1cnc(C#N)c1-c1ccccc1F. Reaction type is Pd catalyzed C-H arylation. The reaction conditions of this reaction are: Palladium Source: [PdCl(allyl)]2. Ligand: CP(C)c1ccccc1. Solvent: CCCCOC(C)=O. Base: CsOPiv. Reaction Temperature: 105 degrees centigrade. Reaction Concentration: 0.153 M. Palladium loading: 2.25 mol%. Ligand loading: 5 mol%. Base loading: 3 eq. What is the yield (%) and cost (US dollar per mol) of this reaction?","","0.0,0.118175058","[]"
"Here is a chemical reaction. Reactants are: Cn1cnc(C#N)c1, Fc1ccccc1Br. Product is: Cn1cnc(C#N)c1-c1ccccc1F. Reaction type is Pd catalyzed C-H arylation. The reaction conditions of this reaction are: Palladium Source: [PdCl(allyl)]2. Ligand: CN(C)c1cccc(N(C)C)c1-c1ccccc1P(c1ccccc1)C(C)(C)C. Solvent: CCCCOC(C)=O. Base: CsOAc. Reaction Temperature: 90 degrees centigrade. Reaction Concentration: 0.057 M. Palladium loading: 2.25 mol%. Ligand loading: 5 mol%. Base loading: 3 eq. What is the yield (%) and cost (US dollar per mol) of this reaction?","","7.84,0.344731253","[]"
"Here is a chemical reaction. Reactants are: Cn1cnc(C#N)c1, Fc1ccccc1Br. Product is: Cn1cnc(C#N)c1-c1ccccc1F. Reaction type is Pd catalyzed C-H arylation. The reaction conditions of this reaction are: Palladium Source: [PdCl(allyl)]2. Ligand: CC12C[C@]3(C)O[C@@](C)(C[C@@](C)(O3)P1c1ccccc1)O2. Solvent: Cc1ccc(C)cc1. Base: CsOAc. Reaction Temperature: 120 degrees centigrade. Reaction Concentration: 0.1 M. Palladium loading: 2.25 mol%. Ligand loading: 5 mol%. Base loading: 3 eq. What is the yield (%) and cost (US dollar per mol) of this reaction?","","62.73,0.105819579","[]"
"Here is a chemical reaction. Reactants are: Cn1cnc(C#N)c1, Fc1ccccc1Br. Product is: Cn1cnc(C#N)c1-c1ccccc1F. Reaction type is Pd catalyzed C-H arylation. The reaction conditions of this reaction are: Palladium Source: [PdCl(allyl)]2. Ligand: CN(C)c1cccc(N(C)C)c1-c1ccccc1P(c1ccccc1)C(C)(C)C. Solvent: Cc1ccc(C)cc1. Base: KOAc. Reaction Temperature: 90 degrees centigrade. Reaction Concentration: 0.1 M. Palladium loading: 2.25 mol%. Ligand loading: 5 mol%. Base loading: 3 eq. What is the yield (%) and cost (US dollar per mol) of this reaction?","","7.34,0.271265493","[]"
"Here is a chemical reaction. Reactants are: Cn1cnc(C#N)c1, Fc1ccccc1Br. Product is: Cn1cnc(C#N)c1-c1ccccc1F. Reaction type is Pd catalyzed C-H arylation. The reaction conditions of this reaction are: Palladium Source: [PdCl(allyl)]2. Ligand: COc1ccc(OC)c(P(C2CCCCC2)C2CCCCC2)c1-c1c(C(C)C)cc(C(C)C)cc1C(C)C. Solvent: CC(=O)N(C)C. Base: KOPiv. Reaction Temperature: 120 degrees centigrade. Reaction Concentration: 0.153 M. Palladium loading: 2.25 mol%. Ligand loading: 5 mol%. Base loading: 3 eq. What is the yield (%) and cost (US dollar per mol) of this reaction?","","0.89,0.140017489","[]"
"Here is a chemical reaction. Reactants are: Cn1cnc(C#N)c1, Fc1ccccc1Br. Product is: Cn1cnc(C#N)c1-c1ccccc1F. Reaction type is Pd catalyzed C-H arylation. The reaction conditions of this reaction are: Palladium Source: [PdCl(allyl)]2. Ligand: CN(C)c1cccc(N(C)C)c1-c1ccccc1P(c1ccccc1)C(C)(C)C. Solvent: CCCCOC(C)=O. Base: KOAc. Reaction Temperature: 120 degrees centigrade. Reaction Concentration: 0.057 M. Palladium loading: 2.25 mol%. Ligand loading: 5 mol%. Base loading: 3 eq. What is the yield (%) and cost (US dollar per mol) of this reaction?","","6.22,0.299221695","[]"
"Here is a chemical reaction. Reactants are: Cn1cnc(C#N)c1, Fc1ccccc1Br. Product is: Cn1cnc(C#N)c1-c1ccccc1F. Reaction type is Pd catalyzed C-H arylation. The reaction conditions of this reaction are: Palladium Source: [PdCl(allyl)]2. Ligand: COc1ccc(OC)c(P(C2CCCCC2)C2CCCCC2)c1-c1c(C(C)C)cc(C(C)C)cc1C(C)C. Solvent: CCCC#N. Base: CsOPiv. Reaction Temperature: 105 degrees centigrade. Reaction Concentration: 0.057 M. Palladium loading: 2.25 mol%. Ligand loading: 5 mol%. Base loading: 3 eq. What is the yield (%) and cost (US dollar per mol) of this reaction?","","39.86,0.27311967","[]"
"Here is a chemical reaction. Reactants are: Cn1cnc(C#N)c1, Fc1ccccc1Br. Product is: Cn1cnc(C#N)c1-c1ccccc1F. Reaction type is Pd catalyzed C-H arylation. The reaction conditions of this reaction are: Palladium Source: [PdCl(allyl)]2. Ligand: CP(C)c1ccccc1. Solvent: Cc1ccc(C)cc1. Base: KOAc. Reaction Temperature: 120 degrees centigrade. Reaction Concentration: 0.1 M. Palladium loading: 2.25 mol%. Ligand loading: 5 mol%. Base loading: 3 eq. What is the yield (%) and cost (US dollar per mol) of this reaction?","","0.0,0.030932803","[]"
"Here is a chemical reaction. Reactants are: Cn1cnc(C#N)c1, Fc1ccccc1Br. Product is: Cn1cnc(C#N)c1-c1ccccc1F. Reaction type is Pd catalyzed C-H arylation. The reaction conditions of this reaction are: Palladium Source: [PdCl(allyl)]2. Ligand: CN(C)c1cccc(N(C)C)c1-c1ccccc1P(c1ccccc1)C(C)(C)C. Solvent: CC(=O)N(C)C. Base: KOPiv. Reaction Temperature: 90 degrees centigrade. Reaction Concentration: 0.153 M. Palladium loading: 2.25 mol%. Ligand loading: 5 mol%. Base loading: 3 eq. What is the yield (%) and cost (US dollar per mol) of this reaction?","","8.5,0.263191909","[]"
"Here is a chemical reaction. Reactants are: Cn1cnc(C#N)c1, Fc1ccccc1Br. Product is: Cn1cnc(C#N)c1-c1ccccc1F. Reaction type is Pd catalyzed C-H arylation. The reaction conditions of this reaction are: Palladium Source: [PdCl(allyl)]2. Ligand: CN(C)c1cccc(N(C)C)c1-c1ccccc1P(c1ccccc1)C(C)(C)C. Solvent: Cc1ccc(C)cc1. Base: CsOAc. Reaction Temperature: 90 degrees centigrade. Reaction Concentration: 0.057 M. Palladium loading: 2.25 mol%. Ligand loading: 5 mol%. Base loading: 3 eq. What is the yield (%) and cost (US dollar per mol) of this reaction?","","16.76,0.328568741","[]"
"Here is a chemical reaction. Reactants are: Cn1cnc(C#N)c1, Fc1ccccc1Br. Product is: Cn1cnc(C#N)c1-c1ccccc1F. Reaction type is Pd catalyzed C-H arylation. The reaction conditions of this reaction are: Palladium Source: [PdCl(allyl)]2. Ligand: CN(C)c1cccc(N(C)C)c1-c1ccccc1P(c1ccccc1)C(C)(C)C. Solvent: Cc1ccc(C)cc1. Base: KOAc. Reaction Temperature: 90 degrees centigrade. Reaction Concentration: 0.153 M. Palladium loading: 2.25 mol%. Ligand loading: 5 mol%. Base loading: 3 eq. What is the yield (%) and cost (US dollar per mol) of this reaction?","","9.79,0.265870514","[]"
"Here is a chemical reaction. Reactants are: Cn1cnc(C#N)c1, Fc1ccccc1Br. Product is: Cn1cnc(C#N)c1-c1ccccc1F. Reaction type is Pd catalyzed C-H arylation. The reaction conditions of this reaction are: Palladium Source: [PdCl(allyl)]2. Ligand: C1CCC(P(C2CCCCC2)C2CCCCC2)CC1. Solvent: CCCC#N. Base: KOPiv. Reaction Temperature: 120 degrees centigrade. Reaction Concentration: 0.057 M. Palladium loading: 2.25 mol%. Ligand loading: 5 mol%. Base loading: 3 eq. What is the yield (%) and cost (US dollar per mol) of this reaction?","","3.25,0.07177053","[]"
"Here is a chemical reaction. Reactants are: Cn1cnc(C#N)c1, Fc1ccccc1Br. Product is: Cn1cnc(C#N)c1-c1ccccc1F. Reaction type is Pd catalyzed C-H arylation. The reaction conditions of this reaction are: Palladium Source: [PdCl(allyl)]2. Ligand: c1ccc(P(c2ccccc2)c2ccccc2)cc1. Solvent: CCCCOC(C)=O. Base: CsOPiv. Reaction Temperature: 120 degrees centigrade. Reaction Concentration: 0.153 M. Palladium loading: 2.25 mol%. Ligand loading: 5 mol%. Base loading: 3 eq. What is the yield (%) and cost (US dollar per mol) of this reaction?","","2.81,0.115876336","[]"
"Here is a chemical reaction. Reactants are: Cn1cnc(C#N)c1, Fc1ccccc1Br. Product is: Cn1cnc(C#N)c1-c1ccccc1F. Reaction type is Pd catalyzed C-H arylation. The reaction conditions of this reaction are: Palladium Source: [PdCl(allyl)]2. Ligand: CC12C[C@]3(C)O[C@@](C)(C[C@@](C)(O3)P1c1ccccc1)O2. Solvent: CC(=O)N(C)C. Base: CsOPiv. Reaction Temperature: 105 degrees centigrade. Reaction Concentration: 0.1 M. Palladium loading: 2.25 mol%. Ligand loading: 5 mol%. Base loading: 3 eq. What is the yield (%) and cost (US dollar per mol) of this reaction?","","91.11,0.144400038","[]"
"Here is a chemical reaction. Reactants are: Cn1cnc(C#N)c1, Fc1ccccc1Br. Product is: Cn1cnc(C#N)c1-c1ccccc1F. Reaction type is Pd catalyzed C-H arylation. The reaction conditions of this reaction are: Palladium Source: [PdCl(allyl)]2. Ligand: CP(C)c1ccccc1. Solvent: CC(=O)N(C)C. Base: KOAc. Reaction Temperature: 90 degrees centigrade. Reaction Concentration: 0.057 M. Palladium loading: 2.25 mol%. Ligand loading: 5 mol%. Base loading: 3 eq. What is the yield (%) and cost (US dollar per mol) of this reaction?","","0.0,0.038733926","[]"
"Here is a chemical reaction. Reactants are: Cn1cnc(C#N)c1, Fc1ccccc1Br. Product is: Cn1cnc(C#N)c1-c1ccccc1F. Reaction type is Pd catalyzed C-H arylation. The reaction conditions of this reaction are: Palladium Source: [PdCl(allyl)]2. Ligand: c1ccc(P(c2ccccc2)c2ccccc2)cc1. Solvent: CCCC#N. Base: KOPiv. Reaction Temperature: 120 degrees centigrade. Reaction Concentration: 0.057 M. Palladium loading: 2.25 mol%. Ligand loading: 5 mol%. Base loading: 3 eq. What is the yield (%) and cost (US dollar per mol) of this reaction?","","12.19,0.065971257","[]"
"Here is a chemical reaction. Reactants are: Cn1cnc(C#N)c1, Fc1ccccc1Br. Product is: Cn1cnc(C#N)c1-c1ccccc1F. Reaction type is Pd catalyzed C-H arylation. The reaction conditions of this reaction are: Palladium Source: [PdCl(allyl)]2. Ligand: CP(C)c1ccccc1. Solvent: CCCCOC(C)=O. Base: KOAc. Reaction Temperature: 105 degrees centigrade. Reaction Concentration: 0.057 M. Palladium loading: 2.25 mol%. Ligand loading: 5 mol%. Base loading: 3 eq. What is the yield (%) and cost (US dollar per mol) of this reaction?","","0.0,0.058880809","[]"
"Here is a chemical reaction. Reactants are: Cn1cnc(C#N)c1, Fc1ccccc1Br. Product is: Cn1cnc(C#N)c1-c1ccccc1F. Reaction type is Pd catalyzed C-H arylation. The reaction conditions of this reaction are: Palladium Source: [PdCl(allyl)]2. Ligand: CC(C)(C)P(c1ccccc1)C(C)(C)C. Solvent: Cc1ccc(C)cc1. Base: KOPiv. Reaction Temperature: 90 degrees centigrade. Reaction Concentration: 0.1 M. Palladium loading: 2.25 mol%. Ligand loading: 5 mol%. Base loading: 3 eq. What is the yield (%) and cost (US dollar per mol) of this reaction?","","0.0,0.04443312","[]"
"Here is a chemical reaction. Reactants are: Cn1cnc(C#N)c1, Fc1ccccc1Br. Product is: Cn1cnc(C#N)c1-c1ccccc1F. Reaction type is Pd catalyzed C-H arylation. The reaction conditions of this reaction are: Palladium Source: [PdCl(allyl)]2. Ligand: CC(C)Oc1cccc(OC(C)C)c1P(C1CCCCC1)C1CCCCC1. Solvent: CCCC#N. Base: KOPiv. Reaction Temperature: 120 degrees centigrade. Reaction Concentration: 0.1 M. Palladium loading: 2.25 mol%. Ligand loading: 5 mol%. Base loading: 3 eq. What is the yield (%) and cost (US dollar per mol) of this reaction?","","56.45,0.055566917","[]"
"Here is a chemical reaction. Reactants are: Cn1cnc(C#N)c1, Fc1ccccc1Br. Product is: Cn1cnc(C#N)c1-c1ccccc1F. Reaction type is Pd catalyzed C-H arylation. The reaction conditions of this reaction are: Palladium Source: [PdCl(allyl)]2. Ligand: CP(c1ccccc1)c1ccccc1. Solvent: Cc1ccc(C)cc1. Base: KOAc. Reaction Temperature: 90 degrees centigrade. Reaction Concentration: 0.057 M. Palladium loading: 2.25 mol%. Ligand loading: 5 mol%. Base loading: 3 eq. What is the yield (%) and cost (US dollar per mol) of this reaction?","","0.0,0.041445396","[]"
"Here is a chemical reaction. Reactants are: Cn1cnc(C#N)c1, Fc1ccccc1Br. Product is: Cn1cnc(C#N)c1-c1ccccc1F. Reaction type is Pd catalyzed C-H arylation. The reaction conditions of this reaction are: Palladium Source: [PdCl(allyl)]2. Ligand: COc1ccc(OC)c(P(c2cc(C(F)(F)F)cc(C(F)(F)F)c2)c2cc(C(F)(F)F)cc(C(F)(F)F)c2)c1-c1c(C(C)C)cc(C(C)C)cc1C(C)C. Solvent: CCCCOC(C)=O. Base: KOAc. Reaction Temperature: 105 degrees centigrade. Reaction Concentration: 0.153 M. Palladium loading: 2.25 mol%. Ligand loading: 5 mol%. Base loading: 3 eq. What is the yield (%) and cost (US dollar per mol) of this reaction?","","6.18,0.359241246","[]"
"Here is a chemical reaction. Reactants are: Cn1cnc(C#N)c1, Fc1ccccc1Br. Product is: Cn1cnc(C#N)c1-c1ccccc1F. Reaction type is Pd catalyzed C-H arylation. The reaction conditions of this reaction are: Palladium Source: [PdCl(allyl)]2. Ligand: CC(C)c1cc(C(C)C)c(-c2ccccc2P(C2CCCCC2)C2CCCCC2)c(C(C)C)c1. Solvent: CCCC#N. Base: KOPiv. Reaction Temperature: 105 degrees centigrade. Reaction Concentration: 0.153 M. Palladium loading: 2.25 mol%. Ligand loading: 5 mol%. Base loading: 3 eq. What is the yield (%) and cost (US dollar per mol) of this reaction?","","73.33,0.041284084","[]"
"Here is a chemical reaction. Reactants are: Cn1cnc(C#N)c1, Fc1ccccc1Br. Product is: Cn1cnc(C#N)c1-c1ccccc1F. Reaction type is Pd catalyzed C-H arylation. The reaction conditions of this reaction are: Palladium Source: [PdCl(allyl)]2. Ligand: CC(C)Oc1cccc(OC(C)C)c1P(C1CCCCC1)C1CCCCC1. Solvent: CC(=O)N(C)C. Base: KOPiv. Reaction Temperature: 90 degrees centigrade. Reaction Concentration: 0.057 M. Palladium loading: 2.25 mol%. Ligand loading: 5 mol%. Base loading: 3 eq. What is the yield (%) and cost (US dollar per mol) of this reaction?","","12.98,0.047476236","[]"
"Here is a chemical reaction. Reactants are: Cn1cnc(C#N)c1, Fc1ccccc1Br. Product is: Cn1cnc(C#N)c1-c1ccccc1F. Reaction type is Pd catalyzed C-H arylation. The reaction conditions of this reaction are: Palladium Source: [PdCl(allyl)]2. Ligand: CN(C)c1cccc(N(C)C)c1-c1ccccc1P(c1ccccc1)C(C)(C)C. Solvent: CCCCOC(C)=O. Base: CsOPiv. Reaction Temperature: 120 degrees centigrade. Reaction Concentration: 0.153 M. Palladium loading: 2.25 mol%. Ligand loading: 5 mol%. Base loading: 3 eq. What is the yield (%) and cost (US dollar per mol) of this reaction?","","0.0,0.358480959","[]"
"Here is a chemical reaction. Reactants are: Cn1cnc(C#N)c1, Fc1ccccc1Br. Product is: Cn1cnc(C#N)c1-c1ccccc1F. Reaction type is Pd catalyzed C-H arylation. The reaction conditions of this reaction are: Palladium Source: [PdCl(allyl)]2. Ligand: CN(C)c1cccc(N(C)C)c1-c1ccccc1P(c1ccccc1)C(C)(C)C. Solvent: Cc1ccc(C)cc1. Base: KOPiv. Reaction Temperature: 105 degrees centigrade. Reaction Concentration: 0.153 M. Palladium loading: 2.25 mol%. Ligand loading: 5 mol%. Base loading: 3 eq. What is the yield (%) and cost (US dollar per mol) of this reaction?","","47.33,0.264913225","[]"
"Here is a chemical reaction. Reactants are: Cn1cnc(C#N)c1, Fc1ccccc1Br. Product is: Cn1cnc(C#N)c1-c1ccccc1F. Reaction type is Pd catalyzed C-H arylation. The reaction conditions of this reaction are: Palladium Source: [PdCl(allyl)]2. Ligand: COc1ccc(OC)c(P(C2CCCCC2)C2CCCCC2)c1-c1c(C(C)C)cc(C(C)C)cc1C(C)C. Solvent: CC(=O)N(C)C. Base: KOPiv. Reaction Temperature: 120 degrees centigrade. Reaction Concentration: 0.1 M. Palladium loading: 2.25 mol%. Ligand loading: 5 mol%. Base loading: 3 eq. What is the yield (%) and cost (US dollar per mol) of this reaction?","","0.26,0.144666163","[]"
"Here is a chemical reaction. Reactants are: Cn1cnc(C#N)c1, Fc1ccccc1Br. Product is: Cn1cnc(C#N)c1-c1ccccc1F. Reaction type is Pd catalyzed C-H arylation. The reaction conditions of this reaction are: Palladium Source: [PdCl(allyl)]2. Ligand: C1CCC(P(C2CCCCC2)C2CCCCC2)CC1. Solvent: CC(=O)N(C)C. Base: CsOAc. Reaction Temperature: 105 degrees centigrade. Reaction Concentration: 0.1 M. Palladium loading: 2.25 mol%. Ligand loading: 5 mol%. Base loading: 3 eq. What is the yield (%) and cost (US dollar per mol) of this reaction?","","12.83,0.077697116","[]"
"Here is a chemical reaction. Reactants are: Cn1cnc(C#N)c1, Fc1ccccc1Br. Product is: Cn1cnc(C#N)c1-c1ccccc1F. Reaction type is Pd catalyzed C-H arylation. The reaction conditions of this reaction are: Palladium Source: [PdCl(allyl)]2. Ligand: CC(C)(C)P(c1ccccc1)C(C)(C)C. Solvent: Cc1ccc(C)cc1. Base: KOAc. Reaction Temperature: 120 degrees centigrade. Reaction Concentration: 0.1 M. Palladium loading: 2.25 mol%. Ligand loading: 5 mol%. Base loading: 3 eq. What is the yield (%) and cost (US dollar per mol) of this reaction?","","0.0,0.045527419","[]"
"Here is a chemical reaction. Reactants are: Cn1cnc(C#N)c1, Fc1ccccc1Br. Product is: Cn1cnc(C#N)c1-c1ccccc1F. Reaction type is Pd catalyzed C-H arylation. The reaction conditions of this reaction are: Palladium Source: [PdCl(allyl)]2. Ligand: CP(C)c1ccccc1. Solvent: Cc1ccc(C)cc1. Base: KOAc. Reaction Temperature: 90 degrees centigrade. Reaction Concentration: 0.1 M. Palladium loading: 2.25 mol%. Ligand loading: 5 mol%. Base loading: 3 eq. What is the yield (%) and cost (US dollar per mol) of this reaction?","","0.0,0.030932803","[]"
"Here is a chemical reaction. Reactants are: Cn1cnc(C#N)c1, Fc1ccccc1Br. Product is: Cn1cnc(C#N)c1-c1ccccc1F. Reaction type is Pd catalyzed C-H arylation. The reaction conditions of this reaction are: Palladium Source: [PdCl(allyl)]2. Ligand: CC(C)(C)P(c1ccccc1)C(C)(C)C. Solvent: CCCCOC(C)=O. Base: CsOPiv. Reaction Temperature: 90 degrees centigrade. Reaction Concentration: 0.153 M. Palladium loading: 2.25 mol%. Ligand loading: 5 mol%. Base loading: 3 eq. What is the yield (%) and cost (US dollar per mol) of this reaction?","","0.0,0.132769674","[]"
"Here is a chemical reaction. Reactants are: Cn1cnc(C#N)c1, Fc1ccccc1Br. Product is: Cn1cnc(C#N)c1-c1ccccc1F. Reaction type is Pd catalyzed C-H arylation. The reaction conditions of this reaction are: Palladium Source: [PdCl(allyl)]2. Ligand: c1coc(P(c2ccco2)c2ccco2)c1. Solvent: CCCCOC(C)=O. Base: KOPiv. Reaction Temperature: 105 degrees centigrade. Reaction Concentration: 0.057 M. Palladium loading: 2.25 mol%. Ligand loading: 5 mol%. Base loading: 3 eq. What is the yield (%) and cost (US dollar per mol) of this reaction?","","16.31,0.067864025","[]"
"Here is a chemical reaction. Reactants are: Cn1cnc(C#N)c1, Fc1ccccc1Br. Product is: Cn1cnc(C#N)c1-c1ccccc1F. Reaction type is Pd catalyzed C-H arylation. The reaction conditions of this reaction are: Palladium Source: [PdCl(allyl)]2. Ligand: CN(C)c1cccc(N(C)C)c1-c1ccccc1P(c1ccccc1)C(C)(C)C. Solvent: CCCC#N. Base: CsOPiv. Reaction Temperature: 90 degrees centigrade. Reaction Concentration: 0.153 M. Palladium loading: 2.25 mol%. Ligand loading: 5 mol%. Base loading: 3 eq. What is the yield (%) and cost (US dollar per mol) of this reaction?","","8.95,0.362680847","[]"
"Here is a chemical reaction. Reactants are: Cn1cnc(C#N)c1, Fc1ccccc1Br. Product is: Cn1cnc(C#N)c1-c1ccccc1F. Reaction type is Pd catalyzed C-H arylation. The reaction conditions of this reaction are: Palladium Source: [PdCl(allyl)]2. Ligand: CP(c1ccccc1)c1ccccc1. Solvent: CC(=O)N(C)C. Base: KOAc. Reaction Temperature: 120 degrees centigrade. Reaction Concentration: 0.057 M. Palladium loading: 2.25 mol%. Ligand loading: 5 mol%. Base loading: 3 eq. What is the yield (%) and cost (US dollar per mol) of this reaction?","","12.01,0.03751272","[]"
"Here is a chemical reaction. Reactants are: Cn1cnc(C#N)c1, Fc1ccccc1Br. Product is: Cn1cnc(C#N)c1-c1ccccc1F. Reaction type is Pd catalyzed C-H arylation. The reaction conditions of this reaction are: Palladium Source: [PdCl(allyl)]2. Ligand: COc1ccc(OC)c(P(C2CCCCC2)C2CCCCC2)c1-c1c(C(C)C)cc(C(C)C)cc1C(C)C. Solvent: CCCC#N. Base: KOAc. Reaction Temperature: 105 degrees centigrade. Reaction Concentration: 0.057 M. Palladium loading: 2.25 mol%. Ligand loading: 5 mol%. Base loading: 3 eq. What is the yield (%) and cost (US dollar per mol) of this reaction?","","6.0,0.186485974","[]"
"Here is a chemical reaction. Reactants are: Cn1cnc(C#N)c1, Fc1ccccc1Br. Product is: Cn1cnc(C#N)c1-c1ccccc1F. Reaction type is Pd catalyzed C-H arylation. The reaction conditions of this reaction are: Palladium Source: [PdCl(allyl)]2. Ligand: CP(c1ccccc1)c1ccccc1. Solvent: CC(=O)N(C)C. Base: KOAc. Reaction Temperature: 105 degrees centigrade. Reaction Concentration: 0.057 M. Palladium loading: 2.25 mol%. Ligand loading: 5 mol%. Base loading: 3 eq. What is the yield (%) and cost (US dollar per mol) of this reaction?","","14.36,0.037519494","[]"
"Here is a chemical reaction. Reactants are: Cn1cnc(C#N)c1, Fc1ccccc1Br. Product is: Cn1cnc(C#N)c1-c1ccccc1F. Reaction type is Pd catalyzed C-H arylation. The reaction conditions of this reaction are: Palladium Source: [PdCl(allyl)]2. Ligand: C1CCC(P(C2CCCCC2)C2CCCCC2)CC1. Solvent: CCCCOC(C)=O. Base: CsOAc. Reaction Temperature: 90 degrees centigrade. Reaction Concentration: 0.057 M. Palladium loading: 2.25 mol%. Ligand loading: 5 mol%. Base loading: 3 eq. What is the yield (%) and cost (US dollar per mol) of this reaction?","","0.0,0.107934644","[]"
"Here is a chemical reaction. Reactants are: Cn1cnc(C#N)c1, Fc1ccccc1Br. Product is: Cn1cnc(C#N)c1-c1ccccc1F. Reaction type is Pd catalyzed C-H arylation. The reaction conditions of this reaction are: Palladium Source: [PdCl(allyl)]2. Ligand: CC(C)(C)P(c1ccccc1)C(C)(C)C. Solvent: CC(=O)N(C)C. Base: KOPiv. Reaction Temperature: 120 degrees centigrade. Reaction Concentration: 0.1 M. Palladium loading: 2.25 mol%. Ligand loading: 5 mol%. Base loading: 3 eq. What is the yield (%) and cost (US dollar per mol) of this reaction?","","28.53,0.042188856","[]"
"Here is a chemical reaction. Reactants are: Cn1cnc(C#N)c1, Fc1ccccc1Br. Product is: Cn1cnc(C#N)c1-c1ccccc1F. Reaction type is Pd catalyzed C-H arylation. The reaction conditions of this reaction are: Palladium Source: [PdCl(allyl)]2. Ligand: CC(C)c1cc(C(C)C)c(-c2ccccc2P(C2CCCCC2)C2CCCCC2)c(C(C)C)c1. Solvent: CC(=O)N(C)C. Base: KOAc. Reaction Temperature: 105 degrees centigrade. Reaction Concentration: 0.153 M. Palladium loading: 2.25 mol%. Ligand loading: 5 mol%. Base loading: 3 eq. What is the yield (%) and cost (US dollar per mol) of this reaction?","","48.86,0.029979486","[]"
"Here is a chemical reaction. Reactants are: Cn1cnc(C#N)c1, Fc1ccccc1Br. Product is: Cn1cnc(C#N)c1-c1ccccc1F. Reaction type is Pd catalyzed C-H arylation. The reaction conditions of this reaction are: Palladium Source: [PdCl(allyl)]2. Ligand: COc1ccc(OC)c(P(C2CCCCC2)C2CCCCC2)c1-c1c(C(C)C)cc(C(C)C)cc1C(C)C. Solvent: CCCC#N. Base: KOPiv. Reaction Temperature: 120 degrees centigrade. Reaction Concentration: 0.153 M. Palladium loading: 2.25 mol%. Ligand loading: 5 mol%. Base loading: 3 eq. What is the yield (%) and cost (US dollar per mol) of this reaction?","","58.48,0.152440653","[]"
"Here is a chemical reaction. Reactants are: Cn1cnc(C#N)c1, Fc1ccccc1Br. Product is: Cn1cnc(C#N)c1-c1ccccc1F. Reaction type is Pd catalyzed C-H arylation. The reaction conditions of this reaction are: Palladium Source: [PdCl(allyl)]2. Ligand: CP(C)c1ccccc1. Solvent: CCCC#N. Base: KOAc. Reaction Temperature: 90 degrees centigrade. Reaction Concentration: 0.153 M. Palladium loading: 2.25 mol%. Ligand loading: 5 mol%. Base loading: 3 eq. What is the yield (%) and cost (US dollar per mol) of this reaction?","","0.0,0.035932514","[]"
"Here is a chemical reaction. Reactants are: Cn1cnc(C#N)c1, Fc1ccccc1Br. Product is: Cn1cnc(C#N)c1-c1ccccc1F. Reaction type is Pd catalyzed C-H arylation. The reaction conditions of this reaction are: Palladium Source: [PdCl(allyl)]2. Ligand: COc1ccc(OC)c(P(c2cc(C(F)(F)F)cc(C(F)(F)F)c2)c2cc(C(F)(F)F)cc(C(F)(F)F)c2)c1-c1c(C(C)C)cc(C(C)C)cc1C(C)C. Solvent: CCCC#N. Base: CsOAc. Reaction Temperature: 105 degrees centigrade. Reaction Concentration: 0.1 M. Palladium loading: 2.25 mol%. Ligand loading: 5 mol%. Base loading: 3 eq. What is the yield (%) and cost (US dollar per mol) of this reaction?","","26.69,0.41953911","[]"
"Here is a chemical reaction. Reactants are: Cn1cnc(C#N)c1, Fc1ccccc1Br. Product is: Cn1cnc(C#N)c1-c1ccccc1F. Reaction type is Pd catalyzed C-H arylation. The reaction conditions of this reaction are: Palladium Source: [PdCl(allyl)]2. Ligand: COc1ccc(OC)c(P(C2CCCCC2)C2CCCCC2)c1-c1c(C(C)C)cc(C(C)C)cc1C(C)C. Solvent: Cc1ccc(C)cc1. Base: KOPiv. Reaction Temperature: 90 degrees centigrade. Reaction Concentration: 0.153 M. Palladium loading: 2.25 mol%. Ligand loading: 5 mol%. Base loading: 3 eq. What is the yield (%) and cost (US dollar per mol) of this reaction?","","38.45,0.141728333","[]"
"Here is a chemical reaction. Reactants are: Cn1cnc(C#N)c1, Fc1ccccc1Br. Product is: Cn1cnc(C#N)c1-c1ccccc1F. Reaction type is Pd catalyzed C-H arylation. The reaction conditions of this reaction are: Palladium Source: [PdCl(allyl)]2. Ligand: CC(C)Oc1cccc(OC(C)C)c1P(C1CCCCC1)C1CCCCC1. Solvent: Cc1ccc(C)cc1. Base: KOPiv. Reaction Temperature: 90 degrees centigrade. Reaction Concentration: 0.153 M. Palladium loading: 2.25 mol%. Ligand loading: 5 mol%. Base loading: 3 eq. What is the yield (%) and cost (US dollar per mol) of this reaction?","","2.49,0.034242861","[]"
"Here is a chemical reaction. Reactants are: Cn1cnc(C#N)c1, Fc1ccccc1Br. Product is: Cn1cnc(C#N)c1-c1ccccc1F. Reaction type is Pd catalyzed C-H arylation. The reaction conditions of this reaction are: Palladium Source: [PdCl(allyl)]2. Ligand: CP(C)c1ccccc1. Solvent: CCCCOC(C)=O. Base: KOAc. Reaction Temperature: 90 degrees centigrade. Reaction Concentration: 0.153 M. Palladium loading: 2.25 mol%. Ligand loading: 5 mol%. Base loading: 3 eq. What is the yield (%) and cost (US dollar per mol) of this reaction?","","0.0,0.031801346","[]"
"Here is a chemical reaction. Reactants are: Cn1cnc(C#N)c1, Fc1ccccc1Br. Product is: Cn1cnc(C#N)c1-c1ccccc1F. Reaction type is Pd catalyzed C-H arylation. The reaction conditions of this reaction are: Palladium Source: [PdCl(allyl)]2. Ligand: CP(C)c1ccccc1. Solvent: CCCCOC(C)=O. Base: CsOAc. Reaction Temperature: 105 degrees centigrade. Reaction Concentration: 0.057 M. Palladium loading: 2.25 mol%. Ligand loading: 5 mol%. Base loading: 3 eq. What is the yield (%) and cost (US dollar per mol) of this reaction?","","0.0,0.104381255","[]"
"Here is a chemical reaction. Reactants are: Cn1cnc(C#N)c1, Fc1ccccc1Br. Product is: Cn1cnc(C#N)c1-c1ccccc1F. Reaction type is Pd catalyzed C-H arylation. The reaction conditions of this reaction are: Palladium Source: [PdCl(allyl)]2. Ligand: CP(c1ccccc1)c1ccccc1. Solvent: Cc1ccc(C)cc1. Base: KOAc. Reaction Temperature: 120 degrees centigrade. Reaction Concentration: 0.153 M. Palladium loading: 2.25 mol%. Ligand loading: 5 mol%. Base loading: 3 eq. What is the yield (%) and cost (US dollar per mol) of this reaction?","","0.0,0.024273053","[]"
"Here is a chemical reaction. Reactants are: Cn1cnc(C#N)c1, Fc1ccccc1Br. Product is: Cn1cnc(C#N)c1-c1ccccc1F. Reaction type is Pd catalyzed C-H arylation. The reaction conditions of this reaction are: Palladium Source: [PdCl(allyl)]2. Ligand: CC12C[C@]3(C)O[C@@](C)(C[C@@](C)(O3)P1c1ccccc1)O2. Solvent: CCCCOC(C)=O. Base: KOPiv. Reaction Temperature: 105 degrees centigrade. Reaction Concentration: 0.1 M. Palladium loading: 2.25 mol%. Ligand loading: 5 mol%. Base loading: 3 eq. What is the yield (%) and cost (US dollar per mol) of this reaction?","","36.23,0.068589774","[]"
"Here is a chemical reaction. Reactants are: Cn1cnc(C#N)c1, Fc1ccccc1Br. Product is: Cn1cnc(C#N)c1-c1ccccc1F. Reaction type is Pd catalyzed C-H arylation. The reaction conditions of this reaction are: Palladium Source: [PdCl(allyl)]2. Ligand: CN(C)c1cccc(N(C)C)c1-c1ccccc1P(c1ccccc1)C(C)(C)C. Solvent: CCCC#N. Base: KOAc. Reaction Temperature: 120 degrees centigrade. Reaction Concentration: 0.057 M. Palladium loading: 2.25 mol%. Ligand loading: 5 mol%. Base loading: 3 eq. What is the yield (%) and cost (US dollar per mol) of this reaction?","","8.52,0.309657806","[]"
"Here is a chemical reaction. Reactants are: Cn1cnc(C#N)c1, Fc1ccccc1Br. Product is: Cn1cnc(C#N)c1-c1ccccc1F. Reaction type is Pd catalyzed C-H arylation. The reaction conditions of this reaction are: Palladium Source: [PdCl(allyl)]2. Ligand: CN(C)c1cccc(N(C)C)c1-c1ccccc1P(c1ccccc1)C(C)(C)C. Solvent: CCCCOC(C)=O. Base: KOPiv. Reaction Temperature: 105 degrees centigrade. Reaction Concentration: 0.1 M. Palladium loading: 2.25 mol%. Ligand loading: 5 mol%. Base loading: 3 eq. What is the yield (%) and cost (US dollar per mol) of this reaction?","","22.75,0.279662474","[]"
"Here is a chemical reaction. Reactants are: Cn1cnc(C#N)c1, Fc1ccccc1Br. Product is: Cn1cnc(C#N)c1-c1ccccc1F. Reaction type is Pd catalyzed C-H arylation. The reaction conditions of this reaction are: Palladium Source: [PdCl(allyl)]2. Ligand: CC(C)Oc1cccc(OC(C)C)c1P(C1CCCCC1)C1CCCCC1. Solvent: CCCC#N. Base: KOAc. Reaction Temperature: 105 degrees centigrade. Reaction Concentration: 0.1 M. Palladium loading: 2.25 mol%. Ligand loading: 5 mol%. Base loading: 3 eq. What is the yield (%) and cost (US dollar per mol) of this reaction?","","14.36,0.056338042","[]"
"Here is a chemical reaction. Reactants are: Cn1cnc(C#N)c1, Fc1ccccc1Br. Product is: Cn1cnc(C#N)c1-c1ccccc1F. Reaction type is Pd catalyzed C-H arylation. The reaction conditions of this reaction are: Palladium Source: [PdCl(allyl)]2. Ligand: CC(C)Oc1cccc(OC(C)C)c1P(C1CCCCC1)C1CCCCC1. Solvent: CCCCOC(C)=O. Base: KOPiv. Reaction Temperature: 120 degrees centigrade. Reaction Concentration: 0.1 M. Palladium loading: 2.25 mol%. Ligand loading: 5 mol%. Base loading: 3 eq. What is the yield (%) and cost (US dollar per mol) of this reaction?","","35.43,0.049227084","[]"
"Here is a chemical reaction. Reactants are: Cn1cnc(C#N)c1, Fc1ccccc1Br. Product is: Cn1cnc(C#N)c1-c1ccccc1F. Reaction type is Pd catalyzed C-H arylation. The reaction conditions of this reaction are: Palladium Source: [PdCl(allyl)]2. Ligand: C1CCC(P(C2CCCCC2)C2CCCCC2)CC1. Solvent: Cc1ccc(C)cc1. Base: KOAc. Reaction Temperature: 120 degrees centigrade. Reaction Concentration: 0.057 M. Palladium loading: 2.25 mol%. Ligand loading: 5 mol%. Base loading: 3 eq. What is the yield (%) and cost (US dollar per mol) of this reaction?","","0.0,0.046254613","[]"
"Here is a chemical reaction. Reactants are: Cn1cnc(C#N)c1, Fc1ccccc1Br. Product is: Cn1cnc(C#N)c1-c1ccccc1F. Reaction type is Pd catalyzed C-H arylation. The reaction conditions of this reaction are: Palladium Source: [PdCl(allyl)]2. Ligand: CC(C)(C)P(c1ccccc1)C(C)(C)C. Solvent: CCCC#N. Base: CsOPiv. Reaction Temperature: 105 degrees centigrade. Reaction Concentration: 0.1 M. Palladium loading: 2.25 mol%. Ligand loading: 5 mol%. Base loading: 3 eq. What is the yield (%) and cost (US dollar per mol) of this reaction?","","0.0,0.14739692","[]"
"Here is a chemical reaction. Reactants are: Cn1cnc(C#N)c1, Fc1ccccc1Br. Product is: Cn1cnc(C#N)c1-c1ccccc1F. Reaction type is Pd catalyzed C-H arylation. The reaction conditions of this reaction are: Palladium Source: [PdCl(allyl)]2. Ligand: c1ccc(P(c2ccccc2)c2ccccc2)cc1. Solvent: CC(=O)N(C)C. Base: KOAc. Reaction Temperature: 90 degrees centigrade. Reaction Concentration: 0.1 M. Palladium loading: 2.25 mol%. Ligand loading: 5 mol%. Base loading: 3 eq. What is the yield (%) and cost (US dollar per mol) of this reaction?","","14.29,0.026332962","[]"
"Here is a chemical reaction. Reactants are: Cn1cnc(C#N)c1, Fc1ccccc1Br. Product is: Cn1cnc(C#N)c1-c1ccccc1F. Reaction type is Pd catalyzed C-H arylation. The reaction conditions of this reaction are: Palladium Source: [PdCl(allyl)]2. Ligand: c1ccc(P(c2ccccc2)c2ccccc2)cc1. Solvent: Cc1ccc(C)cc1. Base: KOPiv. Reaction Temperature: 120 degrees centigrade. Reaction Concentration: 0.1 M. Palladium loading: 2.25 mol%. Ligand loading: 5 mol%. Base loading: 3 eq. What is the yield (%) and cost (US dollar per mol) of this reaction?","","4.48,0.027540327","[]"
"Here is a chemical reaction. Reactants are: Cn1cnc(C#N)c1, Fc1ccccc1Br. Product is: Cn1cnc(C#N)c1-c1ccccc1F. Reaction type is Pd catalyzed C-H arylation. The reaction conditions of this reaction are: Palladium Source: [PdCl(allyl)]2. Ligand: c1coc(P(c2ccco2)c2ccco2)c1. Solvent: CCCCOC(C)=O. Base: KOPiv. Reaction Temperature: 90 degrees centigrade. Reaction Concentration: 0.057 M. Palladium loading: 2.25 mol%. Ligand loading: 5 mol%. Base loading: 3 eq. What is the yield (%) and cost (US dollar per mol) of this reaction?","","15.73,0.067860763","[]"
"Here is a chemical reaction. Reactants are: Cn1cnc(C#N)c1, Fc1ccccc1Br. Product is: Cn1cnc(C#N)c1-c1ccccc1F. Reaction type is Pd catalyzed C-H arylation. The reaction conditions of this reaction are: Palladium Source: [PdCl(allyl)]2. Ligand: CC(C)c1cc(C(C)C)c(-c2ccccc2P(C2CCCCC2)C2CCCCC2)c(C(C)C)c1. Solvent: CC(=O)N(C)C. Base: KOAc. Reaction Temperature: 90 degrees centigrade. Reaction Concentration: 0.1 M. Palladium loading: 2.25 mol%. Ligand loading: 5 mol%. Base loading: 3 eq. What is the yield (%) and cost (US dollar per mol) of this reaction?","","38.03,0.034598755","[]"
"Here is a chemical reaction. Reactants are: Cn1cnc(C#N)c1, Fc1ccccc1Br. Product is: Cn1cnc(C#N)c1-c1ccccc1F. Reaction type is Pd catalyzed C-H arylation. The reaction conditions of this reaction are: Palladium Source: [PdCl(allyl)]2. Ligand: CC12C[C@]3(C)O[C@@](C)(C[C@@](C)(O3)P1c1ccccc1)O2. Solvent: CCCC#N. Base: KOAc. Reaction Temperature: 120 degrees centigrade. Reaction Concentration: 0.1 M. Palladium loading: 2.25 mol%. Ligand loading: 5 mol%. Base loading: 3 eq. What is the yield (%) and cost (US dollar per mol) of this reaction?","","67.57,0.076104788","[]"
"Here is a chemical reaction. Reactants are: Cn1cnc(C#N)c1, Fc1ccccc1Br. Product is: Cn1cnc(C#N)c1-c1ccccc1F. Reaction type is Pd catalyzed C-H arylation. The reaction conditions of this reaction are: Palladium Source: [PdCl(allyl)]2. Ligand: CC(C)c1cc(C(C)C)c(-c2ccccc2P(C2CCCCC2)C2CCCCC2)c(C(C)C)c1. Solvent: CC(=O)N(C)C. Base: KOPiv. Reaction Temperature: 90 degrees centigrade. Reaction Concentration: 0.1 M. Palladium loading: 2.25 mol%. Ligand loading: 5 mol%. Base loading: 3 eq. What is the yield (%) and cost (US dollar per mol) of this reaction?","","55.17,0.033553867","[]"
"Here is a chemical reaction. Reactants are: Cn1cnc(C#N)c1, Fc1ccccc1Br. Product is: Cn1cnc(C#N)c1-c1ccccc1F. Reaction type is Pd catalyzed C-H arylation. The reaction conditions of this reaction are: Palladium Source: [PdCl(allyl)]2. Ligand: CP(c1ccccc1)c1ccccc1. Solvent: CCCC#N. Base: CsOAc. Reaction Temperature: 90 degrees centigrade. Reaction Concentration: 0.1 M. Palladium loading: 2.25 mol%. Ligand loading: 5 mol%. Base loading: 3 eq. What is the yield (%) and cost (US dollar per mol) of this reaction?","","0.0,0.09067321","[]"
"Here is a chemical reaction. Reactants are: Cn1cnc(C#N)c1, Fc1ccccc1Br. Product is: Cn1cnc(C#N)c1-c1ccccc1F. Reaction type is Pd catalyzed C-H arylation. The reaction conditions of this reaction are: Palladium Source: [PdCl(allyl)]2. Ligand: CP(C)c1ccccc1. Solvent: Cc1ccc(C)cc1. Base: KOAc. Reaction Temperature: 120 degrees centigrade. Reaction Concentration: 0.153 M. Palladium loading: 2.25 mol%. Ligand loading: 5 mol%. Base loading: 3 eq. What is the yield (%) and cost (US dollar per mol) of this reaction?","","0.0,0.025528882","[]"
"Here is a chemical reaction. Reactants are: Cn1cnc(C#N)c1, Fc1ccccc1Br. Product is: Cn1cnc(C#N)c1-c1ccccc1F. Reaction type is Pd catalyzed C-H arylation. The reaction conditions of this reaction are: Palladium Source: [PdCl(allyl)]2. Ligand: c1ccc(P(c2ccccc2)c2ccccc2)cc1. Solvent: CCCC#N. Base: KOPiv. Reaction Temperature: 105 degrees centigrade. Reaction Concentration: 0.153 M. Palladium loading: 2.25 mol%. Ligand loading: 5 mol%. Base loading: 3 eq. What is the yield (%) and cost (US dollar per mol) of this reaction?","","7.88,0.032584191","[]"
"Here is a chemical reaction. Reactants are: Cn1cnc(C#N)c1, Fc1ccccc1Br. Product is: Cn1cnc(C#N)c1-c1ccccc1F. Reaction type is Pd catalyzed C-H arylation. The reaction conditions of this reaction are: Palladium Source: [PdCl(allyl)]2. Ligand: COc1ccc(OC)c(P(C2CCCCC2)C2CCCCC2)c1-c1c(C(C)C)cc(C(C)C)cc1C(C)C. Solvent: CC(=O)N(C)C. Base: KOPiv. Reaction Temperature: 105 degrees centigrade. Reaction Concentration: 0.153 M. Palladium loading: 2.25 mol%. Ligand loading: 5 mol%. Base loading: 3 eq. What is the yield (%) and cost (US dollar per mol) of this reaction?","","0.74,0.140017056","[]"
"Here is a chemical reaction. Reactants are: Cn1cnc(C#N)c1, Fc1ccccc1Br. Product is: Cn1cnc(C#N)c1-c1ccccc1F. Reaction type is Pd catalyzed C-H arylation. The reaction conditions of this reaction are: Palladium Source: [PdCl(allyl)]2. Ligand: CN(C)c1cccc(N(C)C)c1-c1ccccc1P(c1ccccc1)C(C)(C)C. Solvent: CCCCOC(C)=O. Base: KOAc. Reaction Temperature: 105 degrees centigrade. Reaction Concentration: 0.153 M. Palladium loading: 2.25 mol%. Ligand loading: 5 mol%. Base loading: 3 eq. What is the yield (%) and cost (US dollar per mol) of this reaction?","","0.0,0.272107247","[]"
"Here is a chemical reaction. Reactants are: Cn1cnc(C#N)c1, Fc1ccccc1Br. Product is: Cn1cnc(C#N)c1-c1ccccc1F. Reaction type is Pd catalyzed C-H arylation. The reaction conditions of this reaction are: Palladium Source: [PdCl(allyl)]2. Ligand: C1CCC(P(C2CCCCC2)C2CCCCC2)CC1. Solvent: CCCC#N. Base: CsOPiv. Reaction Temperature: 105 degrees centigrade. Reaction Concentration: 0.057 M. Palladium loading: 2.25 mol%. Ligand loading: 5 mol%. Base loading: 3 eq. What is the yield (%) and cost (US dollar per mol) of this reaction?","","1.95,0.15922856","[]"
"Here is a chemical reaction. Reactants are: Cn1cnc(C#N)c1, Fc1ccccc1Br. Product is: Cn1cnc(C#N)c1-c1ccccc1F. Reaction type is Pd catalyzed C-H arylation. The reaction conditions of this reaction are: Palladium Source: [PdCl(allyl)]2. Ligand: CC(C)(C)P(c1ccccc1)C(C)(C)C. Solvent: CC(=O)N(C)C. Base: KOPiv. Reaction Temperature: 105 degrees centigrade. Reaction Concentration: 0.153 M. Palladium loading: 2.25 mol%. Ligand loading: 5 mol%. Base loading: 3 eq. What is the yield (%) and cost (US dollar per mol) of this reaction?","","0.0,0.03745612","[]"
"Here is a chemical reaction. Reactants are: Cn1cnc(C#N)c1, Fc1ccccc1Br. Product is: Cn1cnc(C#N)c1-c1ccccc1F. Reaction type is Pd catalyzed C-H arylation. The reaction conditions of this reaction are: Palladium Source: [PdCl(allyl)]2. Ligand: CP(C)c1ccccc1. Solvent: CCCCOC(C)=O. Base: KOAc. Reaction Temperature: 90 degrees centigrade. Reaction Concentration: 0.1 M. Palladium loading: 2.25 mol%. Ligand loading: 5 mol%. Base loading: 3 eq. What is the yield (%) and cost (US dollar per mol) of this reaction?","","0.0,0.040322914","[]"
"Here is a chemical reaction. Reactants are: Cn1cnc(C#N)c1, Fc1ccccc1Br. Product is: Cn1cnc(C#N)c1-c1ccccc1F. Reaction type is Pd catalyzed C-H arylation. The reaction conditions of this reaction are: Palladium Source: [PdCl(allyl)]2. Ligand: c1coc(P(c2ccco2)c2ccco2)c1. Solvent: Cc1ccc(C)cc1. Base: KOPiv. Reaction Temperature: 90 degrees centigrade. Reaction Concentration: 0.057 M. Palladium loading: 2.25 mol%. Ligand loading: 5 mol%. Base loading: 3 eq. What is the yield (%) and cost (US dollar per mol) of this reaction?","","15.86,0.051650589","[]"
"Here is a chemical reaction. Reactants are: Cn1cnc(C#N)c1, Fc1ccccc1Br. Product is: Cn1cnc(C#N)c1-c1ccccc1F. Reaction type is Pd catalyzed C-H arylation. The reaction conditions of this reaction are: Palladium Source: [PdCl(allyl)]2. Ligand: CN(C)c1cccc(N(C)C)c1-c1ccccc1P(c1ccccc1)C(C)(C)C. Solvent: CCCC#N. Base: KOPiv. Reaction Temperature: 90 degrees centigrade. Reaction Concentration: 0.1 M. Palladium loading: 2.25 mol%. Ligand loading: 5 mol%. Base loading: 3 eq. What is the yield (%) and cost (US dollar per mol) of this reaction?","","6.69,0.28569156","[]"
"Here is a chemical reaction. Reactants are: Cn1cnc(C#N)c1, Fc1ccccc1Br. Product is: Cn1cnc(C#N)c1-c1ccccc1F. Reaction type is Pd catalyzed C-H arylation. The reaction conditions of this reaction are: Palladium Source: [PdCl(allyl)]2. Ligand: COc1ccc(OC)c(P(C2CCCCC2)C2CCCCC2)c1-c1c(C(C)C)cc(C(C)C)cc1C(C)C. Solvent: CCCC#N. Base: CsOPiv. Reaction Temperature: 120 degrees centigrade. Reaction Concentration: 0.153 M. Palladium loading: 2.25 mol%. Ligand loading: 5 mol%. Base loading: 3 eq. What is the yield (%) and cost (US dollar per mol) of this reaction?","","53.81,0.239872808","[]"
"Here is a chemical reaction. Reactants are: Cn1cnc(C#N)c1, Fc1ccccc1Br. Product is: Cn1cnc(C#N)c1-c1ccccc1F. Reaction type is Pd catalyzed C-H arylation. The reaction conditions of this reaction are: Palladium Source: [PdCl(allyl)]2. Ligand: CC(C)Oc1cccc(OC(C)C)c1P(C1CCCCC1)C1CCCCC1. Solvent: CCCCOC(C)=O. Base: KOAc. Reaction Temperature: 120 degrees centigrade. Reaction Concentration: 0.1 M. Palladium loading: 2.25 mol%. Ligand loading: 5 mol%. Base loading: 3 eq. What is the yield (%) and cost (US dollar per mol) of this reaction?","","11.31,0.050185719","[]"
"Here is a chemical reaction. Reactants are: Cn1cnc(C#N)c1, Fc1ccccc1Br. Product is: Cn1cnc(C#N)c1-c1ccccc1F. Reaction type is Pd catalyzed C-H arylation. The reaction conditions of this reaction are: Palladium Source: [PdCl(allyl)]2. Ligand: CC12C[C@]3(C)O[C@@](C)(C[C@@](C)(O3)P1c1ccccc1)O2. Solvent: CC(=O)N(C)C. Base: CsOAc. Reaction Temperature: 90 degrees centigrade. Reaction Concentration: 0.057 M. Palladium loading: 2.25 mol%. Ligand loading: 5 mol%. Base loading: 3 eq. What is the yield (%) and cost (US dollar per mol) of this reaction?","","38.8,0.113503605","[]"
"Here is a chemical reaction. Reactants are: Cn1cnc(C#N)c1, Fc1ccccc1Br. Product is: Cn1cnc(C#N)c1-c1ccccc1F. Reaction type is Pd catalyzed C-H arylation. The reaction conditions of this reaction are: Palladium Source: [PdCl(allyl)]2. Ligand: CC12C[C@]3(C)O[C@@](C)(C[C@@](C)(O3)P1c1ccccc1)O2. Solvent: CCCCOC(C)=O. Base: KOAc. Reaction Temperature: 120 degrees centigrade. Reaction Concentration: 0.1 M. Palladium loading: 2.25 mol%. Ligand loading: 5 mol%. Base loading: 3 eq. What is the yield (%) and cost (US dollar per mol) of this reaction?","","51.37,0.069769229","[]"
"Here is a chemical reaction. Reactants are: Cn1cnc(C#N)c1, Fc1ccccc1Br. Product is: Cn1cnc(C#N)c1-c1ccccc1F. Reaction type is Pd catalyzed C-H arylation. The reaction conditions of this reaction are: Palladium Source: [PdCl(allyl)]2. Ligand: CP(c1ccccc1)c1ccccc1. Solvent: CC(=O)N(C)C. Base: CsOAc. Reaction Temperature: 105 degrees centigrade. Reaction Concentration: 0.1 M. Palladium loading: 2.25 mol%. Ligand loading: 5 mol%. Base loading: 3 eq. What is the yield (%) and cost (US dollar per mol) of this reaction?","","9.55,0.072878443","[]"
"Here is a chemical reaction. Reactants are: Cn1cnc(C#N)c1, Fc1ccccc1Br. Product is: Cn1cnc(C#N)c1-c1ccccc1F. Reaction type is Pd catalyzed C-H arylation. The reaction conditions of this reaction are: Palladium Source: [PdCl(allyl)]2. Ligand: COc1ccc(OC)c(P(c2cc(C(F)(F)F)cc(C(F)(F)F)c2)c2cc(C(F)(F)F)cc(C(F)(F)F)c2)c1-c1c(C(C)C)cc(C(C)C)cc1C(C)C. Solvent: Cc1ccc(C)cc1. Base: KOPiv. Reaction Temperature: 90 degrees centigrade. Reaction Concentration: 0.153 M. Palladium loading: 2.25 mol%. Ligand loading: 5 mol%. Base loading: 3 eq. What is the yield (%) and cost (US dollar per mol) of this reaction?","","9.96,0.351876074","[]"
"Here is a chemical reaction. Reactants are: Cn1cnc(C#N)c1, Fc1ccccc1Br. Product is: Cn1cnc(C#N)c1-c1ccccc1F. Reaction type is Pd catalyzed C-H arylation. The reaction conditions of this reaction are: Palladium Source: [PdCl(allyl)]2. Ligand: CP(C)c1ccccc1. Solvent: CC(=O)N(C)C. Base: CsOAc. Reaction Temperature: 90 degrees centigrade. Reaction Concentration: 0.1 M. Palladium loading: 2.25 mol%. Ligand loading: 5 mol%. Base loading: 3 eq. What is the yield (%) and cost (US dollar per mol) of this reaction?","","0.0,0.074106741","[]"
"Here is a chemical reaction. Reactants are: Cn1cnc(C#N)c1, Fc1ccccc1Br. Product is: Cn1cnc(C#N)c1-c1ccccc1F. Reaction type is Pd catalyzed C-H arylation. The reaction conditions of this reaction are: Palladium Source: [PdCl(allyl)]2. Ligand: C1CCC(P(C2CCCCC2)C2CCCCC2)CC1. Solvent: CC(=O)N(C)C. Base: CsOAc. Reaction Temperature: 90 degrees centigrade. Reaction Concentration: 0.153 M. Palladium loading: 2.25 mol%. Ligand loading: 5 mol%. Base loading: 3 eq. What is the yield (%) and cost (US dollar per mol) of this reaction?","","2.53,0.073016933","[]"
"Here is a chemical reaction. Reactants are: Cn1cnc(C#N)c1, Fc1ccccc1Br. Product is: Cn1cnc(C#N)c1-c1ccccc1F. Reaction type is Pd catalyzed C-H arylation. The reaction conditions of this reaction are: Palladium Source: [PdCl(allyl)]2. Ligand: CN(C)c1cccc(N(C)C)c1-c1ccccc1P(c1ccccc1)C(C)(C)C. Solvent: CC(=O)N(C)C. Base: CsOAc. Reaction Temperature: 90 degrees centigrade. Reaction Concentration: 0.153 M. Palladium loading: 2.25 mol%. Ligand loading: 5 mol%. Base loading: 3 eq. What is the yield (%) and cost (US dollar per mol) of this reaction?","","12.44,0.309798013","[]"
"Here is a chemical reaction. Reactants are: Cn1cnc(C#N)c1, Fc1ccccc1Br. Product is: Cn1cnc(C#N)c1-c1ccccc1F. Reaction type is Pd catalyzed C-H arylation. The reaction conditions of this reaction are: Palladium Source: [PdCl(allyl)]2. Ligand: CP(c1ccccc1)c1ccccc1. Solvent: CCCCOC(C)=O. Base: CsOAc. Reaction Temperature: 105 degrees centigrade. Reaction Concentration: 0.057 M. Palladium loading: 2.25 mol%. Ligand loading: 5 mol%. Base loading: 3 eq. What is the yield (%) and cost (US dollar per mol) of this reaction?","","0.0,0.103125427","[]"
"Here is a chemical reaction. Reactants are: Cn1cnc(C#N)c1, Fc1ccccc1Br. Product is: Cn1cnc(C#N)c1-c1ccccc1F. Reaction type is Pd catalyzed C-H arylation. The reaction conditions of this reaction are: Palladium Source: [PdCl(allyl)]2. Ligand: COc1ccc(OC)c(P(c2cc(C(F)(F)F)cc(C(F)(F)F)c2)c2cc(C(F)(F)F)cc(C(F)(F)F)c2)c1-c1c(C(C)C)cc(C(C)C)cc1C(C)C. Solvent: CC(=O)N(C)C. Base: KOAc. Reaction Temperature: 90 degrees centigrade. Reaction Concentration: 0.057 M. Palladium loading: 2.25 mol%. Ligand loading: 5 mol%. Base loading: 3 eq. What is the yield (%) and cost (US dollar per mol) of this reaction?","","72.24,0.366347319","[]"
"Here is a chemical reaction. Reactants are: Cn1cnc(C#N)c1, Fc1ccccc1Br. Product is: Cn1cnc(C#N)c1-c1ccccc1F. Reaction type is Pd catalyzed C-H arylation. The reaction conditions of this reaction are: Palladium Source: [PdCl(allyl)]2. Ligand: CC(C)(C)P(c1ccccc1)C(C)(C)C. Solvent: CC(=O)N(C)C. Base: CsOAc. Reaction Temperature: 120 degrees centigrade. Reaction Concentration: 0.057 M. Palladium loading: 2.25 mol%. Ligand loading: 5 mol%. Base loading: 3 eq. What is the yield (%) and cost (US dollar per mol) of this reaction?","","1.62,0.098833658","[]"
"Here is a chemical reaction. Reactants are: Cn1cnc(C#N)c1, Fc1ccccc1Br. Product is: Cn1cnc(C#N)c1-c1ccccc1F. Reaction type is Pd catalyzed C-H arylation. The reaction conditions of this reaction are: Palladium Source: [PdCl(allyl)]2. Ligand: CC(C)Oc1cccc(OC(C)C)c1P(C1CCCCC1)C1CCCCC1. Solvent: CCCCOC(C)=O. Base: KOAc. Reaction Temperature: 105 degrees centigrade. Reaction Concentration: 0.1 M. Palladium loading: 2.25 mol%. Ligand loading: 5 mol%. Base loading: 3 eq. What is the yield (%) and cost (US dollar per mol) of this reaction?","","2.85,0.050138135","[]"
"Here is a chemical reaction. Reactants are: Cn1cnc(C#N)c1, Fc1ccccc1Br. Product is: Cn1cnc(C#N)c1-c1ccccc1F. Reaction type is Pd catalyzed C-H arylation. The reaction conditions of this reaction are: Palladium Source: [PdCl(allyl)]2. Ligand: CC12C[C@]3(C)O[C@@](C)(C[C@@](C)(O3)P1c1ccccc1)O2. Solvent: CCCC#N. Base: KOPiv. Reaction Temperature: 120 degrees centigrade. Reaction Concentration: 0.057 M. Palladium loading: 2.25 mol%. Ligand loading: 5 mol%. Base loading: 3 eq. What is the yield (%) and cost (US dollar per mol) of this reaction?","","77.52,0.097944781","[]"
"Here is a chemical reaction. Reactants are: Cn1cnc(C#N)c1, Fc1ccccc1Br. Product is: Cn1cnc(C#N)c1-c1ccccc1F. Reaction type is Pd catalyzed C-H arylation. The reaction conditions of this reaction are: Palladium Source: [PdCl(allyl)]2. Ligand: CC(C)c1cc(C(C)C)c(-c2ccccc2P(C2CCCCC2)C2CCCCC2)c(C(C)C)c1. Solvent: Cc1ccc(C)cc1. Base: CsOAc. Reaction Temperature: 120 degrees centigrade. Reaction Concentration: 0.153 M. Palladium loading: 2.25 mol%. Ligand loading: 5 mol%. Base loading: 3 eq. What is the yield (%) and cost (US dollar per mol) of this reaction?","","70.8,0.077170559","[]"
"Here is a chemical reaction. Reactants are: Cn1cnc(C#N)c1, Fc1ccccc1Br. Product is: Cn1cnc(C#N)c1-c1ccccc1F. Reaction type is Pd catalyzed C-H arylation. The reaction conditions of this reaction are: Palladium Source: [PdCl(allyl)]2. Ligand: CC(C)Oc1cccc(OC(C)C)c1P(C1CCCCC1)C1CCCCC1. Solvent: CCCC#N. Base: KOPiv. Reaction Temperature: 105 degrees centigrade. Reaction Concentration: 0.057 M. Palladium loading: 2.25 mol%. Ligand loading: 5 mol%. Base loading: 3 eq. What is the yield (%) and cost (US dollar per mol) of this reaction?","","49.19,0.078369068","[]"
"Here is a chemical reaction. Reactants are: Cn1cnc(C#N)c1, Fc1ccccc1Br. Product is: Cn1cnc(C#N)c1-c1ccccc1F. Reaction type is Pd catalyzed C-H arylation. The reaction conditions of this reaction are: Palladium Source: [PdCl(allyl)]2. Ligand: CP(C)c1ccccc1. Solvent: CCCCOC(C)=O. Base: CsOAc. Reaction Temperature: 120 degrees centigrade. Reaction Concentration: 0.1 M. Palladium loading: 2.25 mol%. Ligand loading: 5 mol%. Base loading: 3 eq. What is the yield (%) and cost (US dollar per mol) of this reaction?","","0.0,0.08582336","[]"
"Here is a chemical reaction. Reactants are: Cn1cnc(C#N)c1, Fc1ccccc1Br. Product is: Cn1cnc(C#N)c1-c1ccccc1F. Reaction type is Pd catalyzed C-H arylation. The reaction conditions of this reaction are: Palladium Source: [PdCl(allyl)]2. Ligand: c1coc(P(c2ccco2)c2ccco2)c1. Solvent: Cc1ccc(C)cc1. Base: CsOAc. Reaction Temperature: 120 degrees centigrade. Reaction Concentration: 0.057 M. Palladium loading: 2.25 mol%. Ligand loading: 5 mol%. Base loading: 3 eq. What is the yield (%) and cost (US dollar per mol) of this reaction?","","11.72,0.098230225","[]"
"Here is a chemical reaction. Reactants are: Cn1cnc(C#N)c1, Fc1ccccc1Br. Product is: Cn1cnc(C#N)c1-c1ccccc1F. Reaction type is Pd catalyzed C-H arylation. The reaction conditions of this reaction are: Palladium Source: [PdCl(allyl)]2. Ligand: C1CCC(P(C2CCCCC2)C2CCCCC2)CC1. Solvent: CCCCOC(C)=O. Base: KOAc. Reaction Temperature: 120 degrees centigrade. Reaction Concentration: 0.153 M. Palladium loading: 2.25 mol%. Ligand loading: 5 mol%. Base loading: 3 eq. What is the yield (%) and cost (US dollar per mol) of this reaction?","","0.0,0.035354735","[]"
"Here is a chemical reaction. Reactants are: Cn1cnc(C#N)c1, Fc1ccccc1Br. Product is: Cn1cnc(C#N)c1-c1ccccc1F. Reaction type is Pd catalyzed C-H arylation. The reaction conditions of this reaction are: Palladium Source: [PdCl(allyl)]2. Ligand: COc1ccc(OC)c(P(C2CCCCC2)C2CCCCC2)c1-c1c(C(C)C)cc(C(C)C)cc1C(C)C. Solvent: CCCCOC(C)=O. Base: KOPiv. Reaction Temperature: 120 degrees centigrade. Reaction Concentration: 0.057 M. Palladium loading: 2.25 mol%. Ligand loading: 5 mol%. Base loading: 3 eq. What is the yield (%) and cost (US dollar per mol) of this reaction?","","66.9,0.175316211","[]"
"Here is a chemical reaction. Reactants are: Cn1cnc(C#N)c1, Fc1ccccc1Br. Product is: Cn1cnc(C#N)c1-c1ccccc1F. Reaction type is Pd catalyzed C-H arylation. The reaction conditions of this reaction are: Palladium Source: [PdCl(allyl)]2. Ligand: CC(C)c1cc(C(C)C)c(-c2ccccc2P(C2CCCCC2)C2CCCCC2)c(C(C)C)c1. Solvent: CCCC#N. Base: KOAc. Reaction Temperature: 105 degrees centigrade. Reaction Concentration: 0.153 M. Palladium loading: 2.25 mol%. Ligand loading: 5 mol%. Base loading: 3 eq. What is the yield (%) and cost (US dollar per mol) of this reaction?","","75.39,0.042394201","[]"
"Here is a chemical reaction. Reactants are: Cn1cnc(C#N)c1, Fc1ccccc1Br. Product is: Cn1cnc(C#N)c1-c1ccccc1F. Reaction type is Pd catalyzed C-H arylation. The reaction conditions of this reaction are: Palladium Source: [PdCl(allyl)]2. Ligand: CC(C)Oc1cccc(OC(C)C)c1P(C1CCCCC1)C1CCCCC1. Solvent: CC(=O)N(C)C. Base: CsOPiv. Reaction Temperature: 120 degrees centigrade. Reaction Concentration: 0.153 M. Palladium loading: 2.25 mol%. Ligand loading: 5 mol%. Base loading: 3 eq. What is the yield (%) and cost (US dollar per mol) of this reaction?","","54.83,0.12028677","[]"
"Here is a chemical reaction. Reactants are: Cn1cnc(C#N)c1, Fc1ccccc1Br. Product is: Cn1cnc(C#N)c1-c1ccccc1F. Reaction type is Pd catalyzed C-H arylation. The reaction conditions of this reaction are: Palladium Source: [PdCl(allyl)]2. Ligand: c1ccc(P(c2ccccc2)c2ccccc2)cc1. Solvent: CCCC#N. Base: KOPiv. Reaction Temperature: 120 degrees centigrade. Reaction Concentration: 0.1 M. Palladium loading: 2.25 mol%. Ligand loading: 5 mol%. Base loading: 3 eq. What is the yield (%) and cost (US dollar per mol) of this reaction?","","9.59,0.043093399","[]"
"Here is a chemical reaction. Reactants are: Cn1cnc(C#N)c1, Fc1ccccc1Br. Product is: Cn1cnc(C#N)c1-c1ccccc1F. Reaction type is Pd catalyzed C-H arylation. The reaction conditions of this reaction are: Palladium Source: [PdCl(allyl)]2. Ligand: C1CCC(P(C2CCCCC2)C2CCCCC2)CC1. Solvent: CCCC#N. Base: CsOAc. Reaction Temperature: 120 degrees centigrade. Reaction Concentration: 0.1 M. Palladium loading: 2.25 mol%. Ligand loading: 5 mol%. Base loading: 3 eq. What is the yield (%) and cost (US dollar per mol) of this reaction?","","3.8,0.095511604","[]"
"Here is a chemical reaction. Reactants are: Cn1cnc(C#N)c1, Fc1ccccc1Br. Product is: Cn1cnc(C#N)c1-c1ccccc1F. Reaction type is Pd catalyzed C-H arylation. The reaction conditions of this reaction are: Palladium Source: [PdCl(allyl)]2. Ligand: C1CCC(P(C2CCCCC2)C2CCCCC2)CC1. Solvent: CC(=O)N(C)C. Base: CsOPiv. Reaction Temperature: 105 degrees centigrade. Reaction Concentration: 0.153 M. Palladium loading: 2.25 mol%. Ligand loading: 5 mol%. Base loading: 3 eq. What is the yield (%) and cost (US dollar per mol) of this reaction?","","9.07,0.113909052","[]"
"Here is a chemical reaction. Reactants are: Cn1cnc(C#N)c1, Fc1ccccc1Br. Product is: Cn1cnc(C#N)c1-c1ccccc1F. Reaction type is Pd catalyzed C-H arylation. The reaction conditions of this reaction are: Palladium Source: [PdCl(allyl)]2. Ligand: CP(c1ccccc1)c1ccccc1. Solvent: CCCC#N. Base: KOPiv. Reaction Temperature: 90 degrees centigrade. Reaction Concentration: 0.153 M. Palladium loading: 2.25 mol%. Ligand loading: 5 mol%. Base loading: 3 eq. What is the yield (%) and cost (US dollar per mol) of this reaction?","","0.0,0.033582385","[]"
"Here is a chemical reaction. Reactants are: Cn1cnc(C#N)c1, Fc1ccccc1Br. Product is: Cn1cnc(C#N)c1-c1ccccc1F. Reaction type is Pd catalyzed C-H arylation. The reaction conditions of this reaction are: Palladium Source: [PdCl(allyl)]2. Ligand: C1CCC(P(C2CCCCC2)C2CCCCC2)CC1. Solvent: CCCCOC(C)=O. Base: CsOAc. Reaction Temperature: 120 degrees centigrade. Reaction Concentration: 0.057 M. Palladium loading: 2.25 mol%. Ligand loading: 5 mol%. Base loading: 3 eq. What is the yield (%) and cost (US dollar per mol) of this reaction?","","0.0,0.107934644","[]"
"Here is a chemical reaction. Reactants are: Cn1cnc(C#N)c1, Fc1ccccc1Br. Product is: Cn1cnc(C#N)c1-c1ccccc1F. Reaction type is Pd catalyzed C-H arylation. The reaction conditions of this reaction are: Palladium Source: [PdCl(allyl)]2. Ligand: CC(C)(C)P(c1ccccc1)C(C)(C)C. Solvent: CCCCOC(C)=O. Base: CsOPiv. Reaction Temperature: 90 degrees centigrade. Reaction Concentration: 0.1 M. Palladium loading: 2.25 mol%. Ligand loading: 5 mol%. Base loading: 3 eq. What is the yield (%) and cost (US dollar per mol) of this reaction?","","0.0,0.141291242","[]"
"Here is a chemical reaction. Reactants are: Cn1cnc(C#N)c1, Fc1ccccc1Br. Product is: Cn1cnc(C#N)c1-c1ccccc1F. Reaction type is Pd catalyzed C-H arylation. The reaction conditions of this reaction are: Palladium Source: [PdCl(allyl)]2. Ligand: CN(C)c1cccc(N(C)C)c1-c1ccccc1P(c1ccccc1)C(C)(C)C. Solvent: Cc1ccc(C)cc1. Base: KOAc. Reaction Temperature: 120 degrees centigrade. Reaction Concentration: 0.153 M. Palladium loading: 2.25 mol%. Ligand loading: 5 mol%. Base loading: 3 eq. What is the yield (%) and cost (US dollar per mol) of this reaction?","","8.61,0.265866207","[]"
"Here is a chemical reaction. Reactants are: Cn1cnc(C#N)c1, Fc1ccccc1Br. Product is: Cn1cnc(C#N)c1-c1ccccc1F. Reaction type is Pd catalyzed C-H arylation. The reaction conditions of this reaction are: Palladium Source: [PdCl(allyl)]2. Ligand: C1CCC(P(C2CCCCC2)C2CCCCC2)CC1. Solvent: CCCC#N. Base: KOPiv. Reaction Temperature: 90 degrees centigrade. Reaction Concentration: 0.153 M. Palladium loading: 2.25 mol%. Ligand loading: 5 mol%. Base loading: 3 eq. What is the yield (%) and cost (US dollar per mol) of this reaction?","","0.0,0.038391603","[]"
"Here is a chemical reaction. Reactants are: Cn1cnc(C#N)c1, Fc1ccccc1Br. Product is: Cn1cnc(C#N)c1-c1ccccc1F. Reaction type is Pd catalyzed C-H arylation. The reaction conditions of this reaction are: Palladium Source: [PdCl(allyl)]2. Ligand: CN(C)c1cccc(N(C)C)c1-c1ccccc1P(c1ccccc1)C(C)(C)C. Solvent: Cc1ccc(C)cc1. Base: KOAc. Reaction Temperature: 120 degrees centigrade. Reaction Concentration: 0.1 M. Palladium loading: 2.25 mol%. Ligand loading: 5 mol%. Base loading: 3 eq. What is the yield (%) and cost (US dollar per mol) of this reaction?","","5.69,0.271259471","[]"
"Here is a chemical reaction. Reactants are: Cn1cnc(C#N)c1, Fc1ccccc1Br. Product is: Cn1cnc(C#N)c1-c1ccccc1F. Reaction type is Pd catalyzed C-H arylation. The reaction conditions of this reaction are: Palladium Source: [PdCl(allyl)]2. Ligand: c1ccc(P(c2ccccc2)c2ccccc2)cc1. Solvent: CCCCOC(C)=O. Base: KOAc. Reaction Temperature: 90 degrees centigrade. Reaction Concentration: 0.1 M. Palladium loading: 2.25 mol%. Ligand loading: 5 mol%. Base loading: 3 eq. What is the yield (%) and cost (US dollar per mol) of this reaction?","","1.19,0.03801508","[]"
"Here is a chemical reaction. Reactants are: Cn1cnc(C#N)c1, Fc1ccccc1Br. Product is: Cn1cnc(C#N)c1-c1ccccc1F. Reaction type is Pd catalyzed C-H arylation. The reaction conditions of this reaction are: Palladium Source: [PdCl(allyl)]2. Ligand: CC(C)(C)P(c1ccccc1)C(C)(C)C. Solvent: CCCCOC(C)=O. Base: KOPiv. Reaction Temperature: 105 degrees centigrade. Reaction Concentration: 0.057 M. Palladium loading: 2.25 mol%. Ligand loading: 5 mol%. Base loading: 3 eq. What is the yield (%) and cost (US dollar per mol) of this reaction?","","0.0,0.072381125","[]"
"Here is a chemical reaction. Reactants are: Cn1cnc(C#N)c1, Fc1ccccc1Br. Product is: Cn1cnc(C#N)c1-c1ccccc1F. Reaction type is Pd catalyzed C-H arylation. The reaction conditions of this reaction are: Palladium Source: [PdCl(allyl)]2. Ligand: CN(C)c1cccc(N(C)C)c1-c1ccccc1P(c1ccccc1)C(C)(C)C. Solvent: CCCC#N. Base: CsOAc. Reaction Temperature: 120 degrees centigrade. Reaction Concentration: 0.153 M. Palladium loading: 2.25 mol%. Ligand loading: 5 mol%. Base loading: 3 eq. What is the yield (%) and cost (US dollar per mol) of this reaction?","","8.82,0.321806582","[]"
"Here is a chemical reaction. Reactants are: Cn1cnc(C#N)c1, Fc1ccccc1Br. Product is: Cn1cnc(C#N)c1-c1ccccc1F. Reaction type is Pd catalyzed C-H arylation. The reaction conditions of this reaction are: Palladium Source: [PdCl(allyl)]2. Ligand: CC12C[C@]3(C)O[C@@](C)(C[C@@](C)(O3)P1c1ccccc1)O2. Solvent: CCCC#N. Base: CsOPiv. Reaction Temperature: 120 degrees centigrade. Reaction Concentration: 0.153 M. Palladium loading: 2.25 mol%. Ligand loading: 5 mol%. Base loading: 3 eq. What is the yield (%) and cost (US dollar per mol) of this reaction?","","71.81,0.152014977","[]"
"Here is a chemical reaction. Reactants are: Cn1cnc(C#N)c1, Fc1ccccc1Br. Product is: Cn1cnc(C#N)c1-c1ccccc1F. Reaction type is Pd catalyzed C-H arylation. The reaction conditions of this reaction are: Palladium Source: [PdCl(allyl)]2. Ligand: CC(C)(C)P(c1ccccc1)C(C)(C)C. Solvent: CCCCOC(C)=O. Base: CsOAc. Reaction Temperature: 90 degrees centigrade. Reaction Concentration: 0.153 M. Palladium loading: 2.25 mol%. Ligand loading: 5 mol%. Base loading: 3 eq. What is the yield (%) and cost (US dollar per mol) of this reaction?","","0.0,0.091896408","[]"
"Here is a chemical reaction. Reactants are: Cn1cnc(C#N)c1, Fc1ccccc1Br. Product is: Cn1cnc(C#N)c1-c1ccccc1F. Reaction type is Pd catalyzed C-H arylation. The reaction conditions of this reaction are: Palladium Source: [PdCl(allyl)]2. Ligand: c1coc(P(c2ccco2)c2ccco2)c1. Solvent: CC(=O)N(C)C. Base: CsOPiv. Reaction Temperature: 120 degrees centigrade. Reaction Concentration: 0.057 M. Palladium loading: 2.25 mol%. Ligand loading: 5 mol%. Base loading: 3 eq. What is the yield (%) and cost (US dollar per mol) of this reaction?","","50.7,0.135239574","[]"
"Here is a chemical reaction. Reactants are: Cn1cnc(C#N)c1, Fc1ccccc1Br. Product is: Cn1cnc(C#N)c1-c1ccccc1F. Reaction type is Pd catalyzed C-H arylation. The reaction conditions of this reaction are: Palladium Source: [PdCl(allyl)]2. Ligand: COc1ccc(OC)c(P(C2CCCCC2)C2CCCCC2)c1-c1c(C(C)C)cc(C(C)C)cc1C(C)C. Solvent: CC(=O)N(C)C. Base: CsOPiv. Reaction Temperature: 90 degrees centigrade. Reaction Concentration: 0.057 M. Palladium loading: 2.25 mol%. Ligand loading: 5 mol%. Base loading: 3 eq. What is the yield (%) and cost (US dollar per mol) of this reaction?","","0.0,0.242261057","[]"
"Here is a chemical reaction. Reactants are: Cn1cnc(C#N)c1, Fc1ccccc1Br. Product is: Cn1cnc(C#N)c1-c1ccccc1F. Reaction type is Pd catalyzed C-H arylation. The reaction conditions of this reaction are: Palladium Source: [PdCl(allyl)]2. Ligand: COc1ccc(OC)c(P(C2CCCCC2)C2CCCCC2)c1-c1c(C(C)C)cc(C(C)C)cc1C(C)C. Solvent: CC(=O)N(C)C. Base: KOAc. Reaction Temperature: 120 degrees centigrade. Reaction Concentration: 0.1 M. Palladium loading: 2.25 mol%. Ligand loading: 5 mol%. Base loading: 3 eq. What is the yield (%) and cost (US dollar per mol) of this reaction?","","5.03,0.145774213","[]"
"Here is a chemical reaction. Reactants are: Cn1cnc(C#N)c1, Fc1ccccc1Br. Product is: Cn1cnc(C#N)c1-c1ccccc1F. Reaction type is Pd catalyzed C-H arylation. The reaction conditions of this reaction are: Palladium Source: [PdCl(allyl)]2. Ligand: COc1ccc(OC)c(P(c2cc(C(F)(F)F)cc(C(F)(F)F)c2)c2cc(C(F)(F)F)cc(C(F)(F)F)c2)c1-c1c(C(C)C)cc(C(C)C)cc1C(C)C. Solvent: Cc1ccc(C)cc1. Base: KOPiv. Reaction Temperature: 120 degrees centigrade. Reaction Concentration: 0.057 M. Palladium loading: 2.25 mol%. Ligand loading: 5 mol%. Base loading: 3 eq. What is the yield (%) and cost (US dollar per mol) of this reaction?","","8.9,0.369044548","[]"
"Here is a chemical reaction. Reactants are: Cn1cnc(C#N)c1, Fc1ccccc1Br. Product is: Cn1cnc(C#N)c1-c1ccccc1F. Reaction type is Pd catalyzed C-H arylation. The reaction conditions of this reaction are: Palladium Source: [PdCl(allyl)]2. Ligand: C1CCC(P(C2CCCCC2)C2CCCCC2)CC1. Solvent: CC(=O)N(C)C. Base: CsOPiv. Reaction Temperature: 90 degrees centigrade. Reaction Concentration: 0.057 M. Palladium loading: 2.25 mol%. Ligand loading: 5 mol%. Base loading: 3 eq. What is the yield (%) and cost (US dollar per mol) of this reaction?","","6.38,0.128679419","[]"
"Here is a chemical reaction. Reactants are: Cn1cnc(C#N)c1, Fc1ccccc1Br. Product is: Cn1cnc(C#N)c1-c1ccccc1F. Reaction type is Pd catalyzed C-H arylation. The reaction conditions of this reaction are: Palladium Source: [PdCl(allyl)]2. Ligand: CP(c1ccccc1)c1ccccc1. Solvent: CCCC#N. Base: KOAc. Reaction Temperature: 105 degrees centigrade. Reaction Concentration: 0.153 M. Palladium loading: 2.25 mol%. Ligand loading: 5 mol%. Base loading: 3 eq. What is the yield (%) and cost (US dollar per mol) of this reaction?","","0.0,0.034676685","[]"
"Here is a chemical reaction. Reactants are: Cn1cnc(C#N)c1, Fc1ccccc1Br. Product is: Cn1cnc(C#N)c1-c1ccccc1F. Reaction type is Pd catalyzed C-H arylation. The reaction conditions of this reaction are: Palladium Source: [PdCl(allyl)]2. Ligand: C1CCC(P(C2CCCCC2)C2CCCCC2)CC1. Solvent: CCCCOC(C)=O. Base: CsOAc. Reaction Temperature: 105 degrees centigrade. Reaction Concentration: 0.1 M. Palladium loading: 2.25 mol%. Ligand loading: 5 mol%. Base loading: 3 eq. What is the yield (%) and cost (US dollar per mol) of this reaction?","","0.0,0.089376749","[]"
"Here is a chemical reaction. Reactants are: Cn1cnc(C#N)c1, Fc1ccccc1Br. Product is: Cn1cnc(C#N)c1-c1ccccc1F. Reaction type is Pd catalyzed C-H arylation. The reaction conditions of this reaction are: Palladium Source: [PdCl(allyl)]2. Ligand: CC(C)Oc1cccc(OC(C)C)c1P(C1CCCCC1)C1CCCCC1. Solvent: CCCCOC(C)=O. Base: CsOAc. Reaction Temperature: 90 degrees centigrade. Reaction Concentration: 0.1 M. Palladium loading: 2.25 mol%. Ligand loading: 5 mol%. Base loading: 3 eq. What is the yield (%) and cost (US dollar per mol) of this reaction?","","2.67,0.095637569","[]"
"Here is a chemical reaction. Reactants are: Cn1cnc(C#N)c1, Fc1ccccc1Br. Product is: Cn1cnc(C#N)c1-c1ccccc1F. Reaction type is Pd catalyzed C-H arylation. The reaction conditions of this reaction are: Palladium Source: [PdCl(allyl)]2. Ligand: COc1ccc(OC)c(P(c2cc(C(F)(F)F)cc(C(F)(F)F)c2)c2cc(C(F)(F)F)cc(C(F)(F)F)c2)c1-c1c(C(C)C)cc(C(C)C)cc1C(C)C. Solvent: Cc1ccc(C)cc1. Base: CsOAc. Reaction Temperature: 120 degrees centigrade. Reaction Concentration: 0.153 M. Palladium loading: 2.25 mol%. Ligand loading: 5 mol%. Base loading: 3 eq. What is the yield (%) and cost (US dollar per mol) of this reaction?","","10.77,0.398473777","[]"
"Here is a chemical reaction. Reactants are: Cn1cnc(C#N)c1, Fc1ccccc1Br. Product is: Cn1cnc(C#N)c1-c1ccccc1F. Reaction type is Pd catalyzed C-H arylation. The reaction conditions of this reaction are: Palladium Source: [PdCl(allyl)]2. Ligand: COc1ccc(OC)c(P(c2cc(C(F)(F)F)cc(C(F)(F)F)c2)c2cc(C(F)(F)F)cc(C(F)(F)F)c2)c1-c1c(C(C)C)cc(C(C)C)cc1C(C)C. Solvent: CCCCOC(C)=O. Base: CsOAc. Reaction Temperature: 90 degrees centigrade. Reaction Concentration: 0.153 M. Palladium loading: 2.25 mol%. Ligand loading: 5 mol%. Base loading: 3 eq. What is the yield (%) and cost (US dollar per mol) of this reaction?","","3.38,0.404725944","[]"
"Here is a chemical reaction. Reactants are: Cn1cnc(C#N)c1, Fc1ccccc1Br. Product is: Cn1cnc(C#N)c1-c1ccccc1F. Reaction type is Pd catalyzed C-H arylation. The reaction conditions of this reaction are: Palladium Source: [PdCl(allyl)]2. Ligand: c1coc(P(c2ccco2)c2ccco2)c1. Solvent: Cc1ccc(C)cc1. Base: KOPiv. Reaction Temperature: 120 degrees centigrade. Reaction Concentration: 0.1 M. Palladium loading: 2.25 mol%. Ligand loading: 5 mol%. Base loading: 3 eq. What is the yield (%) and cost (US dollar per mol) of this reaction?","","16.71,0.03988527","[]"
"Here is a chemical reaction. Reactants are: Cn1cnc(C#N)c1, Fc1ccccc1Br. Product is: Cn1cnc(C#N)c1-c1ccccc1F. Reaction type is Pd catalyzed C-H arylation. The reaction conditions of this reaction are: Palladium Source: [PdCl(allyl)]2. Ligand: c1coc(P(c2ccco2)c2ccco2)c1. Solvent: Cc1ccc(C)cc1. Base: KOAc. Reaction Temperature: 90 degrees centigrade. Reaction Concentration: 0.1 M. Palladium loading: 2.25 mol%. Ligand loading: 5 mol%. Base loading: 3 eq. What is the yield (%) and cost (US dollar per mol) of this reaction?","","3.63,0.040931831","[]"
"Here is a chemical reaction. Reactants are: Cn1cnc(C#N)c1, Fc1ccccc1Br. Product is: Cn1cnc(C#N)c1-c1ccccc1F. Reaction type is Pd catalyzed C-H arylation. The reaction conditions of this reaction are: Palladium Source: [PdCl(allyl)]2. Ligand: CP(C)c1ccccc1. Solvent: Cc1ccc(C)cc1. Base: KOPiv. Reaction Temperature: 105 degrees centigrade. Reaction Concentration: 0.1 M. Palladium loading: 2.25 mol%. Ligand loading: 5 mol%. Base loading: 3 eq. What is the yield (%) and cost (US dollar per mol) of this reaction?","","0.0,0.029838504","[]"
"Here is a chemical reaction. Reactants are: Cn1cnc(C#N)c1, Fc1ccccc1Br. Product is: Cn1cnc(C#N)c1-c1ccccc1F. Reaction type is Pd catalyzed C-H arylation. The reaction conditions of this reaction are: Palladium Source: [PdCl(allyl)]2. Ligand: c1ccc(P(c2ccccc2)c2ccccc2)cc1. Solvent: CC(=O)N(C)C. Base: CsOPiv. Reaction Temperature: 90 degrees centigrade. Reaction Concentration: 0.153 M. Palladium loading: 2.25 mol%. Ligand loading: 5 mol%. Base loading: 3 eq. What is the yield (%) and cost (US dollar per mol) of this reaction?","","28.53,0.108097235","[]"
"Here is a chemical reaction. Reactants are: Cn1cnc(C#N)c1, Fc1ccccc1Br. Product is: Cn1cnc(C#N)c1-c1ccccc1F. Reaction type is Pd catalyzed C-H arylation. The reaction conditions of this reaction are: Palladium Source: [PdCl(allyl)]2. Ligand: c1coc(P(c2ccco2)c2ccco2)c1. Solvent: CCCC#N. Base: CsOAc. Reaction Temperature: 90 degrees centigrade. Reaction Concentration: 0.057 M. Palladium loading: 2.25 mol%. Ligand loading: 5 mol%. Base loading: 3 eq. What is the yield (%) and cost (US dollar per mol) of this reaction?","","12.91,0.124871837","[]"
"Here is a chemical reaction. Reactants are: Cn1cnc(C#N)c1, Fc1ccccc1Br. Product is: Cn1cnc(C#N)c1-c1ccccc1F. Reaction type is Pd catalyzed C-H arylation. The reaction conditions of this reaction are: Palladium Source: [PdCl(allyl)]2. Ligand: CP(C)c1ccccc1. Solvent: CCCC#N. Base: CsOPiv. Reaction Temperature: 105 degrees centigrade. Reaction Concentration: 0.057 M. Palladium loading: 2.25 mol%. Ligand loading: 5 mol%. Base loading: 3 eq. What is the yield (%) and cost (US dollar per mol) of this reaction?","","0.0,0.155660199","[]"
"Here is a chemical reaction. Reactants are: Cn1cnc(C#N)c1, Fc1ccccc1Br. Product is: Cn1cnc(C#N)c1-c1ccccc1F. Reaction type is Pd catalyzed C-H arylation. The reaction conditions of this reaction are: Palladium Source: [PdCl(allyl)]2. Ligand: COc1ccc(OC)c(P(c2cc(C(F)(F)F)cc(C(F)(F)F)c2)c2cc(C(F)(F)F)cc(C(F)(F)F)c2)c1-c1c(C(C)C)cc(C(C)C)cc1C(C)C. Solvent: CCCC#N. Base: KOAc. Reaction Temperature: 90 degrees centigrade. Reaction Concentration: 0.057 M. Palladium loading: 2.25 mol%. Ligand loading: 5 mol%. Base loading: 3 eq. What is the yield (%) and cost (US dollar per mol) of this reaction?","","20.5,0.396849031","[]"
"Here is a chemical reaction. Reactants are: Cn1cnc(C#N)c1, Fc1ccccc1Br. Product is: Cn1cnc(C#N)c1-c1ccccc1F. Reaction type is Pd catalyzed C-H arylation. The reaction conditions of this reaction are: Palladium Source: [PdCl(allyl)]2. Ligand: CP(c1ccccc1)c1ccccc1. Solvent: CCCC#N. Base: CsOAc. Reaction Temperature: 105 degrees centigrade. Reaction Concentration: 0.1 M. Palladium loading: 2.25 mol%. Ligand loading: 5 mol%. Base loading: 3 eq. What is the yield (%) and cost (US dollar per mol) of this reaction?","","0.0,0.09067321","[]"
"Here is a chemical reaction. Reactants are: Cn1cnc(C#N)c1, Fc1ccccc1Br. Product is: Cn1cnc(C#N)c1-c1ccccc1F. Reaction type is Pd catalyzed C-H arylation. The reaction conditions of this reaction are: Palladium Source: [PdCl(allyl)]2. Ligand: CN(C)c1cccc(N(C)C)c1-c1ccccc1P(c1ccccc1)C(C)(C)C. Solvent: CCCC#N. Base: KOAc. Reaction Temperature: 120 degrees centigrade. Reaction Concentration: 0.1 M. Palladium loading: 2.25 mol%. Ligand loading: 5 mol%. Base loading: 3 eq. What is the yield (%) and cost (US dollar per mol) of this reaction?","","8.4,0.28679899","[]"
"Here is a chemical reaction. Reactants are: Cn1cnc(C#N)c1, Fc1ccccc1Br. Product is: Cn1cnc(C#N)c1-c1ccccc1F. Reaction type is Pd catalyzed C-H arylation. The reaction conditions of this reaction are: Palladium Source: [PdCl(allyl)]2. Ligand: CC(C)(C)P(c1ccccc1)C(C)(C)C. Solvent: CCCCOC(C)=O. Base: KOPiv. Reaction Temperature: 90 degrees centigrade. Reaction Concentration: 0.153 M. Palladium loading: 2.25 mol%. Ligand loading: 5 mol%. Base loading: 3 eq. What is the yield (%) and cost (US dollar per mol) of this reaction?","","0.0,0.045301662","[]"
"Here is a chemical reaction. Reactants are: Cn1cnc(C#N)c1, Fc1ccccc1Br. Product is: Cn1cnc(C#N)c1-c1ccccc1F. Reaction type is Pd catalyzed C-H arylation. The reaction conditions of this reaction are: Palladium Source: [PdCl(allyl)]2. Ligand: c1ccc(P(c2ccccc2)c2ccccc2)cc1. Solvent: Cc1ccc(C)cc1. Base: CsOPiv. Reaction Temperature: 120 degrees centigrade. Reaction Concentration: 0.1 M. Palladium loading: 2.25 mol%. Ligand loading: 5 mol%. Base loading: 3 eq. What is the yield (%) and cost (US dollar per mol) of this reaction?","","2.69,0.115001806","[]"
"Here is a chemical reaction. Reactants are: Cn1cnc(C#N)c1, Fc1ccccc1Br. Product is: Cn1cnc(C#N)c1-c1ccccc1F. Reaction type is Pd catalyzed C-H arylation. The reaction conditions of this reaction are: Palladium Source: [PdCl(allyl)]2. Ligand: CC(C)(C)P(c1ccccc1)C(C)(C)C. Solvent: CC(=O)N(C)C. Base: KOPiv. Reaction Temperature: 90 degrees centigrade. Reaction Concentration: 0.153 M. Palladium loading: 2.25 mol%. Ligand loading: 5 mol%. Base loading: 3 eq. What is the yield (%) and cost (US dollar per mol) of this reaction?","","0.0,0.03745612","[]"
"Here is a chemical reaction. Reactants are: Cn1cnc(C#N)c1, Fc1ccccc1Br. Product is: Cn1cnc(C#N)c1-c1ccccc1F. Reaction type is Pd catalyzed C-H arylation. The reaction conditions of this reaction are: Palladium Source: [PdCl(allyl)]2. Ligand: c1coc(P(c2ccco2)c2ccco2)c1. Solvent: CCCCOC(C)=O. Base: KOAc. Reaction Temperature: 120 degrees centigrade. Reaction Concentration: 0.057 M. Palladium loading: 2.25 mol%. Ligand loading: 5 mol%. Base loading: 3 eq. What is the yield (%) and cost (US dollar per mol) of this reaction?","","9.35,0.068919178","[]"
"Here is a chemical reaction. Reactants are: Cn1cnc(C#N)c1, Fc1ccccc1Br. Product is: Cn1cnc(C#N)c1-c1ccccc1F. Reaction type is Pd catalyzed C-H arylation. The reaction conditions of this reaction are: Palladium Source: [PdCl(allyl)]2. Ligand: CC(C)Oc1cccc(OC(C)C)c1P(C1CCCCC1)C1CCCCC1. Solvent: Cc1ccc(C)cc1. Base: CsOAc. Reaction Temperature: 120 degrees centigrade. Reaction Concentration: 0.153 M. Palladium loading: 2.25 mol%. Ligand loading: 5 mol%. Base loading: 3 eq. What is the yield (%) and cost (US dollar per mol) of this reaction?","","11.49,0.080870455","[]"
"Here is a chemical reaction. Reactants are: Cn1cnc(C#N)c1, Fc1ccccc1Br. Product is: Cn1cnc(C#N)c1-c1ccccc1F. Reaction type is Pd catalyzed C-H arylation. The reaction conditions of this reaction are: Palladium Source: [PdCl(allyl)]2. Ligand: CC(C)(C)P(c1ccccc1)C(C)(C)C. Solvent: Cc1ccc(C)cc1. Base: KOAc. Reaction Temperature: 90 degrees centigrade. Reaction Concentration: 0.057 M. Palladium loading: 2.25 mol%. Ligand loading: 5 mol%. Base loading: 3 eq. What is the yield (%) and cost (US dollar per mol) of this reaction?","","0.0,0.05729584","[]"
"Here is a chemical reaction. Reactants are: Cn1cnc(C#N)c1, Fc1ccccc1Br. Product is: Cn1cnc(C#N)c1-c1ccccc1F. Reaction type is Pd catalyzed C-H arylation. The reaction conditions of this reaction are: Palladium Source: [PdCl(allyl)]2. Ligand: CC(C)c1cc(C(C)C)c(-c2ccccc2P(C2CCCCC2)C2CCCCC2)c(C(C)C)c1. Solvent: CC(=O)N(C)C. Base: CsOAc. Reaction Temperature: 90 degrees centigrade. Reaction Concentration: 0.153 M. Palladium loading: 2.25 mol%. Ligand loading: 5 mol%. Base loading: 3 eq. What is the yield (%) and cost (US dollar per mol) of this reaction?","","86.14,0.075587402","[]"
"Here is a chemical reaction. Reactants are: Cn1cnc(C#N)c1, Fc1ccccc1Br. Product is: Cn1cnc(C#N)c1-c1ccccc1F. Reaction type is Pd catalyzed C-H arylation. The reaction conditions of this reaction are: Palladium Source: [PdCl(allyl)]2. Ligand: CC(C)(C)P(c1ccccc1)C(C)(C)C. Solvent: CCCCOC(C)=O. Base: KOPiv. Reaction Temperature: 120 degrees centigrade. Reaction Concentration: 0.057 M. Palladium loading: 2.25 mol%. Ligand loading: 5 mol%. Base loading: 3 eq. What is the yield (%) and cost (US dollar per mol) of this reaction?","","0.0,0.072381125","[]"
"Here is a chemical reaction. Reactants are: Cn1cnc(C#N)c1, Fc1ccccc1Br. Product is: Cn1cnc(C#N)c1-c1ccccc1F. Reaction type is Pd catalyzed C-H arylation. The reaction conditions of this reaction are: Palladium Source: [PdCl(allyl)]2. Ligand: CC(C)Oc1cccc(OC(C)C)c1P(C1CCCCC1)C1CCCCC1. Solvent: CCCCOC(C)=O. Base: CsOPiv. Reaction Temperature: 105 degrees centigrade. Reaction Concentration: 0.153 M. Palladium loading: 2.25 mol%. Ligand loading: 5 mol%. Base loading: 3 eq. What is the yield (%) and cost (US dollar per mol) of this reaction?","","9.03,0.128025039","[]"
"Here is a chemical reaction. Reactants are: Cn1cnc(C#N)c1, Fc1ccccc1Br. Product is: Cn1cnc(C#N)c1-c1ccccc1F. Reaction type is Pd catalyzed C-H arylation. The reaction conditions of this reaction are: Palladium Source: [PdCl(allyl)]2. Ligand: CC(C)(C)P(c1ccccc1)C(C)(C)C. Solvent: CCCC#N. Base: CsOAc. Reaction Temperature: 90 degrees centigrade. Reaction Concentration: 0.153 M. Palladium loading: 2.25 mol%. Ligand loading: 5 mol%. Base loading: 3 eq. What is the yield (%) and cost (US dollar per mol) of this reaction?","","0.0,0.096027576","[]"
"Here is a chemical reaction. Reactants are: Cn1cnc(C#N)c1, Fc1ccccc1Br. Product is: Cn1cnc(C#N)c1-c1ccccc1F. Reaction type is Pd catalyzed C-H arylation. The reaction conditions of this reaction are: Palladium Source: [PdCl(allyl)]2. Ligand: CP(c1ccccc1)c1ccccc1. Solvent: Cc1ccc(C)cc1. Base: KOAc. Reaction Temperature: 120 degrees centigrade. Reaction Concentration: 0.057 M. Palladium loading: 2.25 mol%. Ligand loading: 5 mol%. Base loading: 3 eq. What is the yield (%) and cost (US dollar per mol) of this reaction?","","0.0,0.041445396","[]"
"Here is a chemical reaction. Reactants are: Cn1cnc(C#N)c1, Fc1ccccc1Br. Product is: Cn1cnc(C#N)c1-c1ccccc1F. Reaction type is Pd catalyzed C-H arylation. The reaction conditions of this reaction are: Palladium Source: [PdCl(allyl)]2. Ligand: CC(C)Oc1cccc(OC(C)C)c1P(C1CCCCC1)C1CCCCC1. Solvent: Cc1ccc(C)cc1. Base: KOAc. Reaction Temperature: 105 degrees centigrade. Reaction Concentration: 0.057 M. Palladium loading: 2.25 mol%. Ligand loading: 5 mol%. Base loading: 3 eq. What is the yield (%) and cost (US dollar per mol) of this reaction?","","1.47,0.05250578","[]"
"Here is a chemical reaction. Reactants are: Cn1cnc(C#N)c1, Fc1ccccc1Br. Product is: Cn1cnc(C#N)c1-c1ccccc1F. Reaction type is Pd catalyzed C-H arylation. The reaction conditions of this reaction are: Palladium Source: [PdCl(allyl)]2. Ligand: c1coc(P(c2ccco2)c2ccco2)c1. Solvent: CCCC#N. Base: KOPiv. Reaction Temperature: 120 degrees centigrade. Reaction Concentration: 0.057 M. Palladium loading: 2.25 mol%. Ligand loading: 5 mol%. Base loading: 3 eq. What is the yield (%) and cost (US dollar per mol) of this reaction?","","31.53,0.078420059","[]"
"Here is a chemical reaction. Reactants are: Cn1cnc(C#N)c1, Fc1ccccc1Br. Product is: Cn1cnc(C#N)c1-c1ccccc1F. Reaction type is Pd catalyzed C-H arylation. The reaction conditions of this reaction are: Palladium Source: [PdCl(allyl)]2. Ligand: CC(C)(C)P(c1ccccc1)C(C)(C)C. Solvent: CCCCOC(C)=O. Base: KOAc. Reaction Temperature: 120 degrees centigrade. Reaction Concentration: 0.153 M. Palladium loading: 2.25 mol%. Ligand loading: 5 mol%. Base loading: 3 eq. What is the yield (%) and cost (US dollar per mol) of this reaction?","","0.0,0.046395962","[]"
"Here is a chemical reaction. Reactants are: Cn1cnc(C#N)c1, Fc1ccccc1Br. Product is: Cn1cnc(C#N)c1-c1ccccc1F. Reaction type is Pd catalyzed C-H arylation. The reaction conditions of this reaction are: Palladium Source: [PdCl(allyl)]2. Ligand: CC(C)Oc1cccc(OC(C)C)c1P(C1CCCCC1)C1CCCCC1. Solvent: Cc1ccc(C)cc1. Base: KOPiv. Reaction Temperature: 120 degrees centigrade. Reaction Concentration: 0.057 M. Palladium loading: 2.25 mol%. Ligand loading: 5 mol%. Base loading: 3 eq. What is the yield (%) and cost (US dollar per mol) of this reaction?","","4.02,0.051420788","[]"
"Here is a chemical reaction. Reactants are: Cn1cnc(C#N)c1, Fc1ccccc1Br. Product is: Cn1cnc(C#N)c1-c1ccccc1F. Reaction type is Pd catalyzed C-H arylation. The reaction conditions of this reaction are: Palladium Source: [PdCl(allyl)]2. Ligand: CC12C[C@]3(C)O[C@@](C)(C[C@@](C)(O3)P1c1ccccc1)O2. Solvent: Cc1ccc(C)cc1. Base: CsOPiv. Reaction Temperature: 90 degrees centigrade. Reaction Concentration: 0.057 M. Palladium loading: 2.25 mol%. Ligand loading: 5 mol%. Base loading: 3 eq. What is the yield (%) and cost (US dollar per mol) of this reaction?","","0.4,0.158233777","[]"
"Here is a chemical reaction. Reactants are: Cn1cnc(C#N)c1, Fc1ccccc1Br. Product is: Cn1cnc(C#N)c1-c1ccccc1F. Reaction type is Pd catalyzed C-H arylation. The reaction conditions of this reaction are: Palladium Source: [PdCl(allyl)]2. Ligand: CC(C)(C)P(c1ccccc1)C(C)(C)C. Solvent: CCCC#N. Base: CsOPiv. Reaction Temperature: 90 degrees centigrade. Reaction Concentration: 0.153 M. Palladium loading: 2.25 mol%. Ligand loading: 5 mol%. Base loading: 3 eq. What is the yield (%) and cost (US dollar per mol) of this reaction?","","0.0,0.136900842","[]"
"Here is a chemical reaction. Reactants are: Cn1cnc(C#N)c1, Fc1ccccc1Br. Product is: Cn1cnc(C#N)c1-c1ccccc1F. Reaction type is Pd catalyzed C-H arylation. The reaction conditions of this reaction are: Palladium Source: [PdCl(allyl)]2. Ligand: c1coc(P(c2ccco2)c2ccco2)c1. Solvent: CC(=O)N(C)C. Base: CsOPiv. Reaction Temperature: 120 degrees centigrade. Reaction Concentration: 0.1 M. Palladium loading: 2.25 mol%. Ligand loading: 5 mol%. Base loading: 3 eq. What is the yield (%) and cost (US dollar per mol) of this reaction?","","62.32,0.12514544","[]"
"Here is a chemical reaction. Reactants are: Cn1cnc(C#N)c1, Fc1ccccc1Br. Product is: Cn1cnc(C#N)c1-c1ccccc1F. Reaction type is Pd catalyzed C-H arylation. The reaction conditions of this reaction are: Palladium Source: [PdCl(allyl)]2. Ligand: CP(C)c1ccccc1. Solvent: Cc1ccc(C)cc1. Base: KOPiv. Reaction Temperature: 90 degrees centigrade. Reaction Concentration: 0.057 M. Palladium loading: 2.25 mol%. Ligand loading: 5 mol%. Base loading: 3 eq. What is the yield (%) and cost (US dollar per mol) of this reaction?","","0.0,0.041606925","[]"
"Here is a chemical reaction. Reactants are: Cn1cnc(C#N)c1, Fc1ccccc1Br. Product is: Cn1cnc(C#N)c1-c1ccccc1F. Reaction type is Pd catalyzed C-H arylation. The reaction conditions of this reaction are: Palladium Source: [PdCl(allyl)]2. Ligand: c1ccc(P(c2ccccc2)c2ccccc2)cc1. Solvent: CCCCOC(C)=O. Base: KOPiv. Reaction Temperature: 120 degrees centigrade. Reaction Concentration: 0.057 M. Palladium loading: 2.25 mol%. Ligand loading: 5 mol%. Base loading: 3 eq. What is the yield (%) and cost (US dollar per mol) of this reaction?","","3.07,0.05548925","[]"
"Here is a chemical reaction. Reactants are: Cn1cnc(C#N)c1, Fc1ccccc1Br. Product is: Cn1cnc(C#N)c1-c1ccccc1F. Reaction type is Pd catalyzed C-H arylation. The reaction conditions of this reaction are: Palladium Source: [PdCl(allyl)]2. Ligand: CC12C[C@]3(C)O[C@@](C)(C[C@@](C)(O3)P1c1ccccc1)O2. Solvent: Cc1ccc(C)cc1. Base: KOAc. Reaction Temperature: 105 degrees centigrade. Reaction Concentration: 0.1 M. Palladium loading: 2.25 mol%. Ligand loading: 5 mol%. Base loading: 3 eq. What is the yield (%) and cost (US dollar per mol) of this reaction?","","35.6,0.060220115","[]"
"Here is a chemical reaction. Reactants are: Cn1cnc(C#N)c1, Fc1ccccc1Br. Product is: Cn1cnc(C#N)c1-c1ccccc1F. Reaction type is Pd catalyzed C-H arylation. The reaction conditions of this reaction are: Palladium Source: [PdCl(allyl)]2. Ligand: CC(C)(C)P(c1ccccc1)C(C)(C)C. Solvent: Cc1ccc(C)cc1. Base: CsOAc. Reaction Temperature: 105 degrees centigrade. Reaction Concentration: 0.153 M. Palladium loading: 2.25 mol%. Ligand loading: 5 mol%. Base loading: 3 eq. What is the yield (%) and cost (US dollar per mol) of this reaction?","","0.0,0.085623944","[]"
"Here is a chemical reaction. Reactants are: Cn1cnc(C#N)c1, Fc1ccccc1Br. Product is: Cn1cnc(C#N)c1-c1ccccc1F. Reaction type is Pd catalyzed C-H arylation. The reaction conditions of this reaction are: Palladium Source: [PdCl(allyl)]2. Ligand: CC(C)(C)P(c1ccccc1)C(C)(C)C. Solvent: CC(=O)N(C)C. Base: CsOAc. Reaction Temperature: 90 degrees centigrade. Reaction Concentration: 0.153 M. Palladium loading: 2.25 mol%. Ligand loading: 5 mol%. Base loading: 3 eq. What is the yield (%) and cost (US dollar per mol) of this reaction?","","0.0,0.084050866","[]"
"Here is a chemical reaction. Reactants are: Cn1cnc(C#N)c1, Fc1ccccc1Br. Product is: Cn1cnc(C#N)c1-c1ccccc1F. Reaction type is Pd catalyzed C-H arylation. The reaction conditions of this reaction are: Palladium Source: [PdCl(allyl)]2. Ligand: CP(c1ccccc1)c1ccccc1. Solvent: CCCC#N. Base: CsOPiv. Reaction Temperature: 90 degrees centigrade. Reaction Concentration: 0.1 M. Palladium loading: 2.25 mol%. Ligand loading: 5 mol%. Base loading: 3 eq. What is the yield (%) and cost (US dollar per mol) of this reaction?","","0.0,0.131546476","[]"
"Here is a chemical reaction. Reactants are: Cn1cnc(C#N)c1, Fc1ccccc1Br. Product is: Cn1cnc(C#N)c1-c1ccccc1F. Reaction type is Pd catalyzed C-H arylation. The reaction conditions of this reaction are: Palladium Source: [PdCl(allyl)]2. Ligand: CP(c1ccccc1)c1ccccc1. Solvent: CC(=O)N(C)C. Base: KOPiv. Reaction Temperature: 90 degrees centigrade. Reaction Concentration: 0.057 M. Palladium loading: 2.25 mol%. Ligand loading: 5 mol%. Base loading: 3 eq. What is the yield (%) and cost (US dollar per mol) of this reaction?","","5.02,0.036398269","[]"
"Here is a chemical reaction. Reactants are: Cn1cnc(C#N)c1, Fc1ccccc1Br. Product is: Cn1cnc(C#N)c1-c1ccccc1F. Reaction type is Pd catalyzed C-H arylation. The reaction conditions of this reaction are: Palladium Source: [PdCl(allyl)]2. Ligand: CC12C[C@]3(C)O[C@@](C)(C[C@@](C)(O3)P1c1ccccc1)O2. Solvent: CCCCOC(C)=O. Base: KOAc. Reaction Temperature: 120 degrees centigrade. Reaction Concentration: 0.153 M. Palladium loading: 2.25 mol%. Ligand loading: 5 mol%. Base loading: 3 eq. What is the yield (%) and cost (US dollar per mol) of this reaction?","","52.47,0.061253848","[]"
"Here is a chemical reaction. Reactants are: Cn1cnc(C#N)c1, Fc1ccccc1Br. Product is: Cn1cnc(C#N)c1-c1ccccc1F. Reaction type is Pd catalyzed C-H arylation. The reaction conditions of this reaction are: Palladium Source: [PdCl(allyl)]2. Ligand: CC12C[C@]3(C)O[C@@](C)(C[C@@](C)(O3)P1c1ccccc1)O2. Solvent: Cc1ccc(C)cc1. Base: CsOPiv. Reaction Temperature: 105 degrees centigrade. Reaction Concentration: 0.1 M. Palladium loading: 2.25 mol%. Ligand loading: 5 mol%. Base loading: 3 eq. What is the yield (%) and cost (US dollar per mol) of this reaction?","","16.46,0.146523971","[]"
"Here is a chemical reaction. Reactants are: Cn1cnc(C#N)c1, Fc1ccccc1Br. Product is: Cn1cnc(C#N)c1-c1ccccc1F. Reaction type is Pd catalyzed C-H arylation. The reaction conditions of this reaction are: Palladium Source: [PdCl(allyl)]2. Ligand: CC(C)c1cc(C(C)C)c(-c2ccccc2P(C2CCCCC2)C2CCCCC2)c(C(C)C)c1. Solvent: CCCC#N. Base: KOPiv. Reaction Temperature: 90 degrees centigrade. Reaction Concentration: 0.153 M. Palladium loading: 2.25 mol%. Ligand loading: 5 mol%. Base loading: 3 eq. What is the yield (%) and cost (US dollar per mol) of this reaction?","","33.95,0.040981717","[]"
"Here is a chemical reaction. Reactants are: Cn1cnc(C#N)c1, Fc1ccccc1Br. Product is: Cn1cnc(C#N)c1-c1ccccc1F. Reaction type is Pd catalyzed C-H arylation. The reaction conditions of this reaction are: Palladium Source: [PdCl(allyl)]2. Ligand: c1coc(P(c2ccco2)c2ccco2)c1. Solvent: Cc1ccc(C)cc1. Base: CsOPiv. Reaction Temperature: 90 degrees centigrade. Reaction Concentration: 0.057 M. Palladium loading: 2.25 mol%. Ligand loading: 5 mol%. Base loading: 3 eq. What is the yield (%) and cost (US dollar per mol) of this reaction?","","7.59,0.139088417","[]"
"Here is a chemical reaction. Reactants are: Cn1cnc(C#N)c1, Fc1ccccc1Br. Product is: Cn1cnc(C#N)c1-c1ccccc1F. Reaction type is Pd catalyzed C-H arylation. The reaction conditions of this reaction are: Palladium Source: [PdCl(allyl)]2. Ligand: c1ccc(P(c2ccccc2)c2ccccc2)cc1. Solvent: CC(=O)N(C)C. Base: KOAc. Reaction Temperature: 120 degrees centigrade. Reaction Concentration: 0.153 M. Palladium loading: 2.25 mol%. Ligand loading: 5 mol%. Base loading: 3 eq. What is the yield (%) and cost (US dollar per mol) of this reaction?","","51.83,0.021790691","[]"
"Here is a chemical reaction. Reactants are: Cn1cnc(C#N)c1, Fc1ccccc1Br. Product is: Cn1cnc(C#N)c1-c1ccccc1F. Reaction type is Pd catalyzed C-H arylation. The reaction conditions of this reaction are: Palladium Source: [PdCl(allyl)]2. Ligand: c1coc(P(c2ccco2)c2ccco2)c1. Solvent: Cc1ccc(C)cc1. Base: CsOAc. Reaction Temperature: 120 degrees centigrade. Reaction Concentration: 0.1 M. Palladium loading: 2.25 mol%. Ligand loading: 5 mol%. Base loading: 3 eq. What is the yield (%) and cost (US dollar per mol) of this reaction?","","19.04,0.08648852","[]"
"Here is a chemical reaction. Reactants are: Cn1cnc(C#N)c1, Fc1ccccc1Br. Product is: Cn1cnc(C#N)c1-c1ccccc1F. Reaction type is Pd catalyzed C-H arylation. The reaction conditions of this reaction are: Palladium Source: [PdCl(allyl)]2. Ligand: CC(C)(C)P(c1ccccc1)C(C)(C)C. Solvent: Cc1ccc(C)cc1. Base: CsOAc. Reaction Temperature: 120 degrees centigrade. Reaction Concentration: 0.1 M. Palladium loading: 2.25 mol%. Ligand loading: 5 mol%. Base loading: 3 eq. What is the yield (%) and cost (US dollar per mol) of this reaction?","","0.0,0.091027866","[]"
"Here is a chemical reaction. Reactants are: Cn1cnc(C#N)c1, Fc1ccccc1Br. Product is: Cn1cnc(C#N)c1-c1ccccc1F. Reaction type is Pd catalyzed C-H arylation. The reaction conditions of this reaction are: Palladium Source: [PdCl(allyl)]2. Ligand: CC12C[C@]3(C)O[C@@](C)(C[C@@](C)(O3)P1c1ccccc1)O2. Solvent: Cc1ccc(C)cc1. Base: CsOAc. Reaction Temperature: 105 degrees centigrade. Reaction Concentration: 0.057 M. Palladium loading: 2.25 mol%. Ligand loading: 5 mol%. Base loading: 3 eq. What is the yield (%) and cost (US dollar per mol) of this reaction?","","41.1,0.117509056","[]"
"Here is a chemical reaction. Reactants are: Cn1cnc(C#N)c1, Fc1ccccc1Br. Product is: Cn1cnc(C#N)c1-c1ccccc1F. Reaction type is Pd catalyzed C-H arylation. The reaction conditions of this reaction are: Palladium Source: [PdCl(allyl)]2. Ligand: CP(c1ccccc1)c1ccccc1. Solvent: CCCCOC(C)=O. Base: KOPiv. Reaction Temperature: 105 degrees centigrade. Reaction Concentration: 0.153 M. Palladium loading: 2.25 mol%. Ligand loading: 5 mol%. Base loading: 3 eq. What is the yield (%) and cost (US dollar per mol) of this reaction?","","0.0,0.029451217","[]"
"Here is a chemical reaction. Reactants are: Cn1cnc(C#N)c1, Fc1ccccc1Br. Product is: Cn1cnc(C#N)c1-c1ccccc1F. Reaction type is Pd catalyzed C-H arylation. The reaction conditions of this reaction are: Palladium Source: [PdCl(allyl)]2. Ligand: c1ccc(P(c2ccccc2)c2ccccc2)cc1. Solvent: CCCCOC(C)=O. Base: CsOPiv. Reaction Temperature: 90 degrees centigrade. Reaction Concentration: 0.057 M. Palladium loading: 2.25 mol%. Ligand loading: 5 mol%. Base loading: 3 eq. What is the yield (%) and cost (US dollar per mol) of this reaction?","","0.43,0.142942413","[]"
"Here is a chemical reaction. Reactants are: Cn1cnc(C#N)c1, Fc1ccccc1Br. Product is: Cn1cnc(C#N)c1-c1ccccc1F. Reaction type is Pd catalyzed C-H arylation. The reaction conditions of this reaction are: Palladium Source: [PdCl(allyl)]2. Ligand: CC(C)Oc1cccc(OC(C)C)c1P(C1CCCCC1)C1CCCCC1. Solvent: CCCC#N. Base: KOPiv. Reaction Temperature: 90 degrees centigrade. Reaction Concentration: 0.153 M. Palladium loading: 2.25 mol%. Ligand loading: 5 mol%. Base loading: 3 eq. What is the yield (%) and cost (US dollar per mol) of this reaction?","","14.99,0.044752501","[]"
"Here is a chemical reaction. Reactants are: Cn1cnc(C#N)c1, Fc1ccccc1Br. Product is: Cn1cnc(C#N)c1-c1ccccc1F. Reaction type is Pd catalyzed C-H arylation. The reaction conditions of this reaction are: Palladium Source: [PdCl(allyl)]2. Ligand: CN(C)c1cccc(N(C)C)c1-c1ccccc1P(c1ccccc1)C(C)(C)C. Solvent: CCCC#N. Base: CsOPiv. Reaction Temperature: 120 degrees centigrade. Reaction Concentration: 0.1 M. Palladium loading: 2.25 mol%. Ligand loading: 5 mol%. Base loading: 3 eq. What is the yield (%) and cost (US dollar per mol) of this reaction?","","5.3,0.3731489","[]"
"Here is a chemical reaction. Reactants are: Cn1cnc(C#N)c1, Fc1ccccc1Br. Product is: Cn1cnc(C#N)c1-c1ccccc1F. Reaction type is Pd catalyzed C-H arylation. The reaction conditions of this reaction are: Palladium Source: [PdCl(allyl)]2. Ligand: CC(C)(C)P(c1ccccc1)C(C)(C)C. Solvent: CC(=O)N(C)C. Base: CsOAc. Reaction Temperature: 120 degrees centigrade. Reaction Concentration: 0.153 M. Palladium loading: 2.25 mol%. Ligand loading: 5 mol%. Base loading: 3 eq. What is the yield (%) and cost (US dollar per mol) of this reaction?","","0.51,0.084052337","[]"
"Here is a chemical reaction. Reactants are: Cn1cnc(C#N)c1, Fc1ccccc1Br. Product is: Cn1cnc(C#N)c1-c1ccccc1F. Reaction type is Pd catalyzed C-H arylation. The reaction conditions of this reaction are: Palladium Source: [PdCl(allyl)]2. Ligand: CP(c1ccccc1)c1ccccc1. Solvent: Cc1ccc(C)cc1. Base: CsOPiv. Reaction Temperature: 120 degrees centigrade. Reaction Concentration: 0.057 M. Palladium loading: 2.25 mol%. Ligand loading: 5 mol%. Base loading: 3 eq. What is the yield (%) and cost (US dollar per mol) of this reaction?","","0.0,0.127819108","[]"
"Here is a chemical reaction. Reactants are: Cn1cnc(C#N)c1, Fc1ccccc1Br. Product is: Cn1cnc(C#N)c1-c1ccccc1F. Reaction type is Pd catalyzed C-H arylation. The reaction conditions of this reaction are: Palladium Source: [PdCl(allyl)]2. Ligand: CC(C)Oc1cccc(OC(C)C)c1P(C1CCCCC1)C1CCCCC1. Solvent: CCCC#N. Base: KOPiv. Reaction Temperature: 120 degrees centigrade. Reaction Concentration: 0.153 M. Palladium loading: 2.25 mol%. Ligand loading: 5 mol%. Base loading: 3 eq. What is the yield (%) and cost (US dollar per mol) of this reaction?","","45.37,0.044985764","[]"
"Here is a chemical reaction. Reactants are: Cn1cnc(C#N)c1, Fc1ccccc1Br. Product is: Cn1cnc(C#N)c1-c1ccccc1F. Reaction type is Pd catalyzed C-H arylation. The reaction conditions of this reaction are: Palladium Source: [PdCl(allyl)]2. Ligand: c1coc(P(c2ccco2)c2ccco2)c1. Solvent: CCCCOC(C)=O. Base: KOPiv. Reaction Temperature: 120 degrees centigrade. Reaction Concentration: 0.1 M. Palladium loading: 2.25 mol%. Ligand loading: 5 mol%. Base loading: 3 eq. What is the yield (%) and cost (US dollar per mol) of this reaction?","","21.0,0.049332509","[]"
"Here is a chemical reaction. Reactants are: Cn1cnc(C#N)c1, Fc1ccccc1Br. Product is: Cn1cnc(C#N)c1-c1ccccc1F. Reaction type is Pd catalyzed C-H arylation. The reaction conditions of this reaction are: Palladium Source: [PdCl(allyl)]2. Ligand: CP(C)c1ccccc1. Solvent: CC(=O)N(C)C. Base: CsOAc. Reaction Temperature: 105 degrees centigrade. Reaction Concentration: 0.153 M. Palladium loading: 2.25 mol%. Ligand loading: 5 mol%. Base loading: 3 eq. What is the yield (%) and cost (US dollar per mol) of this reaction?","","0.0,0.06945625","[]"
"Here is a chemical reaction. Reactants are: Cn1cnc(C#N)c1, Fc1ccccc1Br. Product is: Cn1cnc(C#N)c1-c1ccccc1F. Reaction type is Pd catalyzed C-H arylation. The reaction conditions of this reaction are: Palladium Source: [PdCl(allyl)]2. Ligand: COc1ccc(OC)c(P(c2cc(C(F)(F)F)cc(C(F)(F)F)c2)c2cc(C(F)(F)F)cc(C(F)(F)F)c2)c1-c1c(C(C)C)cc(C(C)C)cc1C(C)C. Solvent: CCCC#N. Base: KOPiv. Reaction Temperature: 105 degrees centigrade. Reaction Concentration: 0.057 M. Palladium loading: 2.25 mol%. Ligand loading: 5 mol%. Base loading: 3 eq. What is the yield (%) and cost (US dollar per mol) of this reaction?","","15.64,0.395717415","[]"
"Here is a chemical reaction. Reactants are: Cn1cnc(C#N)c1, Fc1ccccc1Br. Product is: Cn1cnc(C#N)c1-c1ccccc1F. Reaction type is Pd catalyzed C-H arylation. The reaction conditions of this reaction are: Palladium Source: [PdCl(allyl)]2. Ligand: c1ccc(P(c2ccccc2)c2ccccc2)cc1. Solvent: CC(=O)N(C)C. Base: CsOAc. Reaction Temperature: 120 degrees centigrade. Reaction Concentration: 0.1 M. Palladium loading: 2.25 mol%. Ligand loading: 5 mol%. Base loading: 3 eq. What is the yield (%) and cost (US dollar per mol) of this reaction?","","87.32,0.072043938","[]"
"Here is a chemical reaction. Reactants are: Cn1cnc(C#N)c1, Fc1ccccc1Br. Product is: Cn1cnc(C#N)c1-c1ccccc1F. Reaction type is Pd catalyzed C-H arylation. The reaction conditions of this reaction are: Palladium Source: [PdCl(allyl)]2. Ligand: COc1ccc(OC)c(P(c2cc(C(F)(F)F)cc(C(F)(F)F)c2)c2cc(C(F)(F)F)cc(C(F)(F)F)c2)c1-c1c(C(C)C)cc(C(C)C)cc1C(C)C. Solvent: Cc1ccc(C)cc1. Base: CsOAc. Reaction Temperature: 105 degrees centigrade. Reaction Concentration: 0.1 M. Palladium loading: 2.25 mol%. Ligand loading: 5 mol%. Base loading: 3 eq. What is the yield (%) and cost (US dollar per mol) of this reaction?","","7.15,0.403864486","[]"
"Here is a chemical reaction. Reactants are: Cn1cnc(C#N)c1, Fc1ccccc1Br. Product is: Cn1cnc(C#N)c1-c1ccccc1F. Reaction type is Pd catalyzed C-H arylation. The reaction conditions of this reaction are: Palladium Source: [PdCl(allyl)]2. Ligand: c1coc(P(c2ccco2)c2ccco2)c1. Solvent: CCCC#N. Base: KOPiv. Reaction Temperature: 90 degrees centigrade. Reaction Concentration: 0.153 M. Palladium loading: 2.25 mol%. Ligand loading: 5 mol%. Base loading: 3 eq. What is the yield (%) and cost (US dollar per mol) of this reaction?","","52.2,0.045224794","[]"
"Here is a chemical reaction. Reactants are: Cn1cnc(C#N)c1, Fc1ccccc1Br. Product is: Cn1cnc(C#N)c1-c1ccccc1F. Reaction type is Pd catalyzed C-H arylation. The reaction conditions of this reaction are: Palladium Source: [PdCl(allyl)]2. Ligand: COc1ccc(OC)c(P(c2cc(C(F)(F)F)cc(C(F)(F)F)c2)c2cc(C(F)(F)F)cc(C(F)(F)F)c2)c1-c1c(C(C)C)cc(C(C)C)cc1C(C)C. Solvent: CCCCOC(C)=O. Base: CsOPiv. Reaction Temperature: 90 degrees centigrade. Reaction Concentration: 0.153 M. Palladium loading: 2.25 mol%. Ligand loading: 5 mol%. Base loading: 3 eq. What is the yield (%) and cost (US dollar per mol) of this reaction?","","2.77,0.445595779","[]"
"Here is a chemical reaction. Reactants are: Cn1cnc(C#N)c1, Fc1ccccc1Br. Product is: Cn1cnc(C#N)c1-c1ccccc1F. Reaction type is Pd catalyzed C-H arylation. The reaction conditions of this reaction are: Palladium Source: [PdCl(allyl)]2. Ligand: c1ccc(P(c2ccccc2)c2ccccc2)cc1. Solvent: CCCCOC(C)=O. Base: KOPiv. Reaction Temperature: 105 degrees centigrade. Reaction Concentration: 0.1 M. Palladium loading: 2.25 mol%. Ligand loading: 5 mol%. Base loading: 3 eq. What is the yield (%) and cost (US dollar per mol) of this reaction?","","1.92,0.036924887","[]"
"Here is a chemical reaction. Reactants are: Cn1cnc(C#N)c1, Fc1ccccc1Br. Product is: Cn1cnc(C#N)c1-c1ccccc1F. Reaction type is Pd catalyzed C-H arylation. The reaction conditions of this reaction are: Palladium Source: [PdCl(allyl)]2. Ligand: COc1ccc(OC)c(P(c2cc(C(F)(F)F)cc(C(F)(F)F)c2)c2cc(C(F)(F)F)cc(C(F)(F)F)c2)c1-c1c(C(C)C)cc(C(C)C)cc1C(C)C. Solvent: CCCCOC(C)=O. Base: CsOPiv. Reaction Temperature: 90 degrees centigrade. Reaction Concentration: 0.057 M. Palladium loading: 2.25 mol%. Ligand loading: 5 mol%. Base loading: 3 eq. What is the yield (%) and cost (US dollar per mol) of this reaction?","","0.99,0.472665231","[]"
"Here is a chemical reaction. Reactants are: Cn1cnc(C#N)c1, Fc1ccccc1Br. Product is: Cn1cnc(C#N)c1-c1ccccc1F. Reaction type is Pd catalyzed C-H arylation. The reaction conditions of this reaction are: Palladium Source: [PdCl(allyl)]2. Ligand: c1coc(P(c2ccco2)c2ccco2)c1. Solvent: CC(=O)N(C)C. Base: KOAc. Reaction Temperature: 105 degrees centigrade. Reaction Concentration: 0.153 M. Palladium loading: 2.25 mol%. Ligand loading: 5 mol%. Base loading: 3 eq. What is the yield (%) and cost (US dollar per mol) of this reaction?","","32.04,0.034033947","[]"
"Here is a chemical reaction. Reactants are: Cn1cnc(C#N)c1, Fc1ccccc1Br. Product is: Cn1cnc(C#N)c1-c1ccccc1F. Reaction type is Pd catalyzed C-H arylation. The reaction conditions of this reaction are: Palladium Source: [PdCl(allyl)]2. Ligand: CN(C)c1cccc(N(C)C)c1-c1ccccc1P(c1ccccc1)C(C)(C)C. Solvent: CC(=O)N(C)C. Base: CsOPiv. Reaction Temperature: 90 degrees centigrade. Reaction Concentration: 0.153 M. Palladium loading: 2.25 mol%. Ligand loading: 5 mol%. Base loading: 3 eq. What is the yield (%) and cost (US dollar per mol) of this reaction?","","3.55,0.350645651","[]"
"Here is a chemical reaction. Reactants are: Cn1cnc(C#N)c1, Fc1ccccc1Br. Product is: Cn1cnc(C#N)c1-c1ccccc1F. Reaction type is Pd catalyzed C-H arylation. The reaction conditions of this reaction are: Palladium Source: [PdCl(allyl)]2. Ligand: c1coc(P(c2ccco2)c2ccco2)c1. Solvent: Cc1ccc(C)cc1. Base: CsOAc. Reaction Temperature: 90 degrees centigrade. Reaction Concentration: 0.153 M. Palladium loading: 2.25 mol%. Ligand loading: 5 mol%. Base loading: 3 eq. What is the yield (%) and cost (US dollar per mol) of this reaction?","","40.04,0.081161243","[]"
"Here is a chemical reaction. Reactants are: Cn1cnc(C#N)c1, Fc1ccccc1Br. Product is: Cn1cnc(C#N)c1-c1ccccc1F. Reaction type is Pd catalyzed C-H arylation. The reaction conditions of this reaction are: Palladium Source: [PdCl(allyl)]2. Ligand: COc1ccc(OC)c(P(c2cc(C(F)(F)F)cc(C(F)(F)F)c2)c2cc(C(F)(F)F)cc(C(F)(F)F)c2)c1-c1c(C(C)C)cc(C(C)C)cc1C(C)C. Solvent: CC(=O)N(C)C. Base: CsOPiv. Reaction Temperature: 120 degrees centigrade. Reaction Concentration: 0.057 M. Palladium loading: 2.25 mol%. Ligand loading: 5 mol%. Base loading: 3 eq. What is the yield (%) and cost (US dollar per mol) of this reaction?","","22.07,0.452576402","[]"
"Here is a chemical reaction. Reactants are: Cn1cnc(C#N)c1, Fc1ccccc1Br. Product is: Cn1cnc(C#N)c1-c1ccccc1F. Reaction type is Pd catalyzed C-H arylation. The reaction conditions of this reaction are: Palladium Source: [PdCl(allyl)]2. Ligand: C1CCC(P(C2CCCCC2)C2CCCCC2)CC1. Solvent: Cc1ccc(C)cc1. Base: KOAc. Reaction Temperature: 90 degrees centigrade. Reaction Concentration: 0.057 M. Palladium loading: 2.25 mol%. Ligand loading: 5 mol%. Base loading: 3 eq. What is the yield (%) and cost (US dollar per mol) of this reaction?","","0.0,0.046254613","[]"
"Here is a chemical reaction. Reactants are: Cn1cnc(C#N)c1, Fc1ccccc1Br. Product is: Cn1cnc(C#N)c1-c1ccccc1F. Reaction type is Pd catalyzed C-H arylation. The reaction conditions of this reaction are: Palladium Source: [PdCl(allyl)]2. Ligand: C1CCC(P(C2CCCCC2)C2CCCCC2)CC1. Solvent: Cc1ccc(C)cc1. Base: CsOAc. Reaction Temperature: 120 degrees centigrade. Reaction Concentration: 0.057 M. Palladium loading: 2.25 mol%. Ligand loading: 5 mol%. Base loading: 3 eq. What is the yield (%) and cost (US dollar per mol) of this reaction?","","0.0,0.09175506","[]"
"Here is a chemical reaction. Reactants are: Cn1cnc(C#N)c1, Fc1ccccc1Br. Product is: Cn1cnc(C#N)c1-c1ccccc1F. Reaction type is Pd catalyzed C-H arylation. The reaction conditions of this reaction are: Palladium Source: [PdCl(allyl)]2. Ligand: COc1ccc(OC)c(P(C2CCCCC2)C2CCCCC2)c1-c1c(C(C)C)cc(C(C)C)cc1C(C)C. Solvent: CCCCOC(C)=O. Base: CsOPiv. Reaction Temperature: 90 degrees centigrade. Reaction Concentration: 0.057 M. Palladium loading: 2.25 mol%. Ligand loading: 5 mol%. Base loading: 3 eq. What is the yield (%) and cost (US dollar per mol) of this reaction?","","28.74,0.26256959","[]"
"Here is a chemical reaction. Reactants are: Cn1cnc(C#N)c1, Fc1ccccc1Br. Product is: Cn1cnc(C#N)c1-c1ccccc1F. Reaction type is Pd catalyzed C-H arylation. The reaction conditions of this reaction are: Palladium Source: [PdCl(allyl)]2. Ligand: CC(C)(C)P(c1ccccc1)C(C)(C)C. Solvent: CCCC#N. Base: CsOPiv. Reaction Temperature: 105 degrees centigrade. Reaction Concentration: 0.057 M. Palladium loading: 2.25 mol%. Ligand loading: 5 mol%. Base loading: 3 eq. What is the yield (%) and cost (US dollar per mol) of this reaction?","","0.0,0.170254815","[]"
"Here is a chemical reaction. Reactants are: Cn1cnc(C#N)c1, Fc1ccccc1Br. Product is: Cn1cnc(C#N)c1-c1ccccc1F. Reaction type is Pd catalyzed C-H arylation. The reaction conditions of this reaction are: Palladium Source: [PdCl(allyl)]2. Ligand: CP(c1ccccc1)c1ccccc1. Solvent: Cc1ccc(C)cc1. Base: CsOPiv. Reaction Temperature: 120 degrees centigrade. Reaction Concentration: 0.153 M. Palladium loading: 2.25 mol%. Ligand loading: 5 mol%. Base loading: 3 eq. What is the yield (%) and cost (US dollar per mol) of this reaction?","","1.6,0.110652605","[]"
"Here is a chemical reaction. Reactants are: Cn1cnc(C#N)c1, Fc1ccccc1Br. Product is: Cn1cnc(C#N)c1-c1ccccc1F. Reaction type is Pd catalyzed C-H arylation. The reaction conditions of this reaction are: Palladium Source: [PdCl(allyl)]2. Ligand: CP(c1ccccc1)c1ccccc1. Solvent: CCCC#N. Base: CsOPiv. Reaction Temperature: 120 degrees centigrade. Reaction Concentration: 0.057 M. Palladium loading: 2.25 mol%. Ligand loading: 5 mol%. Base loading: 3 eq. What is the yield (%) and cost (US dollar per mol) of this reaction?","","0.0,0.15440437","[]"
"Here is a chemical reaction. Reactants are: Cn1cnc(C#N)c1, Fc1ccccc1Br. Product is: Cn1cnc(C#N)c1-c1ccccc1F. Reaction type is Pd catalyzed C-H arylation. The reaction conditions of this reaction are: Palladium Source: [PdCl(allyl)]2. Ligand: CC(C)Oc1cccc(OC(C)C)c1P(C1CCCCC1)C1CCCCC1. Solvent: CCCC#N. Base: KOPiv. Reaction Temperature: 105 degrees centigrade. Reaction Concentration: 0.153 M. Palladium loading: 2.25 mol%. Ligand loading: 5 mol%. Base loading: 3 eq. What is the yield (%) and cost (US dollar per mol) of this reaction?","","30.77,0.044873663","[]"
"Here is a chemical reaction. Reactants are: Cn1cnc(C#N)c1, Fc1ccccc1Br. Product is: Cn1cnc(C#N)c1-c1ccccc1F. Reaction type is Pd catalyzed C-H arylation. The reaction conditions of this reaction are: Palladium Source: [PdCl(allyl)]2. Ligand: COc1ccc(OC)c(P(c2cc(C(F)(F)F)cc(C(F)(F)F)c2)c2cc(C(F)(F)F)cc(C(F)(F)F)c2)c1-c1c(C(C)C)cc(C(C)C)cc1C(C)C. Solvent: CC(=O)N(C)C. Base: KOAc. Reaction Temperature: 105 degrees centigrade. Reaction Concentration: 0.1 M. Palladium loading: 2.25 mol%. Ligand loading: 5 mol%. Base loading: 3 eq. What is the yield (%) and cost (US dollar per mol) of this reaction?","","75.22,0.356228278","[]"
"Here is a chemical reaction. Reactants are: Cn1cnc(C#N)c1, Fc1ccccc1Br. Product is: Cn1cnc(C#N)c1-c1ccccc1F. Reaction type is Pd catalyzed C-H arylation. The reaction conditions of this reaction are: Palladium Source: [PdCl(allyl)]2. Ligand: CC(C)Oc1cccc(OC(C)C)c1P(C1CCCCC1)C1CCCCC1. Solvent: CC(=O)N(C)C. Base: KOAc. Reaction Temperature: 120 degrees centigrade. Reaction Concentration: 0.1 M. Palladium loading: 2.25 mol%. Ligand loading: 5 mol%. Base loading: 3 eq. What is the yield (%) and cost (US dollar per mol) of this reaction?","","15.42,0.038449938","[]"
"Here is a chemical reaction. Reactants are: Cn1cnc(C#N)c1, Fc1ccccc1Br. Product is: Cn1cnc(C#N)c1-c1ccccc1F. Reaction type is Pd catalyzed C-H arylation. The reaction conditions of this reaction are: Palladium Source: [PdCl(allyl)]2. Ligand: COc1ccc(OC)c(P(c2cc(C(F)(F)F)cc(C(F)(F)F)c2)c2cc(C(F)(F)F)cc(C(F)(F)F)c2)c1-c1c(C(C)C)cc(C(C)C)cc1C(C)C. Solvent: Cc1ccc(C)cc1. Base: KOPiv. Reaction Temperature: 105 degrees centigrade. Reaction Concentration: 0.1 M. Palladium loading: 2.25 mol%. Ligand loading: 5 mol%. Base loading: 3 eq. What is the yield (%) and cost (US dollar per mol) of this reaction?","","9.9,0.357279777","[]"
"Here is a chemical reaction. Reactants are: Cn1cnc(C#N)c1, Fc1ccccc1Br. Product is: Cn1cnc(C#N)c1-c1ccccc1F. Reaction type is Pd catalyzed C-H arylation. The reaction conditions of this reaction are: Palladium Source: [PdCl(allyl)]2. Ligand: c1ccc(P(c2ccccc2)c2ccccc2)cc1. Solvent: CC(=O)N(C)C. Base: KOAc. Reaction Temperature: 90 degrees centigrade. Reaction Concentration: 0.057 M. Palladium loading: 2.25 mol%. Ligand loading: 5 mol%. Base loading: 3 eq. What is the yield (%) and cost (US dollar per mol) of this reaction?","","19.55,0.036475757","[]"
"Here is a chemical reaction. Reactants are: Cn1cnc(C#N)c1, Fc1ccccc1Br. Product is: Cn1cnc(C#N)c1-c1ccccc1F. Reaction type is Pd catalyzed C-H arylation. The reaction conditions of this reaction are: Palladium Source: [PdCl(allyl)]2. Ligand: CC12C[C@]3(C)O[C@@](C)(C[C@@](C)(O3)P1c1ccccc1)O2. Solvent: CCCCOC(C)=O. Base: CsOPiv. Reaction Temperature: 105 degrees centigrade. Reaction Concentration: 0.1 M. Palladium loading: 2.25 mol%. Ligand loading: 5 mol%. Base loading: 3 eq. What is the yield (%) and cost (US dollar per mol) of this reaction?","","24.0,0.155988997","[]"
"Here is a chemical reaction. Reactants are: Cn1cnc(C#N)c1, Fc1ccccc1Br. Product is: Cn1cnc(C#N)c1-c1ccccc1F. Reaction type is Pd catalyzed C-H arylation. The reaction conditions of this reaction are: Palladium Source: [PdCl(allyl)]2. Ligand: CC12C[C@]3(C)O[C@@](C)(C[C@@](C)(O3)P1c1ccccc1)O2. Solvent: Cc1ccc(C)cc1. Base: KOAc. Reaction Temperature: 105 degrees centigrade. Reaction Concentration: 0.057 M. Palladium loading: 2.25 mol%. Ligand loading: 5 mol%. Base loading: 3 eq. What is the yield (%) and cost (US dollar per mol) of this reaction?","","25.69,0.071952367","[]"
"Here is a chemical reaction. Reactants are: Cn1cnc(C#N)c1, Fc1ccccc1Br. Product is: Cn1cnc(C#N)c1-c1ccccc1F. Reaction type is Pd catalyzed C-H arylation. The reaction conditions of this reaction are: Palladium Source: [PdCl(allyl)]2. Ligand: CC(C)Oc1cccc(OC(C)C)c1P(C1CCCCC1)C1CCCCC1. Solvent: CCCC#N. Base: CsOPiv. Reaction Temperature: 105 degrees centigrade. Reaction Concentration: 0.153 M. Palladium loading: 2.25 mol%. Ligand loading: 5 mol%. Base loading: 3 eq. What is the yield (%) and cost (US dollar per mol) of this reaction?","","29.82,0.13233438","[]"
"Here is a chemical reaction. Reactants are: Cn1cnc(C#N)c1, Fc1ccccc1Br. Product is: Cn1cnc(C#N)c1-c1ccccc1F. Reaction type is Pd catalyzed C-H arylation. The reaction conditions of this reaction are: Palladium Source: [PdCl(allyl)]2. Ligand: c1ccc(P(c2ccccc2)c2ccccc2)cc1. Solvent: CC(=O)N(C)C. Base: CsOPiv. Reaction Temperature: 90 degrees centigrade. Reaction Concentration: 0.1 M. Palladium loading: 2.25 mol%. Ligand loading: 5 mol%. Base loading: 3 eq. What is the yield (%) and cost (US dollar per mol) of this reaction?","","33.59,0.112762312","[]"
"Here is a chemical reaction. Reactants are: Cn1cnc(C#N)c1, Fc1ccccc1Br. Product is: Cn1cnc(C#N)c1-c1ccccc1F. Reaction type is Pd catalyzed C-H arylation. The reaction conditions of this reaction are: Palladium Source: [PdCl(allyl)]2. Ligand: CP(c1ccccc1)c1ccccc1. Solvent: CCCC#N. Base: KOPiv. Reaction Temperature: 120 degrees centigrade. Reaction Concentration: 0.1 M. Palladium loading: 2.25 mol%. Ligand loading: 5 mol%. Base loading: 3 eq. What is the yield (%) and cost (US dollar per mol) of this reaction?","","0.0,0.044078464","[]"
"Here is a chemical reaction. Reactants are: Cn1cnc(C#N)c1, Fc1ccccc1Br. Product is: Cn1cnc(C#N)c1-c1ccccc1F. Reaction type is Pd catalyzed C-H arylation. The reaction conditions of this reaction are: Palladium Source: [PdCl(allyl)]2. Ligand: COc1ccc(OC)c(P(c2cc(C(F)(F)F)cc(C(F)(F)F)c2)c2cc(C(F)(F)F)cc(C(F)(F)F)c2)c1-c1c(C(C)C)cc(C(C)C)cc1C(C)C. Solvent: CCCCOC(C)=O. Base: KOPiv. Reaction Temperature: 90 degrees centigrade. Reaction Concentration: 0.1 M. Palladium loading: 2.25 mol%. Ligand loading: 5 mol%. Base loading: 3 eq. What is the yield (%) and cost (US dollar per mol) of this reaction?","","0.0,0.366633755","[]"
"Here is a chemical reaction. Reactants are: Cn1cnc(C#N)c1, Fc1ccccc1Br. Product is: Cn1cnc(C#N)c1-c1ccccc1F. Reaction type is Pd catalyzed C-H arylation. The reaction conditions of this reaction are: Palladium Source: [PdCl(allyl)]2. Ligand: COc1ccc(OC)c(P(C2CCCCC2)C2CCCCC2)c1-c1c(C(C)C)cc(C(C)C)cc1C(C)C. Solvent: CC(=O)N(C)C. Base: CsOAc. Reaction Temperature: 90 degrees centigrade. Reaction Concentration: 0.153 M. Palladium loading: 2.25 mol%. Ligand loading: 5 mol%. Base loading: 3 eq. What is the yield (%) and cost (US dollar per mol) of this reaction?","","6.26,0.186627715","[]"
"Here is a chemical reaction. Reactants are: Cn1cnc(C#N)c1, Fc1ccccc1Br. Product is: Cn1cnc(C#N)c1-c1ccccc1F. Reaction type is Pd catalyzed C-H arylation. The reaction conditions of this reaction are: Palladium Source: [PdCl(allyl)]2. Ligand: CC(C)c1cc(C(C)C)c(-c2ccccc2P(C2CCCCC2)C2CCCCC2)c(C(C)C)c1. Solvent: CCCC#N. Base: CsOAc. Reaction Temperature: 120 degrees centigrade. Reaction Concentration: 0.1 M. Palladium loading: 2.25 mol%. Ligand loading: 5 mol%. Base loading: 3 eq. What is the yield (%) and cost (US dollar per mol) of this reaction?","","84.17,0.09845814","[]"
"Here is a chemical reaction. Reactants are: Cn1cnc(C#N)c1, Fc1ccccc1Br. Product is: Cn1cnc(C#N)c1-c1ccccc1F. Reaction type is Pd catalyzed C-H arylation. The reaction conditions of this reaction are: Palladium Source: [PdCl(allyl)]2. Ligand: CC12C[C@]3(C)O[C@@](C)(C[C@@](C)(O3)P1c1ccccc1)O2. Solvent: CCCCOC(C)=O. Base: KOPiv. Reaction Temperature: 120 degrees centigrade. Reaction Concentration: 0.1 M. Palladium loading: 2.25 mol%. Ligand loading: 5 mol%. Base loading: 3 eq. What is the yield (%) and cost (US dollar per mol) of this reaction?","","42.62,0.068625715","[]"
"Here is a chemical reaction. Reactants are: Cn1cnc(C#N)c1, Fc1ccccc1Br. Product is: Cn1cnc(C#N)c1-c1ccccc1F. Reaction type is Pd catalyzed C-H arylation. The reaction conditions of this reaction are: Palladium Source: [PdCl(allyl)]2. Ligand: CP(c1ccccc1)c1ccccc1. Solvent: Cc1ccc(C)cc1. Base: CsOAc. Reaction Temperature: 120 degrees centigrade. Reaction Concentration: 0.057 M. Palladium loading: 2.25 mol%. Ligand loading: 5 mol%. Base loading: 3 eq. What is the yield (%) and cost (US dollar per mol) of this reaction?","","0.0,0.086945842","[]"
"Here is a chemical reaction. Reactants are: Cn1cnc(C#N)c1, Fc1ccccc1Br. Product is: Cn1cnc(C#N)c1-c1ccccc1F. Reaction type is Pd catalyzed C-H arylation. The reaction conditions of this reaction are: Palladium Source: [PdCl(allyl)]2. Ligand: c1ccc(P(c2ccccc2)c2ccccc2)cc1. Solvent: CC(=O)N(C)C. Base: KOAc. Reaction Temperature: 120 degrees centigrade. Reaction Concentration: 0.1 M. Palladium loading: 2.25 mol%. Ligand loading: 5 mol%. Base loading: 3 eq. What is the yield (%) and cost (US dollar per mol) of this reaction?","","74.04,0.026505208","[]"
"Here is a chemical reaction. Reactants are: Cn1cnc(C#N)c1, Fc1ccccc1Br. Product is: Cn1cnc(C#N)c1-c1ccccc1F. Reaction type is Pd catalyzed C-H arylation. The reaction conditions of this reaction are: Palladium Source: [PdCl(allyl)]2. Ligand: COc1ccc(OC)c(P(c2cc(C(F)(F)F)cc(C(F)(F)F)c2)c2cc(C(F)(F)F)cc(C(F)(F)F)c2)c1-c1c(C(C)C)cc(C(C)C)cc1C(C)C. Solvent: CC(=O)N(C)C. Base: CsOAc. Reaction Temperature: 90 degrees centigrade. Reaction Concentration: 0.153 M. Palladium loading: 2.25 mol%. Ligand loading: 5 mol%. Base loading: 3 eq. What is the yield (%) and cost (US dollar per mol) of this reaction?","","11.77,0.396895322","[]"
"Here is a chemical reaction. Reactants are: Cn1cnc(C#N)c1, Fc1ccccc1Br. Product is: Cn1cnc(C#N)c1-c1ccccc1F. Reaction type is Pd catalyzed C-H arylation. The reaction conditions of this reaction are: Palladium Source: [PdCl(allyl)]2. Ligand: c1coc(P(c2ccco2)c2ccco2)c1. Solvent: CCCC#N. Base: KOPiv. Reaction Temperature: 105 degrees centigrade. Reaction Concentration: 0.153 M. Palladium loading: 2.25 mol%. Ligand loading: 5 mol%. Base loading: 3 eq. What is the yield (%) and cost (US dollar per mol) of this reaction?","","57.68,0.045266871","[]"
"Here is a chemical reaction. Reactants are: Cn1cnc(C#N)c1, Fc1ccccc1Br. Product is: Cn1cnc(C#N)c1-c1ccccc1F. Reaction type is Pd catalyzed C-H arylation. The reaction conditions of this reaction are: Palladium Source: [PdCl(allyl)]2. Ligand: COc1ccc(OC)c(P(c2cc(C(F)(F)F)cc(C(F)(F)F)c2)c2cc(C(F)(F)F)cc(C(F)(F)F)c2)c1-c1c(C(C)C)cc(C(C)C)cc1C(C)C. Solvent: CC(=O)N(C)C. Base: KOAc. Reaction Temperature: 90 degrees centigrade. Reaction Concentration: 0.153 M. Palladium loading: 2.25 mol%. Ligand loading: 5 mol%. Base loading: 3 eq. What is the yield (%) and cost (US dollar per mol) of this reaction?","","36.97,0.351467522","[]"
"Here is a chemical reaction. Reactants are: Cn1cnc(C#N)c1, Fc1ccccc1Br. Product is: Cn1cnc(C#N)c1-c1ccccc1F. Reaction type is Pd catalyzed C-H arylation. The reaction conditions of this reaction are: Palladium Source: [PdCl(allyl)]2. Ligand: C1CCC(P(C2CCCCC2)C2CCCCC2)CC1. Solvent: Cc1ccc(C)cc1. Base: KOPiv. Reaction Temperature: 105 degrees centigrade. Reaction Concentration: 0.1 M. Palladium loading: 2.25 mol%. Ligand loading: 5 mol%. Base loading: 3 eq. What is the yield (%) and cost (US dollar per mol) of this reaction?","","0.0,0.033391893","[]"
"Here is a chemical reaction. Reactants are: Cn1cnc(C#N)c1, Fc1ccccc1Br. Product is: Cn1cnc(C#N)c1-c1ccccc1F. Reaction type is Pd catalyzed C-H arylation. The reaction conditions of this reaction are: Palladium Source: [PdCl(allyl)]2. Ligand: COc1ccc(OC)c(P(c2cc(C(F)(F)F)cc(C(F)(F)F)c2)c2cc(C(F)(F)F)cc(C(F)(F)F)c2)c1-c1c(C(C)C)cc(C(C)C)cc1C(C)C. Solvent: Cc1ccc(C)cc1. Base: KOPiv. Reaction Temperature: 105 degrees centigrade. Reaction Concentration: 0.153 M. Palladium loading: 2.25 mol%. Ligand loading: 5 mol%. Base loading: 3 eq. What is the yield (%) and cost (US dollar per mol) of this reaction?","","12.77,0.35188633","[]"
"Here is a chemical reaction. Reactants are: Cn1cnc(C#N)c1, Fc1ccccc1Br. Product is: Cn1cnc(C#N)c1-c1ccccc1F. Reaction type is Pd catalyzed C-H arylation. The reaction conditions of this reaction are: Palladium Source: [PdCl(allyl)]2. Ligand: CC(C)Oc1cccc(OC(C)C)c1P(C1CCCCC1)C1CCCCC1. Solvent: CC(=O)N(C)C. Base: KOPiv. Reaction Temperature: 105 degrees centigrade. Reaction Concentration: 0.153 M. Palladium loading: 2.25 mol%. Ligand loading: 5 mol%. Base loading: 3 eq. What is the yield (%) and cost (US dollar per mol) of this reaction?","","72.45,0.032869553","[]"
"Here is a chemical reaction. Reactants are: Cn1cnc(C#N)c1, Fc1ccccc1Br. Product is: Cn1cnc(C#N)c1-c1ccccc1F. Reaction type is Pd catalyzed C-H arylation. The reaction conditions of this reaction are: Palladium Source: [PdCl(allyl)]2. Ligand: c1coc(P(c2ccco2)c2ccco2)c1. Solvent: Cc1ccc(C)cc1. Base: KOPiv. Reaction Temperature: 105 degrees centigrade. Reaction Concentration: 0.057 M. Palladium loading: 2.25 mol%. Ligand loading: 5 mol%. Base loading: 3 eq. What is the yield (%) and cost (US dollar per mol) of this reaction?","","14.68,0.051646282","[]"
"Here is a chemical reaction. Reactants are: Cn1cnc(C#N)c1, Fc1ccccc1Br. Product is: Cn1cnc(C#N)c1-c1ccccc1F. Reaction type is Pd catalyzed C-H arylation. The reaction conditions of this reaction are: Palladium Source: [PdCl(allyl)]2. Ligand: CC(C)Oc1cccc(OC(C)C)c1P(C1CCCCC1)C1CCCCC1. Solvent: CCCCOC(C)=O. Base: KOAc. Reaction Temperature: 90 degrees centigrade. Reaction Concentration: 0.1 M. Palladium loading: 2.25 mol%. Ligand loading: 5 mol%. Base loading: 3 eq. What is the yield (%) and cost (US dollar per mol) of this reaction?","","0.79,0.050126549","[]"
"Here is a chemical reaction. Reactants are: Cn1cnc(C#N)c1, Fc1ccccc1Br. Product is: Cn1cnc(C#N)c1-c1ccccc1F. Reaction type is Pd catalyzed C-H arylation. The reaction conditions of this reaction are: Palladium Source: [PdCl(allyl)]2. Ligand: CN(C)c1cccc(N(C)C)c1-c1ccccc1P(c1ccccc1)C(C)(C)C. Solvent: Cc1ccc(C)cc1. Base: CsOPiv. Reaction Temperature: 90 degrees centigrade. Reaction Concentration: 0.057 M. Palladium loading: 2.25 mol%. Ligand loading: 5 mol%. Base loading: 3 eq. What is the yield (%) and cost (US dollar per mol) of this reaction?","","25.31,0.369473213","[]"
"Here is a chemical reaction. Reactants are: Cn1cnc(C#N)c1, Fc1ccccc1Br. Product is: Cn1cnc(C#N)c1-c1ccccc1F. Reaction type is Pd catalyzed C-H arylation. The reaction conditions of this reaction are: Palladium Source: [PdCl(allyl)]2. Ligand: C1CCC(P(C2CCCCC2)C2CCCCC2)CC1. Solvent: CC(=O)N(C)C. Base: CsOAc. Reaction Temperature: 90 degrees centigrade. Reaction Concentration: 0.1 M. Palladium loading: 2.25 mol%. Ligand loading: 5 mol%. Base loading: 3 eq. What is the yield (%) and cost (US dollar per mol) of this reaction?","","4.02,0.077671718","[]"
"Here is a chemical reaction. Reactants are: Cn1cnc(C#N)c1, Fc1ccccc1Br. Product is: Cn1cnc(C#N)c1-c1ccccc1F. Reaction type is Pd catalyzed C-H arylation. The reaction conditions of this reaction are: Palladium Source: [PdCl(allyl)]2. Ligand: CP(C)c1ccccc1. Solvent: CCCC#N. Base: CsOPiv. Reaction Temperature: 90 degrees centigrade. Reaction Concentration: 0.153 M. Palladium loading: 2.25 mol%. Ligand loading: 5 mol%. Base loading: 3 eq. What is the yield (%) and cost (US dollar per mol) of this reaction?","","0.0,0.122306226","[]"
"Here is a chemical reaction. Reactants are: Cn1cnc(C#N)c1, Fc1ccccc1Br. Product is: Cn1cnc(C#N)c1-c1ccccc1F. Reaction type is Pd catalyzed C-H arylation. The reaction conditions of this reaction are: Palladium Source: [PdCl(allyl)]2. Ligand: COc1ccc(OC)c(P(C2CCCCC2)C2CCCCC2)c1-c1c(C(C)C)cc(C(C)C)cc1C(C)C. Solvent: Cc1ccc(C)cc1. Base: CsOAc. Reaction Temperature: 105 degrees centigrade. Reaction Concentration: 0.1 M. Palladium loading: 2.25 mol%. Ligand loading: 5 mol%. Base loading: 3 eq. What is the yield (%) and cost (US dollar per mol) of this reaction?","","40.03,0.193732767","[]"
"Here is a chemical reaction. Reactants are: Cn1cnc(C#N)c1, Fc1ccccc1Br. Product is: Cn1cnc(C#N)c1-c1ccccc1F. Reaction type is Pd catalyzed C-H arylation. The reaction conditions of this reaction are: Palladium Source: [PdCl(allyl)]2. Ligand: c1coc(P(c2ccco2)c2ccco2)c1. Solvent: CC(=O)N(C)C. Base: CsOAc. Reaction Temperature: 90 degrees centigrade. Reaction Concentration: 0.153 M. Palladium loading: 2.25 mol%. Ligand loading: 5 mol%. Base loading: 3 eq. What is the yield (%) and cost (US dollar per mol) of this reaction?","","24.55,0.079512802","[]"
"Here is a chemical reaction. Reactants are: Cn1cnc(C#N)c1, Fc1ccccc1Br. Product is: Cn1cnc(C#N)c1-c1ccccc1F. Reaction type is Pd catalyzed C-H arylation. The reaction conditions of this reaction are: Palladium Source: [PdCl(allyl)]2. Ligand: CP(c1ccccc1)c1ccccc1. Solvent: CCCC#N. Base: KOAc. Reaction Temperature: 105 degrees centigrade. Reaction Concentration: 0.1 M. Palladium loading: 2.25 mol%. Ligand loading: 5 mol%. Base loading: 3 eq. What is the yield (%) and cost (US dollar per mol) of this reaction?","","0.0,0.045172764","[]"
"Here is a chemical reaction. Reactants are: Cn1cnc(C#N)c1, Fc1ccccc1Br. Product is: Cn1cnc(C#N)c1-c1ccccc1F. Reaction type is Pd catalyzed C-H arylation. The reaction conditions of this reaction are: Palladium Source: [PdCl(allyl)]2. Ligand: COc1ccc(OC)c(P(c2cc(C(F)(F)F)cc(C(F)(F)F)c2)c2cc(C(F)(F)F)cc(C(F)(F)F)c2)c1-c1c(C(C)C)cc(C(C)C)cc1C(C)C. Solvent: CC(=O)N(C)C. Base: KOPiv. Reaction Temperature: 90 degrees centigrade. Reaction Concentration: 0.153 M. Palladium loading: 2.25 mol%. Ligand loading: 5 mol%. Base loading: 3 eq. What is the yield (%) and cost (US dollar per mol) of this reaction?","","2.9,0.350275005","[]"
"Here is a chemical reaction. Reactants are: Cn1cnc(C#N)c1, Fc1ccccc1Br. Product is: Cn1cnc(C#N)c1-c1ccccc1F. Reaction type is Pd catalyzed C-H arylation. The reaction conditions of this reaction are: Palladium Source: [PdCl(allyl)]2. Ligand: CC12C[C@]3(C)O[C@@](C)(C[C@@](C)(O3)P1c1ccccc1)O2. Solvent: Cc1ccc(C)cc1. Base: CsOAc. Reaction Temperature: 90 degrees centigrade. Reaction Concentration: 0.1 M. Palladium loading: 2.25 mol%. Ligand loading: 5 mol%. Base loading: 3 eq. What is the yield (%) and cost (US dollar per mol) of this reaction?","","23.05,0.105674757","[]"
"Here is a chemical reaction. Reactants are: Cn1cnc(C#N)c1, Fc1ccccc1Br. Product is: Cn1cnc(C#N)c1-c1ccccc1F. Reaction type is Pd catalyzed C-H arylation. The reaction conditions of this reaction are: Palladium Source: [PdCl(allyl)]2. Ligand: CP(C)c1ccccc1. Solvent: CCCCOC(C)=O. Base: KOPiv. Reaction Temperature: 120 degrees centigrade. Reaction Concentration: 0.153 M. Palladium loading: 2.25 mol%. Ligand loading: 5 mol%. Base loading: 3 eq. What is the yield (%) and cost (US dollar per mol) of this reaction?","","0.0,0.030707046","[]"
"Here is a chemical reaction. Reactants are: Cn1cnc(C#N)c1, Fc1ccccc1Br. Product is: Cn1cnc(C#N)c1-c1ccccc1F. Reaction type is Pd catalyzed C-H arylation. The reaction conditions of this reaction are: Palladium Source: [PdCl(allyl)]2. Ligand: c1coc(P(c2ccco2)c2ccco2)c1. Solvent: CCCCOC(C)=O. Base: CsOPiv. Reaction Temperature: 90 degrees centigrade. Reaction Concentration: 0.1 M. Palladium loading: 2.25 mol%. Ligand loading: 5 mol%. Base loading: 3 eq. What is the yield (%) and cost (US dollar per mol) of this reaction?","","14.58,0.136764412","[]"
"Here is a chemical reaction. Reactants are: Cn1cnc(C#N)c1, Fc1ccccc1Br. Product is: Cn1cnc(C#N)c1-c1ccccc1F. Reaction type is Pd catalyzed C-H arylation. The reaction conditions of this reaction are: Palladium Source: [PdCl(allyl)]2. Ligand: c1coc(P(c2ccco2)c2ccco2)c1. Solvent: Cc1ccc(C)cc1. Base: CsOAc. Reaction Temperature: 90 degrees centigrade. Reaction Concentration: 0.057 M. Palladium loading: 2.25 mol%. Ligand loading: 5 mol%. Base loading: 3 eq. What is the yield (%) and cost (US dollar per mol) of this reaction?","","15.92,0.098245554","[]"
"Here is a chemical reaction. Reactants are: Cn1cnc(C#N)c1, Fc1ccccc1Br. Product is: Cn1cnc(C#N)c1-c1ccccc1F. Reaction type is Pd catalyzed C-H arylation. The reaction conditions of this reaction are: Palladium Source: [PdCl(allyl)]2. Ligand: c1ccc(P(c2ccccc2)c2ccccc2)cc1. Solvent: CC(=O)N(C)C. Base: CsOPiv. Reaction Temperature: 90 degrees centigrade. Reaction Concentration: 0.057 M. Palladium loading: 2.25 mol%. Ligand loading: 5 mol%. Base loading: 3 eq. What is the yield (%) and cost (US dollar per mol) of this reaction?","","44.96,0.122922721","[]"
"Here is a chemical reaction. Reactants are: Cn1cnc(C#N)c1, Fc1ccccc1Br. Product is: Cn1cnc(C#N)c1-c1ccccc1F. Reaction type is Pd catalyzed C-H arylation. The reaction conditions of this reaction are: Palladium Source: [PdCl(allyl)]2. Ligand: c1ccc(P(c2ccccc2)c2ccccc2)cc1. Solvent: CC(=O)N(C)C. Base: KOPiv. Reaction Temperature: 120 degrees centigrade. Reaction Concentration: 0.153 M. Palladium loading: 2.25 mol%. Ligand loading: 5 mol%. Base loading: 3 eq. What is the yield (%) and cost (US dollar per mol) of this reaction?","","79.1,0.020775005","[]"
"Here is a chemical reaction. Reactants are: Cn1cnc(C#N)c1, Fc1ccccc1Br. Product is: Cn1cnc(C#N)c1-c1ccccc1F. Reaction type is Pd catalyzed C-H arylation. The reaction conditions of this reaction are: Palladium Source: [PdCl(allyl)]2. Ligand: c1coc(P(c2ccco2)c2ccco2)c1. Solvent: CCCCOC(C)=O. Base: KOPiv. Reaction Temperature: 90 degrees centigrade. Reaction Concentration: 0.153 M. Palladium loading: 2.25 mol%. Ligand loading: 5 mol%. Base loading: 3 eq. What is the yield (%) and cost (US dollar per mol) of this reaction?","","33.6,0.04088181","[]"
"Here is a chemical reaction. Reactants are: Cn1cnc(C#N)c1, Fc1ccccc1Br. Product is: Cn1cnc(C#N)c1-c1ccccc1F. Reaction type is Pd catalyzed C-H arylation. The reaction conditions of this reaction are: Palladium Source: [PdCl(allyl)]2. Ligand: CC(C)Oc1cccc(OC(C)C)c1P(C1CCCCC1)C1CCCCC1. Solvent: Cc1ccc(C)cc1. Base: KOAc. Reaction Temperature: 90 degrees centigrade. Reaction Concentration: 0.1 M. Palladium loading: 2.25 mol%. Ligand loading: 5 mol%. Base loading: 3 eq. What is the yield (%) and cost (US dollar per mol) of this reaction?","","0.7,0.040734549","[]"
"Here is a chemical reaction. Reactants are: Cn1cnc(C#N)c1, Fc1ccccc1Br. Product is: Cn1cnc(C#N)c1-c1ccccc1F. Reaction type is Pd catalyzed C-H arylation. The reaction conditions of this reaction are: Palladium Source: [PdCl(allyl)]2. Ligand: COc1ccc(OC)c(P(c2cc(C(F)(F)F)cc(C(F)(F)F)c2)c2cc(C(F)(F)F)cc(C(F)(F)F)c2)c1-c1c(C(C)C)cc(C(C)C)cc1C(C)C. Solvent: CCCCOC(C)=O. Base: CsOPiv. Reaction Temperature: 105 degrees centigrade. Reaction Concentration: 0.057 M. Palladium loading: 2.25 mol%. Ligand loading: 5 mol%. Base loading: 3 eq. What is the yield (%) and cost (US dollar per mol) of this reaction?","","1.3,0.472666974","[]"
"Here is a chemical reaction. Reactants are: Cn1cnc(C#N)c1, Fc1ccccc1Br. Product is: Cn1cnc(C#N)c1-c1ccccc1F. Reaction type is Pd catalyzed C-H arylation. The reaction conditions of this reaction are: Palladium Source: [PdCl(allyl)]2. Ligand: C1CCC(P(C2CCCCC2)C2CCCCC2)CC1. Solvent: CCCC#N. Base: KOPiv. Reaction Temperature: 105 degrees centigrade. Reaction Concentration: 0.153 M. Palladium loading: 2.25 mol%. Ligand loading: 5 mol%. Base loading: 3 eq. What is the yield (%) and cost (US dollar per mol) of this reaction?","","1.37,0.038402122","[]"
"Here is a chemical reaction. Reactants are: Cn1cnc(C#N)c1, Fc1ccccc1Br. Product is: Cn1cnc(C#N)c1-c1ccccc1F. Reaction type is Pd catalyzed C-H arylation. The reaction conditions of this reaction are: Palladium Source: [PdCl(allyl)]2. Ligand: c1ccc(P(c2ccccc2)c2ccccc2)cc1. Solvent: Cc1ccc(C)cc1. Base: CsOPiv. Reaction Temperature: 90 degrees centigrade. Reaction Concentration: 0.153 M. Palladium loading: 2.25 mol%. Ligand loading: 5 mol%. Base loading: 3 eq. What is the yield (%) and cost (US dollar per mol) of this reaction?","","0.25,0.109588979","[]"
"Here is a chemical reaction. Reactants are: Cn1cnc(C#N)c1, Fc1ccccc1Br. Product is: Cn1cnc(C#N)c1-c1ccccc1F. Reaction type is Pd catalyzed C-H arylation. The reaction conditions of this reaction are: Palladium Source: [PdCl(allyl)]2. Ligand: CC(C)(C)P(c1ccccc1)C(C)(C)C. Solvent: CCCCOC(C)=O. Base: CsOPiv. Reaction Temperature: 105 degrees centigrade. Reaction Concentration: 0.057 M. Palladium loading: 2.25 mol%. Ligand loading: 5 mol%. Base loading: 3 eq. What is the yield (%) and cost (US dollar per mol) of this reaction?","","0.0,0.159849137","[]"
"Here is a chemical reaction. Reactants are: Cn1cnc(C#N)c1, Fc1ccccc1Br. Product is: Cn1cnc(C#N)c1-c1ccccc1F. Reaction type is Pd catalyzed C-H arylation. The reaction conditions of this reaction are: Palladium Source: [PdCl(allyl)]2. Ligand: c1ccc(P(c2ccccc2)c2ccccc2)cc1. Solvent: CC(=O)N(C)C. Base: KOPiv. Reaction Temperature: 120 degrees centigrade. Reaction Concentration: 0.057 M. Palladium loading: 2.25 mol%. Ligand loading: 5 mol%. Base loading: 3 eq. What is the yield (%) and cost (US dollar per mol) of this reaction?","","91.27,0.03558821","[]"
"Here is a chemical reaction. Reactants are: Cn1cnc(C#N)c1, Fc1ccccc1Br. Product is: Cn1cnc(C#N)c1-c1ccccc1F. Reaction type is Pd catalyzed C-H arylation. The reaction conditions of this reaction are: Palladium Source: [PdCl(allyl)]2. Ligand: CP(C)c1ccccc1. Solvent: CCCC#N. Base: KOAc. Reaction Temperature: 105 degrees centigrade. Reaction Concentration: 0.057 M. Palladium loading: 2.25 mol%. Ligand loading: 5 mol%. Base loading: 3 eq. What is the yield (%) and cost (US dollar per mol) of this reaction?","","0.0,0.069286487","[]"
"Here is a chemical reaction. Reactants are: Cn1cnc(C#N)c1, Fc1ccccc1Br. Product is: Cn1cnc(C#N)c1-c1ccccc1F. Reaction type is Pd catalyzed C-H arylation. The reaction conditions of this reaction are: Palladium Source: [PdCl(allyl)]2. Ligand: CC(C)c1cc(C(C)C)c(-c2ccccc2P(C2CCCCC2)C2CCCCC2)c(C(C)C)c1. Solvent: Cc1ccc(C)cc1. Base: CsOPiv. Reaction Temperature: 120 degrees centigrade. Reaction Concentration: 0.1 M. Palladium loading: 2.25 mol%. Ligand loading: 5 mol%. Base loading: 3 eq. What is the yield (%) and cost (US dollar per mol) of this reaction?","","55.8,0.123393","[]"
"Here is a chemical reaction. Reactants are: Cn1cnc(C#N)c1, Fc1ccccc1Br. Product is: Cn1cnc(C#N)c1-c1ccccc1F. Reaction type is Pd catalyzed C-H arylation. The reaction conditions of this reaction are: Palladium Source: [PdCl(allyl)]2. Ligand: CP(c1ccccc1)c1ccccc1. Solvent: CC(=O)N(C)C. Base: KOPiv. Reaction Temperature: 120 degrees centigrade. Reaction Concentration: 0.153 M. Palladium loading: 2.25 mol%. Ligand loading: 5 mol%. Base loading: 3 eq. What is the yield (%) and cost (US dollar per mol) of this reaction?","","2.64,0.021613286","[]"
"Here is a chemical reaction. Reactants are: Cn1cnc(C#N)c1, Fc1ccccc1Br. Product is: Cn1cnc(C#N)c1-c1ccccc1F. Reaction type is Pd catalyzed C-H arylation. The reaction conditions of this reaction are: Palladium Source: [PdCl(allyl)]2. Ligand: CC12C[C@]3(C)O[C@@](C)(C[C@@](C)(O3)P1c1ccccc1)O2. Solvent: Cc1ccc(C)cc1. Base: KOPiv. Reaction Temperature: 120 degrees centigrade. Reaction Concentration: 0.153 M. Palladium loading: 2.25 mol%. Ligand loading: 5 mol%. Base loading: 3 eq. What is the yield (%) and cost (US dollar per mol) of this reaction?","","44.47,0.053754267","[]"
"Here is a chemical reaction. Reactants are: Cn1cnc(C#N)c1, Fc1ccccc1Br. Product is: Cn1cnc(C#N)c1-c1ccccc1F. Reaction type is Pd catalyzed C-H arylation. The reaction conditions of this reaction are: Palladium Source: [PdCl(allyl)]2. Ligand: CC(C)Oc1cccc(OC(C)C)c1P(C1CCCCC1)C1CCCCC1. Solvent: CCCC#N. Base: KOAc. Reaction Temperature: 90 degrees centigrade. Reaction Concentration: 0.057 M. Palladium loading: 2.25 mol%. Ligand loading: 5 mol%. Base loading: 3 eq. What is the yield (%) and cost (US dollar per mol) of this reaction?","","4.98,0.079123915","[]"
"Here is a chemical reaction. Reactants are: Cn1cnc(C#N)c1, Fc1ccccc1Br. Product is: Cn1cnc(C#N)c1-c1ccccc1F. Reaction type is Pd catalyzed C-H arylation. The reaction conditions of this reaction are: Palladium Source: [PdCl(allyl)]2. Ligand: C1CCC(P(C2CCCCC2)C2CCCCC2)CC1. Solvent: CC(=O)N(C)C. Base: KOPiv. Reaction Temperature: 90 degrees centigrade. Reaction Concentration: 0.153 M. Palladium loading: 2.25 mol%. Ligand loading: 5 mol%. Base loading: 3 eq. What is the yield (%) and cost (US dollar per mol) of this reaction?","","2.52,0.026422158","[]"
"Here is a chemical reaction. Reactants are: Cn1cnc(C#N)c1, Fc1ccccc1Br. Product is: Cn1cnc(C#N)c1-c1ccccc1F. Reaction type is Pd catalyzed C-H arylation. The reaction conditions of this reaction are: Palladium Source: [PdCl(allyl)]2. Ligand: CC12C[C@]3(C)O[C@@](C)(C[C@@](C)(O3)P1c1ccccc1)O2. Solvent: CC(=O)N(C)C. Base: CsOAc. Reaction Temperature: 105 degrees centigrade. Reaction Concentration: 0.153 M. Palladium loading: 2.25 mol%. Ligand loading: 5 mol%. Base loading: 3 eq. What is the yield (%) and cost (US dollar per mol) of this reaction?","","100.0,0.098901909","[]"
"Here is a chemical reaction. Reactants are: Cn1cnc(C#N)c1, Fc1ccccc1Br. Product is: Cn1cnc(C#N)c1-c1ccccc1F. Reaction type is Pd catalyzed C-H arylation. The reaction conditions of this reaction are: Palladium Source: [PdCl(allyl)]2. Ligand: CP(C)c1ccccc1. Solvent: CC(=O)N(C)C. Base: CsOAc. Reaction Temperature: 90 degrees centigrade. Reaction Concentration: 0.057 M. Palladium loading: 2.25 mol%. Ligand loading: 5 mol%. Base loading: 3 eq. What is the yield (%) and cost (US dollar per mol) of this reaction?","","0.0,0.084234372","[]"
"Here is a chemical reaction. Reactants are: Cn1cnc(C#N)c1, Fc1ccccc1Br. Product is: Cn1cnc(C#N)c1-c1ccccc1F. Reaction type is Pd catalyzed C-H arylation. The reaction conditions of this reaction are: Palladium Source: [PdCl(allyl)]2. Ligand: CP(c1ccccc1)c1ccccc1. Solvent: Cc1ccc(C)cc1. Base: KOAc. Reaction Temperature: 105 degrees centigrade. Reaction Concentration: 0.1 M. Palladium loading: 2.25 mol%. Ligand loading: 5 mol%. Base loading: 3 eq. What is the yield (%) and cost (US dollar per mol) of this reaction?","","0.0,0.029676975","[]"
"Here is a chemical reaction. Reactants are: Cn1cnc(C#N)c1, Fc1ccccc1Br. Product is: Cn1cnc(C#N)c1-c1ccccc1F. Reaction type is Pd catalyzed C-H arylation. The reaction conditions of this reaction are: Palladium Source: [PdCl(allyl)]2. Ligand: c1coc(P(c2ccco2)c2ccco2)c1. Solvent: CCCC#N. Base: KOAc. Reaction Temperature: 90 degrees centigrade. Reaction Concentration: 0.1 M. Palladium loading: 2.25 mol%. Ligand loading: 5 mol%. Base loading: 3 eq. What is the yield (%) and cost (US dollar per mol) of this reaction?","","2.55,0.05643395","[]"
"Here is a chemical reaction. Reactants are: Cn1cnc(C#N)c1, Fc1ccccc1Br. Product is: Cn1cnc(C#N)c1-c1ccccc1F. Reaction type is Pd catalyzed C-H arylation. The reaction conditions of this reaction are: Palladium Source: [PdCl(allyl)]2. Ligand: CP(C)c1ccccc1. Solvent: CCCC#N. Base: CsOAc. Reaction Temperature: 105 degrees centigrade. Reaction Concentration: 0.1 M. Palladium loading: 2.25 mol%. Ligand loading: 5 mol%. Base loading: 3 eq. What is the yield (%) and cost (US dollar per mol) of this reaction?","","0.0,0.091929038","[]"
"Here is a chemical reaction. Reactants are: Cn1cnc(C#N)c1, Fc1ccccc1Br. Product is: Cn1cnc(C#N)c1-c1ccccc1F. Reaction type is Pd catalyzed C-H arylation. The reaction conditions of this reaction are: Palladium Source: [PdCl(allyl)]2. Ligand: C1CCC(P(C2CCCCC2)C2CCCCC2)CC1. Solvent: CCCC#N. Base: CsOAc. Reaction Temperature: 90 degrees centigrade. Reaction Concentration: 0.057 M. Palladium loading: 2.25 mol%. Ligand loading: 5 mol%. Base loading: 3 eq. What is the yield (%) and cost (US dollar per mol) of this reaction?","","0.28,0.118342472","[]"
"Here is a chemical reaction. Reactants are: Cn1cnc(C#N)c1, Fc1ccccc1Br. Product is: Cn1cnc(C#N)c1-c1ccccc1F. Reaction type is Pd catalyzed C-H arylation. The reaction conditions of this reaction are: Palladium Source: [PdCl(allyl)]2. Ligand: COc1ccc(OC)c(P(c2cc(C(F)(F)F)cc(C(F)(F)F)c2)c2cc(C(F)(F)F)cc(C(F)(F)F)c2)c1-c1c(C(C)C)cc(C(C)C)cc1C(C)C. Solvent: CC(=O)N(C)C. Base: CsOAc. Reaction Temperature: 90 degrees centigrade. Reaction Concentration: 0.1 M. Palladium loading: 2.25 mol%. Ligand loading: 5 mol%. Base loading: 3 eq. What is the yield (%) and cost (US dollar per mol) of this reaction?","","16.92,0.401560658","[]"
"Here is a chemical reaction. Reactants are: Cn1cnc(C#N)c1, Fc1ccccc1Br. Product is: Cn1cnc(C#N)c1-c1ccccc1F. Reaction type is Pd catalyzed C-H arylation. The reaction conditions of this reaction are: Palladium Source: [PdCl(allyl)]2. Ligand: CP(C)c1ccccc1. Solvent: CCCCOC(C)=O. Base: CsOAc. Reaction Temperature: 90 degrees centigrade. Reaction Concentration: 0.057 M. Palladium loading: 2.25 mol%. Ligand loading: 5 mol%. Base loading: 3 eq. What is the yield (%) and cost (US dollar per mol) of this reaction?","","0.0,0.104381255","[]"
"Here is a chemical reaction. Reactants are: Cn1cnc(C#N)c1, Fc1ccccc1Br. Product is: Cn1cnc(C#N)c1-c1ccccc1F. Reaction type is Pd catalyzed C-H arylation. The reaction conditions of this reaction are: Palladium Source: [PdCl(allyl)]2. Ligand: CP(C)c1ccccc1. Solvent: CCCCOC(C)=O. Base: CsOPiv. Reaction Temperature: 120 degrees centigrade. Reaction Concentration: 0.057 M. Palladium loading: 2.25 mol%. Ligand loading: 5 mol%. Base loading: 3 eq. What is the yield (%) and cost (US dollar per mol) of this reaction?","","0.0,0.145254521","[]"
"Here is a chemical reaction. Reactants are: Cn1cnc(C#N)c1, Fc1ccccc1Br. Product is: Cn1cnc(C#N)c1-c1ccccc1F. Reaction type is Pd catalyzed C-H arylation. The reaction conditions of this reaction are: Palladium Source: [PdCl(allyl)]2. Ligand: CP(C)c1ccccc1. Solvent: CC(=O)N(C)C. Base: KOAc. Reaction Temperature: 105 degrees centigrade. Reaction Concentration: 0.153 M. Palladium loading: 2.25 mol%. Ligand loading: 5 mol%. Base loading: 3 eq. What is the yield (%) and cost (US dollar per mol) of this reaction?","","0.0,0.023955804","[]"
"Here is a chemical reaction. Reactants are: Cn1cnc(C#N)c1, Fc1ccccc1Br. Product is: Cn1cnc(C#N)c1-c1ccccc1F. Reaction type is Pd catalyzed C-H arylation. The reaction conditions of this reaction are: Palladium Source: [PdCl(allyl)]2. Ligand: CN(C)c1cccc(N(C)C)c1-c1ccccc1P(c1ccccc1)C(C)(C)C. Solvent: CC(=O)N(C)C. Base: KOAc. Reaction Temperature: 105 degrees centigrade. Reaction Concentration: 0.153 M. Palladium loading: 2.25 mol%. Ligand loading: 5 mol%. Base loading: 3 eq. What is the yield (%) and cost (US dollar per mol) of this reaction?","","57.33,0.264426975","[]"
"Here is a chemical reaction. Reactants are: Cn1cnc(C#N)c1, Fc1ccccc1Br. Product is: Cn1cnc(C#N)c1-c1ccccc1F. Reaction type is Pd catalyzed C-H arylation. The reaction conditions of this reaction are: Palladium Source: [PdCl(allyl)]2. Ligand: C1CCC(P(C2CCCCC2)C2CCCCC2)CC1. Solvent: Cc1ccc(C)cc1. Base: KOPiv. Reaction Temperature: 90 degrees centigrade. Reaction Concentration: 0.1 M. Palladium loading: 2.25 mol%. Ligand loading: 5 mol%. Base loading: 3 eq. What is the yield (%) and cost (US dollar per mol) of this reaction?","","0.0,0.033391893","[]"
"Here is a chemical reaction. Reactants are: Cn1cnc(C#N)c1, Fc1ccccc1Br. Product is: Cn1cnc(C#N)c1-c1ccccc1F. Reaction type is Pd catalyzed C-H arylation. The reaction conditions of this reaction are: Palladium Source: [PdCl(allyl)]2. Ligand: CC(C)(C)P(c1ccccc1)C(C)(C)C. Solvent: CCCC#N. Base: KOAc. Reaction Temperature: 90 degrees centigrade. Reaction Concentration: 0.153 M. Palladium loading: 2.25 mol%. Ligand loading: 5 mol%. Base loading: 3 eq. What is the yield (%) and cost (US dollar per mol) of this reaction?","","0.0,0.05052713","[]"
"Here is a chemical reaction. Reactants are: Cn1cnc(C#N)c1, Fc1ccccc1Br. Product is: Cn1cnc(C#N)c1-c1ccccc1F. Reaction type is Pd catalyzed C-H arylation. The reaction conditions of this reaction are: Palladium Source: [PdCl(allyl)]2. Ligand: CP(C)c1ccccc1. Solvent: CC(=O)N(C)C. Base: CsOAc. Reaction Temperature: 120 degrees centigrade. Reaction Concentration: 0.1 M. Palladium loading: 2.25 mol%. Ligand loading: 5 mol%. Base loading: 3 eq. What is the yield (%) and cost (US dollar per mol) of this reaction?","","19.02,0.074161571","[]"
"Here is a chemical reaction. Reactants are: Cn1cnc(C#N)c1, Fc1ccccc1Br. Product is: Cn1cnc(C#N)c1-c1ccccc1F. Reaction type is Pd catalyzed C-H arylation. The reaction conditions of this reaction are: Palladium Source: [PdCl(allyl)]2. Ligand: CN(C)c1cccc(N(C)C)c1-c1ccccc1P(c1ccccc1)C(C)(C)C. Solvent: Cc1ccc(C)cc1. Base: CsOAc. Reaction Temperature: 105 degrees centigrade. Reaction Concentration: 0.1 M. Palladium loading: 2.25 mol%. Ligand loading: 5 mol%. Base loading: 3 eq. What is the yield (%) and cost (US dollar per mol) of this reaction?","","19.51,0.316810357","[]"
"Here is a chemical reaction. Reactants are: Cn1cnc(C#N)c1, Fc1ccccc1Br. Product is: Cn1cnc(C#N)c1-c1ccccc1F. Reaction type is Pd catalyzed C-H arylation. The reaction conditions of this reaction are: Palladium Source: [PdCl(allyl)]2. Ligand: CC(C)Oc1cccc(OC(C)C)c1P(C1CCCCC1)C1CCCCC1. Solvent: CCCCOC(C)=O. Base: CsOAc. Reaction Temperature: 105 degrees centigrade. Reaction Concentration: 0.057 M. Palladium loading: 2.25 mol%. Ligand loading: 5 mol%. Base loading: 3 eq. What is the yield (%) and cost (US dollar per mol) of this reaction?","","22.02,0.114304299","[]"
"Here is a chemical reaction. Reactants are: Cn1cnc(C#N)c1, Fc1ccccc1Br. Product is: Cn1cnc(C#N)c1-c1ccccc1F. Reaction type is Pd catalyzed C-H arylation. The reaction conditions of this reaction are: Palladium Source: [PdCl(allyl)]2. Ligand: COc1ccc(OC)c(P(c2cc(C(F)(F)F)cc(C(F)(F)F)c2)c2cc(C(F)(F)F)cc(C(F)(F)F)c2)c1-c1c(C(C)C)cc(C(C)C)cc1C(C)C. Solvent: CC(=O)N(C)C. Base: KOAc. Reaction Temperature: 120 degrees centigrade. Reaction Concentration: 0.153 M. Palladium loading: 2.25 mol%. Ligand loading: 5 mol%. Base loading: 3 eq. What is the yield (%) and cost (US dollar per mol) of this reaction?","","85.21,0.351606587","[]"
"Here is a chemical reaction. Reactants are: Cn1cnc(C#N)c1, Fc1ccccc1Br. Product is: Cn1cnc(C#N)c1-c1ccccc1F. Reaction type is Pd catalyzed C-H arylation. The reaction conditions of this reaction are: Palladium Source: [PdCl(allyl)]2. Ligand: CC(C)(C)P(c1ccccc1)C(C)(C)C. Solvent: Cc1ccc(C)cc1. Base: KOAc. Reaction Temperature: 105 degrees centigrade. Reaction Concentration: 0.057 M. Palladium loading: 2.25 mol%. Ligand loading: 5 mol%. Base loading: 3 eq. What is the yield (%) and cost (US dollar per mol) of this reaction?","","0.0,0.05729584","[]"
"Here is a chemical reaction. Reactants are: Cn1cnc(C#N)c1, Fc1ccccc1Br. Product is: Cn1cnc(C#N)c1-c1ccccc1F. Reaction type is Pd catalyzed C-H arylation. The reaction conditions of this reaction are: Palladium Source: [PdCl(allyl)]2. Ligand: COc1ccc(OC)c(P(C2CCCCC2)C2CCCCC2)c1-c1c(C(C)C)cc(C(C)C)cc1C(C)C. Solvent: CCCCOC(C)=O. Base: KOPiv. Reaction Temperature: 105 degrees centigrade. Reaction Concentration: 0.1 M. Palladium loading: 2.25 mol%. Ligand loading: 5 mol%. Base loading: 3 eq. What is the yield (%) and cost (US dollar per mol) of this reaction?","","49.22,0.156658874","[]"
"Here is a chemical reaction. Reactants are: Cn1cnc(C#N)c1, Fc1ccccc1Br. Product is: Cn1cnc(C#N)c1-c1ccccc1F. Reaction type is Pd catalyzed C-H arylation. The reaction conditions of this reaction are: Palladium Source: [PdCl(allyl)]2. Ligand: c1coc(P(c2ccco2)c2ccco2)c1. Solvent: CCCC#N. Base: CsOAc. Reaction Temperature: 120 degrees centigrade. Reaction Concentration: 0.153 M. Palladium loading: 2.25 mol%. Ligand loading: 5 mol%. Base loading: 3 eq. What is the yield (%) and cost (US dollar per mol) of this reaction?","","30.17,0.09165039","[]"
"Here is a chemical reaction. Reactants are: Cn1cnc(C#N)c1, Fc1ccccc1Br. Product is: Cn1cnc(C#N)c1-c1ccccc1F. Reaction type is Pd catalyzed C-H arylation. The reaction conditions of this reaction are: Palladium Source: [PdCl(allyl)]2. Ligand: CC(C)c1cc(C(C)C)c(-c2ccccc2P(C2CCCCC2)C2CCCCC2)c(C(C)C)c1. Solvent: CCCC#N. Base: KOAc. Reaction Temperature: 120 degrees centigrade. Reaction Concentration: 0.1 M. Palladium loading: 2.25 mol%. Ligand loading: 5 mol%. Base loading: 3 eq. What is the yield (%) and cost (US dollar per mol) of this reaction?","","56.57,0.052745776","[]"
"Here is a chemical reaction. Reactants are: Cn1cnc(C#N)c1, Fc1ccccc1Br. Product is: Cn1cnc(C#N)c1-c1ccccc1F. Reaction type is Pd catalyzed C-H arylation. The reaction conditions of this reaction are: Palladium Source: [PdCl(allyl)]2. Ligand: CC(C)c1cc(C(C)C)c(-c2ccccc2P(C2CCCCC2)C2CCCCC2)c(C(C)C)c1. Solvent: CC(=O)N(C)C. Base: CsOAc. Reaction Temperature: 90 degrees centigrade. Reaction Concentration: 0.1 M. Palladium loading: 2.25 mol%. Ligand loading: 5 mol%. Base loading: 3 eq. What is the yield (%) and cost (US dollar per mol) of this reaction?","","84.17,0.080232213","[]"
"Here is a chemical reaction. Reactants are: Cn1cnc(C#N)c1, Fc1ccccc1Br. Product is: Cn1cnc(C#N)c1-c1ccccc1F. Reaction type is Pd catalyzed C-H arylation. The reaction conditions of this reaction are: Palladium Source: [PdCl(allyl)]2. Ligand: COc1ccc(OC)c(P(c2cc(C(F)(F)F)cc(C(F)(F)F)c2)c2cc(C(F)(F)F)cc(C(F)(F)F)c2)c1-c1c(C(C)C)cc(C(C)C)cc1C(C)C. Solvent: Cc1ccc(C)cc1. Base: KOAc. Reaction Temperature: 90 degrees centigrade. Reaction Concentration: 0.1 M. Palladium loading: 2.25 mol%. Ligand loading: 5 mol%. Base loading: 3 eq. What is the yield (%) and cost (US dollar per mol) of this reaction?","","4.95,0.358356011","[]"
"Here is a chemical reaction. Reactants are: Cn1cnc(C#N)c1, Fc1ccccc1Br. Product is: Cn1cnc(C#N)c1-c1ccccc1F. Reaction type is Pd catalyzed C-H arylation. The reaction conditions of this reaction are: Palladium Source: [PdCl(allyl)]2. Ligand: c1coc(P(c2ccco2)c2ccco2)c1. Solvent: CC(=O)N(C)C. Base: CsOAc. Reaction Temperature: 120 degrees centigrade. Reaction Concentration: 0.1 M. Palladium loading: 2.25 mol%. Ligand loading: 5 mol%. Base loading: 3 eq. What is the yield (%) and cost (US dollar per mol) of this reaction?","","29.06,0.084176293","[]"
"Here is a chemical reaction. Reactants are: Cn1cnc(C#N)c1, Fc1ccccc1Br. Product is: Cn1cnc(C#N)c1-c1ccccc1F. Reaction type is Pd catalyzed C-H arylation. The reaction conditions of this reaction are: Palladium Source: [PdCl(allyl)]2. Ligand: C1CCC(P(C2CCCCC2)C2CCCCC2)CC1. Solvent: Cc1ccc(C)cc1. Base: CsOPiv. Reaction Temperature: 105 degrees centigrade. Reaction Concentration: 0.153 M. Palladium loading: 2.25 mol%. Ligand loading: 5 mol%. Base loading: 3 eq. What is the yield (%) and cost (US dollar per mol) of this reaction?","","0.0,0.115455983","[]"
"Here is a chemical reaction. Reactants are: Cn1cnc(C#N)c1, Fc1ccccc1Br. Product is: Cn1cnc(C#N)c1-c1ccccc1F. Reaction type is Pd catalyzed C-H arylation. The reaction conditions of this reaction are: Palladium Source: [PdCl(allyl)]2. Ligand: COc1ccc(OC)c(P(C2CCCCC2)C2CCCCC2)c1-c1c(C(C)C)cc(C(C)C)cc1C(C)C. Solvent: Cc1ccc(C)cc1. Base: KOPiv. Reaction Temperature: 90 degrees centigrade. Reaction Concentration: 0.1 M. Palladium loading: 2.25 mol%. Ligand loading: 5 mol%. Base loading: 3 eq. What is the yield (%) and cost (US dollar per mol) of this reaction?","","38.12,0.14713105","[]"
"Here is a chemical reaction. Reactants are: Cn1cnc(C#N)c1, Fc1ccccc1Br. Product is: Cn1cnc(C#N)c1-c1ccccc1F. Reaction type is Pd catalyzed C-H arylation. The reaction conditions of this reaction are: Palladium Source: [PdCl(allyl)]2. Ligand: c1coc(P(c2ccco2)c2ccco2)c1. Solvent: CCCC#N. Base: KOAc. Reaction Temperature: 120 degrees centigrade. Reaction Concentration: 0.1 M. Palladium loading: 2.25 mol%. Ligand loading: 5 mol%. Base loading: 3 eq. What is the yield (%) and cost (US dollar per mol) of this reaction?","","13.89,0.056521021","[]"
"Here is a chemical reaction. Reactants are: Cn1cnc(C#N)c1, Fc1ccccc1Br. Product is: Cn1cnc(C#N)c1-c1ccccc1F. Reaction type is Pd catalyzed C-H arylation. The reaction conditions of this reaction are: Palladium Source: [PdCl(allyl)]2. Ligand: CC12C[C@]3(C)O[C@@](C)(C[C@@](C)(O3)P1c1ccccc1)O2. Solvent: CC(=O)N(C)C. Base: KOAc. Reaction Temperature: 120 degrees centigrade. Reaction Concentration: 0.057 M. Palladium loading: 2.25 mol%. Ligand loading: 5 mol%. Base loading: 3 eq. What is the yield (%) and cost (US dollar per mol) of this reaction?","","96.64,0.068169899","[]"
"Here is a chemical reaction. Reactants are: Cn1cnc(C#N)c1, Fc1ccccc1Br. Product is: Cn1cnc(C#N)c1-c1ccccc1F. Reaction type is Pd catalyzed C-H arylation. The reaction conditions of this reaction are: Palladium Source: [PdCl(allyl)]2. Ligand: COc1ccc(OC)c(P(C2CCCCC2)C2CCCCC2)c1-c1c(C(C)C)cc(C(C)C)cc1C(C)C. Solvent: CC(=O)N(C)C. Base: CsOPiv. Reaction Temperature: 105 degrees centigrade. Reaction Concentration: 0.1 M. Palladium loading: 2.25 mol%. Ligand loading: 5 mol%. Base loading: 3 eq. What is the yield (%) and cost (US dollar per mol) of this reaction?","","0.0,0.232133425","[]"
"Here is a chemical reaction. Reactants are: Cn1cnc(C#N)c1, Fc1ccccc1Br. Product is: Cn1cnc(C#N)c1-c1ccccc1F. Reaction type is Pd catalyzed C-H arylation. The reaction conditions of this reaction are: Palladium Source: [PdCl(allyl)]2. Ligand: C1CCC(P(C2CCCCC2)C2CCCCC2)CC1. Solvent: CCCC#N. Base: CsOAc. Reaction Temperature: 105 degrees centigrade. Reaction Concentration: 0.057 M. Palladium loading: 2.25 mol%. Ligand loading: 5 mol%. Base loading: 3 eq. What is the yield (%) and cost (US dollar per mol) of this reaction?","","1.13,0.118348998","[]"
"Here is a chemical reaction. Reactants are: Cn1cnc(C#N)c1, Fc1ccccc1Br. Product is: Cn1cnc(C#N)c1-c1ccccc1F. Reaction type is Pd catalyzed C-H arylation. The reaction conditions of this reaction are: Palladium Source: [PdCl(allyl)]2. Ligand: CC12C[C@]3(C)O[C@@](C)(C[C@@](C)(O3)P1c1ccccc1)O2. Solvent: CC(=O)N(C)C. Base: KOAc. Reaction Temperature: 90 degrees centigrade. Reaction Concentration: 0.057 M. Palladium loading: 2.25 mol%. Ligand loading: 5 mol%. Base loading: 3 eq. What is the yield (%) and cost (US dollar per mol) of this reaction?","","30.41,0.067978972","[]"
"Here is a chemical reaction. Reactants are: Cn1cnc(C#N)c1, Fc1ccccc1Br. Product is: Cn1cnc(C#N)c1-c1ccccc1F. Reaction type is Pd catalyzed C-H arylation. The reaction conditions of this reaction are: Palladium Source: [PdCl(allyl)]2. Ligand: C1CCC(P(C2CCCCC2)C2CCCCC2)CC1. Solvent: Cc1ccc(C)cc1. Base: CsOPiv. Reaction Temperature: 120 degrees centigrade. Reaction Concentration: 0.1 M. Palladium loading: 2.25 mol%. Ligand loading: 5 mol%. Base loading: 3 eq. What is the yield (%) and cost (US dollar per mol) of this reaction?","","0.69,0.120862423","[]"
"Here is a chemical reaction. Reactants are: Cn1cnc(C#N)c1, Fc1ccccc1Br. Product is: Cn1cnc(C#N)c1-c1ccccc1F. Reaction type is Pd catalyzed C-H arylation. The reaction conditions of this reaction are: Palladium Source: [PdCl(allyl)]2. Ligand: CC(C)Oc1cccc(OC(C)C)c1P(C1CCCCC1)C1CCCCC1. Solvent: CCCC#N. Base: KOAc. Reaction Temperature: 120 degrees centigrade. Reaction Concentration: 0.057 M. Palladium loading: 2.25 mol%. Ligand loading: 5 mol%. Base loading: 3 eq. What is the yield (%) and cost (US dollar per mol) of this reaction?","","20.95,0.079246536","[]"
"Here is a chemical reaction. Reactants are: Cn1cnc(C#N)c1, Fc1ccccc1Br. Product is: Cn1cnc(C#N)c1-c1ccccc1F. Reaction type is Pd catalyzed C-H arylation. The reaction conditions of this reaction are: Palladium Source: [PdCl(allyl)]2. Ligand: CN(C)c1cccc(N(C)C)c1-c1ccccc1P(c1ccccc1)C(C)(C)C. Solvent: CCCC#N. Base: CsOPiv. Reaction Temperature: 105 degrees centigrade. Reaction Concentration: 0.057 M. Palladium loading: 2.25 mol%. Ligand loading: 5 mol%. Base loading: 3 eq. What is the yield (%) and cost (US dollar per mol) of this reaction?","","5.06,0.396004952","[]"
"Here is a chemical reaction. Reactants are: Cn1cnc(C#N)c1, Fc1ccccc1Br. Product is: Cn1cnc(C#N)c1-c1ccccc1F. Reaction type is Pd catalyzed C-H arylation. The reaction conditions of this reaction are: Palladium Source: [PdCl(allyl)]2. Ligand: COc1ccc(OC)c(P(c2cc(C(F)(F)F)cc(C(F)(F)F)c2)c2cc(C(F)(F)F)cc(C(F)(F)F)c2)c1-c1c(C(C)C)cc(C(C)C)cc1C(C)C. Solvent: CCCCOC(C)=O. Base: KOPiv. Reaction Temperature: 105 degrees centigrade. Reaction Concentration: 0.057 M. Palladium loading: 2.25 mol%. Ligand loading: 5 mol%. Base loading: 3 eq. What is the yield (%) and cost (US dollar per mol) of this reaction?","","4.15,0.385214992","[]"
"Here is a chemical reaction. Reactants are: Cn1cnc(C#N)c1, Fc1ccccc1Br. Product is: Cn1cnc(C#N)c1-c1ccccc1F. Reaction type is Pd catalyzed C-H arylation. The reaction conditions of this reaction are: Palladium Source: [PdCl(allyl)]2. Ligand: CC(C)c1cc(C(C)C)c(-c2ccccc2P(C2CCCCC2)C2CCCCC2)c(C(C)C)c1. Solvent: Cc1ccc(C)cc1. Base: CsOPiv. Reaction Temperature: 120 degrees centigrade. Reaction Concentration: 0.057 M. Palladium loading: 2.25 mol%. Ligand loading: 5 mol%. Base loading: 3 eq. What is the yield (%) and cost (US dollar per mol) of this reaction?","","39.32,0.135101274","[]"
"Here is a chemical reaction. Reactants are: Cn1cnc(C#N)c1, Fc1ccccc1Br. Product is: Cn1cnc(C#N)c1-c1ccccc1F. Reaction type is Pd catalyzed C-H arylation. The reaction conditions of this reaction are: Palladium Source: [PdCl(allyl)]2. Ligand: CC(C)(C)P(c1ccccc1)C(C)(C)C. Solvent: CCCC#N. Base: KOPiv. Reaction Temperature: 105 degrees centigrade. Reaction Concentration: 0.1 M. Palladium loading: 2.25 mol%. Ligand loading: 5 mol%. Base loading: 3 eq. What is the yield (%) and cost (US dollar per mol) of this reaction?","","0.0,0.059928908","[]"
"Here is a chemical reaction. Reactants are: Cn1cnc(C#N)c1, Fc1ccccc1Br. Product is: Cn1cnc(C#N)c1-c1ccccc1F. Reaction type is Pd catalyzed C-H arylation. The reaction conditions of this reaction are: Palladium Source: [PdCl(allyl)]2. Ligand: CC(C)(C)P(c1ccccc1)C(C)(C)C. Solvent: CCCCOC(C)=O. Base: KOAc. Reaction Temperature: 105 degrees centigrade. Reaction Concentration: 0.153 M. Palladium loading: 2.25 mol%. Ligand loading: 5 mol%. Base loading: 3 eq. What is the yield (%) and cost (US dollar per mol) of this reaction?","","0.0,0.046395962","[]"
"Here is a chemical reaction. Reactants are: Cn1cnc(C#N)c1, Fc1ccccc1Br. Product is: Cn1cnc(C#N)c1-c1ccccc1F. Reaction type is Pd catalyzed C-H arylation. The reaction conditions of this reaction are: Palladium Source: [PdCl(allyl)]2. Ligand: CC12C[C@]3(C)O[C@@](C)(C[C@@](C)(O3)P1c1ccccc1)O2. Solvent: Cc1ccc(C)cc1. Base: CsOAc. Reaction Temperature: 90 degrees centigrade. Reaction Concentration: 0.057 M. Palladium loading: 2.25 mol%. Ligand loading: 5 mol%. Base loading: 3 eq. What is the yield (%) and cost (US dollar per mol) of this reaction?","","28.4,0.117462704","[]"
"Here is a chemical reaction. Reactants are: Cn1cnc(C#N)c1, Fc1ccccc1Br. Product is: Cn1cnc(C#N)c1-c1ccccc1F. Reaction type is Pd catalyzed C-H arylation. The reaction conditions of this reaction are: Palladium Source: [PdCl(allyl)]2. Ligand: c1ccc(P(c2ccccc2)c2ccccc2)cc1. Solvent: CC(=O)N(C)C. Base: CsOPiv. Reaction Temperature: 120 degrees centigrade. Reaction Concentration: 0.1 M. Palladium loading: 2.25 mol%. Ligand loading: 5 mol%. Base loading: 3 eq. What is the yield (%) and cost (US dollar per mol) of this reaction?","","76.33,0.112885522","[]"
"Here is a chemical reaction. Reactants are: Cn1cnc(C#N)c1, Fc1ccccc1Br. Product is: Cn1cnc(C#N)c1-c1ccccc1F. Reaction type is Pd catalyzed C-H arylation. The reaction conditions of this reaction are: Palladium Source: [PdCl(allyl)]2. Ligand: CC(C)Oc1cccc(OC(C)C)c1P(C1CCCCC1)C1CCCCC1. Solvent: Cc1ccc(C)cc1. Base: CsOPiv. Reaction Temperature: 105 degrees centigrade. Reaction Concentration: 0.1 M. Palladium loading: 2.25 mol%. Ligand loading: 5 mol%. Base loading: 3 eq. What is the yield (%) and cost (US dollar per mol) of this reaction?","","9.89,0.127141803","[]"
"Here is a chemical reaction. Reactants are: Cn1cnc(C#N)c1, Fc1ccccc1Br. Product is: Cn1cnc(C#N)c1-c1ccccc1F. Reaction type is Pd catalyzed C-H arylation. The reaction conditions of this reaction are: Palladium Source: [PdCl(allyl)]2. Ligand: CN(C)c1cccc(N(C)C)c1-c1ccccc1P(c1ccccc1)C(C)(C)C. Solvent: CCCC#N. Base: CsOAc. Reaction Temperature: 90 degrees centigrade. Reaction Concentration: 0.057 M. Palladium loading: 2.25 mol%. Ligand loading: 5 mol%. Base loading: 3 eq. What is the yield (%) and cost (US dollar per mol) of this reaction?","","6.57,0.35514328","[]"
"Here is a chemical reaction. Reactants are: Cn1cnc(C#N)c1, Fc1ccccc1Br. Product is: Cn1cnc(C#N)c1-c1ccccc1F. Reaction type is Pd catalyzed C-H arylation. The reaction conditions of this reaction are: Palladium Source: [PdCl(allyl)]2. Ligand: CN(C)c1cccc(N(C)C)c1-c1ccccc1P(c1ccccc1)C(C)(C)C. Solvent: Cc1ccc(C)cc1. Base: KOPiv. Reaction Temperature: 120 degrees centigrade. Reaction Concentration: 0.057 M. Palladium loading: 2.25 mol%. Ligand loading: 5 mol%. Base loading: 3 eq. What is the yield (%) and cost (US dollar per mol) of this reaction?","","18.22,0.281979324","[]"
"Here is a chemical reaction. Reactants are: Cn1cnc(C#N)c1, Fc1ccccc1Br. Product is: Cn1cnc(C#N)c1-c1ccccc1F. Reaction type is Pd catalyzed C-H arylation. The reaction conditions of this reaction are: Palladium Source: [PdCl(allyl)]2. Ligand: COc1ccc(OC)c(P(c2cc(C(F)(F)F)cc(C(F)(F)F)c2)c2cc(C(F)(F)F)cc(C(F)(F)F)c2)c1-c1c(C(C)C)cc(C(C)C)cc1C(C)C. Solvent: CC(=O)N(C)C. Base: KOPiv. Reaction Temperature: 120 degrees centigrade. Reaction Concentration: 0.057 M. Palladium loading: 2.25 mol%. Ligand loading: 5 mol%. Base loading: 3 eq. What is the yield (%) and cost (US dollar per mol) of this reaction?","","82.13,0.36528153","[]"
"Here is a chemical reaction. Reactants are: Cn1cnc(C#N)c1, Fc1ccccc1Br. Product is: Cn1cnc(C#N)c1-c1ccccc1F. Reaction type is Pd catalyzed C-H arylation. The reaction conditions of this reaction are: Palladium Source: [PdCl(allyl)]2. Ligand: c1coc(P(c2ccco2)c2ccco2)c1. Solvent: CCCCOC(C)=O. Base: CsOPiv. Reaction Temperature: 105 degrees centigrade. Reaction Concentration: 0.153 M. Palladium loading: 2.25 mol%. Ligand loading: 5 mol%. Base loading: 3 eq. What is the yield (%) and cost (US dollar per mol) of this reaction?","","27.05,0.128312981","[]"
"Here is a chemical reaction. Reactants are: Cn1cnc(C#N)c1, Fc1ccccc1Br. Product is: Cn1cnc(C#N)c1-c1ccccc1F. Reaction type is Pd catalyzed C-H arylation. The reaction conditions of this reaction are: Palladium Source: [PdCl(allyl)]2. Ligand: CC(C)Oc1cccc(OC(C)C)c1P(C1CCCCC1)C1CCCCC1. Solvent: Cc1ccc(C)cc1. Base: KOAc. Reaction Temperature: 105 degrees centigrade. Reaction Concentration: 0.1 M. Palladium loading: 2.25 mol%. Ligand loading: 5 mol%. Base loading: 3 eq. What is the yield (%) and cost (US dollar per mol) of this reaction?","","0.83,0.040735024","[]"
"Here is a chemical reaction. Reactants are: Cn1cnc(C#N)c1, Fc1ccccc1Br. Product is: Cn1cnc(C#N)c1-c1ccccc1F. Reaction type is Pd catalyzed C-H arylation. The reaction conditions of this reaction are: Palladium Source: [PdCl(allyl)]2. Ligand: CC(C)c1cc(C(C)C)c(-c2ccccc2P(C2CCCCC2)C2CCCCC2)c(C(C)C)c1. Solvent: CCCCOC(C)=O. Base: KOAc. Reaction Temperature: 90 degrees centigrade. Reaction Concentration: 0.057 M. Palladium loading: 2.25 mol%. Ligand loading: 5 mol%. Base loading: 3 eq. What is the yield (%) and cost (US dollar per mol) of this reaction?","","32.71,0.064947618","[]"
"Here is a chemical reaction. Reactants are: Cn1cnc(C#N)c1, Fc1ccccc1Br. Product is: Cn1cnc(C#N)c1-c1ccccc1F. Reaction type is Pd catalyzed C-H arylation. The reaction conditions of this reaction are: Palladium Source: [PdCl(allyl)]2. Ligand: C1CCC(P(C2CCCCC2)C2CCCCC2)CC1. Solvent: CCCCOC(C)=O. Base: KOAc. Reaction Temperature: 90 degrees centigrade. Reaction Concentration: 0.1 M. Palladium loading: 2.25 mol%. Ligand loading: 5 mol%. Base loading: 3 eq. What is the yield (%) and cost (US dollar per mol) of this reaction?","","0.0,0.043876303","[]"
"Here is a chemical reaction. Reactants are: Cn1cnc(C#N)c1, Fc1ccccc1Br. Product is: Cn1cnc(C#N)c1-c1ccccc1F. Reaction type is Pd catalyzed C-H arylation. The reaction conditions of this reaction are: Palladium Source: [PdCl(allyl)]2. Ligand: COc1ccc(OC)c(P(C2CCCCC2)C2CCCCC2)c1-c1c(C(C)C)cc(C(C)C)cc1C(C)C. Solvent: Cc1ccc(C)cc1. Base: KOAc. Reaction Temperature: 90 degrees centigrade. Reaction Concentration: 0.057 M. Palladium loading: 2.25 mol%. Ligand loading: 5 mol%. Base loading: 3 eq. What is the yield (%) and cost (US dollar per mol) of this reaction?","","12.39,0.159899863","[]"
"Here is a chemical reaction. Reactants are: Cn1cnc(C#N)c1, Fc1ccccc1Br. Product is: Cn1cnc(C#N)c1-c1ccccc1F. Reaction type is Pd catalyzed C-H arylation. The reaction conditions of this reaction are: Palladium Source: [PdCl(allyl)]2. Ligand: CC(C)c1cc(C(C)C)c(-c2ccccc2P(C2CCCCC2)C2CCCCC2)c(C(C)C)c1. Solvent: Cc1ccc(C)cc1. Base: KOPiv. Reaction Temperature: 105 degrees centigrade. Reaction Concentration: 0.1 M. Palladium loading: 2.25 mol%. Ligand loading: 5 mol%. Base loading: 3 eq. What is the yield (%) and cost (US dollar per mol) of this reaction?","","35.07,0.035849329","[]"
"Here is a chemical reaction. Reactants are: Cn1cnc(C#N)c1, Fc1ccccc1Br. Product is: Cn1cnc(C#N)c1-c1ccccc1F. Reaction type is Pd catalyzed C-H arylation. The reaction conditions of this reaction are: Palladium Source: [PdCl(allyl)]2. Ligand: COc1ccc(OC)c(P(C2CCCCC2)C2CCCCC2)c1-c1c(C(C)C)cc(C(C)C)cc1C(C)C. Solvent: CCCCOC(C)=O. Base: KOAc. Reaction Temperature: 105 degrees centigrade. Reaction Concentration: 0.1 M. Palladium loading: 2.25 mol%. Ligand loading: 5 mol%. Base loading: 3 eq. What is the yield (%) and cost (US dollar per mol) of this reaction?","","17.09,0.157572457","[]"
"Here is a chemical reaction. Reactants are: Cn1cnc(C#N)c1, Fc1ccccc1Br. Product is: Cn1cnc(C#N)c1-c1ccccc1F. Reaction type is Pd catalyzed C-H arylation. The reaction conditions of this reaction are: Palladium Source: [PdCl(allyl)]2. Ligand: COc1ccc(OC)c(P(C2CCCCC2)C2CCCCC2)c1-c1c(C(C)C)cc(C(C)C)cc1C(C)C. Solvent: Cc1ccc(C)cc1. Base: CsOAc. Reaction Temperature: 105 degrees centigrade. Reaction Concentration: 0.057 M. Palladium loading: 2.25 mol%. Ligand loading: 5 mol%. Base loading: 3 eq. What is the yield (%) and cost (US dollar per mol) of this reaction?","","36.14,0.205486991","[]"
"Here is a chemical reaction. Reactants are: Cn1cnc(C#N)c1, Fc1ccccc1Br. Product is: Cn1cnc(C#N)c1-c1ccccc1F. Reaction type is Pd catalyzed C-H arylation. The reaction conditions of this reaction are: Palladium Source: [PdCl(allyl)]2. Ligand: CC(C)c1cc(C(C)C)c(-c2ccccc2P(C2CCCCC2)C2CCCCC2)c(C(C)C)c1. Solvent: CCCCOC(C)=O. Base: KOPiv. Reaction Temperature: 90 degrees centigrade. Reaction Concentration: 0.1 M. Palladium loading: 2.25 mol%. Ligand loading: 5 mol%. Base loading: 3 eq. What is the yield (%) and cost (US dollar per mol) of this reaction?","","42.3,0.045349363","[]"
"Here is a chemical reaction. Reactants are: Cn1cnc(C#N)c1, Fc1ccccc1Br. Product is: Cn1cnc(C#N)c1-c1ccccc1F. Reaction type is Pd catalyzed C-H arylation. The reaction conditions of this reaction are: Palladium Source: [PdCl(allyl)]2. Ligand: CP(C)c1ccccc1. Solvent: Cc1ccc(C)cc1. Base: CsOAc. Reaction Temperature: 120 degrees centigrade. Reaction Concentration: 0.153 M. Palladium loading: 2.25 mol%. Ligand loading: 5 mol%. Base loading: 3 eq. What is the yield (%) and cost (US dollar per mol) of this reaction?","","0.0,0.071029328","[]"
"Here is a chemical reaction. Reactants are: Cn1cnc(C#N)c1, Fc1ccccc1Br. Product is: Cn1cnc(C#N)c1-c1ccccc1F. Reaction type is Pd catalyzed C-H arylation. The reaction conditions of this reaction are: Palladium Source: [PdCl(allyl)]2. Ligand: CC(C)Oc1cccc(OC(C)C)c1P(C1CCCCC1)C1CCCCC1. Solvent: CCCCOC(C)=O. Base: KOPiv. Reaction Temperature: 90 degrees centigrade. Reaction Concentration: 0.057 M. Palladium loading: 2.25 mol%. Ligand loading: 5 mol%. Base loading: 3 eq. What is the yield (%) and cost (US dollar per mol) of this reaction?","","3.04,0.067602799","[]"
"Here is a chemical reaction. Reactants are: Cn1cnc(C#N)c1, Fc1ccccc1Br. Product is: Cn1cnc(C#N)c1-c1ccccc1F. Reaction type is Pd catalyzed C-H arylation. The reaction conditions of this reaction are: Palladium Source: [PdCl(allyl)]2. Ligand: CC(C)Oc1cccc(OC(C)C)c1P(C1CCCCC1)C1CCCCC1. Solvent: Cc1ccc(C)cc1. Base: CsOAc. Reaction Temperature: 105 degrees centigrade. Reaction Concentration: 0.1 M. Palladium loading: 2.25 mol%. Ligand loading: 5 mol%. Base loading: 3 eq. What is the yield (%) and cost (US dollar per mol) of this reaction?","","14.97,0.086287077","[]"
"Here is a chemical reaction. Reactants are: Cn1cnc(C#N)c1, Fc1ccccc1Br. Product is: Cn1cnc(C#N)c1-c1ccccc1F. Reaction type is Pd catalyzed C-H arylation. The reaction conditions of this reaction are: Palladium Source: [PdCl(allyl)]2. Ligand: c1coc(P(c2ccco2)c2ccco2)c1. Solvent: CCCCOC(C)=O. Base: CsOPiv. Reaction Temperature: 90 degrees centigrade. Reaction Concentration: 0.153 M. Palladium loading: 2.25 mol%. Ligand loading: 5 mol%. Base loading: 3 eq. What is the yield (%) and cost (US dollar per mol) of this reaction?","","25.64,0.128305051","[]"
"Here is a chemical reaction. Reactants are: Cn1cnc(C#N)c1, Fc1ccccc1Br. Product is: Cn1cnc(C#N)c1-c1ccccc1F. Reaction type is Pd catalyzed C-H arylation. The reaction conditions of this reaction are: Palladium Source: [PdCl(allyl)]2. Ligand: CN(C)c1cccc(N(C)C)c1-c1ccccc1P(c1ccccc1)C(C)(C)C. Solvent: CC(=O)N(C)C. Base: CsOPiv. Reaction Temperature: 120 degrees centigrade. Reaction Concentration: 0.057 M. Palladium loading: 2.25 mol%. Ligand loading: 5 mol%. Base loading: 3 eq. What is the yield (%) and cost (US dollar per mol) of this reaction?","","14.24,0.36545459","[]"
"Here is a chemical reaction. Reactants are: Cn1cnc(C#N)c1, Fc1ccccc1Br. Product is: Cn1cnc(C#N)c1-c1ccccc1F. Reaction type is Pd catalyzed C-H arylation. The reaction conditions of this reaction are: Palladium Source: [PdCl(allyl)]2. Ligand: CC(C)c1cc(C(C)C)c(-c2ccccc2P(C2CCCCC2)C2CCCCC2)c(C(C)C)c1. Solvent: Cc1ccc(C)cc1. Base: KOPiv. Reaction Temperature: 90 degrees centigrade. Reaction Concentration: 0.1 M. Palladium loading: 2.25 mol%. Ligand loading: 5 mol%. Base loading: 3 eq. What is the yield (%) and cost (US dollar per mol) of this reaction?","","26.33,0.03581743","[]"
"Here is a chemical reaction. Reactants are: Cn1cnc(C#N)c1, Fc1ccccc1Br. Product is: Cn1cnc(C#N)c1-c1ccccc1F. Reaction type is Pd catalyzed C-H arylation. The reaction conditions of this reaction are: Palladium Source: [PdCl(allyl)]2. Ligand: CP(C)c1ccccc1. Solvent: CC(=O)N(C)C. Base: KOAc. Reaction Temperature: 120 degrees centigrade. Reaction Concentration: 0.1 M. Palladium loading: 2.25 mol%. Ligand loading: 5 mol%. Base loading: 3 eq. What is the yield (%) and cost (US dollar per mol) of this reaction?","","3.59,0.028616644","[]"
"Here is a chemical reaction. Reactants are: Cn1cnc(C#N)c1, Fc1ccccc1Br. Product is: Cn1cnc(C#N)c1-c1ccccc1F. Reaction type is Pd catalyzed C-H arylation. The reaction conditions of this reaction are: Palladium Source: [PdCl(allyl)]2. Ligand: CN(C)c1cccc(N(C)C)c1-c1ccccc1P(c1ccccc1)C(C)(C)C. Solvent: CCCC#N. Base: CsOAc. Reaction Temperature: 90 degrees centigrade. Reaction Concentration: 0.153 M. Palladium loading: 2.25 mol%. Ligand loading: 5 mol%. Base loading: 3 eq. What is the yield (%) and cost (US dollar per mol) of this reaction?","","0.0,0.321738861","[]"
"Here is a chemical reaction. Reactants are: Cn1cnc(C#N)c1, Fc1ccccc1Br. Product is: Cn1cnc(C#N)c1-c1ccccc1F. Reaction type is Pd catalyzed C-H arylation. The reaction conditions of this reaction are: Palladium Source: [PdCl(allyl)]2. Ligand: CP(c1ccccc1)c1ccccc1. Solvent: CCCCOC(C)=O. Base: KOAc. Reaction Temperature: 105 degrees centigrade. Reaction Concentration: 0.1 M. Palladium loading: 2.25 mol%. Ligand loading: 5 mol%. Base loading: 3 eq. What is the yield (%) and cost (US dollar per mol) of this reaction?","","0.0,0.039067086","[]"
"Here is a chemical reaction. Reactants are: Cn1cnc(C#N)c1, Fc1ccccc1Br. Product is: Cn1cnc(C#N)c1-c1ccccc1F. Reaction type is Pd catalyzed C-H arylation. The reaction conditions of this reaction are: Palladium Source: [PdCl(allyl)]2. Ligand: COc1ccc(OC)c(P(C2CCCCC2)C2CCCCC2)c1-c1c(C(C)C)cc(C(C)C)cc1C(C)C. Solvent: CCCCOC(C)=O. Base: KOAc. Reaction Temperature: 120 degrees centigrade. Reaction Concentration: 0.057 M. Palladium loading: 2.25 mol%. Ligand loading: 5 mol%. Base loading: 3 eq. What is the yield (%) and cost (US dollar per mol) of this reaction?","","27.16,0.176186991","[]"
"Here is a chemical reaction. Reactants are: Cn1cnc(C#N)c1, Fc1ccccc1Br. Product is: Cn1cnc(C#N)c1-c1ccccc1F. Reaction type is Pd catalyzed C-H arylation. The reaction conditions of this reaction are: Palladium Source: [PdCl(allyl)]2. Ligand: c1ccc(P(c2ccccc2)c2ccccc2)cc1. Solvent: CCCCOC(C)=O. Base: KOPiv. Reaction Temperature: 90 degrees centigrade. Reaction Concentration: 0.057 M. Palladium loading: 2.25 mol%. Ligand loading: 5 mol%. Base loading: 3 eq. What is the yield (%) and cost (US dollar per mol) of this reaction?","","0.05,0.055472263","[]"
"Here is a chemical reaction. Reactants are: Cn1cnc(C#N)c1, Fc1ccccc1Br. Product is: Cn1cnc(C#N)c1-c1ccccc1F. Reaction type is Pd catalyzed C-H arylation. The reaction conditions of this reaction are: Palladium Source: [PdCl(allyl)]2. Ligand: CP(C)c1ccccc1. Solvent: CCCC#N. Base: KOAc. Reaction Temperature: 120 degrees centigrade. Reaction Concentration: 0.057 M. Palladium loading: 2.25 mol%. Ligand loading: 5 mol%. Base loading: 3 eq. What is the yield (%) and cost (US dollar per mol) of this reaction?","","0.0,0.069286487","[]"
"Here is a chemical reaction. Reactants are: Cn1cnc(C#N)c1, Fc1ccccc1Br. Product is: Cn1cnc(C#N)c1-c1ccccc1F. Reaction type is Pd catalyzed C-H arylation. The reaction conditions of this reaction are: Palladium Source: [PdCl(allyl)]2. Ligand: COc1ccc(OC)c(P(c2cc(C(F)(F)F)cc(C(F)(F)F)c2)c2cc(C(F)(F)F)cc(C(F)(F)F)c2)c1-c1c(C(C)C)cc(C(C)C)cc1C(C)C. Solvent: CCCCOC(C)=O. Base: KOPiv. Reaction Temperature: 120 degrees centigrade. Reaction Concentration: 0.153 M. Palladium loading: 2.25 mol%. Ligand loading: 5 mol%. Base loading: 3 eq. What is the yield (%) and cost (US dollar per mol) of this reaction?","","6.87,0.358150828","[]"
"Here is a chemical reaction. Reactants are: Cn1cnc(C#N)c1, Fc1ccccc1Br. Product is: Cn1cnc(C#N)c1-c1ccccc1F. Reaction type is Pd catalyzed C-H arylation. The reaction conditions of this reaction are: Palladium Source: [PdCl(allyl)]2. Ligand: CN(C)c1cccc(N(C)C)c1-c1ccccc1P(c1ccccc1)C(C)(C)C. Solvent: Cc1ccc(C)cc1. Base: CsOPiv. Reaction Temperature: 90 degrees centigrade. Reaction Concentration: 0.153 M. Palladium loading: 2.25 mol%. Ligand loading: 5 mol%. Base loading: 3 eq. What is the yield (%) and cost (US dollar per mol) of this reaction?","","25.67,0.352302184","[]"
"Here is a chemical reaction. Reactants are: Cn1cnc(C#N)c1, Fc1ccccc1Br. Product is: Cn1cnc(C#N)c1-c1ccccc1F. Reaction type is Pd catalyzed C-H arylation. The reaction conditions of this reaction are: Palladium Source: [PdCl(allyl)]2. Ligand: c1ccc(P(c2ccccc2)c2ccccc2)cc1. Solvent: Cc1ccc(C)cc1. Base: CsOPiv. Reaction Temperature: 120 degrees centigrade. Reaction Concentration: 0.153 M. Palladium loading: 2.25 mol%. Ligand loading: 5 mol%. Base loading: 3 eq. What is the yield (%) and cost (US dollar per mol) of this reaction?","","4.26,0.109603615","[]"
"Here is a chemical reaction. Reactants are: Cn1cnc(C#N)c1, Fc1ccccc1Br. Product is: Cn1cnc(C#N)c1-c1ccccc1F. Reaction type is Pd catalyzed C-H arylation. The reaction conditions of this reaction are: Palladium Source: [PdCl(allyl)]2. Ligand: CC12C[C@]3(C)O[C@@](C)(C[C@@](C)(O3)P1c1ccccc1)O2. Solvent: Cc1ccc(C)cc1. Base: KOPiv. Reaction Temperature: 90 degrees centigrade. Reaction Concentration: 0.1 M. Palladium loading: 2.25 mol%. Ligand loading: 5 mol%. Base loading: 3 eq. What is the yield (%) and cost (US dollar per mol) of this reaction?","","18.9,0.059064865","[]"
"Here is a chemical reaction. Reactants are: Cn1cnc(C#N)c1, Fc1ccccc1Br. Product is: Cn1cnc(C#N)c1-c1ccccc1F. Reaction type is Pd catalyzed C-H arylation. The reaction conditions of this reaction are: Palladium Source: [PdCl(allyl)]2. Ligand: c1ccc(P(c2ccccc2)c2ccccc2)cc1. Solvent: CCCCOC(C)=O. Base: CsOAc. Reaction Temperature: 120 degrees centigrade. Reaction Concentration: 0.153 M. Palladium loading: 2.25 mol%. Ligand loading: 5 mol%. Base loading: 3 eq. What is the yield (%) and cost (US dollar per mol) of this reaction?","","14.26,0.075067471","[]"
"Here is a chemical reaction. Reactants are: Cn1cnc(C#N)c1, Fc1ccccc1Br. Product is: Cn1cnc(C#N)c1-c1ccccc1F. Reaction type is Pd catalyzed C-H arylation. The reaction conditions of this reaction are: Palladium Source: [PdCl(allyl)]2. Ligand: C1CCC(P(C2CCCCC2)C2CCCCC2)CC1. Solvent: CCCCOC(C)=O. Base: KOAc. Reaction Temperature: 120 degrees centigrade. Reaction Concentration: 0.1 M. Palladium loading: 2.25 mol%. Ligand loading: 5 mol%. Base loading: 3 eq. What is the yield (%) and cost (US dollar per mol) of this reaction?","","0.0,0.043876303","[]"
"Here is a chemical reaction. Reactants are: Cn1cnc(C#N)c1, Fc1ccccc1Br. Product is: Cn1cnc(C#N)c1-c1ccccc1F. Reaction type is Pd catalyzed C-H arylation. The reaction conditions of this reaction are: Palladium Source: [PdCl(allyl)]2. Ligand: CP(c1ccccc1)c1ccccc1. Solvent: CCCCOC(C)=O. Base: KOAc. Reaction Temperature: 120 degrees centigrade. Reaction Concentration: 0.153 M. Palladium loading: 2.25 mol%. Ligand loading: 5 mol%. Base loading: 3 eq. What is the yield (%) and cost (US dollar per mol) of this reaction?","","0.0,0.030545517","[]"
"Here is a chemical reaction. Reactants are: Cn1cnc(C#N)c1, Fc1ccccc1Br. Product is: Cn1cnc(C#N)c1-c1ccccc1F. Reaction type is Pd catalyzed C-H arylation. The reaction conditions of this reaction are: Palladium Source: [PdCl(allyl)]2. Ligand: CP(c1ccccc1)c1ccccc1. Solvent: CCCC#N. Base: KOAc. Reaction Temperature: 105 degrees centigrade. Reaction Concentration: 0.057 M. Palladium loading: 2.25 mol%. Ligand loading: 5 mol%. Base loading: 3 eq. What is the yield (%) and cost (US dollar per mol) of this reaction?","","0.0,0.068030658","[]"
"Here is a chemical reaction. Reactants are: Cn1cnc(C#N)c1, Fc1ccccc1Br. Product is: Cn1cnc(C#N)c1-c1ccccc1F. Reaction type is Pd catalyzed C-H arylation. The reaction conditions of this reaction are: Palladium Source: [PdCl(allyl)]2. Ligand: COc1ccc(OC)c(P(C2CCCCC2)C2CCCCC2)c1-c1c(C(C)C)cc(C(C)C)cc1C(C)C. Solvent: CCCC#N. Base: KOAc. Reaction Temperature: 90 degrees centigrade. Reaction Concentration: 0.057 M. Palladium loading: 2.25 mol%. Ligand loading: 5 mol%. Base loading: 3 eq. What is the yield (%) and cost (US dollar per mol) of this reaction?","","6.26,0.186487971","[]"
"Here is a chemical reaction. Reactants are: Cn1cnc(C#N)c1, Fc1ccccc1Br. Product is: Cn1cnc(C#N)c1-c1ccccc1F. Reaction type is Pd catalyzed C-H arylation. The reaction conditions of this reaction are: Palladium Source: [PdCl(allyl)]2. Ligand: C1CCC(P(C2CCCCC2)C2CCCCC2)CC1. Solvent: CCCCOC(C)=O. Base: KOAc. Reaction Temperature: 105 degrees centigrade. Reaction Concentration: 0.057 M. Palladium loading: 2.25 mol%. Ligand loading: 5 mol%. Base loading: 3 eq. What is the yield (%) and cost (US dollar per mol) of this reaction?","","0.0,0.062434198","[]"
"Here is a chemical reaction. Reactants are: Cn1cnc(C#N)c1, Fc1ccccc1Br. Product is: Cn1cnc(C#N)c1-c1ccccc1F. Reaction type is Pd catalyzed C-H arylation. The reaction conditions of this reaction are: Palladium Source: [PdCl(allyl)]2. Ligand: CC(C)Oc1cccc(OC(C)C)c1P(C1CCCCC1)C1CCCCC1. Solvent: CC(=O)N(C)C. Base: KOAc. Reaction Temperature: 120 degrees centigrade. Reaction Concentration: 0.153 M. Palladium loading: 2.25 mol%. Ligand loading: 5 mol%. Base loading: 3 eq. What is the yield (%) and cost (US dollar per mol) of this reaction?","","14.06,0.033795527","[]"
"Here is a chemical reaction. Reactants are: Cn1cnc(C#N)c1, Fc1ccccc1Br. Product is: Cn1cnc(C#N)c1-c1ccccc1F. Reaction type is Pd catalyzed C-H arylation. The reaction conditions of this reaction are: Palladium Source: [PdCl(allyl)]2. Ligand: COc1ccc(OC)c(P(c2cc(C(F)(F)F)cc(C(F)(F)F)c2)c2cc(C(F)(F)F)cc(C(F)(F)F)c2)c1-c1c(C(C)C)cc(C(C)C)cc1C(C)C. Solvent: CCCCOC(C)=O. Base: CsOAc. Reaction Temperature: 105 degrees centigrade. Reaction Concentration: 0.1 M. Palladium loading: 2.25 mol%. Ligand loading: 5 mol%. Base loading: 3 eq. What is the yield (%) and cost (US dollar per mol) of this reaction?","","3.08,0.413245825","[]"
"Here is a chemical reaction. Reactants are: Cn1cnc(C#N)c1, Fc1ccccc1Br. Product is: Cn1cnc(C#N)c1-c1ccccc1F. Reaction type is Pd catalyzed C-H arylation. The reaction conditions of this reaction are: Palladium Source: [PdCl(allyl)]2. Ligand: CN(C)c1cccc(N(C)C)c1-c1ccccc1P(c1ccccc1)C(C)(C)C. Solvent: CC(=O)N(C)C. Base: CsOPiv. Reaction Temperature: 90 degrees centigrade. Reaction Concentration: 0.057 M. Palladium loading: 2.25 mol%. Ligand loading: 5 mol%. Base loading: 3 eq. What is the yield (%) and cost (US dollar per mol) of this reaction?","","5.29,0.365428789","[]"
"Here is a chemical reaction. Reactants are: Cn1cnc(C#N)c1, Fc1ccccc1Br. Product is: Cn1cnc(C#N)c1-c1ccccc1F. Reaction type is Pd catalyzed C-H arylation. The reaction conditions of this reaction are: Palladium Source: [PdCl(allyl)]2. Ligand: c1ccc(P(c2ccccc2)c2ccccc2)cc1. Solvent: CCCC#N. Base: CsOPiv. Reaction Temperature: 105 degrees centigrade. Reaction Concentration: 0.057 M. Palladium loading: 2.25 mol%. Ligand loading: 5 mol%. Base loading: 3 eq. What is the yield (%) and cost (US dollar per mol) of this reaction?","","6.51,0.153395657","[]"
"Here is a chemical reaction. Reactants are: Cn1cnc(C#N)c1, Fc1ccccc1Br. Product is: Cn1cnc(C#N)c1-c1ccccc1F. Reaction type is Pd catalyzed C-H arylation. The reaction conditions of this reaction are: Palladium Source: [PdCl(allyl)]2. Ligand: c1ccc(P(c2ccccc2)c2ccccc2)cc1. Solvent: Cc1ccc(C)cc1. Base: KOPiv. Reaction Temperature: 90 degrees centigrade. Reaction Concentration: 0.057 M. Palladium loading: 2.25 mol%. Ligand loading: 5 mol%. Base loading: 3 eq. What is the yield (%) and cost (US dollar per mol) of this reaction?","","0.04,0.039292543","[]"
"Here is a chemical reaction. Reactants are: Cn1cnc(C#N)c1, Fc1ccccc1Br. Product is: Cn1cnc(C#N)c1-c1ccccc1F. Reaction type is Pd catalyzed C-H arylation. The reaction conditions of this reaction are: Palladium Source: [PdCl(allyl)]2. Ligand: CN(C)c1cccc(N(C)C)c1-c1ccccc1P(c1ccccc1)C(C)(C)C. Solvent: Cc1ccc(C)cc1. Base: CsOAc. Reaction Temperature: 120 degrees centigrade. Reaction Concentration: 0.057 M. Palladium loading: 2.25 mol%. Ligand loading: 5 mol%. Base loading: 3 eq. What is the yield (%) and cost (US dollar per mol) of this reaction?","","15.98,0.328565895","[]"
"Here is a chemical reaction. Reactants are: Cn1cnc(C#N)c1, Fc1ccccc1Br. Product is: Cn1cnc(C#N)c1-c1ccccc1F. Reaction type is Pd catalyzed C-H arylation. The reaction conditions of this reaction are: Palladium Source: [PdCl(allyl)]2. Ligand: c1coc(P(c2ccco2)c2ccco2)c1. Solvent: CC(=O)N(C)C. Base: CsOPiv. Reaction Temperature: 105 degrees centigrade. Reaction Concentration: 0.153 M. Palladium loading: 2.25 mol%. Ligand loading: 5 mol%. Base loading: 3 eq. What is the yield (%) and cost (US dollar per mol) of this reaction?","","55.96,0.120476616","[]"
"Here is a chemical reaction. Reactants are: Cn1cnc(C#N)c1, Fc1ccccc1Br. Product is: Cn1cnc(C#N)c1-c1ccccc1F. Reaction type is Pd catalyzed C-H arylation. The reaction conditions of this reaction are: Palladium Source: [PdCl(allyl)]2. Ligand: CC(C)(C)P(c1ccccc1)C(C)(C)C. Solvent: Cc1ccc(C)cc1. Base: CsOAc. Reaction Temperature: 90 degrees centigrade. Reaction Concentration: 0.1 M. Palladium loading: 2.25 mol%. Ligand loading: 5 mol%. Base loading: 3 eq. What is the yield (%) and cost (US dollar per mol) of this reaction?","","0.0,0.091027866","[]"
"Here is a chemical reaction. Reactants are: Cn1cnc(C#N)c1, Fc1ccccc1Br. Product is: Cn1cnc(C#N)c1-c1ccccc1F. Reaction type is Pd catalyzed C-H arylation. The reaction conditions of this reaction are: Palladium Source: [PdCl(allyl)]2. Ligand: COc1ccc(OC)c(P(c2cc(C(F)(F)F)cc(C(F)(F)F)c2)c2cc(C(F)(F)F)cc(C(F)(F)F)c2)c1-c1c(C(C)C)cc(C(C)C)cc1C(C)C. Solvent: CCCCOC(C)=O. Base: KOAc. Reaction Temperature: 120 degrees centigrade. Reaction Concentration: 0.1 M. Palladium loading: 2.25 mol%. Ligand loading: 5 mol%. Base loading: 3 eq. What is the yield (%) and cost (US dollar per mol) of this reaction?","","7.82,0.367772039","[]"
"Here is a chemical reaction. Reactants are: Cn1cnc(C#N)c1, Fc1ccccc1Br. Product is: Cn1cnc(C#N)c1-c1ccccc1F. Reaction type is Pd catalyzed C-H arylation. The reaction conditions of this reaction are: Palladium Source: [PdCl(allyl)]2. Ligand: CC(C)c1cc(C(C)C)c(-c2ccccc2P(C2CCCCC2)C2CCCCC2)c(C(C)C)c1. Solvent: CCCCOC(C)=O. Base: KOAc. Reaction Temperature: 90 degrees centigrade. Reaction Concentration: 0.153 M. Palladium loading: 2.25 mol%. Ligand loading: 5 mol%. Base loading: 3 eq. What is the yield (%) and cost (US dollar per mol) of this reaction?","","25.35,0.037826757","[]"
"Here is a chemical reaction. Reactants are: Cn1cnc(C#N)c1, Fc1ccccc1Br. Product is: Cn1cnc(C#N)c1-c1ccccc1F. Reaction type is Pd catalyzed C-H arylation. The reaction conditions of this reaction are: Palladium Source: [PdCl(allyl)]2. Ligand: c1coc(P(c2ccco2)c2ccco2)c1. Solvent: CCCC#N. Base: CsOPiv. Reaction Temperature: 90 degrees centigrade. Reaction Concentration: 0.1 M. Palladium loading: 2.25 mol%. Ligand loading: 5 mol%. Base loading: 3 eq. What is the yield (%) and cost (US dollar per mol) of this reaction?","","31.38,0.143029025","[]"
"Here is a chemical reaction. Reactants are: Cn1cnc(C#N)c1, Fc1ccccc1Br. Product is: Cn1cnc(C#N)c1-c1ccccc1F. Reaction type is Pd catalyzed C-H arylation. The reaction conditions of this reaction are: Palladium Source: [PdCl(allyl)]2. Ligand: COc1ccc(OC)c(P(c2cc(C(F)(F)F)cc(C(F)(F)F)c2)c2cc(C(F)(F)F)cc(C(F)(F)F)c2)c1-c1c(C(C)C)cc(C(C)C)cc1C(C)C. Solvent: CC(=O)N(C)C. Base: CsOAc. Reaction Temperature: 120 degrees centigrade. Reaction Concentration: 0.153 M. Palladium loading: 2.25 mol%. Ligand loading: 5 mol%. Base loading: 3 eq. What is the yield (%) and cost (US dollar per mol) of this reaction?","","39.57,0.396975463","[]"
"Here is a chemical reaction. Reactants are: Cn1cnc(C#N)c1, Fc1ccccc1Br. Product is: Cn1cnc(C#N)c1-c1ccccc1F. Reaction type is Pd catalyzed C-H arylation. The reaction conditions of this reaction are: Palladium Source: [PdCl(allyl)]2. Ligand: CN(C)c1cccc(N(C)C)c1-c1ccccc1P(c1ccccc1)C(C)(C)C. Solvent: CC(=O)N(C)C. Base: KOPiv. Reaction Temperature: 90 degrees centigrade. Reaction Concentration: 0.057 M. Palladium loading: 2.25 mol%. Ligand loading: 5 mol%. Base loading: 3 eq. What is the yield (%) and cost (US dollar per mol) of this reaction?","","12.23,0.277980784","[]"
"Here is a chemical reaction. Reactants are: Cn1cnc(C#N)c1, Fc1ccccc1Br. Product is: Cn1cnc(C#N)c1-c1ccccc1F. Reaction type is Pd catalyzed C-H arylation. The reaction conditions of this reaction are: Palladium Source: [PdCl(allyl)]2. Ligand: c1ccc(P(c2ccccc2)c2ccccc2)cc1. Solvent: CC(=O)N(C)C. Base: CsOPiv. Reaction Temperature: 105 degrees centigrade. Reaction Concentration: 0.153 M. Palladium loading: 2.25 mol%. Ligand loading: 5 mol%. Base loading: 3 eq. What is the yield (%) and cost (US dollar per mol) of this reaction?","","45.28,0.108145522","[]"
"Here is a chemical reaction. Reactants are: Cn1cnc(C#N)c1, Fc1ccccc1Br. Product is: Cn1cnc(C#N)c1-c1ccccc1F. Reaction type is Pd catalyzed C-H arylation. The reaction conditions of this reaction are: Palladium Source: [PdCl(allyl)]2. Ligand: CC(C)c1cc(C(C)C)c(-c2ccccc2P(C2CCCCC2)C2CCCCC2)c(C(C)C)c1. Solvent: Cc1ccc(C)cc1. Base: KOAc. Reaction Temperature: 105 degrees centigrade. Reaction Concentration: 0.057 M. Palladium loading: 2.25 mol%. Ligand loading: 5 mol%. Base loading: 3 eq. What is the yield (%) and cost (US dollar per mol) of this reaction?","","13.41,0.048632996","[]"
"Here is a chemical reaction. Reactants are: Cn1cnc(C#N)c1, Fc1ccccc1Br. Product is: Cn1cnc(C#N)c1-c1ccccc1F. Reaction type is Pd catalyzed C-H arylation. The reaction conditions of this reaction are: Palladium Source: [PdCl(allyl)]2. Ligand: COc1ccc(OC)c(P(c2cc(C(F)(F)F)cc(C(F)(F)F)c2)c2cc(C(F)(F)F)cc(C(F)(F)F)c2)c1-c1c(C(C)C)cc(C(C)C)cc1C(C)C. Solvent: CCCCOC(C)=O. Base: CsOAc. Reaction Temperature: 120 degrees centigrade. Reaction Concentration: 0.153 M. Palladium loading: 2.25 mol%. Ligand loading: 5 mol%. Base loading: 3 eq. What is the yield (%) and cost (US dollar per mol) of this reaction?","","4.87,0.404734325","[]"
"Here is a chemical reaction. Reactants are: Cn1cnc(C#N)c1, Fc1ccccc1Br. Product is: Cn1cnc(C#N)c1-c1ccccc1F. Reaction type is Pd catalyzed C-H arylation. The reaction conditions of this reaction are: Palladium Source: [PdCl(allyl)]2. Ligand: COc1ccc(OC)c(P(c2cc(C(F)(F)F)cc(C(F)(F)F)c2)c2cc(C(F)(F)F)cc(C(F)(F)F)c2)c1-c1c(C(C)C)cc(C(C)C)cc1C(C)C. Solvent: CCCCOC(C)=O. Base: KOAc. Reaction Temperature: 90 degrees centigrade. Reaction Concentration: 0.1 M. Palladium loading: 2.25 mol%. Ligand loading: 5 mol%. Base loading: 3 eq. What is the yield (%) and cost (US dollar per mol) of this reaction?","","4.43,0.367752972","[]"
"Here is a chemical reaction. Reactants are: Cn1cnc(C#N)c1, Fc1ccccc1Br. Product is: Cn1cnc(C#N)c1-c1ccccc1F. Reaction type is Pd catalyzed C-H arylation. The reaction conditions of this reaction are: Palladium Source: [PdCl(allyl)]2. Ligand: CC(C)c1cc(C(C)C)c(-c2ccccc2P(C2CCCCC2)C2CCCCC2)c(C(C)C)c1. Solvent: Cc1ccc(C)cc1. Base: CsOAc. Reaction Temperature: 90 degrees centigrade. Reaction Concentration: 0.057 M. Palladium loading: 2.25 mol%. Ligand loading: 5 mol%. Base loading: 3 eq. What is the yield (%) and cost (US dollar per mol) of this reaction?","","53.43,0.094279506","[]"
"Here is a chemical reaction. Reactants are: Cn1cnc(C#N)c1, Fc1ccccc1Br. Product is: Cn1cnc(C#N)c1-c1ccccc1F. Reaction type is Pd catalyzed C-H arylation. The reaction conditions of this reaction are: Palladium Source: [PdCl(allyl)]2. Ligand: CC12C[C@]3(C)O[C@@](C)(C[C@@](C)(O3)P1c1ccccc1)O2. Solvent: CCCC#N. Base: CsOPiv. Reaction Temperature: 90 degrees centigrade. Reaction Concentration: 0.1 M. Palladium loading: 2.25 mol%. Ligand loading: 5 mol%. Base loading: 3 eq. What is the yield (%) and cost (US dollar per mol) of this reaction?","","37.4,0.162246849","[]"
"Here is a chemical reaction. Reactants are: Cn1cnc(C#N)c1, Fc1ccccc1Br. Product is: Cn1cnc(C#N)c1-c1ccccc1F. Reaction type is Pd catalyzed C-H arylation. The reaction conditions of this reaction are: Palladium Source: [PdCl(allyl)]2. Ligand: COc1ccc(OC)c(P(c2cc(C(F)(F)F)cc(C(F)(F)F)c2)c2cc(C(F)(F)F)cc(C(F)(F)F)c2)c1-c1c(C(C)C)cc(C(C)C)cc1C(C)C. Solvent: Cc1ccc(C)cc1. Base: CsOPiv. Reaction Temperature: 105 degrees centigrade. Reaction Concentration: 0.057 M. Palladium loading: 2.25 mol%. Ligand loading: 5 mol%. Base loading: 3 eq. What is the yield (%) and cost (US dollar per mol) of this reaction?","","6.96,0.45650548","[]"
"Here is a chemical reaction. Reactants are: Cn1cnc(C#N)c1, Fc1ccccc1Br. Product is: Cn1cnc(C#N)c1-c1ccccc1F. Reaction type is Pd catalyzed C-H arylation. The reaction conditions of this reaction are: Palladium Source: [PdCl(allyl)]2. Ligand: COc1ccc(OC)c(P(C2CCCCC2)C2CCCCC2)c1-c1c(C(C)C)cc(C(C)C)cc1C(C)C. Solvent: CCCC#N. Base: KOPiv. Reaction Temperature: 90 degrees centigrade. Reaction Concentration: 0.1 M. Palladium loading: 2.25 mol%. Ligand loading: 5 mol%. Base loading: 3 eq. What is the yield (%) and cost (US dollar per mol) of this reaction?","","39.5,0.162790999","[]"
"Here is a chemical reaction. Reactants are: Cn1cnc(C#N)c1, Fc1ccccc1Br. Product is: Cn1cnc(C#N)c1-c1ccccc1F. Reaction type is Pd catalyzed C-H arylation. The reaction conditions of this reaction are: Palladium Source: [PdCl(allyl)]2. Ligand: CP(C)c1ccccc1. Solvent: CC(=O)N(C)C. Base: KOPiv. Reaction Temperature: 120 degrees centigrade. Reaction Concentration: 0.1 M. Palladium loading: 2.25 mol%. Ligand loading: 5 mol%. Base loading: 3 eq. What is the yield (%) and cost (US dollar per mol) of this reaction?","","3.35,0.027521652","[]"
"Here is a chemical reaction. Reactants are: Cn1cnc(C#N)c1, Fc1ccccc1Br. Product is: Cn1cnc(C#N)c1-c1ccccc1F. Reaction type is Pd catalyzed C-H arylation. The reaction conditions of this reaction are: Palladium Source: [PdCl(allyl)]2. Ligand: CC12C[C@]3(C)O[C@@](C)(C[C@@](C)(O3)P1c1ccccc1)O2. Solvent: CCCC#N. Base: CsOAc. Reaction Temperature: 105 degrees centigrade. Reaction Concentration: 0.153 M. Palladium loading: 2.25 mol%. Ligand loading: 5 mol%. Base loading: 3 eq. What is the yield (%) and cost (US dollar per mol) of this reaction?","","96.38,0.111330365","[]"
"Here is a chemical reaction. Reactants are: Cn1cnc(C#N)c1, Fc1ccccc1Br. Product is: Cn1cnc(C#N)c1-c1ccccc1F. Reaction type is Pd catalyzed C-H arylation. The reaction conditions of this reaction are: Palladium Source: [PdCl(allyl)]2. Ligand: CC(C)(C)P(c1ccccc1)C(C)(C)C. Solvent: CCCCOC(C)=O. Base: CsOPiv. Reaction Temperature: 90 degrees centigrade. Reaction Concentration: 0.057 M. Palladium loading: 2.25 mol%. Ligand loading: 5 mol%. Base loading: 3 eq. What is the yield (%) and cost (US dollar per mol) of this reaction?","","0.0,0.159849137","[]"
"Here is a chemical reaction. Reactants are: Cn1cnc(C#N)c1, Fc1ccccc1Br. Product is: Cn1cnc(C#N)c1-c1ccccc1F. Reaction type is Pd catalyzed C-H arylation. The reaction conditions of this reaction are: Palladium Source: [PdCl(allyl)]2. Ligand: CP(c1ccccc1)c1ccccc1. Solvent: CCCCOC(C)=O. Base: KOPiv. Reaction Temperature: 120 degrees centigrade. Reaction Concentration: 0.057 M. Palladium loading: 2.25 mol%. Ligand loading: 5 mol%. Base loading: 3 eq. What is the yield (%) and cost (US dollar per mol) of this reaction?","","0.0,0.056530681","[]"
"Here is a chemical reaction. Reactants are: Cn1cnc(C#N)c1, Fc1ccccc1Br. Product is: Cn1cnc(C#N)c1-c1ccccc1F. Reaction type is Pd catalyzed C-H arylation. The reaction conditions of this reaction are: Palladium Source: [PdCl(allyl)]2. Ligand: COc1ccc(OC)c(P(C2CCCCC2)C2CCCCC2)c1-c1c(C(C)C)cc(C(C)C)cc1C(C)C. Solvent: CCCC#N. Base: KOAc. Reaction Temperature: 120 degrees centigrade. Reaction Concentration: 0.153 M. Palladium loading: 2.25 mol%. Ligand loading: 5 mol%. Base loading: 3 eq. What is the yield (%) and cost (US dollar per mol) of this reaction?","","25.77,0.153283799","[]"
"Here is a chemical reaction. Reactants are: Cn1cnc(C#N)c1, Fc1ccccc1Br. Product is: Cn1cnc(C#N)c1-c1ccccc1F. Reaction type is Pd catalyzed C-H arylation. The reaction conditions of this reaction are: Palladium Source: [PdCl(allyl)]2. Ligand: CC(C)c1cc(C(C)C)c(-c2ccccc2P(C2CCCCC2)C2CCCCC2)c(C(C)C)c1. Solvent: CC(=O)N(C)C. Base: CsOAc. Reaction Temperature: 120 degrees centigrade. Reaction Concentration: 0.1 M. Palladium loading: 2.25 mol%. Ligand loading: 5 mol%. Base loading: 3 eq. What is the yield (%) and cost (US dollar per mol) of this reaction?","","84.81,0.080234058","[]"
"Here is a chemical reaction. Reactants are: Cn1cnc(C#N)c1, Fc1ccccc1Br. Product is: Cn1cnc(C#N)c1-c1ccccc1F. Reaction type is Pd catalyzed C-H arylation. The reaction conditions of this reaction are: Palladium Source: [PdCl(allyl)]2. Ligand: CN(C)c1cccc(N(C)C)c1-c1ccccc1P(c1ccccc1)C(C)(C)C. Solvent: CC(=O)N(C)C. Base: KOPiv. Reaction Temperature: 105 degrees centigrade. Reaction Concentration: 0.153 M. Palladium loading: 2.25 mol%. Ligand loading: 5 mol%. Base loading: 3 eq. What is the yield (%) and cost (US dollar per mol) of this reaction?","","24.8,0.263238898","[]"
"Here is a chemical reaction. Reactants are: Cn1cnc(C#N)c1, Fc1ccccc1Br. Product is: Cn1cnc(C#N)c1-c1ccccc1F. Reaction type is Pd catalyzed C-H arylation. The reaction conditions of this reaction are: Palladium Source: [PdCl(allyl)]2. Ligand: CN(C)c1cccc(N(C)C)c1-c1ccccc1P(c1ccccc1)C(C)(C)C. Solvent: CCCC#N. Base: CsOPiv. Reaction Temperature: 90 degrees centigrade. Reaction Concentration: 0.1 M. Palladium loading: 2.25 mol%. Ligand loading: 5 mol%. Base loading: 3 eq. What is the yield (%) and cost (US dollar per mol) of this reaction?","","5.29,0.373148823","[]"
"Here is a chemical reaction. Reactants are: Cn1cnc(C#N)c1, Fc1ccccc1Br. Product is: Cn1cnc(C#N)c1-c1ccccc1F. Reaction type is Pd catalyzed C-H arylation. The reaction conditions of this reaction are: Palladium Source: [PdCl(allyl)]2. Ligand: CP(c1ccccc1)c1ccccc1. Solvent: Cc1ccc(C)cc1. Base: CsOAc. Reaction Temperature: 120 degrees centigrade. Reaction Concentration: 0.153 M. Palladium loading: 2.25 mol%. Ligand loading: 5 mol%. Base loading: 3 eq. What is the yield (%) and cost (US dollar per mol) of this reaction?","","0.0,0.069773499","[]"
"Here is a chemical reaction. Reactants are: Cn1cnc(C#N)c1, Fc1ccccc1Br. Product is: Cn1cnc(C#N)c1-c1ccccc1F. Reaction type is Pd catalyzed C-H arylation. The reaction conditions of this reaction are: Palladium Source: [PdCl(allyl)]2. Ligand: c1coc(P(c2ccco2)c2ccco2)c1. Solvent: Cc1ccc(C)cc1. Base: KOAc. Reaction Temperature: 105 degrees centigrade. Reaction Concentration: 0.153 M. Palladium loading: 2.25 mol%. Ligand loading: 5 mol%. Base loading: 3 eq. What is the yield (%) and cost (US dollar per mol) of this reaction?","","11.69,0.035557326","[]"
"Here is a chemical reaction. Reactants are: Cn1cnc(C#N)c1, Fc1ccccc1Br. Product is: Cn1cnc(C#N)c1-c1ccccc1F. Reaction type is Pd catalyzed C-H arylation. The reaction conditions of this reaction are: Palladium Source: [PdCl(allyl)]2. Ligand: COc1ccc(OC)c(P(c2cc(C(F)(F)F)cc(C(F)(F)F)c2)c2cc(C(F)(F)F)cc(C(F)(F)F)c2)c1-c1c(C(C)C)cc(C(C)C)cc1C(C)C. Solvent: CCCC#N. Base: KOAc. Reaction Temperature: 105 degrees centigrade. Reaction Concentration: 0.1 M. Palladium loading: 2.25 mol%. Ligand loading: 5 mol%. Base loading: 3 eq. What is the yield (%) and cost (US dollar per mol) of this reaction?","","19.82,0.373985915","[]"
"Here is a chemical reaction. Reactants are: Cn1cnc(C#N)c1, Fc1ccccc1Br. Product is: Cn1cnc(C#N)c1-c1ccccc1F. Reaction type is Pd catalyzed C-H arylation. The reaction conditions of this reaction are: Palladium Source: [PdCl(allyl)]2. Ligand: COc1ccc(OC)c(P(c2cc(C(F)(F)F)cc(C(F)(F)F)c2)c2cc(C(F)(F)F)cc(C(F)(F)F)c2)c1-c1c(C(C)C)cc(C(C)C)cc1C(C)C. Solvent: CC(=O)N(C)C. Base: KOAc. Reaction Temperature: 105 degrees centigrade. Reaction Concentration: 0.153 M. Palladium loading: 2.25 mol%. Ligand loading: 5 mol%. Base loading: 3 eq. What is the yield (%) and cost (US dollar per mol) of this reaction?","","63.88,0.351545097","[]"
"Here is a chemical reaction. Reactants are: Cn1cnc(C#N)c1, Fc1ccccc1Br. Product is: Cn1cnc(C#N)c1-c1ccccc1F. Reaction type is Pd catalyzed C-H arylation. The reaction conditions of this reaction are: Palladium Source: [PdCl(allyl)]2. Ligand: c1coc(P(c2ccco2)c2ccco2)c1. Solvent: CCCC#N. Base: CsOAc. Reaction Temperature: 90 degrees centigrade. Reaction Concentration: 0.1 M. Palladium loading: 2.25 mol%. Ligand loading: 5 mol%. Base loading: 3 eq. What is the yield (%) and cost (US dollar per mol) of this reaction?","","26.28,0.1021166","[]"
"Here is a chemical reaction. Reactants are: Cn1cnc(C#N)c1, Fc1ccccc1Br. Product is: Cn1cnc(C#N)c1-c1ccccc1F. Reaction type is Pd catalyzed C-H arylation. The reaction conditions of this reaction are: Palladium Source: [PdCl(allyl)]2. Ligand: c1coc(P(c2ccco2)c2ccco2)c1. Solvent: Cc1ccc(C)cc1. Base: CsOPiv. Reaction Temperature: 90 degrees centigrade. Reaction Concentration: 0.153 M. Palladium loading: 2.25 mol%. Ligand loading: 5 mol%. Base loading: 3 eq. What is the yield (%) and cost (US dollar per mol) of this reaction?","","18.95,0.121957536","[]"
"Here is a chemical reaction. Reactants are: Cn1cnc(C#N)c1, Fc1ccccc1Br. Product is: Cn1cnc(C#N)c1-c1ccccc1F. Reaction type is Pd catalyzed C-H arylation. The reaction conditions of this reaction are: Palladium Source: [PdCl(allyl)]2. Ligand: CP(C)c1ccccc1. Solvent: CC(=O)N(C)C. Base: KOAc. Reaction Temperature: 105 degrees centigrade. Reaction Concentration: 0.057 M. Palladium loading: 2.25 mol%. Ligand loading: 5 mol%. Base loading: 3 eq. What is the yield (%) and cost (US dollar per mol) of this reaction?","","0.0,0.038733926","[]"
"Here is a chemical reaction. Reactants are: Cn1cnc(C#N)c1, Fc1ccccc1Br. Product is: Cn1cnc(C#N)c1-c1ccccc1F. Reaction type is Pd catalyzed C-H arylation. The reaction conditions of this reaction are: Palladium Source: [PdCl(allyl)]2. Ligand: c1coc(P(c2ccco2)c2ccco2)c1. Solvent: CCCC#N. Base: CsOAc. Reaction Temperature: 105 degrees centigrade. Reaction Concentration: 0.057 M. Palladium loading: 2.25 mol%. Ligand loading: 5 mol%. Base loading: 3 eq. What is the yield (%) and cost (US dollar per mol) of this reaction?","","20.05,0.12492666","[]"
"Here is a chemical reaction. Reactants are: Cn1cnc(C#N)c1, Fc1ccccc1Br. Product is: Cn1cnc(C#N)c1-c1ccccc1F. Reaction type is Pd catalyzed C-H arylation. The reaction conditions of this reaction are: Palladium Source: [PdCl(allyl)]2. Ligand: CP(c1ccccc1)c1ccccc1. Solvent: CC(=O)N(C)C. Base: CsOAc. Reaction Temperature: 120 degrees centigrade. Reaction Concentration: 0.057 M. Palladium loading: 2.25 mol%. Ligand loading: 5 mol%. Base loading: 3 eq. What is the yield (%) and cost (US dollar per mol) of this reaction?","","18.16,0.083030895","[]"
"Here is a chemical reaction. Reactants are: Cn1cnc(C#N)c1, Fc1ccccc1Br. Product is: Cn1cnc(C#N)c1-c1ccccc1F. Reaction type is Pd catalyzed C-H arylation. The reaction conditions of this reaction are: Palladium Source: [PdCl(allyl)]2. Ligand: c1ccc(P(c2ccccc2)c2ccccc2)cc1. Solvent: CC(=O)N(C)C. Base: KOPiv. Reaction Temperature: 105 degrees centigrade. Reaction Concentration: 0.1 M. Palladium loading: 2.25 mol%. Ligand loading: 5 mol%. Base loading: 3 eq. What is the yield (%) and cost (US dollar per mol) of this reaction?","","63.13,0.025379457","[]"
"Here is a chemical reaction. Reactants are: Cn1cnc(C#N)c1, Fc1ccccc1Br. Product is: Cn1cnc(C#N)c1-c1ccccc1F. Reaction type is Pd catalyzed C-H arylation. The reaction conditions of this reaction are: Palladium Source: [PdCl(allyl)]2. Ligand: c1coc(P(c2ccco2)c2ccco2)c1. Solvent: Cc1ccc(C)cc1. Base: CsOAc. Reaction Temperature: 90 degrees centigrade. Reaction Concentration: 0.1 M. Palladium loading: 2.25 mol%. Ligand loading: 5 mol%. Base loading: 3 eq. What is the yield (%) and cost (US dollar per mol) of this reaction?","","20.22,0.086492826","[]"
"Here is a chemical reaction. Reactants are: Cn1cnc(C#N)c1, Fc1ccccc1Br. Product is: Cn1cnc(C#N)c1-c1ccccc1F. Reaction type is Pd catalyzed C-H arylation. The reaction conditions of this reaction are: Palladium Source: [PdCl(allyl)]2. Ligand: COc1ccc(OC)c(P(C2CCCCC2)C2CCCCC2)c1-c1c(C(C)C)cc(C(C)C)cc1C(C)C. Solvent: Cc1ccc(C)cc1. Base: CsOPiv. Reaction Temperature: 120 degrees centigrade. Reaction Concentration: 0.1 M. Palladium loading: 2.25 mol%. Ligand loading: 5 mol%. Base loading: 3 eq. What is the yield (%) and cost (US dollar per mol) of this reaction?","","25.35,0.234552455","[]"
"Here is a chemical reaction. Reactants are: Cn1cnc(C#N)c1, Fc1ccccc1Br. Product is: Cn1cnc(C#N)c1-c1ccccc1F. Reaction type is Pd catalyzed C-H arylation. The reaction conditions of this reaction are: Palladium Source: [PdCl(allyl)]2. Ligand: C1CCC(P(C2CCCCC2)C2CCCCC2)CC1. Solvent: CC(=O)N(C)C. Base: KOAc. Reaction Temperature: 90 degrees centigrade. Reaction Concentration: 0.057 M. Palladium loading: 2.25 mol%. Ligand loading: 5 mol%. Base loading: 3 eq. What is the yield (%) and cost (US dollar per mol) of this reaction?","","3.4,0.042297116","[]"
"Here is a chemical reaction. Reactants are: Cn1cnc(C#N)c1, Fc1ccccc1Br. Product is: Cn1cnc(C#N)c1-c1ccccc1F. Reaction type is Pd catalyzed C-H arylation. The reaction conditions of this reaction are: Palladium Source: [PdCl(allyl)]2. Ligand: CN(C)c1cccc(N(C)C)c1-c1ccccc1P(c1ccccc1)C(C)(C)C. Solvent: CCCCOC(C)=O. Base: KOAc. Reaction Temperature: 90 degrees centigrade. Reaction Concentration: 0.153 M. Palladium loading: 2.25 mol%. Ligand loading: 5 mol%. Base loading: 3 eq. What is the yield (%) and cost (US dollar per mol) of this reaction?","","3.68,0.272127945","[]"
"Here is a chemical reaction. Reactants are: Cn1cnc(C#N)c1, Fc1ccccc1Br. Product is: Cn1cnc(C#N)c1-c1ccccc1F. Reaction type is Pd catalyzed C-H arylation. The reaction conditions of this reaction are: Palladium Source: [PdCl(allyl)]2. Ligand: c1ccc(P(c2ccccc2)c2ccccc2)cc1. Solvent: Cc1ccc(C)cc1. Base: KOPiv. Reaction Temperature: 105 degrees centigrade. Reaction Concentration: 0.153 M. Palladium loading: 2.25 mol%. Ligand loading: 5 mol%. Base loading: 3 eq. What is the yield (%) and cost (US dollar per mol) of this reaction?","","6.42,0.022143486","[]"
"Here is a chemical reaction. Reactants are: Cn1cnc(C#N)c1, Fc1ccccc1Br. Product is: Cn1cnc(C#N)c1-c1ccccc1F. Reaction type is Pd catalyzed C-H arylation. The reaction conditions of this reaction are: Palladium Source: [PdCl(allyl)]2. Ligand: COc1ccc(OC)c(P(c2cc(C(F)(F)F)cc(C(F)(F)F)c2)c2cc(C(F)(F)F)cc(C(F)(F)F)c2)c1-c1c(C(C)C)cc(C(C)C)cc1C(C)C. Solvent: CCCC#N. Base: KOAc. Reaction Temperature: 90 degrees centigrade. Reaction Concentration: 0.153 M. Palladium loading: 2.25 mol%. Ligand loading: 5 mol%. Base loading: 3 eq. What is the yield (%) and cost (US dollar per mol) of this reaction?","","24.05,0.363522315","[]"
"Here is a chemical reaction. Reactants are: Cn1cnc(C#N)c1, Fc1ccccc1Br. Product is: Cn1cnc(C#N)c1-c1ccccc1F. Reaction type is Pd catalyzed C-H arylation. The reaction conditions of this reaction are: Palladium Source: [PdCl(allyl)]2. Ligand: C1CCC(P(C2CCCCC2)C2CCCCC2)CC1. Solvent: CCCC#N. Base: KOPiv. Reaction Temperature: 90 degrees centigrade. Reaction Concentration: 0.1 M. Palladium loading: 2.25 mol%. Ligand loading: 5 mol%. Base loading: 3 eq. What is the yield (%) and cost (US dollar per mol) of this reaction?","","0.0,0.048887681","[]"
"Here is a chemical reaction. Reactants are: Cn1cnc(C#N)c1, Fc1ccccc1Br. Product is: Cn1cnc(C#N)c1-c1ccccc1F. Reaction type is Pd catalyzed C-H arylation. The reaction conditions of this reaction are: Palladium Source: [PdCl(allyl)]2. Ligand: CC(C)c1cc(C(C)C)c(-c2ccccc2P(C2CCCCC2)C2CCCCC2)c(C(C)C)c1. Solvent: CCCC#N. Base: KOPiv. Reaction Temperature: 90 degrees centigrade. Reaction Concentration: 0.057 M. Palladium loading: 2.25 mol%. Ligand loading: 5 mol%. Base loading: 3 eq. What is the yield (%) and cost (US dollar per mol) of this reaction?","","30.83,0.074311735","[]"
"Here is a chemical reaction. Reactants are: Cn1cnc(C#N)c1, Fc1ccccc1Br. Product is: Cn1cnc(C#N)c1-c1ccccc1F. Reaction type is Pd catalyzed C-H arylation. The reaction conditions of this reaction are: Palladium Source: [PdCl(allyl)]2. Ligand: CP(C)c1ccccc1. Solvent: CCCC#N. Base: KOAc. Reaction Temperature: 105 degrees centigrade. Reaction Concentration: 0.153 M. Palladium loading: 2.25 mol%. Ligand loading: 5 mol%. Base loading: 3 eq. What is the yield (%) and cost (US dollar per mol) of this reaction?","","0.0,0.035932514","[]"
"Here is a chemical reaction. Reactants are: Cn1cnc(C#N)c1, Fc1ccccc1Br. Product is: Cn1cnc(C#N)c1-c1ccccc1F. Reaction type is Pd catalyzed C-H arylation. The reaction conditions of this reaction are: Palladium Source: [PdCl(allyl)]2. Ligand: CC12C[C@]3(C)O[C@@](C)(C[C@@](C)(O3)P1c1ccccc1)O2. Solvent: CCCC#N. Base: CsOAc. Reaction Temperature: 120 degrees centigrade. Reaction Concentration: 0.153 M. Palladium loading: 2.25 mol%. Ligand loading: 5 mol%. Base loading: 3 eq. What is the yield (%) and cost (US dollar per mol) of this reaction?","","99.98,0.111358006","[]"
"Here is a chemical reaction. Reactants are: Cn1cnc(C#N)c1, Fc1ccccc1Br. Product is: Cn1cnc(C#N)c1-c1ccccc1F. Reaction type is Pd catalyzed C-H arylation. The reaction conditions of this reaction are: Palladium Source: [PdCl(allyl)]2. Ligand: CC12C[C@]3(C)O[C@@](C)(C[C@@](C)(O3)P1c1ccccc1)O2. Solvent: CCCCOC(C)=O. Base: KOPiv. Reaction Temperature: 120 degrees centigrade. Reaction Concentration: 0.153 M. Palladium loading: 2.25 mol%. Ligand loading: 5 mol%. Base loading: 3 eq. What is the yield (%) and cost (US dollar per mol) of this reaction?","","45.73,0.060121638","[]"
"Here is a chemical reaction. Reactants are: Cn1cnc(C#N)c1, Fc1ccccc1Br. Product is: Cn1cnc(C#N)c1-c1ccccc1F. Reaction type is Pd catalyzed C-H arylation. The reaction conditions of this reaction are: Palladium Source: [PdCl(allyl)]2. Ligand: COc1ccc(OC)c(P(C2CCCCC2)C2CCCCC2)c1-c1c(C(C)C)cc(C(C)C)cc1C(C)C. Solvent: CC(=O)N(C)C. Base: CsOPiv. Reaction Temperature: 120 degrees centigrade. Reaction Concentration: 0.153 M. Palladium loading: 2.25 mol%. Ligand loading: 5 mol%. Base loading: 3 eq. What is the yield (%) and cost (US dollar per mol) of this reaction?","","0.0,0.227482935","[]"
"Here is a chemical reaction. Reactants are: Cn1cnc(C#N)c1, Fc1ccccc1Br. Product is: Cn1cnc(C#N)c1-c1ccccc1F. Reaction type is Pd catalyzed C-H arylation. The reaction conditions of this reaction are: Palladium Source: [PdCl(allyl)]2. Ligand: C1CCC(P(C2CCCCC2)C2CCCCC2)CC1. Solvent: Cc1ccc(C)cc1. Base: CsOPiv. Reaction Temperature: 90 degrees centigrade. Reaction Concentration: 0.153 M. Palladium loading: 2.25 mol%. Ligand loading: 5 mol%. Base loading: 3 eq. What is the yield (%) and cost (US dollar per mol) of this reaction?","","0.0,0.115455983","[]"
"Here is a chemical reaction. Reactants are: Cn1cnc(C#N)c1, Fc1ccccc1Br. Product is: Cn1cnc(C#N)c1-c1ccccc1F. Reaction type is Pd catalyzed C-H arylation. The reaction conditions of this reaction are: Palladium Source: [PdCl(allyl)]2. Ligand: CC12C[C@]3(C)O[C@@](C)(C[C@@](C)(O3)P1c1ccccc1)O2. Solvent: CCCCOC(C)=O. Base: KOPiv. Reaction Temperature: 90 degrees centigrade. Reaction Concentration: 0.1 M. Palladium loading: 2.25 mol%. Ligand loading: 5 mol%. Base loading: 3 eq. What is the yield (%) and cost (US dollar per mol) of this reaction?","","21.51,0.06850698","[]"
"Here is a chemical reaction. Reactants are: Cn1cnc(C#N)c1, Fc1ccccc1Br. Product is: Cn1cnc(C#N)c1-c1ccccc1F. Reaction type is Pd catalyzed C-H arylation. The reaction conditions of this reaction are: Palladium Source: [PdCl(allyl)]2. Ligand: c1ccc(P(c2ccccc2)c2ccccc2)cc1. Solvent: CCCCOC(C)=O. Base: KOAc. Reaction Temperature: 120 degrees centigrade. Reaction Concentration: 0.153 M. Palladium loading: 2.25 mol%. Ligand loading: 5 mol%. Base loading: 3 eq. What is the yield (%) and cost (US dollar per mol) of this reaction?","","4.86,0.029514154","[]"
"Here is a chemical reaction. Reactants are: Cn1cnc(C#N)c1, Fc1ccccc1Br. Product is: Cn1cnc(C#N)c1-c1ccccc1F. Reaction type is Pd catalyzed C-H arylation. The reaction conditions of this reaction are: Palladium Source: [PdCl(allyl)]2. Ligand: CN(C)c1cccc(N(C)C)c1-c1ccccc1P(c1ccccc1)C(C)(C)C. Solvent: CCCCOC(C)=O. Base: CsOAc. Reaction Temperature: 90 degrees centigrade. Reaction Concentration: 0.1 M. Palladium loading: 2.25 mol%. Ligand loading: 5 mol%. Base loading: 3 eq. What is the yield (%) and cost (US dollar per mol) of this reaction?","","0.0,0.326129261","[]"
"Here is a chemical reaction. Reactants are: Cn1cnc(C#N)c1, Fc1ccccc1Br. Product is: Cn1cnc(C#N)c1-c1ccccc1F. Reaction type is Pd catalyzed C-H arylation. The reaction conditions of this reaction are: Palladium Source: [PdCl(allyl)]2. Ligand: CC(C)c1cc(C(C)C)c(-c2ccccc2P(C2CCCCC2)C2CCCCC2)c(C(C)C)c1. Solvent: Cc1ccc(C)cc1. Base: KOPiv. Reaction Temperature: 105 degrees centigrade. Reaction Concentration: 0.153 M. Palladium loading: 2.25 mol%. Ligand loading: 5 mol%. Base loading: 3 eq. What is the yield (%) and cost (US dollar per mol) of this reaction?","","34.45,0.030443145","[]"
"Here is a chemical reaction. Reactants are: Cn1cnc(C#N)c1, Fc1ccccc1Br. Product is: Cn1cnc(C#N)c1-c1ccccc1F. Reaction type is Pd catalyzed C-H arylation. The reaction conditions of this reaction are: Palladium Source: [PdCl(allyl)]2. Ligand: c1ccc(P(c2ccccc2)c2ccccc2)cc1. Solvent: CCCCOC(C)=O. Base: KOPiv. Reaction Temperature: 90 degrees centigrade. Reaction Concentration: 0.153 M. Palladium loading: 2.25 mol%. Ligand loading: 5 mol%. Base loading: 3 eq. What is the yield (%) and cost (US dollar per mol) of this reaction?","","2.58,0.02840703","[]"
"Here is a chemical reaction. Reactants are: Cn1cnc(C#N)c1, Fc1ccccc1Br. Product is: Cn1cnc(C#N)c1-c1ccccc1F. Reaction type is Pd catalyzed C-H arylation. The reaction conditions of this reaction are: Palladium Source: [PdCl(allyl)]2. Ligand: COc1ccc(OC)c(P(C2CCCCC2)C2CCCCC2)c1-c1c(C(C)C)cc(C(C)C)cc1C(C)C. Solvent: CCCC#N. Base: CsOAc. Reaction Temperature: 120 degrees centigrade. Reaction Concentration: 0.057 M. Palladium loading: 2.25 mol%. Ligand loading: 5 mol%. Base loading: 3 eq. What is the yield (%) and cost (US dollar per mol) of this reaction?","","54.26,0.23235697","[]"
"Here is a chemical reaction. Reactants are: Cn1cnc(C#N)c1, Fc1ccccc1Br. Product is: Cn1cnc(C#N)c1-c1ccccc1F. Reaction type is Pd catalyzed C-H arylation. The reaction conditions of this reaction are: Palladium Source: [PdCl(allyl)]2. Ligand: CP(c1ccccc1)c1ccccc1. Solvent: Cc1ccc(C)cc1. Base: KOPiv. Reaction Temperature: 90 degrees centigrade. Reaction Concentration: 0.057 M. Palladium loading: 2.25 mol%. Ligand loading: 5 mol%. Base loading: 3 eq. What is the yield (%) and cost (US dollar per mol) of this reaction?","","0.0,0.040351096","[]"
"Here is a chemical reaction. Reactants are: Cn1cnc(C#N)c1, Fc1ccccc1Br. Product is: Cn1cnc(C#N)c1-c1ccccc1F. Reaction type is Pd catalyzed C-H arylation. The reaction conditions of this reaction are: Palladium Source: [PdCl(allyl)]2. Ligand: C1CCC(P(C2CCCCC2)C2CCCCC2)CC1. Solvent: CC(=O)N(C)C. Base: CsOPiv. Reaction Temperature: 90 degrees centigrade. Reaction Concentration: 0.153 M. Palladium loading: 2.25 mol%. Ligand loading: 5 mol%. Base loading: 3 eq. What is the yield (%) and cost (US dollar per mol) of this reaction?","","2.53,0.113890199","[]"
"Here is a chemical reaction. Reactants are: Cn1cnc(C#N)c1, Fc1ccccc1Br. Product is: Cn1cnc(C#N)c1-c1ccccc1F. Reaction type is Pd catalyzed C-H arylation. The reaction conditions of this reaction are: Palladium Source: [PdCl(allyl)]2. Ligand: C1CCC(P(C2CCCCC2)C2CCCCC2)CC1. Solvent: CC(=O)N(C)C. Base: KOAc. Reaction Temperature: 120 degrees centigrade. Reaction Concentration: 0.1 M. Palladium loading: 2.25 mol%. Ligand loading: 5 mol%. Base loading: 3 eq. What is the yield (%) and cost (US dollar per mol) of this reaction?","","24.56,0.032230484","[]"
"Here is a chemical reaction. Reactants are: Cn1cnc(C#N)c1, Fc1ccccc1Br. Product is: Cn1cnc(C#N)c1-c1ccccc1F. Reaction type is Pd catalyzed C-H arylation. The reaction conditions of this reaction are: Palladium Source: [PdCl(allyl)]2. Ligand: c1coc(P(c2ccco2)c2ccco2)c1. Solvent: Cc1ccc(C)cc1. Base: KOPiv. Reaction Temperature: 120 degrees centigrade. Reaction Concentration: 0.057 M. Palladium loading: 2.25 mol%. Ligand loading: 5 mol%. Base loading: 3 eq. What is the yield (%) and cost (US dollar per mol) of this reaction?","","9.88,0.051628763","[]"
"Here is a chemical reaction. Reactants are: Cn1cnc(C#N)c1, Fc1ccccc1Br. Product is: Cn1cnc(C#N)c1-c1ccccc1F. Reaction type is Pd catalyzed C-H arylation. The reaction conditions of this reaction are: Palladium Source: [PdCl(allyl)]2. Ligand: CP(C)c1ccccc1. Solvent: CC(=O)N(C)C. Base: CsOPiv. Reaction Temperature: 120 degrees centigrade. Reaction Concentration: 0.1 M. Palladium loading: 2.25 mol%. Ligand loading: 5 mol%. Base loading: 3 eq. What is the yield (%) and cost (US dollar per mol) of this reaction?","","0.0,0.114980007","[]"
"Here is a chemical reaction. Reactants are: Cn1cnc(C#N)c1, Fc1ccccc1Br. Product is: Cn1cnc(C#N)c1-c1ccccc1F. Reaction type is Pd catalyzed C-H arylation. The reaction conditions of this reaction are: Palladium Source: [PdCl(allyl)]2. Ligand: CN(C)c1cccc(N(C)C)c1-c1ccccc1P(c1ccccc1)C(C)(C)C. Solvent: CCCC#N. Base: KOAc. Reaction Temperature: 105 degrees centigrade. Reaction Concentration: 0.057 M. Palladium loading: 2.25 mol%. Ligand loading: 5 mol%. Base loading: 3 eq. What is the yield (%) and cost (US dollar per mol) of this reaction?","","6.57,0.309642833","[]"
"Here is a chemical reaction. Reactants are: Cn1cnc(C#N)c1, Fc1ccccc1Br. Product is: Cn1cnc(C#N)c1-c1ccccc1F. Reaction type is Pd catalyzed C-H arylation. The reaction conditions of this reaction are: Palladium Source: [PdCl(allyl)]2. Ligand: COc1ccc(OC)c(P(C2CCCCC2)C2CCCCC2)c1-c1c(C(C)C)cc(C(C)C)cc1C(C)C. Solvent: CC(=O)N(C)C. Base: KOAc. Reaction Temperature: 90 degrees centigrade. Reaction Concentration: 0.1 M. Palladium loading: 2.25 mol%. Ligand loading: 5 mol%. Base loading: 3 eq. What is the yield (%) and cost (US dollar per mol) of this reaction?","","5.22,0.145774761","[]"
"Here is a chemical reaction. Reactants are: Cn1cnc(C#N)c1, Fc1ccccc1Br. Product is: Cn1cnc(C#N)c1-c1ccccc1F. Reaction type is Pd catalyzed C-H arylation. The reaction conditions of this reaction are: Palladium Source: [PdCl(allyl)]2. Ligand: CC(C)Oc1cccc(OC(C)C)c1P(C1CCCCC1)C1CCCCC1. Solvent: CCCCOC(C)=O. Base: KOAc. Reaction Temperature: 105 degrees centigrade. Reaction Concentration: 0.057 M. Palladium loading: 2.25 mol%. Ligand loading: 5 mol%. Base loading: 3 eq. What is the yield (%) and cost (US dollar per mol) of this reaction?","","2.21,0.06869243","[]"
"Here is a chemical reaction. Reactants are: Cn1cnc(C#N)c1, Fc1ccccc1Br. Product is: Cn1cnc(C#N)c1-c1ccccc1F. Reaction type is Pd catalyzed C-H arylation. The reaction conditions of this reaction are: Palladium Source: [PdCl(allyl)]2. Ligand: CC(C)Oc1cccc(OC(C)C)c1P(C1CCCCC1)C1CCCCC1. Solvent: CCCCOC(C)=O. Base: KOAc. Reaction Temperature: 90 degrees centigrade. Reaction Concentration: 0.057 M. Palladium loading: 2.25 mol%. Ligand loading: 5 mol%. Base loading: 3 eq. What is the yield (%) and cost (US dollar per mol) of this reaction?","","3.14,0.068697661","[]"
"Here is a chemical reaction. Reactants are: Cn1cnc(C#N)c1, Fc1ccccc1Br. Product is: Cn1cnc(C#N)c1-c1ccccc1F. Reaction type is Pd catalyzed C-H arylation. The reaction conditions of this reaction are: Palladium Source: [PdCl(allyl)]2. Ligand: COc1ccc(OC)c(P(C2CCCCC2)C2CCCCC2)c1-c1c(C(C)C)cc(C(C)C)cc1C(C)C. Solvent: CCCCOC(C)=O. Base: CsOAc. Reaction Temperature: 90 degrees centigrade. Reaction Concentration: 0.1 M. Palladium loading: 2.25 mol%. Ligand loading: 5 mol%. Base loading: 3 eq. What is the yield (%) and cost (US dollar per mol) of this reaction?","","29.21,0.203141073","[]"
"Here is a chemical reaction. Reactants are: Cn1cnc(C#N)c1, Fc1ccccc1Br. Product is: Cn1cnc(C#N)c1-c1ccccc1F. Reaction type is Pd catalyzed C-H arylation. The reaction conditions of this reaction are: Palladium Source: [PdCl(allyl)]2. Ligand: CC(C)c1cc(C(C)C)c(-c2ccccc2P(C2CCCCC2)C2CCCCC2)c(C(C)C)c1. Solvent: CCCC#N. Base: KOPiv. Reaction Temperature: 105 degrees centigrade. Reaction Concentration: 0.057 M. Palladium loading: 2.25 mol%. Ligand loading: 5 mol%. Base loading: 3 eq. What is the yield (%) and cost (US dollar per mol) of this reaction?","","31.13,0.074314038","[]"
"Here is a chemical reaction. Reactants are: Cn1cnc(C#N)c1, Fc1ccccc1Br. Product is: Cn1cnc(C#N)c1-c1ccccc1F. Reaction type is Pd catalyzed C-H arylation. The reaction conditions of this reaction are: Palladium Source: [PdCl(allyl)]2. Ligand: CP(C)c1ccccc1. Solvent: CCCC#N. Base: CsOAc. Reaction Temperature: 90 degrees centigrade. Reaction Concentration: 0.1 M. Palladium loading: 2.25 mol%. Ligand loading: 5 mol%. Base loading: 3 eq. What is the yield (%) and cost (US dollar per mol) of this reaction?","","0.0,0.091929038","[]"
"Here is a chemical reaction. Reactants are: Cn1cnc(C#N)c1, Fc1ccccc1Br. Product is: Cn1cnc(C#N)c1-c1ccccc1F. Reaction type is Pd catalyzed C-H arylation. The reaction conditions of this reaction are: Palladium Source: [PdCl(allyl)]2. Ligand: C1CCC(P(C2CCCCC2)C2CCCCC2)CC1. Solvent: Cc1ccc(C)cc1. Base: CsOPiv. Reaction Temperature: 105 degrees centigrade. Reaction Concentration: 0.057 M. Palladium loading: 2.25 mol%. Ligand loading: 5 mol%. Base loading: 3 eq. What is the yield (%) and cost (US dollar per mol) of this reaction?","","0.0,0.132628326","[]"
"Here is a chemical reaction. Reactants are: Cn1cnc(C#N)c1, Fc1ccccc1Br. Product is: Cn1cnc(C#N)c1-c1ccccc1F. Reaction type is Pd catalyzed C-H arylation. The reaction conditions of this reaction are: Palladium Source: [PdCl(allyl)]2. Ligand: CP(C)c1ccccc1. Solvent: CCCCOC(C)=O. Base: KOPiv. Reaction Temperature: 105 degrees centigrade. Reaction Concentration: 0.153 M. Palladium loading: 2.25 mol%. Ligand loading: 5 mol%. Base loading: 3 eq. What is the yield (%) and cost (US dollar per mol) of this reaction?","","0.0,0.030707046","[]"
"Here is a chemical reaction. Reactants are: Cn1cnc(C#N)c1, Fc1ccccc1Br. Product is: Cn1cnc(C#N)c1-c1ccccc1F. Reaction type is Pd catalyzed C-H arylation. The reaction conditions of this reaction are: Palladium Source: [PdCl(allyl)]2. Ligand: COc1ccc(OC)c(P(C2CCCCC2)C2CCCCC2)c1-c1c(C(C)C)cc(C(C)C)cc1C(C)C. Solvent: CCCCOC(C)=O. Base: KOAc. Reaction Temperature: 120 degrees centigrade. Reaction Concentration: 0.153 M. Palladium loading: 2.25 mol%. Ligand loading: 5 mol%. Base loading: 3 eq. What is the yield (%) and cost (US dollar per mol) of this reaction?","","18.26,0.149057469","[]"
"Here is a chemical reaction. Reactants are: Cn1cnc(C#N)c1, Fc1ccccc1Br. Product is: Cn1cnc(C#N)c1-c1ccccc1F. Reaction type is Pd catalyzed C-H arylation. The reaction conditions of this reaction are: Palladium Source: [PdCl(allyl)]2. Ligand: CC(C)c1cc(C(C)C)c(-c2ccccc2P(C2CCCCC2)C2CCCCC2)c(C(C)C)c1. Solvent: Cc1ccc(C)cc1. Base: KOAc. Reaction Temperature: 120 degrees centigrade. Reaction Concentration: 0.153 M. Palladium loading: 2.25 mol%. Ligand loading: 5 mol%. Base loading: 3 eq. What is the yield (%) and cost (US dollar per mol) of this reaction?","","61.67,0.031636791","[]"
"Here is a chemical reaction. Reactants are: Cn1cnc(C#N)c1, Fc1ccccc1Br. Product is: Cn1cnc(C#N)c1-c1ccccc1F. Reaction type is Pd catalyzed C-H arylation. The reaction conditions of this reaction are: Palladium Source: [PdCl(allyl)]2. Ligand: COc1ccc(OC)c(P(c2cc(C(F)(F)F)cc(C(F)(F)F)c2)c2cc(C(F)(F)F)cc(C(F)(F)F)c2)c1-c1c(C(C)C)cc(C(C)C)cc1C(C)C. Solvent: CCCCOC(C)=O. Base: CsOPiv. Reaction Temperature: 120 degrees centigrade. Reaction Concentration: 0.1 M. Palladium loading: 2.25 mol%. Ligand loading: 5 mol%. Base loading: 3 eq. What is the yield (%) and cost (US dollar per mol) of this reaction?","","2.48,0.454115716","[]"
"Here is a chemical reaction. Reactants are: Cn1cnc(C#N)c1, Fc1ccccc1Br. Product is: Cn1cnc(C#N)c1-c1ccccc1F. Reaction type is Pd catalyzed C-H arylation. The reaction conditions of this reaction are: Palladium Source: [PdCl(allyl)]2. Ligand: C1CCC(P(C2CCCCC2)C2CCCCC2)CC1. Solvent: CCCCOC(C)=O. Base: CsOAc. Reaction Temperature: 105 degrees centigrade. Reaction Concentration: 0.057 M. Palladium loading: 2.25 mol%. Ligand loading: 5 mol%. Base loading: 3 eq. What is the yield (%) and cost (US dollar per mol) of this reaction?","","0.0,0.107934644","[]"
"Here is a chemical reaction. Reactants are: Cn1cnc(C#N)c1, Fc1ccccc1Br. Product is: Cn1cnc(C#N)c1-c1ccccc1F. Reaction type is Pd catalyzed C-H arylation. The reaction conditions of this reaction are: Palladium Source: [PdCl(allyl)]2. Ligand: CP(c1ccccc1)c1ccccc1. Solvent: CCCCOC(C)=O. Base: CsOPiv. Reaction Temperature: 105 degrees centigrade. Reaction Concentration: 0.057 M. Palladium loading: 2.25 mol%. Ligand loading: 5 mol%. Base loading: 3 eq. What is the yield (%) and cost (US dollar per mol) of this reaction?","","0.0,0.143998693","[]"
"Here is a chemical reaction. Reactants are: Cn1cnc(C#N)c1, Fc1ccccc1Br. Product is: Cn1cnc(C#N)c1-c1ccccc1F. Reaction type is Pd catalyzed C-H arylation. The reaction conditions of this reaction are: Palladium Source: [PdCl(allyl)]2. Ligand: c1ccc(P(c2ccccc2)c2ccccc2)cc1. Solvent: Cc1ccc(C)cc1. Base: KOPiv. Reaction Temperature: 90 degrees centigrade. Reaction Concentration: 0.1 M. Palladium loading: 2.25 mol%. Ligand loading: 5 mol%. Base loading: 3 eq. What is the yield (%) and cost (US dollar per mol) of this reaction?","","0.32,0.027525144","[]"
"Here is a chemical reaction. Reactants are: Cn1cnc(C#N)c1, Fc1ccccc1Br. Product is: Cn1cnc(C#N)c1-c1ccccc1F. Reaction type is Pd catalyzed C-H arylation. The reaction conditions of this reaction are: Palladium Source: [PdCl(allyl)]2. Ligand: COc1ccc(OC)c(P(C2CCCCC2)C2CCCCC2)c1-c1c(C(C)C)cc(C(C)C)cc1C(C)C. Solvent: CC(=O)N(C)C. Base: KOPiv. Reaction Temperature: 105 degrees centigrade. Reaction Concentration: 0.057 M. Palladium loading: 2.25 mol%. Ligand loading: 5 mol%. Base loading: 3 eq. What is the yield (%) and cost (US dollar per mol) of this reaction?","","0.0,0.154793045","[]"
"Here is a chemical reaction. Reactants are: Cn1cnc(C#N)c1, Fc1ccccc1Br. Product is: Cn1cnc(C#N)c1-c1ccccc1F. Reaction type is Pd catalyzed C-H arylation. The reaction conditions of this reaction are: Palladium Source: [PdCl(allyl)]2. Ligand: CN(C)c1cccc(N(C)C)c1-c1ccccc1P(c1ccccc1)C(C)(C)C. Solvent: CC(=O)N(C)C. Base: KOAc. Reaction Temperature: 90 degrees centigrade. Reaction Concentration: 0.153 M. Palladium loading: 2.25 mol%. Ligand loading: 5 mol%. Base loading: 3 eq. What is the yield (%) and cost (US dollar per mol) of this reaction?","","37.38,0.264369463","[]"
"Here is a chemical reaction. Reactants are: Cn1cnc(C#N)c1, Fc1ccccc1Br. Product is: Cn1cnc(C#N)c1-c1ccccc1F. Reaction type is Pd catalyzed C-H arylation. The reaction conditions of this reaction are: Palladium Source: [PdCl(allyl)]2. Ligand: CC(C)Oc1cccc(OC(C)C)c1P(C1CCCCC1)C1CCCCC1. Solvent: CCCCOC(C)=O. Base: CsOAc. Reaction Temperature: 105 degrees centigrade. Reaction Concentration: 0.1 M. Palladium loading: 2.25 mol%. Ligand loading: 5 mol%. Base loading: 3 eq. What is the yield (%) and cost (US dollar per mol) of this reaction?","","8.11,0.095668167","[]"
"Here is a chemical reaction. Reactants are: Cn1cnc(C#N)c1, Fc1ccccc1Br. Product is: Cn1cnc(C#N)c1-c1ccccc1F. Reaction type is Pd catalyzed C-H arylation. The reaction conditions of this reaction are: Palladium Source: [PdCl(allyl)]2. Ligand: CC12C[C@]3(C)O[C@@](C)(C[C@@](C)(O3)P1c1ccccc1)O2. Solvent: CC(=O)N(C)C. Base: CsOPiv. Reaction Temperature: 120 degrees centigrade. Reaction Concentration: 0.153 M. Palladium loading: 2.25 mol%. Ligand loading: 5 mol%. Base loading: 3 eq. What is the yield (%) and cost (US dollar per mol) of this reaction?","","92.19,0.139752661","[]"
"Here is a chemical reaction. Reactants are: Cn1cnc(C#N)c1, Fc1ccccc1Br. Product is: Cn1cnc(C#N)c1-c1ccccc1F. Reaction type is Pd catalyzed C-H arylation. The reaction conditions of this reaction are: Palladium Source: [PdCl(allyl)]2. Ligand: CC(C)c1cc(C(C)C)c(-c2ccccc2P(C2CCCCC2)C2CCCCC2)c(C(C)C)c1. Solvent: CCCCOC(C)=O. Base: CsOPiv. Reaction Temperature: 120 degrees centigrade. Reaction Concentration: 0.153 M. Palladium loading: 2.25 mol%. Ligand loading: 5 mol%. Base loading: 3 eq. What is the yield (%) and cost (US dollar per mol) of this reaction?","","59.05,0.124390018","[]"
"Here is a chemical reaction. Reactants are: Cn1cnc(C#N)c1, Fc1ccccc1Br. Product is: Cn1cnc(C#N)c1-c1ccccc1F. Reaction type is Pd catalyzed C-H arylation. The reaction conditions of this reaction are: Palladium Source: [PdCl(allyl)]2. Ligand: CP(c1ccccc1)c1ccccc1. Solvent: Cc1ccc(C)cc1. Base: KOPiv. Reaction Temperature: 120 degrees centigrade. Reaction Concentration: 0.057 M. Palladium loading: 2.25 mol%. Ligand loading: 5 mol%. Base loading: 3 eq. What is the yield (%) and cost (US dollar per mol) of this reaction?","","0.0,0.040351096","[]"
"Here is a chemical reaction. Reactants are: Cn1cnc(C#N)c1, Fc1ccccc1Br. Product is: Cn1cnc(C#N)c1-c1ccccc1F. Reaction type is Pd catalyzed C-H arylation. The reaction conditions of this reaction are: Palladium Source: [PdCl(allyl)]2. Ligand: CN(C)c1cccc(N(C)C)c1-c1ccccc1P(c1ccccc1)C(C)(C)C. Solvent: CC(=O)N(C)C. Base: CsOPiv. Reaction Temperature: 105 degrees centigrade. Reaction Concentration: 0.153 M. Palladium loading: 2.25 mol%. Ligand loading: 5 mol%. Base loading: 3 eq. What is the yield (%) and cost (US dollar per mol) of this reaction?","","6.54,0.350654271","[]"
"Here is a chemical reaction. Reactants are: Cn1cnc(C#N)c1, Fc1ccccc1Br. Product is: Cn1cnc(C#N)c1-c1ccccc1F. Reaction type is Pd catalyzed C-H arylation. The reaction conditions of this reaction are: Palladium Source: [PdCl(allyl)]2. Ligand: CP(C)c1ccccc1. Solvent: CCCC#N. Base: KOAc. Reaction Temperature: 90 degrees centigrade. Reaction Concentration: 0.1 M. Palladium loading: 2.25 mol%. Ligand loading: 5 mol%. Base loading: 3 eq. What is the yield (%) and cost (US dollar per mol) of this reaction?","","0.0,0.046428592","[]"
"Here is a chemical reaction. Reactants are: Cn1cnc(C#N)c1, Fc1ccccc1Br. Product is: Cn1cnc(C#N)c1-c1ccccc1F. Reaction type is Pd catalyzed C-H arylation. The reaction conditions of this reaction are: Palladium Source: [PdCl(allyl)]2. Ligand: COc1ccc(OC)c(P(c2cc(C(F)(F)F)cc(C(F)(F)F)c2)c2cc(C(F)(F)F)cc(C(F)(F)F)c2)c1-c1c(C(C)C)cc(C(C)C)cc1C(C)C. Solvent: CCCCOC(C)=O. Base: KOPiv. Reaction Temperature: 120 degrees centigrade. Reaction Concentration: 0.1 M. Palladium loading: 2.25 mol%. Ligand loading: 5 mol%. Base loading: 3 eq. What is the yield (%) and cost (US dollar per mol) of this reaction?","","6.73,0.366671609","[]"
"Here is a chemical reaction. Reactants are: Cn1cnc(C#N)c1, Fc1ccccc1Br. Product is: Cn1cnc(C#N)c1-c1ccccc1F. Reaction type is Pd catalyzed C-H arylation. The reaction conditions of this reaction are: Palladium Source: [PdCl(allyl)]2. Ligand: CC(C)Oc1cccc(OC(C)C)c1P(C1CCCCC1)C1CCCCC1. Solvent: CCCC#N. Base: CsOPiv. Reaction Temperature: 120 degrees centigrade. Reaction Concentration: 0.153 M. Palladium loading: 2.25 mol%. Ligand loading: 5 mol%. Base loading: 3 eq. What is the yield (%) and cost (US dollar per mol) of this reaction?","","39.2,0.132406402","[]"
"Here is a chemical reaction. Reactants are: Cn1cnc(C#N)c1, Fc1ccccc1Br. Product is: Cn1cnc(C#N)c1-c1ccccc1F. Reaction type is Pd catalyzed C-H arylation. The reaction conditions of this reaction are: Palladium Source: [PdCl(allyl)]2. Ligand: c1ccc(P(c2ccccc2)c2ccccc2)cc1. Solvent: Cc1ccc(C)cc1. Base: CsOAc. Reaction Temperature: 90 degrees centigrade. Reaction Concentration: 0.153 M. Palladium loading: 2.25 mol%. Ligand loading: 5 mol%. Base loading: 3 eq. What is the yield (%) and cost (US dollar per mol) of this reaction?","","5.38,0.068734436","[]"
"Here is a chemical reaction. Reactants are: Cn1cnc(C#N)c1, Fc1ccccc1Br. Product is: Cn1cnc(C#N)c1-c1ccccc1F. Reaction type is Pd catalyzed C-H arylation. The reaction conditions of this reaction are: Palladium Source: [PdCl(allyl)]2. Ligand: c1ccc(P(c2ccccc2)c2ccccc2)cc1. Solvent: CCCC#N. Base: CsOPiv. Reaction Temperature: 90 degrees centigrade. Reaction Concentration: 0.1 M. Palladium loading: 2.25 mol%. Ligand loading: 5 mol%. Base loading: 3 eq. What is the yield (%) and cost (US dollar per mol) of this reaction?","","1.9,0.130502366","[]"
"Here is a chemical reaction. Reactants are: Cn1cnc(C#N)c1, Fc1ccccc1Br. Product is: Cn1cnc(C#N)c1-c1ccccc1F. Reaction type is Pd catalyzed C-H arylation. The reaction conditions of this reaction are: Palladium Source: [PdCl(allyl)]2. Ligand: CP(C)c1ccccc1. Solvent: Cc1ccc(C)cc1. Base: CsOPiv. Reaction Temperature: 105 degrees centigrade. Reaction Concentration: 0.057 M. Palladium loading: 2.25 mol%. Ligand loading: 5 mol%. Base loading: 3 eq. What is the yield (%) and cost (US dollar per mol) of this reaction?","","0.0,0.129074937","[]"
"Here is a chemical reaction. Reactants are: Cn1cnc(C#N)c1, Fc1ccccc1Br. Product is: Cn1cnc(C#N)c1-c1ccccc1F. Reaction type is Pd catalyzed C-H arylation. The reaction conditions of this reaction are: Palladium Source: [PdCl(allyl)]2. Ligand: CC(C)Oc1cccc(OC(C)C)c1P(C1CCCCC1)C1CCCCC1. Solvent: Cc1ccc(C)cc1. Base: KOPiv. Reaction Temperature: 90 degrees centigrade. Reaction Concentration: 0.057 M. Palladium loading: 2.25 mol%. Ligand loading: 5 mol%. Base loading: 3 eq. What is the yield (%) and cost (US dollar per mol) of this reaction?","","0.0,0.051406116","[]"
"Here is a chemical reaction. Reactants are: Cn1cnc(C#N)c1, Fc1ccccc1Br. Product is: Cn1cnc(C#N)c1-c1ccccc1F. Reaction type is Pd catalyzed C-H arylation. The reaction conditions of this reaction are: Palladium Source: [PdCl(allyl)]2. Ligand: CP(c1ccccc1)c1ccccc1. Solvent: CCCC#N. Base: CsOAc. Reaction Temperature: 90 degrees centigrade. Reaction Concentration: 0.153 M. Palladium loading: 2.25 mol%. Ligand loading: 5 mol%. Base loading: 3 eq. What is the yield (%) and cost (US dollar per mol) of this reaction?","","0.0,0.080177131","[]"
"Here is a chemical reaction. Reactants are: Cn1cnc(C#N)c1, Fc1ccccc1Br. Product is: Cn1cnc(C#N)c1-c1ccccc1F. Reaction type is Pd catalyzed C-H arylation. The reaction conditions of this reaction are: Palladium Source: [PdCl(allyl)]2. Ligand: COc1ccc(OC)c(P(C2CCCCC2)C2CCCCC2)c1-c1c(C(C)C)cc(C(C)C)cc1C(C)C. Solvent: CCCCOC(C)=O. Base: CsOAc. Reaction Temperature: 90 degrees centigrade. Reaction Concentration: 0.153 M. Palladium loading: 2.25 mol%. Ligand loading: 5 mol%. Base loading: 3 eq. What is the yield (%) and cost (US dollar per mol) of this reaction?","","17.16,0.194551728","[]"
"Here is a chemical reaction. Reactants are: Cn1cnc(C#N)c1, Fc1ccccc1Br. Product is: Cn1cnc(C#N)c1-c1ccccc1F. Reaction type is Pd catalyzed C-H arylation. The reaction conditions of this reaction are: Palladium Source: [PdCl(allyl)]2. Ligand: CP(C)c1ccccc1. Solvent: CCCCOC(C)=O. Base: KOPiv. Reaction Temperature: 90 degrees centigrade. Reaction Concentration: 0.057 M. Palladium loading: 2.25 mol%. Ligand loading: 5 mol%. Base loading: 3 eq. What is the yield (%) and cost (US dollar per mol) of this reaction?","","0.0,0.057786509","[]"
"Here is a chemical reaction. Reactants are: Cn1cnc(C#N)c1, Fc1ccccc1Br. Product is: Cn1cnc(C#N)c1-c1ccccc1F. Reaction type is Pd catalyzed C-H arylation. The reaction conditions of this reaction are: Palladium Source: [PdCl(allyl)]2. Ligand: CC(C)(C)P(c1ccccc1)C(C)(C)C. Solvent: Cc1ccc(C)cc1. Base: CsOPiv. Reaction Temperature: 120 degrees centigrade. Reaction Concentration: 0.153 M. Palladium loading: 2.25 mol%. Ligand loading: 5 mol%. Base loading: 3 eq. What is the yield (%) and cost (US dollar per mol) of this reaction?","","0.0,0.12649721","[]"
"Here is a chemical reaction. Reactants are: Cn1cnc(C#N)c1, Fc1ccccc1Br. Product is: Cn1cnc(C#N)c1-c1ccccc1F. Reaction type is Pd catalyzed C-H arylation. The reaction conditions of this reaction are: Palladium Source: [PdCl(allyl)]2. Ligand: C1CCC(P(C2CCCCC2)C2CCCCC2)CC1. Solvent: CCCC#N. Base: CsOAc. Reaction Temperature: 90 degrees centigrade. Reaction Concentration: 0.153 M. Palladium loading: 2.25 mol%. Ligand loading: 5 mol%. Base loading: 3 eq. What is the yield (%) and cost (US dollar per mol) of this reaction?","","0.0,0.084986349","[]"
"Here is a chemical reaction. Reactants are: Cn1cnc(C#N)c1, Fc1ccccc1Br. Product is: Cn1cnc(C#N)c1-c1ccccc1F. Reaction type is Pd catalyzed C-H arylation. The reaction conditions of this reaction are: Palladium Source: [PdCl(allyl)]2. Ligand: COc1ccc(OC)c(P(C2CCCCC2)C2CCCCC2)c1-c1c(C(C)C)cc(C(C)C)cc1C(C)C. Solvent: CC(=O)N(C)C. Base: KOPiv. Reaction Temperature: 90 degrees centigrade. Reaction Concentration: 0.057 M. Palladium loading: 2.25 mol%. Ligand loading: 5 mol%. Base loading: 3 eq. What is the yield (%) and cost (US dollar per mol) of this reaction?","","0.0,0.154793045","[]"
"Here is a chemical reaction. Reactants are: Cn1cnc(C#N)c1, Fc1ccccc1Br. Product is: Cn1cnc(C#N)c1-c1ccccc1F. Reaction type is Pd catalyzed C-H arylation. The reaction conditions of this reaction are: Palladium Source: [PdCl(allyl)]2. Ligand: c1ccc(P(c2ccccc2)c2ccccc2)cc1. Solvent: CCCC#N. Base: CsOAc. Reaction Temperature: 105 degrees centigrade. Reaction Concentration: 0.153 M. Palladium loading: 2.25 mol%. Ligand loading: 5 mol%. Base loading: 3 eq. What is the yield (%) and cost (US dollar per mol) of this reaction?","","5.55,0.079161047","[]"
"Here is a chemical reaction. Reactants are: Cn1cnc(C#N)c1, Fc1ccccc1Br. Product is: Cn1cnc(C#N)c1-c1ccccc1F. Reaction type is Pd catalyzed C-H arylation. The reaction conditions of this reaction are: Palladium Source: [PdCl(allyl)]2. Ligand: CC12C[C@]3(C)O[C@@](C)(C[C@@](C)(O3)P1c1ccccc1)O2. Solvent: Cc1ccc(C)cc1. Base: CsOAc. Reaction Temperature: 120 degrees centigrade. Reaction Concentration: 0.153 M. Palladium loading: 2.25 mol%. Ligand loading: 5 mol%. Base loading: 3 eq. What is the yield (%) and cost (US dollar per mol) of this reaction?","","91.19,0.100519529","[]"
"Here is a chemical reaction. Reactants are: Cn1cnc(C#N)c1, Fc1ccccc1Br. Product is: Cn1cnc(C#N)c1-c1ccccc1F. Reaction type is Pd catalyzed C-H arylation. The reaction conditions of this reaction are: Palladium Source: [PdCl(allyl)]2. Ligand: c1ccc(P(c2ccccc2)c2ccccc2)cc1. Solvent: Cc1ccc(C)cc1. Base: CsOAc. Reaction Temperature: 105 degrees centigrade. Reaction Concentration: 0.1 M. Palladium loading: 2.25 mol%. Ligand loading: 5 mol%. Base loading: 3 eq. What is the yield (%) and cost (US dollar per mol) of this reaction?","","10.5,0.074157045","[]"
"Here is a chemical reaction. Reactants are: Cn1cnc(C#N)c1, Fc1ccccc1Br. Product is: Cn1cnc(C#N)c1-c1ccccc1F. Reaction type is Pd catalyzed C-H arylation. The reaction conditions of this reaction are: Palladium Source: [PdCl(allyl)]2. Ligand: CC(C)c1cc(C(C)C)c(-c2ccccc2P(C2CCCCC2)C2CCCCC2)c(C(C)C)c1. Solvent: CCCC#N. Base: CsOAc. Reaction Temperature: 105 degrees centigrade. Reaction Concentration: 0.1 M. Palladium loading: 2.25 mol%. Ligand loading: 5 mol%. Base loading: 3 eq. What is the yield (%) and cost (US dollar per mol) of this reaction?","","83.83,0.09845553","[]"
"Here is a chemical reaction. Reactants are: Cn1cnc(C#N)c1, Fc1ccccc1Br. Product is: Cn1cnc(C#N)c1-c1ccccc1F. Reaction type is Pd catalyzed C-H arylation. The reaction conditions of this reaction are: Palladium Source: [PdCl(allyl)]2. Ligand: CC12C[C@]3(C)O[C@@](C)(C[C@@](C)(O3)P1c1ccccc1)O2. Solvent: CCCC#N. Base: KOPiv. Reaction Temperature: 120 degrees centigrade. Reaction Concentration: 0.153 M. Palladium loading: 2.25 mol%. Ligand loading: 5 mol%. Base loading: 3 eq. What is the yield (%) and cost (US dollar per mol) of this reaction?","","80.65,0.064614841","[]"
"Here is a chemical reaction. Reactants are: Cn1cnc(C#N)c1, Fc1ccccc1Br. Product is: Cn1cnc(C#N)c1-c1ccccc1F. Reaction type is Pd catalyzed C-H arylation. The reaction conditions of this reaction are: Palladium Source: [PdCl(allyl)]2. Ligand: CC(C)c1cc(C(C)C)c(-c2ccccc2P(C2CCCCC2)C2CCCCC2)c(C(C)C)c1. Solvent: CCCC#N. Base: KOPiv. Reaction Temperature: 90 degrees centigrade. Reaction Concentration: 0.1 M. Palladium loading: 2.25 mol%. Ligand loading: 5 mol%. Base loading: 3 eq. What is the yield (%) and cost (US dollar per mol) of this reaction?","","45.95,0.051569934","[]"
"Here is a chemical reaction. Reactants are: Cn1cnc(C#N)c1, Fc1ccccc1Br. Product is: Cn1cnc(C#N)c1-c1ccccc1F. Reaction type is Pd catalyzed C-H arylation. The reaction conditions of this reaction are: Palladium Source: [PdCl(allyl)]2. Ligand: CC(C)c1cc(C(C)C)c(-c2ccccc2P(C2CCCCC2)C2CCCCC2)c(C(C)C)c1. Solvent: Cc1ccc(C)cc1. Base: CsOPiv. Reaction Temperature: 105 degrees centigrade. Reaction Concentration: 0.153 M. Palladium loading: 2.25 mol%. Ligand loading: 5 mol%. Base loading: 3 eq. What is the yield (%) and cost (US dollar per mol) of this reaction?","","73.93,0.118055249","[]"
"Here is a chemical reaction. Reactants are: Cn1cnc(C#N)c1, Fc1ccccc1Br. Product is: Cn1cnc(C#N)c1-c1ccccc1F. Reaction type is Pd catalyzed C-H arylation. The reaction conditions of this reaction are: Palladium Source: [PdCl(allyl)]2. Ligand: COc1ccc(OC)c(P(C2CCCCC2)C2CCCCC2)c1-c1c(C(C)C)cc(C(C)C)cc1C(C)C. Solvent: Cc1ccc(C)cc1. Base: CsOAc. Reaction Temperature: 105 degrees centigrade. Reaction Concentration: 0.153 M. Palladium loading: 2.25 mol%. Ligand loading: 5 mol%. Base loading: 3 eq. What is the yield (%) and cost (US dollar per mol) of this reaction?","","44.16,0.188343919","[]"
"Here is a chemical reaction. Reactants are: Cn1cnc(C#N)c1, Fc1ccccc1Br. Product is: Cn1cnc(C#N)c1-c1ccccc1F. Reaction type is Pd catalyzed C-H arylation. The reaction conditions of this reaction are: Palladium Source: [PdCl(allyl)]2. Ligand: c1coc(P(c2ccco2)c2ccco2)c1. Solvent: CC(=O)N(C)C. Base: KOAc. Reaction Temperature: 90 degrees centigrade. Reaction Concentration: 0.1 M. Palladium loading: 2.25 mol%. Ligand loading: 5 mol%. Base loading: 3 eq. What is the yield (%) and cost (US dollar per mol) of this reaction?","","9.59,0.038619719","[]"
"Here is a chemical reaction. Reactants are: Cn1cnc(C#N)c1, Fc1ccccc1Br. Product is: Cn1cnc(C#N)c1-c1ccccc1F. Reaction type is Pd catalyzed C-H arylation. The reaction conditions of this reaction are: Palladium Source: [PdCl(allyl)]2. Ligand: CC(C)Oc1cccc(OC(C)C)c1P(C1CCCCC1)C1CCCCC1. Solvent: CCCCOC(C)=O. Base: CsOAc. Reaction Temperature: 105 degrees centigrade. Reaction Concentration: 0.153 M. Palladium loading: 2.25 mol%. Ligand loading: 5 mol%. Base loading: 3 eq. What is the yield (%) and cost (US dollar per mol) of this reaction?","","5.13,0.087129837","[]"
"Here is a chemical reaction. Reactants are: Cn1cnc(C#N)c1, Fc1ccccc1Br. Product is: Cn1cnc(C#N)c1-c1ccccc1F. Reaction type is Pd catalyzed C-H arylation. The reaction conditions of this reaction are: Palladium Source: [PdCl(allyl)]2. Ligand: CC12C[C@]3(C)O[C@@](C)(C[C@@](C)(O3)P1c1ccccc1)O2. Solvent: Cc1ccc(C)cc1. Base: KOAc. Reaction Temperature: 120 degrees centigrade. Reaction Concentration: 0.1 M. Palladium loading: 2.25 mol%. Ligand loading: 5 mol%. Base loading: 3 eq. What is the yield (%) and cost (US dollar per mol) of this reaction?","","46.75,0.06026081","[]"
"Here is a chemical reaction. Reactants are: Cn1cnc(C#N)c1, Fc1ccccc1Br. Product is: Cn1cnc(C#N)c1-c1ccccc1F. Reaction type is Pd catalyzed C-H arylation. The reaction conditions of this reaction are: Palladium Source: [PdCl(allyl)]2. Ligand: CN(C)c1cccc(N(C)C)c1-c1ccccc1P(c1ccccc1)C(C)(C)C. Solvent: CCCCOC(C)=O. Base: CsOPiv. Reaction Temperature: 90 degrees centigrade. Reaction Concentration: 0.1 M. Palladium loading: 2.25 mol%. Ligand loading: 5 mol%. Base loading: 3 eq. What is the yield (%) and cost (US dollar per mol) of this reaction?","","0.0,0.367002527","[]"
"Here is a chemical reaction. Reactants are: Cn1cnc(C#N)c1, Fc1ccccc1Br. Product is: Cn1cnc(C#N)c1-c1ccccc1F. Reaction type is Pd catalyzed C-H arylation. The reaction conditions of this reaction are: Palladium Source: [PdCl(allyl)]2. Ligand: CN(C)c1cccc(N(C)C)c1-c1ccccc1P(c1ccccc1)C(C)(C)C. Solvent: CC(=O)N(C)C. Base: KOAc. Reaction Temperature: 90 degrees centigrade. Reaction Concentration: 0.057 M. Palladium loading: 2.25 mol%. Ligand loading: 5 mol%. Base loading: 3 eq. What is the yield (%) and cost (US dollar per mol) of this reaction?","","57.27,0.279204924","[]"
"Here is a chemical reaction. Reactants are: Cn1cnc(C#N)c1, Fc1ccccc1Br. Product is: Cn1cnc(C#N)c1-c1ccccc1F. Reaction type is Pd catalyzed C-H arylation. The reaction conditions of this reaction are: Palladium Source: [PdCl(allyl)]2. Ligand: c1coc(P(c2ccco2)c2ccco2)c1. Solvent: CC(=O)N(C)C. Base: KOAc. Reaction Temperature: 120 degrees centigrade. Reaction Concentration: 0.153 M. Palladium loading: 2.25 mol%. Ligand loading: 5 mol%. Base loading: 3 eq. What is the yield (%) and cost (US dollar per mol) of this reaction?","","52.08,0.034091718","[]"
"Here is a chemical reaction. Reactants are: Cn1cnc(C#N)c1, Fc1ccccc1Br. Product is: Cn1cnc(C#N)c1-c1ccccc1F. Reaction type is Pd catalyzed C-H arylation. The reaction conditions of this reaction are: Palladium Source: [PdCl(allyl)]2. Ligand: COc1ccc(OC)c(P(C2CCCCC2)C2CCCCC2)c1-c1c(C(C)C)cc(C(C)C)cc1C(C)C. Solvent: CC(=O)N(C)C. Base: CsOAc. Reaction Temperature: 120 degrees centigrade. Reaction Concentration: 0.153 M. Palladium loading: 2.25 mol%. Ligand loading: 5 mol%. Base loading: 3 eq. What is the yield (%) and cost (US dollar per mol) of this reaction?","","7.43,0.186631088","[]"
"Here is a chemical reaction. Reactants are: Cn1cnc(C#N)c1, Fc1ccccc1Br. Product is: Cn1cnc(C#N)c1-c1ccccc1F. Reaction type is Pd catalyzed C-H arylation. The reaction conditions of this reaction are: Palladium Source: [PdCl(allyl)]2. Ligand: COc1ccc(OC)c(P(C2CCCCC2)C2CCCCC2)c1-c1c(C(C)C)cc(C(C)C)cc1C(C)C. Solvent: CCCCOC(C)=O. Base: CsOAc. Reaction Temperature: 90 degrees centigrade. Reaction Concentration: 0.057 M. Palladium loading: 2.25 mol%. Ligand loading: 5 mol%. Base loading: 3 eq. What is the yield (%) and cost (US dollar per mol) of this reaction?","","22.92,0.221663589","[]"
"Here is a chemical reaction. Reactants are: Cn1cnc(C#N)c1, Fc1ccccc1Br. Product is: Cn1cnc(C#N)c1-c1ccccc1F. Reaction type is Pd catalyzed C-H arylation. The reaction conditions of this reaction are: Palladium Source: [PdCl(allyl)]2. Ligand: CC(C)(C)P(c1ccccc1)C(C)(C)C. Solvent: Cc1ccc(C)cc1. Base: CsOPiv. Reaction Temperature: 120 degrees centigrade. Reaction Concentration: 0.057 M. Palladium loading: 2.25 mol%. Ligand loading: 5 mol%. Base loading: 3 eq. What is the yield (%) and cost (US dollar per mol) of this reaction?","","0.0,0.143669553","[]"
"Here is a chemical reaction. Reactants are: Cn1cnc(C#N)c1, Fc1ccccc1Br. Product is: Cn1cnc(C#N)c1-c1ccccc1F. Reaction type is Pd catalyzed C-H arylation. The reaction conditions of this reaction are: Palladium Source: [PdCl(allyl)]2. Ligand: CC(C)(C)P(c1ccccc1)C(C)(C)C. Solvent: Cc1ccc(C)cc1. Base: KOAc. Reaction Temperature: 105 degrees centigrade. Reaction Concentration: 0.153 M. Palladium loading: 2.25 mol%. Ligand loading: 5 mol%. Base loading: 3 eq. What is the yield (%) and cost (US dollar per mol) of this reaction?","","0.0,0.040123498","[]"
"Here is a chemical reaction. Reactants are: Cn1cnc(C#N)c1, Fc1ccccc1Br. Product is: Cn1cnc(C#N)c1-c1ccccc1F. Reaction type is Pd catalyzed C-H arylation. The reaction conditions of this reaction are: Palladium Source: [PdCl(allyl)]2. Ligand: CP(C)c1ccccc1. Solvent: Cc1ccc(C)cc1. Base: CsOAc. Reaction Temperature: 105 degrees centigrade. Reaction Concentration: 0.153 M. Palladium loading: 2.25 mol%. Ligand loading: 5 mol%. Base loading: 3 eq. What is the yield (%) and cost (US dollar per mol) of this reaction?","","0.0,0.071029328","[]"
"Here is a chemical reaction. Reactants are: Cn1cnc(C#N)c1, Fc1ccccc1Br. Product is: Cn1cnc(C#N)c1-c1ccccc1F. Reaction type is Pd catalyzed C-H arylation. The reaction conditions of this reaction are: Palladium Source: [PdCl(allyl)]2. Ligand: CC12C[C@]3(C)O[C@@](C)(C[C@@](C)(O3)P1c1ccccc1)O2. Solvent: CCCC#N. Base: CsOAc. Reaction Temperature: 90 degrees centigrade. Reaction Concentration: 0.1 M. Palladium loading: 2.25 mol%. Ligand loading: 5 mol%. Base loading: 3 eq. What is the yield (%) and cost (US dollar per mol) of this reaction?","","57.95,0.12153137","[]"
"Here is a chemical reaction. Reactants are: Cn1cnc(C#N)c1, Fc1ccccc1Br. Product is: Cn1cnc(C#N)c1-c1ccccc1F. Reaction type is Pd catalyzed C-H arylation. The reaction conditions of this reaction are: Palladium Source: [PdCl(allyl)]2. Ligand: COc1ccc(OC)c(P(c2cc(C(F)(F)F)cc(C(F)(F)F)c2)c2cc(C(F)(F)F)cc(C(F)(F)F)c2)c1-c1c(C(C)C)cc(C(C)C)cc1C(C)C. Solvent: CCCC#N. Base: KOPiv. Reaction Temperature: 120 degrees centigrade. Reaction Concentration: 0.057 M. Palladium loading: 2.25 mol%. Ligand loading: 5 mol%. Base loading: 3 eq. What is the yield (%) and cost (US dollar per mol) of this reaction?","","16.07,0.395720716","[]"
"Here is a chemical reaction. Reactants are: Cn1cnc(C#N)c1, Fc1ccccc1Br. Product is: Cn1cnc(C#N)c1-c1ccccc1F. Reaction type is Pd catalyzed C-H arylation. The reaction conditions of this reaction are: Palladium Source: [PdCl(allyl)]2. Ligand: COc1ccc(OC)c(P(c2cc(C(F)(F)F)cc(C(F)(F)F)c2)c2cc(C(F)(F)F)cc(C(F)(F)F)c2)c1-c1c(C(C)C)cc(C(C)C)cc1C(C)C. Solvent: Cc1ccc(C)cc1. Base: KOPiv. Reaction Temperature: 120 degrees centigrade. Reaction Concentration: 0.1 M. Palladium loading: 2.25 mol%. Ligand loading: 5 mol%. Base loading: 3 eq. What is the yield (%) and cost (US dollar per mol) of this reaction?","","11.69,0.35728631","[]"
"Here is a chemical reaction. Reactants are: Cn1cnc(C#N)c1, Fc1ccccc1Br. Product is: Cn1cnc(C#N)c1-c1ccccc1F. Reaction type is Pd catalyzed C-H arylation. The reaction conditions of this reaction are: Palladium Source: [PdCl(allyl)]2. Ligand: CC(C)c1cc(C(C)C)c(-c2ccccc2P(C2CCCCC2)C2CCCCC2)c(C(C)C)c1. Solvent: CC(=O)N(C)C. Base: CsOAc. Reaction Temperature: 120 degrees centigrade. Reaction Concentration: 0.153 M. Palladium loading: 2.25 mol%. Ligand loading: 5 mol%. Base loading: 3 eq. What is the yield (%) and cost (US dollar per mol) of this reaction?","","84.49,0.075582645","[]"
"Here is a chemical reaction. Reactants are: Cn1cnc(C#N)c1, Fc1ccccc1Br. Product is: Cn1cnc(C#N)c1-c1ccccc1F. Reaction type is Pd catalyzed C-H arylation. The reaction conditions of this reaction are: Palladium Source: [PdCl(allyl)]2. Ligand: CN(C)c1cccc(N(C)C)c1-c1ccccc1P(c1ccccc1)C(C)(C)C. Solvent: Cc1ccc(C)cc1. Base: KOAc. Reaction Temperature: 105 degrees centigrade. Reaction Concentration: 0.057 M. Palladium loading: 2.25 mol%. Ligand loading: 5 mol%. Base loading: 3 eq. What is the yield (%) and cost (US dollar per mol) of this reaction?","","6.45,0.283030666","[]"
"Here is a chemical reaction. Reactants are: Cn1cnc(C#N)c1, Fc1ccccc1Br. Product is: Cn1cnc(C#N)c1-c1ccccc1F. Reaction type is Pd catalyzed C-H arylation. The reaction conditions of this reaction are: Palladium Source: [PdCl(allyl)]2. Ligand: C1CCC(P(C2CCCCC2)C2CCCCC2)CC1. Solvent: Cc1ccc(C)cc1. Base: CsOAc. Reaction Temperature: 90 degrees centigrade. Reaction Concentration: 0.057 M. Palladium loading: 2.25 mol%. Ligand loading: 5 mol%. Base loading: 3 eq. What is the yield (%) and cost (US dollar per mol) of this reaction?","","0.0,0.09175506","[]"
"Here is a chemical reaction. Reactants are: Cn1cnc(C#N)c1, Fc1ccccc1Br. Product is: Cn1cnc(C#N)c1-c1ccccc1F. Reaction type is Pd catalyzed C-H arylation. The reaction conditions of this reaction are: Palladium Source: [PdCl(allyl)]2. Ligand: C1CCC(P(C2CCCCC2)C2CCCCC2)CC1. Solvent: CCCC#N. Base: CsOPiv. Reaction Temperature: 90 degrees centigrade. Reaction Concentration: 0.057 M. Palladium loading: 2.25 mol%. Ligand loading: 5 mol%. Base loading: 3 eq. What is the yield (%) and cost (US dollar per mol) of this reaction?","","0.86,0.159220191","[]"
"Here is a chemical reaction. Reactants are: Cn1cnc(C#N)c1, Fc1ccccc1Br. Product is: Cn1cnc(C#N)c1-c1ccccc1F. Reaction type is Pd catalyzed C-H arylation. The reaction conditions of this reaction are: Palladium Source: [PdCl(allyl)]2. Ligand: CC12C[C@]3(C)O[C@@](C)(C[C@@](C)(O3)P1c1ccccc1)O2. Solvent: CCCC#N. Base: CsOAc. Reaction Temperature: 105 degrees centigrade. Reaction Concentration: 0.1 M. Palladium loading: 2.25 mol%. Ligand loading: 5 mol%. Base loading: 3 eq. What is the yield (%) and cost (US dollar per mol) of this reaction?","","82.33,0.121718564","[]"
"Here is a chemical reaction. Reactants are: Cn1cnc(C#N)c1, Fc1ccccc1Br. Product is: Cn1cnc(C#N)c1-c1ccccc1F. Reaction type is Pd catalyzed C-H arylation. The reaction conditions of this reaction are: Palladium Source: [PdCl(allyl)]2. Ligand: CP(c1ccccc1)c1ccccc1. Solvent: Cc1ccc(C)cc1. Base: KOPiv. Reaction Temperature: 90 degrees centigrade. Reaction Concentration: 0.153 M. Palladium loading: 2.25 mol%. Ligand loading: 5 mol%. Base loading: 3 eq. What is the yield (%) and cost (US dollar per mol) of this reaction?","","0.0,0.023178753","[]"
"Here is a chemical reaction. Reactants are: Cn1cnc(C#N)c1, Fc1ccccc1Br. Product is: Cn1cnc(C#N)c1-c1ccccc1F. Reaction type is Pd catalyzed C-H arylation. The reaction conditions of this reaction are: Palladium Source: [PdCl(allyl)]2. Ligand: CP(C)c1ccccc1. Solvent: Cc1ccc(C)cc1. Base: KOAc. Reaction Temperature: 90 degrees centigrade. Reaction Concentration: 0.153 M. Palladium loading: 2.25 mol%. Ligand loading: 5 mol%. Base loading: 3 eq. What is the yield (%) and cost (US dollar per mol) of this reaction?","","0.0,0.025528882","[]"
"Here is a chemical reaction. Reactants are: Cn1cnc(C#N)c1, Fc1ccccc1Br. Product is: Cn1cnc(C#N)c1-c1ccccc1F. Reaction type is Pd catalyzed C-H arylation. The reaction conditions of this reaction are: Palladium Source: [PdCl(allyl)]2. Ligand: CC(C)Oc1cccc(OC(C)C)c1P(C1CCCCC1)C1CCCCC1. Solvent: CCCCOC(C)=O. Base: CsOPiv. Reaction Temperature: 90 degrees centigrade. Reaction Concentration: 0.1 M. Palladium loading: 2.25 mol%. Ligand loading: 5 mol%. Base loading: 3 eq. What is the yield (%) and cost (US dollar per mol) of this reaction?","","8.88,0.136545764","[]"
"Here is a chemical reaction. Reactants are: Cn1cnc(C#N)c1, Fc1ccccc1Br. Product is: Cn1cnc(C#N)c1-c1ccccc1F. Reaction type is Pd catalyzed C-H arylation. The reaction conditions of this reaction are: Palladium Source: [PdCl(allyl)]2. Ligand: CC(C)Oc1cccc(OC(C)C)c1P(C1CCCCC1)C1CCCCC1. Solvent: Cc1ccc(C)cc1. Base: KOAc. Reaction Temperature: 120 degrees centigrade. Reaction Concentration: 0.153 M. Palladium loading: 2.25 mol%. Ligand loading: 5 mol%. Base loading: 3 eq. What is the yield (%) and cost (US dollar per mol) of this reaction?","","4.87,0.035345847","[]"
"Here is a chemical reaction. Reactants are: Cn1cnc(C#N)c1, Fc1ccccc1Br. Product is: Cn1cnc(C#N)c1-c1ccccc1F. Reaction type is Pd catalyzed C-H arylation. The reaction conditions of this reaction are: Palladium Source: [PdCl(allyl)]2. Ligand: CC12C[C@]3(C)O[C@@](C)(C[C@@](C)(O3)P1c1ccccc1)O2. Solvent: CCCCOC(C)=O. Base: CsOAc. Reaction Temperature: 105 degrees centigrade. Reaction Concentration: 0.153 M. Palladium loading: 2.25 mol%. Ligand loading: 5 mol%. Base loading: 3 eq. What is the yield (%) and cost (US dollar per mol) of this reaction?","","50.69,0.106744282","[]"
"Here is a chemical reaction. Reactants are: Cn1cnc(C#N)c1, Fc1ccccc1Br. Product is: Cn1cnc(C#N)c1-c1ccccc1F. Reaction type is Pd catalyzed C-H arylation. The reaction conditions of this reaction are: Palladium Source: [PdCl(allyl)]2. Ligand: COc1ccc(OC)c(P(C2CCCCC2)C2CCCCC2)c1-c1c(C(C)C)cc(C(C)C)cc1C(C)C. Solvent: Cc1ccc(C)cc1. Base: KOAc. Reaction Temperature: 105 degrees centigrade. Reaction Concentration: 0.153 M. Palladium loading: 2.25 mol%. Ligand loading: 5 mol%. Base loading: 3 eq. What is the yield (%) and cost (US dollar per mol) of this reaction?","","16.87,0.142743871","[]"
"Here is a chemical reaction. Reactants are: Cn1cnc(C#N)c1, Fc1ccccc1Br. Product is: Cn1cnc(C#N)c1-c1ccccc1F. Reaction type is Pd catalyzed C-H arylation. The reaction conditions of this reaction are: Palladium Source: [PdCl(allyl)]2. Ligand: c1ccc(P(c2ccccc2)c2ccccc2)cc1. Solvent: CCCC#N. Base: CsOAc. Reaction Temperature: 90 degrees centigrade. Reaction Concentration: 0.057 M. Palladium loading: 2.25 mol%. Ligand loading: 5 mol%. Base loading: 3 eq. What is the yield (%) and cost (US dollar per mol) of this reaction?","","6.56,0.112522775","[]"
"Here is a chemical reaction. Reactants are: Cn1cnc(C#N)c1, Fc1ccccc1Br. Product is: Cn1cnc(C#N)c1-c1ccccc1F. Reaction type is Pd catalyzed C-H arylation. The reaction conditions of this reaction are: Palladium Source: [PdCl(allyl)]2. Ligand: CC(C)c1cc(C(C)C)c(-c2ccccc2P(C2CCCCC2)C2CCCCC2)c(C(C)C)c1. Solvent: CCCC#N. Base: CsOAc. Reaction Temperature: 120 degrees centigrade. Reaction Concentration: 0.153 M. Palladium loading: 2.25 mol%. Ligand loading: 5 mol%. Base loading: 3 eq. What is the yield (%) and cost (US dollar per mol) of this reaction?","","77.01,0.087907086","[]"
"Here is a chemical reaction. Reactants are: Cn1cnc(C#N)c1, Fc1ccccc1Br. Product is: Cn1cnc(C#N)c1-c1ccccc1F. Reaction type is Pd catalyzed C-H arylation. The reaction conditions of this reaction are: Palladium Source: [PdCl(allyl)]2. Ligand: COc1ccc(OC)c(P(C2CCCCC2)C2CCCCC2)c1-c1c(C(C)C)cc(C(C)C)cc1C(C)C. Solvent: CCCC#N. Base: KOPiv. Reaction Temperature: 90 degrees centigrade. Reaction Concentration: 0.057 M. Palladium loading: 2.25 mol%. Ligand loading: 5 mol%. Base loading: 3 eq. What is the yield (%) and cost (US dollar per mol) of this reaction?","","29.57,0.18557265","[]"
"Here is a chemical reaction. Reactants are: Cn1cnc(C#N)c1, Fc1ccccc1Br. Product is: Cn1cnc(C#N)c1-c1ccccc1F. Reaction type is Pd catalyzed C-H arylation. The reaction conditions of this reaction are: Palladium Source: [PdCl(allyl)]2. Ligand: COc1ccc(OC)c(P(c2cc(C(F)(F)F)cc(C(F)(F)F)c2)c2cc(C(F)(F)F)cc(C(F)(F)F)c2)c1-c1c(C(C)C)cc(C(C)C)cc1C(C)C. Solvent: Cc1ccc(C)cc1. Base: KOAc. Reaction Temperature: 105 degrees centigrade. Reaction Concentration: 0.057 M. Palladium loading: 2.25 mol%. Ligand loading: 5 mol%. Base loading: 3 eq. What is the yield (%) and cost (US dollar per mol) of this reaction?","","5.45,0.370126256","[]"
"Here is a chemical reaction. Reactants are: Cn1cnc(C#N)c1, Fc1ccccc1Br. Product is: Cn1cnc(C#N)c1-c1ccccc1F. Reaction type is Pd catalyzed C-H arylation. The reaction conditions of this reaction are: Palladium Source: [PdCl(allyl)]2. Ligand: c1coc(P(c2ccco2)c2ccco2)c1. Solvent: CC(=O)N(C)C. Base: CsOPiv. Reaction Temperature: 90 degrees centigrade. Reaction Concentration: 0.057 M. Palladium loading: 2.25 mol%. Ligand loading: 5 mol%. Base loading: 3 eq. What is the yield (%) and cost (US dollar per mol) of this reaction?","","21.65,0.135155829","[]"
"Here is a chemical reaction. Reactants are: Cn1cnc(C#N)c1, Fc1ccccc1Br. Product is: Cn1cnc(C#N)c1-c1ccccc1F. Reaction type is Pd catalyzed C-H arylation. The reaction conditions of this reaction are: Palladium Source: [PdCl(allyl)]2. Ligand: c1coc(P(c2ccco2)c2ccco2)c1. Solvent: CCCCOC(C)=O. Base: KOPiv. Reaction Temperature: 120 degrees centigrade. Reaction Concentration: 0.153 M. Palladium loading: 2.25 mol%. Ligand loading: 5 mol%. Base loading: 3 eq. What is the yield (%) and cost (US dollar per mol) of this reaction?","","31.43,0.040869605","[]"
"Here is a chemical reaction. Reactants are: Cn1cnc(C#N)c1, Fc1ccccc1Br. Product is: Cn1cnc(C#N)c1-c1ccccc1F. Reaction type is Pd catalyzed C-H arylation. The reaction conditions of this reaction are: Palladium Source: [PdCl(allyl)]2. Ligand: CC(C)c1cc(C(C)C)c(-c2ccccc2P(C2CCCCC2)C2CCCCC2)c(C(C)C)c1. Solvent: CCCCOC(C)=O. Base: CsOPiv. Reaction Temperature: 90 degrees centigrade. Reaction Concentration: 0.1 M. Palladium loading: 2.25 mol%. Ligand loading: 5 mol%. Base loading: 3 eq. What is the yield (%) and cost (US dollar per mol) of this reaction?","","3.0,0.132596329","[]"
"Here is a chemical reaction. Reactants are: Cn1cnc(C#N)c1, Fc1ccccc1Br. Product is: Cn1cnc(C#N)c1-c1ccccc1F. Reaction type is Pd catalyzed C-H arylation. The reaction conditions of this reaction are: Palladium Source: [PdCl(allyl)]2. Ligand: COc1ccc(OC)c(P(C2CCCCC2)C2CCCCC2)c1-c1c(C(C)C)cc(C(C)C)cc1C(C)C. Solvent: CC(=O)N(C)C. Base: CsOAc. Reaction Temperature: 105 degrees centigrade. Reaction Concentration: 0.1 M. Palladium loading: 2.25 mol%. Ligand loading: 5 mol%. Base loading: 3 eq. What is the yield (%) and cost (US dollar per mol) of this reaction?","","4.74,0.191273824","[]"
"Here is a chemical reaction. Reactants are: Cn1cnc(C#N)c1, Fc1ccccc1Br. Product is: Cn1cnc(C#N)c1-c1ccccc1F. Reaction type is Pd catalyzed C-H arylation. The reaction conditions of this reaction are: Palladium Source: [PdCl(allyl)]2. Ligand: C1CCC(P(C2CCCCC2)C2CCCCC2)CC1. Solvent: Cc1ccc(C)cc1. Base: KOAc. Reaction Temperature: 90 degrees centigrade. Reaction Concentration: 0.1 M. Palladium loading: 2.25 mol%. Ligand loading: 5 mol%. Base loading: 3 eq. What is the yield (%) and cost (US dollar per mol) of this reaction?","","0.0,0.034486192","[]"
"Here is a chemical reaction. Reactants are: Cn1cnc(C#N)c1, Fc1ccccc1Br. Product is: Cn1cnc(C#N)c1-c1ccccc1F. Reaction type is Pd catalyzed C-H arylation. The reaction conditions of this reaction are: Palladium Source: [PdCl(allyl)]2. Ligand: CC(C)(C)P(c1ccccc1)C(C)(C)C. Solvent: Cc1ccc(C)cc1. Base: KOAc. Reaction Temperature: 90 degrees centigrade. Reaction Concentration: 0.153 M. Palladium loading: 2.25 mol%. Ligand loading: 5 mol%. Base loading: 3 eq. What is the yield (%) and cost (US dollar per mol) of this reaction?","","0.0,0.040123498","[]"
"Here is a chemical reaction. Reactants are: Cn1cnc(C#N)c1, Fc1ccccc1Br. Product is: Cn1cnc(C#N)c1-c1ccccc1F. Reaction type is Pd catalyzed C-H arylation. The reaction conditions of this reaction are: Palladium Source: [PdCl(allyl)]2. Ligand: CN(C)c1cccc(N(C)C)c1-c1ccccc1P(c1ccccc1)C(C)(C)C. Solvent: CCCCOC(C)=O. Base: CsOPiv. Reaction Temperature: 120 degrees centigrade. Reaction Concentration: 0.1 M. Palladium loading: 2.25 mol%. Ligand loading: 5 mol%. Base loading: 3 eq. What is the yield (%) and cost (US dollar per mol) of this reaction?","","19.42,0.367111757","[]"
"Here is a chemical reaction. Reactants are: Cn1cnc(C#N)c1, Fc1ccccc1Br. Product is: Cn1cnc(C#N)c1-c1ccccc1F. Reaction type is Pd catalyzed C-H arylation. The reaction conditions of this reaction are: Palladium Source: [PdCl(allyl)]2. Ligand: CP(C)c1ccccc1. Solvent: Cc1ccc(C)cc1. Base: CsOPiv. Reaction Temperature: 105 degrees centigrade. Reaction Concentration: 0.1 M. Palladium loading: 2.25 mol%. Ligand loading: 5 mol%. Base loading: 3 eq. What is the yield (%) and cost (US dollar per mol) of this reaction?","","0.0,0.117306516","[]"
"Here is a chemical reaction. Reactants are: Cn1cnc(C#N)c1, Fc1ccccc1Br. Product is: Cn1cnc(C#N)c1-c1ccccc1F. Reaction type is Pd catalyzed C-H arylation. The reaction conditions of this reaction are: Palladium Source: [PdCl(allyl)]2. Ligand: CC(C)Oc1cccc(OC(C)C)c1P(C1CCCCC1)C1CCCCC1. Solvent: CCCCOC(C)=O. Base: CsOAc. Reaction Temperature: 90 degrees centigrade. Reaction Concentration: 0.057 M. Palladium loading: 2.25 mol%. Ligand loading: 5 mol%. Base loading: 3 eq. What is the yield (%) and cost (US dollar per mol) of this reaction?","","8.14,0.11422623","[]"
"Here is a chemical reaction. Reactants are: Cn1cnc(C#N)c1, Fc1ccccc1Br. Product is: Cn1cnc(C#N)c1-c1ccccc1F. Reaction type is Pd catalyzed C-H arylation. The reaction conditions of this reaction are: Palladium Source: [PdCl(allyl)]2. Ligand: COc1ccc(OC)c(P(C2CCCCC2)C2CCCCC2)c1-c1c(C(C)C)cc(C(C)C)cc1C(C)C. Solvent: CC(=O)N(C)C. Base: KOAc. Reaction Temperature: 105 degrees centigrade. Reaction Concentration: 0.153 M. Palladium loading: 2.25 mol%. Ligand loading: 5 mol%. Base loading: 3 eq. What is the yield (%) and cost (US dollar per mol) of this reaction?","","5.49,0.141125049","[]"
"Here is a chemical reaction. Reactants are: Cn1cnc(C#N)c1, Fc1ccccc1Br. Product is: Cn1cnc(C#N)c1-c1ccccc1F. Reaction type is Pd catalyzed C-H arylation. The reaction conditions of this reaction are: Palladium Source: [PdCl(allyl)]2. Ligand: COc1ccc(OC)c(P(C2CCCCC2)C2CCCCC2)c1-c1c(C(C)C)cc(C(C)C)cc1C(C)C. Solvent: CCCCOC(C)=O. Base: CsOPiv. Reaction Temperature: 120 degrees centigrade. Reaction Concentration: 0.1 M. Palladium loading: 2.25 mol%. Ligand loading: 5 mol%. Base loading: 3 eq. What is the yield (%) and cost (US dollar per mol) of this reaction?","","51.99,0.244142466","[]"
"Here is a chemical reaction. Reactants are: Cn1cnc(C#N)c1, Fc1ccccc1Br. Product is: Cn1cnc(C#N)c1-c1ccccc1F. Reaction type is Pd catalyzed C-H arylation. The reaction conditions of this reaction are: Palladium Source: [PdCl(allyl)]2. Ligand: CC12C[C@]3(C)O[C@@](C)(C[C@@](C)(O3)P1c1ccccc1)O2. Solvent: CCCCOC(C)=O. Base: CsOPiv. Reaction Temperature: 90 degrees centigrade. Reaction Concentration: 0.057 M. Palladium loading: 2.25 mol%. Ligand loading: 5 mol%. Base loading: 3 eq. What is the yield (%) and cost (US dollar per mol) of this reaction?","","14.68,0.174494471","[]"
"Here is a chemical reaction. Reactants are: Cn1cnc(C#N)c1, Fc1ccccc1Br. Product is: Cn1cnc(C#N)c1-c1ccccc1F. Reaction type is Pd catalyzed C-H arylation. The reaction conditions of this reaction are: Palladium Source: [PdCl(allyl)]2. Ligand: COc1ccc(OC)c(P(C2CCCCC2)C2CCCCC2)c1-c1c(C(C)C)cc(C(C)C)cc1C(C)C. Solvent: CCCC#N. Base: CsOPiv. Reaction Temperature: 90 degrees centigrade. Reaction Concentration: 0.1 M. Palladium loading: 2.25 mol%. Ligand loading: 5 mol%. Base loading: 3 eq. What is the yield (%) and cost (US dollar per mol) of this reaction?","","48.64,0.25032919","[]"
"Here is a chemical reaction. Reactants are: Cn1cnc(C#N)c1, Fc1ccccc1Br. Product is: Cn1cnc(C#N)c1-c1ccccc1F. Reaction type is Pd catalyzed C-H arylation. The reaction conditions of this reaction are: Palladium Source: [PdCl(allyl)]2. Ligand: C1CCC(P(C2CCCCC2)C2CCCCC2)CC1. Solvent: CCCCOC(C)=O. Base: CsOPiv. Reaction Temperature: 120 degrees centigrade. Reaction Concentration: 0.057 M. Palladium loading: 2.25 mol%. Ligand loading: 5 mol%. Base loading: 3 eq. What is the yield (%) and cost (US dollar per mol) of this reaction?","","0.0,0.14880791","[]"
"Here is a chemical reaction. Reactants are: Cn1cnc(C#N)c1, Fc1ccccc1Br. Product is: Cn1cnc(C#N)c1-c1ccccc1F. Reaction type is Pd catalyzed C-H arylation. The reaction conditions of this reaction are: Palladium Source: [PdCl(allyl)]2. Ligand: CC(C)Oc1cccc(OC(C)C)c1P(C1CCCCC1)C1CCCCC1. Solvent: CCCC#N. Base: CsOPiv. Reaction Temperature: 120 degrees centigrade. Reaction Concentration: 0.1 M. Palladium loading: 2.25 mol%. Ligand loading: 5 mol%. Base loading: 3 eq. What is the yield (%) and cost (US dollar per mol) of this reaction?","","48.15,0.1429712","[]"
"Here is a chemical reaction. Reactants are: Cn1cnc(C#N)c1, Fc1ccccc1Br. Product is: Cn1cnc(C#N)c1-c1ccccc1F. Reaction type is Pd catalyzed C-H arylation. The reaction conditions of this reaction are: Palladium Source: [PdCl(allyl)]2. Ligand: c1coc(P(c2ccco2)c2ccco2)c1. Solvent: Cc1ccc(C)cc1. Base: KOAc. Reaction Temperature: 105 degrees centigrade. Reaction Concentration: 0.057 M. Palladium loading: 2.25 mol%. Ligand loading: 5 mol%. Base loading: 3 eq. What is the yield (%) and cost (US dollar per mol) of this reaction?","","4.99,0.052705216","[]"
"Here is a chemical reaction. Reactants are: Cn1cnc(C#N)c1, Fc1ccccc1Br. Product is: Cn1cnc(C#N)c1-c1ccccc1F. Reaction type is Pd catalyzed C-H arylation. The reaction conditions of this reaction are: Palladium Source: [PdCl(allyl)]2. Ligand: CP(c1ccccc1)c1ccccc1. Solvent: CC(=O)N(C)C. Base: CsOPiv. Reaction Temperature: 120 degrees centigrade. Reaction Concentration: 0.1 M. Palladium loading: 2.25 mol%. Ligand loading: 5 mol%. Base loading: 3 eq. What is the yield (%) and cost (US dollar per mol) of this reaction?","","3.7,0.113734844","[]"
"Here is a chemical reaction. Reactants are: Cn1cnc(C#N)c1, Fc1ccccc1Br. Product is: Cn1cnc(C#N)c1-c1ccccc1F. Reaction type is Pd catalyzed C-H arylation. The reaction conditions of this reaction are: Palladium Source: [PdCl(allyl)]2. Ligand: c1coc(P(c2ccco2)c2ccco2)c1. Solvent: CCCCOC(C)=O. Base: CsOPiv. Reaction Temperature: 105 degrees centigrade. Reaction Concentration: 0.1 M. Palladium loading: 2.25 mol%. Ligand loading: 5 mol%. Base loading: 3 eq. What is the yield (%) and cost (US dollar per mol) of this reaction?","","14.51,0.136764018","[]"
"Here is a chemical reaction. Reactants are: Cn1cnc(C#N)c1, Fc1ccccc1Br. Product is: Cn1cnc(C#N)c1-c1ccccc1F. Reaction type is Pd catalyzed C-H arylation. The reaction conditions of this reaction are: Palladium Source: [PdCl(allyl)]2. Ligand: COc1ccc(OC)c(P(C2CCCCC2)C2CCCCC2)c1-c1c(C(C)C)cc(C(C)C)cc1C(C)C. Solvent: Cc1ccc(C)cc1. Base: KOPiv. Reaction Temperature: 120 degrees centigrade. Reaction Concentration: 0.057 M. Palladium loading: 2.25 mol%. Ligand loading: 5 mol%. Base loading: 3 eq. What is the yield (%) and cost (US dollar per mol) of this reaction?","","43.05,0.158917465","[]"
"Here is a chemical reaction. Reactants are: Cn1cnc(C#N)c1, Fc1ccccc1Br. Product is: Cn1cnc(C#N)c1-c1ccccc1F. Reaction type is Pd catalyzed C-H arylation. The reaction conditions of this reaction are: Palladium Source: [PdCl(allyl)]2. Ligand: CC(C)(C)P(c1ccccc1)C(C)(C)C. Solvent: CCCC#N. Base: CsOPiv. Reaction Temperature: 90 degrees centigrade. Reaction Concentration: 0.1 M. Palladium loading: 2.25 mol%. Ligand loading: 5 mol%. Base loading: 3 eq. What is the yield (%) and cost (US dollar per mol) of this reaction?","","0.0,0.14739692","[]"
"Here is a chemical reaction. Reactants are: Cn1cnc(C#N)c1, Fc1ccccc1Br. Product is: Cn1cnc(C#N)c1-c1ccccc1F. Reaction type is Pd catalyzed C-H arylation. The reaction conditions of this reaction are: Palladium Source: [PdCl(allyl)]2. Ligand: CP(c1ccccc1)c1ccccc1. Solvent: CCCCOC(C)=O. Base: CsOAc. Reaction Temperature: 90 degrees centigrade. Reaction Concentration: 0.153 M. Palladium loading: 2.25 mol%. Ligand loading: 5 mol%. Base loading: 3 eq. What is the yield (%) and cost (US dollar per mol) of this reaction?","","0.0,0.076045963","[]"
"Here is a chemical reaction. Reactants are: Cn1cnc(C#N)c1, Fc1ccccc1Br. Product is: Cn1cnc(C#N)c1-c1ccccc1F. Reaction type is Pd catalyzed C-H arylation. The reaction conditions of this reaction are: Palladium Source: [PdCl(allyl)]2. Ligand: C1CCC(P(C2CCCCC2)C2CCCCC2)CC1. Solvent: CCCCOC(C)=O. Base: KOAc. Reaction Temperature: 120 degrees centigrade. Reaction Concentration: 0.057 M. Palladium loading: 2.25 mol%. Ligand loading: 5 mol%. Base loading: 3 eq. What is the yield (%) and cost (US dollar per mol) of this reaction?","","0.0,0.062434198","[]"
"Here is a chemical reaction. Reactants are: Cn1cnc(C#N)c1, Fc1ccccc1Br. Product is: Cn1cnc(C#N)c1-c1ccccc1F. Reaction type is Pd catalyzed C-H arylation. The reaction conditions of this reaction are: Palladium Source: [PdCl(allyl)]2. Ligand: CN(C)c1cccc(N(C)C)c1-c1ccccc1P(c1ccccc1)C(C)(C)C. Solvent: CCCC#N. Base: KOPiv. Reaction Temperature: 120 degrees centigrade. Reaction Concentration: 0.1 M. Palladium loading: 2.25 mol%. Ligand loading: 5 mol%. Base loading: 3 eq. What is the yield (%) and cost (US dollar per mol) of this reaction?","","6.44,0.285689641","[]"
"Here is a chemical reaction. Reactants are: Cn1cnc(C#N)c1, Fc1ccccc1Br. Product is: Cn1cnc(C#N)c1-c1ccccc1F. Reaction type is Pd catalyzed C-H arylation. The reaction conditions of this reaction are: Palladium Source: [PdCl(allyl)]2. Ligand: C1CCC(P(C2CCCCC2)C2CCCCC2)CC1. Solvent: CCCCOC(C)=O. Base: KOAc. Reaction Temperature: 105 degrees centigrade. Reaction Concentration: 0.153 M. Palladium loading: 2.25 mol%. Ligand loading: 5 mol%. Base loading: 3 eq. What is the yield (%) and cost (US dollar per mol) of this reaction?","","0.0,0.035354735","[]"
"Here is a chemical reaction. Reactants are: Cn1cnc(C#N)c1, Fc1ccccc1Br. Product is: Cn1cnc(C#N)c1-c1ccccc1F. Reaction type is Pd catalyzed C-H arylation. The reaction conditions of this reaction are: Palladium Source: [PdCl(allyl)]2. Ligand: CC12C[C@]3(C)O[C@@](C)(C[C@@](C)(O3)P1c1ccccc1)O2. Solvent: CCCC#N. Base: CsOPiv. Reaction Temperature: 105 degrees centigrade. Reaction Concentration: 0.1 M. Palladium loading: 2.25 mol%. Ligand loading: 5 mol%. Base loading: 3 eq. What is the yield (%) and cost (US dollar per mol) of this reaction?","","65.69,0.162464065","[]"
"Here is a chemical reaction. Reactants are: Cn1cnc(C#N)c1, Fc1ccccc1Br. Product is: Cn1cnc(C#N)c1-c1ccccc1F. Reaction type is Pd catalyzed C-H arylation. The reaction conditions of this reaction are: Palladium Source: [PdCl(allyl)]2. Ligand: CC(C)(C)P(c1ccccc1)C(C)(C)C. Solvent: CCCC#N. Base: KOAc. Reaction Temperature: 105 degrees centigrade. Reaction Concentration: 0.057 M. Palladium loading: 2.25 mol%. Ligand loading: 5 mol%. Base loading: 3 eq. What is the yield (%) and cost (US dollar per mol) of this reaction?","","0.0,0.083881103","[]"
"Here is a chemical reaction. Reactants are: Cn1cnc(C#N)c1, Fc1ccccc1Br. Product is: Cn1cnc(C#N)c1-c1ccccc1F. Reaction type is Pd catalyzed C-H arylation. The reaction conditions of this reaction are: Palladium Source: [PdCl(allyl)]2. Ligand: CC(C)(C)P(c1ccccc1)C(C)(C)C. Solvent: CCCC#N. Base: CsOAc. Reaction Temperature: 90 degrees centigrade. Reaction Concentration: 0.057 M. Palladium loading: 2.25 mol%. Ligand loading: 5 mol%. Base loading: 3 eq. What is the yield (%) and cost (US dollar per mol) of this reaction?","","0.0,0.129381549","[]"
"Here is a chemical reaction. Reactants are: Cn1cnc(C#N)c1, Fc1ccccc1Br. Product is: Cn1cnc(C#N)c1-c1ccccc1F. Reaction type is Pd catalyzed C-H arylation. The reaction conditions of this reaction are: Palladium Source: [PdCl(allyl)]2. Ligand: COc1ccc(OC)c(P(c2cc(C(F)(F)F)cc(C(F)(F)F)c2)c2cc(C(F)(F)F)cc(C(F)(F)F)c2)c1-c1c(C(C)C)cc(C(C)C)cc1C(C)C. Solvent: CCCC#N. Base: CsOAc. Reaction Temperature: 90 degrees centigrade. Reaction Concentration: 0.1 M. Palladium loading: 2.25 mol%. Ligand loading: 5 mol%. Base loading: 3 eq. What is the yield (%) and cost (US dollar per mol) of this reaction?","","32.14,0.419580956","[]"
"Here is a chemical reaction. Reactants are: Cn1cnc(C#N)c1, Fc1ccccc1Br. Product is: Cn1cnc(C#N)c1-c1ccccc1F. Reaction type is Pd catalyzed C-H arylation. The reaction conditions of this reaction are: Palladium Source: [PdCl(allyl)]2. Ligand: CC(C)c1cc(C(C)C)c(-c2ccccc2P(C2CCCCC2)C2CCCCC2)c(C(C)C)c1. Solvent: CC(=O)N(C)C. Base: KOPiv. Reaction Temperature: 90 degrees centigrade. Reaction Concentration: 0.057 M. Palladium loading: 2.25 mol%. Ligand loading: 5 mol%. Base loading: 3 eq. What is the yield (%) and cost (US dollar per mol) of this reaction?","","52.77,0.043674579","[]"
"Here is a chemical reaction. Reactants are: Cn1cnc(C#N)c1, Fc1ccccc1Br. Product is: Cn1cnc(C#N)c1-c1ccccc1F. Reaction type is Pd catalyzed C-H arylation. The reaction conditions of this reaction are: Palladium Source: [PdCl(allyl)]2. Ligand: c1coc(P(c2ccco2)c2ccco2)c1. Solvent: Cc1ccc(C)cc1. Base: CsOPiv. Reaction Temperature: 120 degrees centigrade. Reaction Concentration: 0.153 M. Palladium loading: 2.25 mol%. Ligand loading: 5 mol%. Base loading: 3 eq. What is the yield (%) and cost (US dollar per mol) of this reaction?","","14.29,0.121940528","[]"
"Here is a chemical reaction. Reactants are: Cn1cnc(C#N)c1, Fc1ccccc1Br. Product is: Cn1cnc(C#N)c1-c1ccccc1F. Reaction type is Pd catalyzed C-H arylation. The reaction conditions of this reaction are: Palladium Source: [PdCl(allyl)]2. Ligand: COc1ccc(OC)c(P(c2cc(C(F)(F)F)cc(C(F)(F)F)c2)c2cc(C(F)(F)F)cc(C(F)(F)F)c2)c1-c1c(C(C)C)cc(C(C)C)cc1C(C)C. Solvent: CCCCOC(C)=O. Base: CsOPiv. Reaction Temperature: 105 degrees centigrade. Reaction Concentration: 0.153 M. Palladium loading: 2.25 mol%. Ligand loading: 5 mol%. Base loading: 3 eq. What is the yield (%) and cost (US dollar per mol) of this reaction?","","3.13,0.445597804","[]"
"Here is a chemical reaction. Reactants are: Cn1cnc(C#N)c1, Fc1ccccc1Br. Product is: Cn1cnc(C#N)c1-c1ccccc1F. Reaction type is Pd catalyzed C-H arylation. The reaction conditions of this reaction are: Palladium Source: [PdCl(allyl)]2. Ligand: c1coc(P(c2ccco2)c2ccco2)c1. Solvent: CCCC#N. Base: CsOAc. Reaction Temperature: 120 degrees centigrade. Reaction Concentration: 0.057 M. Palladium loading: 2.25 mol%. Ligand loading: 5 mol%. Base loading: 3 eq. What is the yield (%) and cost (US dollar per mol) of this reaction?","","25.45,0.124968122","[]"
"Here is a chemical reaction. Reactants are: Cn1cnc(C#N)c1, Fc1ccccc1Br. Product is: Cn1cnc(C#N)c1-c1ccccc1F. Reaction type is Pd catalyzed C-H arylation. The reaction conditions of this reaction are: Palladium Source: [PdCl(allyl)]2. Ligand: CP(C)c1ccccc1. Solvent: CCCCOC(C)=O. Base: CsOAc. Reaction Temperature: 105 degrees centigrade. Reaction Concentration: 0.153 M. Palladium loading: 2.25 mol%. Ligand loading: 5 mol%. Base loading: 3 eq. What is the yield (%) and cost (US dollar per mol) of this reaction?","","0.0,0.077301792","[]"
"Here is a chemical reaction. Reactants are: Cn1cnc(C#N)c1, Fc1ccccc1Br. Product is: Cn1cnc(C#N)c1-c1ccccc1F. Reaction type is Pd catalyzed C-H arylation. The reaction conditions of this reaction are: Palladium Source: [PdCl(allyl)]2. Ligand: COc1ccc(OC)c(P(C2CCCCC2)C2CCCCC2)c1-c1c(C(C)C)cc(C(C)C)cc1C(C)C. Solvent: CCCC#N. Base: CsOPiv. Reaction Temperature: 105 degrees centigrade. Reaction Concentration: 0.153 M. Palladium loading: 2.25 mol%. Ligand loading: 5 mol%. Base loading: 3 eq. What is the yield (%) and cost (US dollar per mol) of this reaction?","","56.5,0.239893462","[]"
"Here is a chemical reaction. Reactants are: Cn1cnc(C#N)c1, Fc1ccccc1Br. Product is: Cn1cnc(C#N)c1-c1ccccc1F. Reaction type is Pd catalyzed C-H arylation. The reaction conditions of this reaction are: Palladium Source: [PdCl(allyl)]2. Ligand: CC(C)(C)P(c1ccccc1)C(C)(C)C. Solvent: CC(=O)N(C)C. Base: KOAc. Reaction Temperature: 120 degrees centigrade. Reaction Concentration: 0.1 M. Palladium loading: 2.25 mol%. Ligand loading: 5 mol%. Base loading: 3 eq. What is the yield (%) and cost (US dollar per mol) of this reaction?","","7.71,0.043223137","[]"
"Here is a chemical reaction. Reactants are: Cn1cnc(C#N)c1, Fc1ccccc1Br. Product is: Cn1cnc(C#N)c1-c1ccccc1F. Reaction type is Pd catalyzed C-H arylation. The reaction conditions of this reaction are: Palladium Source: [PdCl(allyl)]2. Ligand: CN(C)c1cccc(N(C)C)c1-c1ccccc1P(c1ccccc1)C(C)(C)C. Solvent: CCCCOC(C)=O. Base: KOPiv. Reaction Temperature: 105 degrees centigrade. Reaction Concentration: 0.057 M. Palladium loading: 2.25 mol%. Ligand loading: 5 mol%. Base loading: 3 eq. What is the yield (%) and cost (US dollar per mol) of this reaction?","","11.64,0.29815788","[]"
"Here is a chemical reaction. Reactants are: Cn1cnc(C#N)c1, Fc1ccccc1Br. Product is: Cn1cnc(C#N)c1-c1ccccc1F. Reaction type is Pd catalyzed C-H arylation. The reaction conditions of this reaction are: Palladium Source: [PdCl(allyl)]2. Ligand: C1CCC(P(C2CCCCC2)C2CCCCC2)CC1. Solvent: Cc1ccc(C)cc1. Base: CsOPiv. Reaction Temperature: 120 degrees centigrade. Reaction Concentration: 0.057 M. Palladium loading: 2.25 mol%. Ligand loading: 5 mol%. Base loading: 3 eq. What is the yield (%) and cost (US dollar per mol) of this reaction?","","0.0,0.132628326","[]"
"Here is a chemical reaction. Reactants are: Cn1cnc(C#N)c1, Fc1ccccc1Br. Product is: Cn1cnc(C#N)c1-c1ccccc1F. Reaction type is Pd catalyzed C-H arylation. The reaction conditions of this reaction are: Palladium Source: [PdCl(allyl)]2. Ligand: CC(C)c1cc(C(C)C)c(-c2ccccc2P(C2CCCCC2)C2CCCCC2)c(C(C)C)c1. Solvent: CC(=O)N(C)C. Base: CsOPiv. Reaction Temperature: 120 degrees centigrade. Reaction Concentration: 0.057 M. Palladium loading: 2.25 mol%. Ligand loading: 5 mol%. Base loading: 3 eq. What is the yield (%) and cost (US dollar per mol) of this reaction?","","38.48,0.131101397","[]"
"Here is a chemical reaction. Reactants are: Cn1cnc(C#N)c1, Fc1ccccc1Br. Product is: Cn1cnc(C#N)c1-c1ccccc1F. Reaction type is Pd catalyzed C-H arylation. The reaction conditions of this reaction are: Palladium Source: [PdCl(allyl)]2. Ligand: CC(C)c1cc(C(C)C)c(-c2ccccc2P(C2CCCCC2)C2CCCCC2)c(C(C)C)c1. Solvent: CCCC#N. Base: KOAc. Reaction Temperature: 90 degrees centigrade. Reaction Concentration: 0.153 M. Palladium loading: 2.25 mol%. Ligand loading: 5 mol%. Base loading: 3 eq. What is the yield (%) and cost (US dollar per mol) of this reaction?","","32.5,0.042064884","[]"
"Here is a chemical reaction. Reactants are: Cn1cnc(C#N)c1, Fc1ccccc1Br. Product is: Cn1cnc(C#N)c1-c1ccccc1F. Reaction type is Pd catalyzed C-H arylation. The reaction conditions of this reaction are: Palladium Source: [PdCl(allyl)]2. Ligand: CP(C)c1ccccc1. Solvent: CCCC#N. Base: CsOPiv. Reaction Temperature: 105 degrees centigrade. Reaction Concentration: 0.1 M. Palladium loading: 2.25 mol%. Ligand loading: 5 mol%. Base loading: 3 eq. What is the yield (%) and cost (US dollar per mol) of this reaction?","","0.0,0.132802304","[]"
"Here is a chemical reaction. Reactants are: Cn1cnc(C#N)c1, Fc1ccccc1Br. Product is: Cn1cnc(C#N)c1-c1ccccc1F. Reaction type is Pd catalyzed C-H arylation. The reaction conditions of this reaction are: Palladium Source: [PdCl(allyl)]2. Ligand: c1coc(P(c2ccco2)c2ccco2)c1. Solvent: CC(=O)N(C)C. Base: KOPiv. Reaction Temperature: 105 degrees centigrade. Reaction Concentration: 0.153 M. Palladium loading: 2.25 mol%. Ligand loading: 5 mol%. Base loading: 3 eq. What is the yield (%) and cost (US dollar per mol) of this reaction?","","64.46,0.033033107","[]"
"Here is a chemical reaction. Reactants are: Cn1cnc(C#N)c1, Fc1ccccc1Br. Product is: Cn1cnc(C#N)c1-c1ccccc1F. Reaction type is Pd catalyzed C-H arylation. The reaction conditions of this reaction are: Palladium Source: [PdCl(allyl)]2. Ligand: C1CCC(P(C2CCCCC2)C2CCCCC2)CC1. Solvent: CC(=O)N(C)C. Base: KOAc. Reaction Temperature: 105 degrees centigrade. Reaction Concentration: 0.1 M. Palladium loading: 2.25 mol%. Ligand loading: 5 mol%. Base loading: 3 eq. What is the yield (%) and cost (US dollar per mol) of this reaction?","","7.26,0.032180612","[]"
"Here is a chemical reaction. Reactants are: Cn1cnc(C#N)c1, Fc1ccccc1Br. Product is: Cn1cnc(C#N)c1-c1ccccc1F. Reaction type is Pd catalyzed C-H arylation. The reaction conditions of this reaction are: Palladium Source: [PdCl(allyl)]2. Ligand: c1coc(P(c2ccco2)c2ccco2)c1. Solvent: CCCC#N. Base: KOAc. Reaction Temperature: 105 degrees centigrade. Reaction Concentration: 0.1 M. Palladium loading: 2.25 mol%. Ligand loading: 5 mol%. Base loading: 3 eq. What is the yield (%) and cost (US dollar per mol) of this reaction?","","9.1,0.056484243","[]"
"Here is a chemical reaction. Reactants are: Cn1cnc(C#N)c1, Fc1ccccc1Br. Product is: Cn1cnc(C#N)c1-c1ccccc1F. Reaction type is Pd catalyzed C-H arylation. The reaction conditions of this reaction are: Palladium Source: [PdCl(allyl)]2. Ligand: c1coc(P(c2ccco2)c2ccco2)c1. Solvent: Cc1ccc(C)cc1. Base: KOPiv. Reaction Temperature: 105 degrees centigrade. Reaction Concentration: 0.153 M. Palladium loading: 2.25 mol%. Ligand loading: 5 mol%. Base loading: 3 eq. What is the yield (%) and cost (US dollar per mol) of this reaction?","","37.71,0.034557993","[]"
"Here is a chemical reaction. Reactants are: Cn1cnc(C#N)c1, Fc1ccccc1Br. Product is: Cn1cnc(C#N)c1-c1ccccc1F. Reaction type is Pd catalyzed C-H arylation. The reaction conditions of this reaction are: Palladium Source: [PdCl(allyl)]2. Ligand: CC(C)c1cc(C(C)C)c(-c2ccccc2P(C2CCCCC2)C2CCCCC2)c(C(C)C)c1. Solvent: Cc1ccc(C)cc1. Base: KOPiv. Reaction Temperature: 105 degrees centigrade. Reaction Concentration: 0.057 M. Palladium loading: 2.25 mol%. Ligand loading: 5 mol%. Base loading: 3 eq. What is the yield (%) and cost (US dollar per mol) of this reaction?","","26.12,0.047585085","[]"
"Here is a chemical reaction. Reactants are: Cn1cnc(C#N)c1, Fc1ccccc1Br. Product is: Cn1cnc(C#N)c1-c1ccccc1F. Reaction type is Pd catalyzed C-H arylation. The reaction conditions of this reaction are: Palladium Source: [PdCl(allyl)]2. Ligand: C1CCC(P(C2CCCCC2)C2CCCCC2)CC1. Solvent: CCCC#N. Base: KOPiv. Reaction Temperature: 90 degrees centigrade. Reaction Concentration: 0.057 M. Palladium loading: 2.25 mol%. Ligand loading: 5 mol%. Base loading: 3 eq. What is the yield (%) and cost (US dollar per mol) of this reaction?","","0.14,0.071746651","[]"
"Here is a chemical reaction. Reactants are: Cn1cnc(C#N)c1, Fc1ccccc1Br. Product is: Cn1cnc(C#N)c1-c1ccccc1F. Reaction type is Pd catalyzed C-H arylation. The reaction conditions of this reaction are: Palladium Source: [PdCl(allyl)]2. Ligand: CC(C)c1cc(C(C)C)c(-c2ccccc2P(C2CCCCC2)C2CCCCC2)c(C(C)C)c1. Solvent: CC(=O)N(C)C. Base: KOAc. Reaction Temperature: 105 degrees centigrade. Reaction Concentration: 0.1 M. Palladium loading: 2.25 mol%. Ligand loading: 5 mol%. Base loading: 3 eq. What is the yield (%) and cost (US dollar per mol) of this reaction?","","65.37,0.034677571","[]"
"Here is a chemical reaction. Reactants are: Cn1cnc(C#N)c1, Fc1ccccc1Br. Product is: Cn1cnc(C#N)c1-c1ccccc1F. Reaction type is Pd catalyzed C-H arylation. The reaction conditions of this reaction are: Palladium Source: [PdCl(allyl)]2. Ligand: COc1ccc(OC)c(P(C2CCCCC2)C2CCCCC2)c1-c1c(C(C)C)cc(C(C)C)cc1C(C)C. Solvent: CCCC#N. Base: KOPiv. Reaction Temperature: 120 degrees centigrade. Reaction Concentration: 0.1 M. Palladium loading: 2.25 mol%. Ligand loading: 5 mol%. Base loading: 3 eq. What is the yield (%) and cost (US dollar per mol) of this reaction?","","50.79,0.162877686","[]"
"Here is a chemical reaction. Reactants are: Cn1cnc(C#N)c1, Fc1ccccc1Br. Product is: Cn1cnc(C#N)c1-c1ccccc1F. Reaction type is Pd catalyzed C-H arylation. The reaction conditions of this reaction are: Palladium Source: [PdCl(allyl)]2. Ligand: CC(C)(C)P(c1ccccc1)C(C)(C)C. Solvent: CCCCOC(C)=O. Base: CsOPiv. Reaction Temperature: 120 degrees centigrade. Reaction Concentration: 0.057 M. Palladium loading: 2.25 mol%. Ligand loading: 5 mol%. Base loading: 3 eq. What is the yield (%) and cost (US dollar per mol) of this reaction?","","0.0,0.159849137","[]"
"Here is a chemical reaction. Reactants are: Cn1cnc(C#N)c1, Fc1ccccc1Br. Product is: Cn1cnc(C#N)c1-c1ccccc1F. Reaction type is Pd catalyzed C-H arylation. The reaction conditions of this reaction are: Palladium Source: [PdCl(allyl)]2. Ligand: CC12C[C@]3(C)O[C@@](C)(C[C@@](C)(O3)P1c1ccccc1)O2. Solvent: CCCC#N. Base: KOAc. Reaction Temperature: 105 degrees centigrade. Reaction Concentration: 0.1 M. Palladium loading: 2.25 mol%. Ligand loading: 5 mol%. Base loading: 3 eq. What is the yield (%) and cost (US dollar per mol) of this reaction?","","54.67,0.07600574","[]"
"Here is a chemical reaction. Reactants are: Cn1cnc(C#N)c1, Fc1ccccc1Br. Product is: Cn1cnc(C#N)c1-c1ccccc1F. Reaction type is Pd catalyzed C-H arylation. The reaction conditions of this reaction are: Palladium Source: [PdCl(allyl)]2. Ligand: C1CCC(P(C2CCCCC2)C2CCCCC2)CC1. Solvent: CCCC#N. Base: CsOAc. Reaction Temperature: 105 degrees centigrade. Reaction Concentration: 0.1 M. Palladium loading: 2.25 mol%. Ligand loading: 5 mol%. Base loading: 3 eq. What is the yield (%) and cost (US dollar per mol) of this reaction?","","0.57,0.095486804","[]"
"Here is a chemical reaction. Reactants are: Cn1cnc(C#N)c1, Fc1ccccc1Br. Product is: Cn1cnc(C#N)c1-c1ccccc1F. Reaction type is Pd catalyzed C-H arylation. The reaction conditions of this reaction are: Palladium Source: [PdCl(allyl)]2. Ligand: CN(C)c1cccc(N(C)C)c1-c1ccccc1P(c1ccccc1)C(C)(C)C. Solvent: CCCCOC(C)=O. Base: CsOAc. Reaction Temperature: 120 degrees centigrade. Reaction Concentration: 0.057 M. Palladium loading: 2.25 mol%. Ligand loading: 5 mol%. Base loading: 3 eq. What is the yield (%) and cost (US dollar per mol) of this reaction?","","4.85,0.344714435","[]"
"Here is a chemical reaction. Reactants are: Cn1cnc(C#N)c1, Fc1ccccc1Br. Product is: Cn1cnc(C#N)c1-c1ccccc1F. Reaction type is Pd catalyzed C-H arylation. The reaction conditions of this reaction are: Palladium Source: [PdCl(allyl)]2. Ligand: CN(C)c1cccc(N(C)C)c1-c1ccccc1P(c1ccccc1)C(C)(C)C. Solvent: CCCCOC(C)=O. Base: KOAc. Reaction Temperature: 120 degrees centigrade. Reaction Concentration: 0.1 M. Palladium loading: 2.25 mol%. Ligand loading: 5 mol%. Base loading: 3 eq. What is the yield (%) and cost (US dollar per mol) of this reaction?","","0.0,0.280628815","[]"
"Here is a chemical reaction. Reactants are: Cn1cnc(C#N)c1, Fc1ccccc1Br. Product is: Cn1cnc(C#N)c1-c1ccccc1F. Reaction type is Pd catalyzed C-H arylation. The reaction conditions of this reaction are: Palladium Source: [PdCl(allyl)]2. Ligand: CC(C)Oc1cccc(OC(C)C)c1P(C1CCCCC1)C1CCCCC1. Solvent: CC(=O)N(C)C. Base: KOAc. Reaction Temperature: 105 degrees centigrade. Reaction Concentration: 0.1 M. Palladium loading: 2.25 mol%. Ligand loading: 5 mol%. Base loading: 3 eq. What is the yield (%) and cost (US dollar per mol) of this reaction?","","13.11,0.038443279","[]"
"Here is a chemical reaction. Reactants are: Cn1cnc(C#N)c1, Fc1ccccc1Br. Product is: Cn1cnc(C#N)c1-c1ccccc1F. Reaction type is Pd catalyzed C-H arylation. The reaction conditions of this reaction are: Palladium Source: [PdCl(allyl)]2. Ligand: c1ccc(P(c2ccccc2)c2ccccc2)cc1. Solvent: CCCC#N. Base: CsOAc. Reaction Temperature: 90 degrees centigrade. Reaction Concentration: 0.1 M. Palladium loading: 2.25 mol%. Ligand loading: 5 mol%. Base loading: 3 eq. What is the yield (%) and cost (US dollar per mol) of this reaction?","","5.8,0.089659045","[]"
"Here is a chemical reaction. Reactants are: Cn1cnc(C#N)c1, Fc1ccccc1Br. Product is: Cn1cnc(C#N)c1-c1ccccc1F. Reaction type is Pd catalyzed C-H arylation. The reaction conditions of this reaction are: Palladium Source: [PdCl(allyl)]2. Ligand: c1coc(P(c2ccco2)c2ccco2)c1. Solvent: Cc1ccc(C)cc1. Base: KOAc. Reaction Temperature: 120 degrees centigrade. Reaction Concentration: 0.153 M. Palladium loading: 2.25 mol%. Ligand loading: 5 mol%. Base loading: 3 eq. What is the yield (%) and cost (US dollar per mol) of this reaction?","","11.99,0.035558421","[]"
"Here is a chemical reaction. Reactants are: Cn1cnc(C#N)c1, Fc1ccccc1Br. Product is: Cn1cnc(C#N)c1-c1ccccc1F. Reaction type is Pd catalyzed C-H arylation. The reaction conditions of this reaction are: Palladium Source: [PdCl(allyl)]2. Ligand: CP(C)c1ccccc1. Solvent: CC(=O)N(C)C. Base: CsOAc. Reaction Temperature: 120 degrees centigrade. Reaction Concentration: 0.057 M. Palladium loading: 2.25 mol%. Ligand loading: 5 mol%. Base loading: 3 eq. What is the yield (%) and cost (US dollar per mol) of this reaction?","","5.9,0.084251381","[]"
"Here is a chemical reaction. Reactants are: Cn1cnc(C#N)c1, Fc1ccccc1Br. Product is: Cn1cnc(C#N)c1-c1ccccc1F. Reaction type is Pd catalyzed C-H arylation. The reaction conditions of this reaction are: Palladium Source: [PdCl(allyl)]2. Ligand: c1coc(P(c2ccco2)c2ccco2)c1. Solvent: CCCC#N. Base: KOAc. Reaction Temperature: 105 degrees centigrade. Reaction Concentration: 0.057 M. Palladium loading: 2.25 mol%. Ligand loading: 5 mol%. Base loading: 3 eq. What is the yield (%) and cost (US dollar per mol) of this reaction?","","8.17,0.079334997","[]"
"Here is a chemical reaction. Reactants are: Cn1cnc(C#N)c1, Fc1ccccc1Br. Product is: Cn1cnc(C#N)c1-c1ccccc1F. Reaction type is Pd catalyzed C-H arylation. The reaction conditions of this reaction are: Palladium Source: [PdCl(allyl)]2. Ligand: CC(C)Oc1cccc(OC(C)C)c1P(C1CCCCC1)C1CCCCC1. Solvent: CCCC#N. Base: CsOPiv. Reaction Temperature: 90 degrees centigrade. Reaction Concentration: 0.057 M. Palladium loading: 2.25 mol%. Ligand loading: 5 mol%. Base loading: 3 eq. What is the yield (%) and cost (US dollar per mol) of this reaction?","","29.23,0.165683823","[]"
"Here is a chemical reaction. Reactants are: Cn1cnc(C#N)c1, Fc1ccccc1Br. Product is: Cn1cnc(C#N)c1-c1ccccc1F. Reaction type is Pd catalyzed C-H arylation. The reaction conditions of this reaction are: Palladium Source: [PdCl(allyl)]2. Ligand: CC12C[C@]3(C)O[C@@](C)(C[C@@](C)(O3)P1c1ccccc1)O2. Solvent: CC(=O)N(C)C. Base: CsOPiv. Reaction Temperature: 90 degrees centigrade. Reaction Concentration: 0.1 M. Palladium loading: 2.25 mol%. Ligand loading: 5 mol%. Base loading: 3 eq. What is the yield (%) and cost (US dollar per mol) of this reaction?","","75.28,0.144354403","[]"
"Here is a chemical reaction. Reactants are: Cn1cnc(C#N)c1, Fc1ccccc1Br. Product is: Cn1cnc(C#N)c1-c1ccccc1F. Reaction type is Pd catalyzed C-H arylation. The reaction conditions of this reaction are: Palladium Source: [PdCl(allyl)]2. Ligand: CP(C)c1ccccc1. Solvent: CCCCOC(C)=O. Base: CsOPiv. Reaction Temperature: 90 degrees centigrade. Reaction Concentration: 0.057 M. Palladium loading: 2.25 mol%. Ligand loading: 5 mol%. Base loading: 3 eq. What is the yield (%) and cost (US dollar per mol) of this reaction?","","0.0,0.145254521","[]"
"Here is a chemical reaction. Reactants are: Cn1cnc(C#N)c1, Fc1ccccc1Br. Product is: Cn1cnc(C#N)c1-c1ccccc1F. Reaction type is Pd catalyzed C-H arylation. The reaction conditions of this reaction are: Palladium Source: [PdCl(allyl)]2. Ligand: COc1ccc(OC)c(P(c2cc(C(F)(F)F)cc(C(F)(F)F)c2)c2cc(C(F)(F)F)cc(C(F)(F)F)c2)c1-c1c(C(C)C)cc(C(C)C)cc1C(C)C. Solvent: CCCC#N. Base: KOPiv. Reaction Temperature: 105 degrees centigrade. Reaction Concentration: 0.1 M. Palladium loading: 2.25 mol%. Ligand loading: 5 mol%. Base loading: 3 eq. What is the yield (%) and cost (US dollar per mol) of this reaction?","","16.82,0.37286858","[]"
"Here is a chemical reaction. Reactants are: Cn1cnc(C#N)c1, Fc1ccccc1Br. Product is: Cn1cnc(C#N)c1-c1ccccc1F. Reaction type is Pd catalyzed C-H arylation. The reaction conditions of this reaction are: Palladium Source: [PdCl(allyl)]2. Ligand: CP(c1ccccc1)c1ccccc1. Solvent: CCCC#N. Base: CsOAc. Reaction Temperature: 105 degrees centigrade. Reaction Concentration: 0.153 M. Palladium loading: 2.25 mol%. Ligand loading: 5 mol%. Base loading: 3 eq. What is the yield (%) and cost (US dollar per mol) of this reaction?","","0.0,0.080177131","[]"
"Here is a chemical reaction. Reactants are: Cn1cnc(C#N)c1, Fc1ccccc1Br. Product is: Cn1cnc(C#N)c1-c1ccccc1F. Reaction type is Pd catalyzed C-H arylation. The reaction conditions of this reaction are: Palladium Source: [PdCl(allyl)]2. Ligand: CC(C)c1cc(C(C)C)c(-c2ccccc2P(C2CCCCC2)C2CCCCC2)c(C(C)C)c1. Solvent: CC(=O)N(C)C. Base: KOAc. Reaction Temperature: 90 degrees centigrade. Reaction Concentration: 0.153 M. Palladium loading: 2.25 mol%. Ligand loading: 5 mol%. Base loading: 3 eq. What is the yield (%) and cost (US dollar per mol) of this reaction?","","38.79,0.029950456","[]"
"Here is a chemical reaction. Reactants are: Cn1cnc(C#N)c1, Fc1ccccc1Br. Product is: Cn1cnc(C#N)c1-c1ccccc1F. Reaction type is Pd catalyzed C-H arylation. The reaction conditions of this reaction are: Palladium Source: [PdCl(allyl)]2. Ligand: CP(C)c1ccccc1. Solvent: Cc1ccc(C)cc1. Base: KOPiv. Reaction Temperature: 90 degrees centigrade. Reaction Concentration: 0.153 M. Palladium loading: 2.25 mol%. Ligand loading: 5 mol%. Base loading: 3 eq. What is the yield (%) and cost (US dollar per mol) of this reaction?","","0.0,0.024434582","[]"
"Here is a chemical reaction. Reactants are: Cn1cnc(C#N)c1, Fc1ccccc1Br. Product is: Cn1cnc(C#N)c1-c1ccccc1F. Reaction type is Pd catalyzed C-H arylation. The reaction conditions of this reaction are: Palladium Source: [PdCl(allyl)]2. Ligand: c1coc(P(c2ccco2)c2ccco2)c1. Solvent: CCCCOC(C)=O. Base: CsOPiv. Reaction Temperature: 120 degrees centigrade. Reaction Concentration: 0.153 M. Palladium loading: 2.25 mol%. Ligand loading: 5 mol%. Base loading: 3 eq. What is the yield (%) and cost (US dollar per mol) of this reaction?","","21.09,0.128279459","[]"
"Here is a chemical reaction. Reactants are: Cn1cnc(C#N)c1, Fc1ccccc1Br. Product is: Cn1cnc(C#N)c1-c1ccccc1F. Reaction type is Pd catalyzed C-H arylation. The reaction conditions of this reaction are: Palladium Source: [PdCl(allyl)]2. Ligand: CC(C)(C)P(c1ccccc1)C(C)(C)C. Solvent: Cc1ccc(C)cc1. Base: CsOAc. Reaction Temperature: 90 degrees centigrade. Reaction Concentration: 0.153 M. Palladium loading: 2.25 mol%. Ligand loading: 5 mol%. Base loading: 3 eq. What is the yield (%) and cost (US dollar per mol) of this reaction?","","0.0,0.085623944","[]"
"Here is a chemical reaction. Reactants are: Cn1cnc(C#N)c1, Fc1ccccc1Br. Product is: Cn1cnc(C#N)c1-c1ccccc1F. Reaction type is Pd catalyzed C-H arylation. The reaction conditions of this reaction are: Palladium Source: [PdCl(allyl)]2. Ligand: c1ccc(P(c2ccccc2)c2ccccc2)cc1. Solvent: CCCCOC(C)=O. Base: KOAc. Reaction Temperature: 105 degrees centigrade. Reaction Concentration: 0.057 M. Palladium loading: 2.25 mol%. Ligand loading: 5 mol%. Base loading: 3 eq. What is the yield (%) and cost (US dollar per mol) of this reaction?","","1.94,0.056577194","[]"
"Here is a chemical reaction. Reactants are: Cn1cnc(C#N)c1, Fc1ccccc1Br. Product is: Cn1cnc(C#N)c1-c1ccccc1F. Reaction type is Pd catalyzed C-H arylation. The reaction conditions of this reaction are: Palladium Source: [PdCl(allyl)]2. Ligand: COc1ccc(OC)c(P(c2cc(C(F)(F)F)cc(C(F)(F)F)c2)c2cc(C(F)(F)F)cc(C(F)(F)F)c2)c1-c1c(C(C)C)cc(C(C)C)cc1C(C)C. Solvent: CCCCOC(C)=O. Base: CsOAc. Reaction Temperature: 105 degrees centigrade. Reaction Concentration: 0.153 M. Palladium loading: 2.25 mol%. Ligand loading: 5 mol%. Base loading: 3 eq. What is the yield (%) and cost (US dollar per mol) of this reaction?","","4.09,0.404729937","[]"
"Here is a chemical reaction. Reactants are: Cn1cnc(C#N)c1, Fc1ccccc1Br. Product is: Cn1cnc(C#N)c1-c1ccccc1F. Reaction type is Pd catalyzed C-H arylation. The reaction conditions of this reaction are: Palladium Source: [PdCl(allyl)]2. Ligand: c1ccc(P(c2ccccc2)c2ccccc2)cc1. Solvent: Cc1ccc(C)cc1. Base: CsOAc. Reaction Temperature: 90 degrees centigrade. Reaction Concentration: 0.057 M. Palladium loading: 2.25 mol%. Ligand loading: 5 mol%. Base loading: 3 eq. What is the yield (%) and cost (US dollar per mol) of this reaction?","","2.04,0.085894589","[]"
"Here is a chemical reaction. Reactants are: Cn1cnc(C#N)c1, Fc1ccccc1Br. Product is: Cn1cnc(C#N)c1-c1ccccc1F. Reaction type is Pd catalyzed C-H arylation. The reaction conditions of this reaction are: Palladium Source: [PdCl(allyl)]2. Ligand: CC(C)Oc1cccc(OC(C)C)c1P(C1CCCCC1)C1CCCCC1. Solvent: CCCC#N. Base: KOAc. Reaction Temperature: 105 degrees centigrade. Reaction Concentration: 0.057 M. Palladium loading: 2.25 mol%. Ligand loading: 5 mol%. Base loading: 3 eq. What is the yield (%) and cost (US dollar per mol) of this reaction?","","13.79,0.07919156","[]"
"Here is a chemical reaction. Reactants are: Cn1cnc(C#N)c1, Fc1ccccc1Br. Product is: Cn1cnc(C#N)c1-c1ccccc1F. Reaction type is Pd catalyzed C-H arylation. The reaction conditions of this reaction are: Palladium Source: [PdCl(allyl)]2. Ligand: CN(C)c1cccc(N(C)C)c1-c1ccccc1P(c1ccccc1)C(C)(C)C. Solvent: CCCC#N. Base: KOAc. Reaction Temperature: 90 degrees centigrade. Reaction Concentration: 0.057 M. Palladium loading: 2.25 mol%. Ligand loading: 5 mol%. Base loading: 3 eq. What is the yield (%) and cost (US dollar per mol) of this reaction?","","5.62,0.309635539","[]"
"Here is a chemical reaction. Reactants are: Cn1cnc(C#N)c1, Fc1ccccc1Br. Product is: Cn1cnc(C#N)c1-c1ccccc1F. Reaction type is Pd catalyzed C-H arylation. The reaction conditions of this reaction are: Palladium Source: [PdCl(allyl)]2. Ligand: c1ccc(P(c2ccccc2)c2ccccc2)cc1. Solvent: CCCCOC(C)=O. Base: KOPiv. Reaction Temperature: 105 degrees centigrade. Reaction Concentration: 0.057 M. Palladium loading: 2.25 mol%. Ligand loading: 5 mol%. Base loading: 3 eq. What is the yield (%) and cost (US dollar per mol) of this reaction?","","0.98,0.055477494","[]"
"Here is a chemical reaction. Reactants are: Cn1cnc(C#N)c1, Fc1ccccc1Br. Product is: Cn1cnc(C#N)c1-c1ccccc1F. Reaction type is Pd catalyzed C-H arylation. The reaction conditions of this reaction are: Palladium Source: [PdCl(allyl)]2. Ligand: c1coc(P(c2ccco2)c2ccco2)c1. Solvent: CC(=O)N(C)C. Base: CsOPiv. Reaction Temperature: 105 degrees centigrade. Reaction Concentration: 0.1 M. Palladium loading: 2.25 mol%. Ligand loading: 5 mol%. Base loading: 3 eq. What is the yield (%) and cost (US dollar per mol) of this reaction?","","49.4,0.125108195","[]"
"Here is a chemical reaction. Reactants are: Cn1cnc(C#N)c1, Fc1ccccc1Br. Product is: Cn1cnc(C#N)c1-c1ccccc1F. Reaction type is Pd catalyzed C-H arylation. The reaction conditions of this reaction are: Palladium Source: [PdCl(allyl)]2. Ligand: CC(C)(C)P(c1ccccc1)C(C)(C)C. Solvent: CCCC#N. Base: KOPiv. Reaction Temperature: 90 degrees centigrade. Reaction Concentration: 0.057 M. Palladium loading: 2.25 mol%. Ligand loading: 5 mol%. Base loading: 3 eq. What is the yield (%) and cost (US dollar per mol) of this reaction?","","0.0,0.082786803","[]"
"Here is a chemical reaction. Reactants are: Cn1cnc(C#N)c1, Fc1ccccc1Br. Product is: Cn1cnc(C#N)c1-c1ccccc1F. Reaction type is Pd catalyzed C-H arylation. The reaction conditions of this reaction are: Palladium Source: [PdCl(allyl)]2. Ligand: CC(C)c1cc(C(C)C)c(-c2ccccc2P(C2CCCCC2)C2CCCCC2)c(C(C)C)c1. Solvent: Cc1ccc(C)cc1. Base: CsOAc. Reaction Temperature: 120 degrees centigrade. Reaction Concentration: 0.1 M. Palladium loading: 2.25 mol%. Ligand loading: 5 mol%. Base loading: 3 eq. What is the yield (%) and cost (US dollar per mol) of this reaction?","","67.17,0.082561232","[]"
"Here is a chemical reaction. Reactants are: Cn1cnc(C#N)c1, Fc1ccccc1Br. Product is: Cn1cnc(C#N)c1-c1ccccc1F. Reaction type is Pd catalyzed C-H arylation. The reaction conditions of this reaction are: Palladium Source: [PdCl(allyl)]2. Ligand: COc1ccc(OC)c(P(c2cc(C(F)(F)F)cc(C(F)(F)F)c2)c2cc(C(F)(F)F)cc(C(F)(F)F)c2)c1-c1c(C(C)C)cc(C(C)C)cc1C(C)C. Solvent: CC(=O)N(C)C. Base: KOPiv. Reaction Temperature: 90 degrees centigrade. Reaction Concentration: 0.1 M. Palladium loading: 2.25 mol%. Ligand loading: 5 mol%. Base loading: 3 eq. What is the yield (%) and cost (US dollar per mol) of this reaction?","","3.51,0.354927254","[]"
"Here is a chemical reaction. Reactants are: Cn1cnc(C#N)c1, Fc1ccccc1Br. Product is: Cn1cnc(C#N)c1-c1ccccc1F. Reaction type is Pd catalyzed C-H arylation. The reaction conditions of this reaction are: Palladium Source: [PdCl(allyl)]2. Ligand: CP(C)c1ccccc1. Solvent: CCCC#N. Base: KOAc. Reaction Temperature: 120 degrees centigrade. Reaction Concentration: 0.1 M. Palladium loading: 2.25 mol%. Ligand loading: 5 mol%. Base loading: 3 eq. What is the yield (%) and cost (US dollar per mol) of this reaction?","","0.0,0.046428592","[]"
"Here is a chemical reaction. Reactants are: Cn1cnc(C#N)c1, Fc1ccccc1Br. Product is: Cn1cnc(C#N)c1-c1ccccc1F. Reaction type is Pd catalyzed C-H arylation. The reaction conditions of this reaction are: Palladium Source: [PdCl(allyl)]2. Ligand: COc1ccc(OC)c(P(c2cc(C(F)(F)F)cc(C(F)(F)F)c2)c2cc(C(F)(F)F)cc(C(F)(F)F)c2)c1-c1c(C(C)C)cc(C(C)C)cc1C(C)C. Solvent: CCCCOC(C)=O. Base: KOAc. Reaction Temperature: 105 degrees centigrade. Reaction Concentration: 0.057 M. Palladium loading: 2.25 mol%. Ligand loading: 5 mol%. Base loading: 3 eq. What is the yield (%) and cost (US dollar per mol) of this reaction?","","5.59,0.386317391","[]"
"Here is a chemical reaction. Reactants are: Cn1cnc(C#N)c1, Fc1ccccc1Br. Product is: Cn1cnc(C#N)c1-c1ccccc1F. Reaction type is Pd catalyzed C-H arylation. The reaction conditions of this reaction are: Palladium Source: [PdCl(allyl)]2. Ligand: c1ccc(P(c2ccccc2)c2ccccc2)cc1. Solvent: CCCC#N. Base: CsOAc. Reaction Temperature: 105 degrees centigrade. Reaction Concentration: 0.057 M. Palladium loading: 2.25 mol%. Ligand loading: 5 mol%. Base loading: 3 eq. What is the yield (%) and cost (US dollar per mol) of this reaction?","","9.16,0.112542738","[]"
"Here is a chemical reaction. Reactants are: Cn1cnc(C#N)c1, Fc1ccccc1Br. Product is: Cn1cnc(C#N)c1-c1ccccc1F. Reaction type is Pd catalyzed C-H arylation. The reaction conditions of this reaction are: Palladium Source: [PdCl(allyl)]2. Ligand: CC(C)(C)P(c1ccccc1)C(C)(C)C. Solvent: Cc1ccc(C)cc1. Base: KOAc. Reaction Temperature: 120 degrees centigrade. Reaction Concentration: 0.057 M. Palladium loading: 2.25 mol%. Ligand loading: 5 mol%. Base loading: 3 eq. What is the yield (%) and cost (US dollar per mol) of this reaction?","","0.0,0.05729584","[]"
"Here is a chemical reaction. Reactants are: Cn1cnc(C#N)c1, Fc1ccccc1Br. Product is: Cn1cnc(C#N)c1-c1ccccc1F. Reaction type is Pd catalyzed C-H arylation. The reaction conditions of this reaction are: Palladium Source: [PdCl(allyl)]2. Ligand: COc1ccc(OC)c(P(C2CCCCC2)C2CCCCC2)c1-c1c(C(C)C)cc(C(C)C)cc1C(C)C. Solvent: CC(=O)N(C)C. Base: CsOPiv. Reaction Temperature: 90 degrees centigrade. Reaction Concentration: 0.153 M. Palladium loading: 2.25 mol%. Ligand loading: 5 mol%. Base loading: 3 eq. What is the yield (%) and cost (US dollar per mol) of this reaction?","","0.0,0.227482935","[]"
"Here is a chemical reaction. Reactants are: Cn1cnc(C#N)c1, Fc1ccccc1Br. Product is: Cn1cnc(C#N)c1-c1ccccc1F. Reaction type is Pd catalyzed C-H arylation. The reaction conditions of this reaction are: Palladium Source: [PdCl(allyl)]2. Ligand: c1coc(P(c2ccco2)c2ccco2)c1. Solvent: CCCCOC(C)=O. Base: CsOAc. Reaction Temperature: 120 degrees centigrade. Reaction Concentration: 0.153 M. Palladium loading: 2.25 mol%. Ligand loading: 5 mol%. Base loading: 3 eq. What is the yield (%) and cost (US dollar per mol) of this reaction?","","53.61,0.087589104","[]"
"Here is a chemical reaction. Reactants are: Cn1cnc(C#N)c1, Fc1ccccc1Br. Product is: Cn1cnc(C#N)c1-c1ccccc1F. Reaction type is Pd catalyzed C-H arylation. The reaction conditions of this reaction are: Palladium Source: [PdCl(allyl)]2. Ligand: CN(C)c1cccc(N(C)C)c1-c1ccccc1P(c1ccccc1)C(C)(C)C. Solvent: Cc1ccc(C)cc1. Base: KOPiv. Reaction Temperature: 90 degrees centigrade. Reaction Concentration: 0.057 M. Palladium loading: 2.25 mol%. Ligand loading: 5 mol%. Base loading: 3 eq. What is the yield (%) and cost (US dollar per mol) of this reaction?","","19.77,0.281984981","[]"
"Here is a chemical reaction. Reactants are: Cn1cnc(C#N)c1, Fc1ccccc1Br. Product is: Cn1cnc(C#N)c1-c1ccccc1F. Reaction type is Pd catalyzed C-H arylation. The reaction conditions of this reaction are: Palladium Source: [PdCl(allyl)]2. Ligand: COc1ccc(OC)c(P(c2cc(C(F)(F)F)cc(C(F)(F)F)c2)c2cc(C(F)(F)F)cc(C(F)(F)F)c2)c1-c1c(C(C)C)cc(C(C)C)cc1C(C)C. Solvent: Cc1ccc(C)cc1. Base: CsOAc. Reaction Temperature: 105 degrees centigrade. Reaction Concentration: 0.057 M. Palladium loading: 2.25 mol%. Ligand loading: 5 mol%. Base loading: 3 eq. What is the yield (%) and cost (US dollar per mol) of this reaction?","","6.15,0.415629258","[]"
"Here is a chemical reaction. Reactants are: Cn1cnc(C#N)c1, Fc1ccccc1Br. Product is: Cn1cnc(C#N)c1-c1ccccc1F. Reaction type is Pd catalyzed C-H arylation. The reaction conditions of this reaction are: Palladium Source: [PdCl(allyl)]2. Ligand: COc1ccc(OC)c(P(c2cc(C(F)(F)F)cc(C(F)(F)F)c2)c2cc(C(F)(F)F)cc(C(F)(F)F)c2)c1-c1c(C(C)C)cc(C(C)C)cc1C(C)C. Solvent: CCCCOC(C)=O. Base: KOPiv. Reaction Temperature: 90 degrees centigrade. Reaction Concentration: 0.153 M. Palladium loading: 2.25 mol%. Ligand loading: 5 mol%. Base loading: 3 eq. What is the yield (%) and cost (US dollar per mol) of this reaction?","","5.68,0.358144134","[]"
"Here is a chemical reaction. Reactants are: Cn1cnc(C#N)c1, Fc1ccccc1Br. Product is: Cn1cnc(C#N)c1-c1ccccc1F. Reaction type is Pd catalyzed C-H arylation. The reaction conditions of this reaction are: Palladium Source: [PdCl(allyl)]2. Ligand: CP(C)c1ccccc1. Solvent: CC(=O)N(C)C. Base: KOAc. Reaction Temperature: 90 degrees centigrade. Reaction Concentration: 0.153 M. Palladium loading: 2.25 mol%. Ligand loading: 5 mol%. Base loading: 3 eq. What is the yield (%) and cost (US dollar per mol) of this reaction?","","0.0,0.023955804","[]"
"Here is a chemical reaction. Reactants are: Cn1cnc(C#N)c1, Fc1ccccc1Br. Product is: Cn1cnc(C#N)c1-c1ccccc1F. Reaction type is Pd catalyzed C-H arylation. The reaction conditions of this reaction are: Palladium Source: [PdCl(allyl)]2. Ligand: CC(C)Oc1cccc(OC(C)C)c1P(C1CCCCC1)C1CCCCC1. Solvent: Cc1ccc(C)cc1. Base: KOAc. Reaction Temperature: 90 degrees centigrade. Reaction Concentration: 0.153 M. Palladium loading: 2.25 mol%. Ligand loading: 5 mol%. Base loading: 3 eq. What is the yield (%) and cost (US dollar per mol) of this reaction?","","0.18,0.03532873","[]"
"Here is a chemical reaction. Reactants are: Cn1cnc(C#N)c1, Fc1ccccc1Br. Product is: Cn1cnc(C#N)c1-c1ccccc1F. Reaction type is Pd catalyzed C-H arylation. The reaction conditions of this reaction are: Palladium Source: [PdCl(allyl)]2. Ligand: CP(C)c1ccccc1. Solvent: CC(=O)N(C)C. Base: KOPiv. Reaction Temperature: 120 degrees centigrade. Reaction Concentration: 0.153 M. Palladium loading: 2.25 mol%. Ligand loading: 5 mol%. Base loading: 3 eq. What is the yield (%) and cost (US dollar per mol) of this reaction?","","0.0,0.022861504","[]"
"Here is a chemical reaction. Reactants are: Cn1cnc(C#N)c1, Fc1ccccc1Br. Product is: Cn1cnc(C#N)c1-c1ccccc1F. Reaction type is Pd catalyzed C-H arylation. The reaction conditions of this reaction are: Palladium Source: [PdCl(allyl)]2. Ligand: CC(C)c1cc(C(C)C)c(-c2ccccc2P(C2CCCCC2)C2CCCCC2)c(C(C)C)c1. Solvent: CCCC#N. Base: KOPiv. Reaction Temperature: 120 degrees centigrade. Reaction Concentration: 0.1 M. Palladium loading: 2.25 mol%. Ligand loading: 5 mol%. Base loading: 3 eq. What is the yield (%) and cost (US dollar per mol) of this reaction?","","50.93,0.051608171","[]"
"Here is a chemical reaction. Reactants are: Cn1cnc(C#N)c1, Fc1ccccc1Br. Product is: Cn1cnc(C#N)c1-c1ccccc1F. Reaction type is Pd catalyzed C-H arylation. The reaction conditions of this reaction are: Palladium Source: [PdCl(allyl)]2. Ligand: CP(c1ccccc1)c1ccccc1. Solvent: Cc1ccc(C)cc1. Base: KOAc. Reaction Temperature: 90 degrees centigrade. Reaction Concentration: 0.1 M. Palladium loading: 2.25 mol%. Ligand loading: 5 mol%. Base loading: 3 eq. What is the yield (%) and cost (US dollar per mol) of this reaction?","","0.0,0.029676975","[]"
"Here is a chemical reaction. Reactants are: Cn1cnc(C#N)c1, Fc1ccccc1Br. Product is: Cn1cnc(C#N)c1-c1ccccc1F. Reaction type is Pd catalyzed C-H arylation. The reaction conditions of this reaction are: Palladium Source: [PdCl(allyl)]2. Ligand: CP(C)c1ccccc1. Solvent: Cc1ccc(C)cc1. Base: CsOPiv. Reaction Temperature: 120 degrees centigrade. Reaction Concentration: 0.1 M. Palladium loading: 2.25 mol%. Ligand loading: 5 mol%. Base loading: 3 eq. What is the yield (%) and cost (US dollar per mol) of this reaction?","","0.0,0.117306516","[]"
"Here is a chemical reaction. Reactants are: Cn1cnc(C#N)c1, Fc1ccccc1Br. Product is: Cn1cnc(C#N)c1-c1ccccc1F. Reaction type is Pd catalyzed C-H arylation. The reaction conditions of this reaction are: Palladium Source: [PdCl(allyl)]2. Ligand: c1coc(P(c2ccco2)c2ccco2)c1. Solvent: Cc1ccc(C)cc1. Base: CsOPiv. Reaction Temperature: 120 degrees centigrade. Reaction Concentration: 0.1 M. Palladium loading: 2.25 mol%. Ligand loading: 5 mol%. Base loading: 3 eq. What is the yield (%) and cost (US dollar per mol) of this reaction?","","14.75,0.127346128","[]"
"Here is a chemical reaction. Reactants are: Cn1cnc(C#N)c1, Fc1ccccc1Br. Product is: Cn1cnc(C#N)c1-c1ccccc1F. Reaction type is Pd catalyzed C-H arylation. The reaction conditions of this reaction are: Palladium Source: [PdCl(allyl)]2. Ligand: CP(c1ccccc1)c1ccccc1. Solvent: CC(=O)N(C)C. Base: KOAc. Reaction Temperature: 90 degrees centigrade. Reaction Concentration: 0.153 M. Palladium loading: 2.25 mol%. Ligand loading: 5 mol%. Base loading: 3 eq. What is the yield (%) and cost (US dollar per mol) of this reaction?","","3.02,0.022708682","[]"
"Here is a chemical reaction. Reactants are: Cn1cnc(C#N)c1, Fc1ccccc1Br. Product is: Cn1cnc(C#N)c1-c1ccccc1F. Reaction type is Pd catalyzed C-H arylation. The reaction conditions of this reaction are: Palladium Source: [PdCl(allyl)]2. Ligand: COc1ccc(OC)c(P(C2CCCCC2)C2CCCCC2)c1-c1c(C(C)C)cc(C(C)C)cc1C(C)C. Solvent: CCCCOC(C)=O. Base: CsOPiv. Reaction Temperature: 105 degrees centigrade. Reaction Concentration: 0.1 M. Palladium loading: 2.25 mol%. Ligand loading: 5 mol%. Base loading: 3 eq. What is the yield (%) and cost (US dollar per mol) of this reaction?","","27.48,0.244004608","[]"
"Here is a chemical reaction. Reactants are: Cn1cnc(C#N)c1, Fc1ccccc1Br. Product is: Cn1cnc(C#N)c1-c1ccccc1F. Reaction type is Pd catalyzed C-H arylation. The reaction conditions of this reaction are: Palladium Source: [PdCl(allyl)]2. Ligand: C1CCC(P(C2CCCCC2)C2CCCCC2)CC1. Solvent: CC(=O)N(C)C. Base: KOPiv. Reaction Temperature: 105 degrees centigrade. Reaction Concentration: 0.057 M. Palladium loading: 2.25 mol%. Ligand loading: 5 mol%. Base loading: 3 eq. What is the yield (%) and cost (US dollar per mol) of this reaction?","","10.98,0.041224668","[]"
"Here is a chemical reaction. Reactants are: Cn1cnc(C#N)c1, Fc1ccccc1Br. Product is: Cn1cnc(C#N)c1-c1ccccc1F. Reaction type is Pd catalyzed C-H arylation. The reaction conditions of this reaction are: Palladium Source: [PdCl(allyl)]2. Ligand: C1CCC(P(C2CCCCC2)C2CCCCC2)CC1. Solvent: CC(=O)N(C)C. Base: KOAc. Reaction Temperature: 90 degrees centigrade. Reaction Concentration: 0.153 M. Palladium loading: 2.25 mol%. Ligand loading: 5 mol%. Base loading: 3 eq. What is the yield (%) and cost (US dollar per mol) of this reaction?","","0.41,0.027510375","[]"
"Here is a chemical reaction. Reactants are: Cn1cnc(C#N)c1, Fc1ccccc1Br. Product is: Cn1cnc(C#N)c1-c1ccccc1F. Reaction type is Pd catalyzed C-H arylation. The reaction conditions of this reaction are: Palladium Source: [PdCl(allyl)]2. Ligand: COc1ccc(OC)c(P(C2CCCCC2)C2CCCCC2)c1-c1c(C(C)C)cc(C(C)C)cc1C(C)C. Solvent: CCCC#N. Base: KOAc. Reaction Temperature: 105 degrees centigrade. Reaction Concentration: 0.1 M. Palladium loading: 2.25 mol%. Ligand loading: 5 mol%. Base loading: 3 eq. What is the yield (%) and cost (US dollar per mol) of this reaction?","","18.44,0.163723596","[]"
"Here is a chemical reaction. Reactants are: Cn1cnc(C#N)c1, Fc1ccccc1Br. Product is: Cn1cnc(C#N)c1-c1ccccc1F. Reaction type is Pd catalyzed C-H arylation. The reaction conditions of this reaction are: Palladium Source: [PdCl(allyl)]2. Ligand: CC(C)(C)P(c1ccccc1)C(C)(C)C. Solvent: CC(=O)N(C)C. Base: CsOPiv. Reaction Temperature: 120 degrees centigrade. Reaction Concentration: 0.1 M. Palladium loading: 2.25 mol%. Ligand loading: 5 mol%. Base loading: 3 eq. What is the yield (%) and cost (US dollar per mol) of this reaction?","","1.31,0.129578399","[]"
"Here is a chemical reaction. Reactants are: Cn1cnc(C#N)c1, Fc1ccccc1Br. Product is: Cn1cnc(C#N)c1-c1ccccc1F. Reaction type is Pd catalyzed C-H arylation. The reaction conditions of this reaction are: Palladium Source: [PdCl(allyl)]2. Ligand: COc1ccc(OC)c(P(c2cc(C(F)(F)F)cc(C(F)(F)F)c2)c2cc(C(F)(F)F)cc(C(F)(F)F)c2)c1-c1c(C(C)C)cc(C(C)C)cc1C(C)C. Solvent: Cc1ccc(C)cc1. Base: KOPiv. Reaction Temperature: 105 degrees centigrade. Reaction Concentration: 0.057 M. Palladium loading: 2.25 mol%. Ligand loading: 5 mol%. Base loading: 3 eq. What is the yield (%) and cost (US dollar per mol) of this reaction?","","8.93,0.369044658","[]"
"Here is a chemical reaction. Reactants are: Cn1cnc(C#N)c1, Fc1ccccc1Br. Product is: Cn1cnc(C#N)c1-c1ccccc1F. Reaction type is Pd catalyzed C-H arylation. The reaction conditions of this reaction are: Palladium Source: [PdCl(allyl)]2. Ligand: COc1ccc(OC)c(P(C2CCCCC2)C2CCCCC2)c1-c1c(C(C)C)cc(C(C)C)cc1C(C)C. Solvent: CCCCOC(C)=O. Base: KOAc. Reaction Temperature: 90 degrees centigrade. Reaction Concentration: 0.1 M. Palladium loading: 2.25 mol%. Ligand loading: 5 mol%. Base loading: 3 eq. What is the yield (%) and cost (US dollar per mol) of this reaction?","","20.73,0.15759293","[]"
"Here is a chemical reaction. Reactants are: Cn1cnc(C#N)c1, Fc1ccccc1Br. Product is: Cn1cnc(C#N)c1-c1ccccc1F. Reaction type is Pd catalyzed C-H arylation. The reaction conditions of this reaction are: Palladium Source: [PdCl(allyl)]2. Ligand: CN(C)c1cccc(N(C)C)c1-c1ccccc1P(c1ccccc1)C(C)(C)C. Solvent: CCCCOC(C)=O. Base: KOPiv. Reaction Temperature: 120 degrees centigrade. Reaction Concentration: 0.057 M. Palladium loading: 2.25 mol%. Ligand loading: 5 mol%. Base loading: 3 eq. What is the yield (%) and cost (US dollar per mol) of this reaction?","","3.88,0.298114234","[]"
"Here is a chemical reaction. Reactants are: Cn1cnc(C#N)c1, Fc1ccccc1Br. Product is: Cn1cnc(C#N)c1-c1ccccc1F. Reaction type is Pd catalyzed C-H arylation. The reaction conditions of this reaction are: Palladium Source: [PdCl(allyl)]2. Ligand: CC(C)(C)P(c1ccccc1)C(C)(C)C. Solvent: CCCC#N. Base: CsOPiv. Reaction Temperature: 120 degrees centigrade. Reaction Concentration: 0.153 M. Palladium loading: 2.25 mol%. Ligand loading: 5 mol%. Base loading: 3 eq. What is the yield (%) and cost (US dollar per mol) of this reaction?","","0.0,0.136900842","[]"
"Here is a chemical reaction. Reactants are: Cn1cnc(C#N)c1, Fc1ccccc1Br. Product is: Cn1cnc(C#N)c1-c1ccccc1F. Reaction type is Pd catalyzed C-H arylation. The reaction conditions of this reaction are: Palladium Source: [PdCl(allyl)]2. Ligand: c1coc(P(c2ccco2)c2ccco2)c1. Solvent: Cc1ccc(C)cc1. Base: KOPiv. Reaction Temperature: 90 degrees centigrade. Reaction Concentration: 0.1 M. Palladium loading: 2.25 mol%. Ligand loading: 5 mol%. Base loading: 3 eq. What is the yield (%) and cost (US dollar per mol) of this reaction?","","20.46,0.039898956","[]"
"Here is a chemical reaction. Reactants are: Cn1cnc(C#N)c1, Fc1ccccc1Br. Product is: Cn1cnc(C#N)c1-c1ccccc1F. Reaction type is Pd catalyzed C-H arylation. The reaction conditions of this reaction are: Palladium Source: [PdCl(allyl)]2. Ligand: CC12C[C@]3(C)O[C@@](C)(C[C@@](C)(O3)P1c1ccccc1)O2. Solvent: CCCCOC(C)=O. Base: CsOAc. Reaction Temperature: 120 degrees centigrade. Reaction Concentration: 0.1 M. Palladium loading: 2.25 mol%. Ligand loading: 5 mol%. Base loading: 3 eq. What is the yield (%) and cost (US dollar per mol) of this reaction?","","57.84,0.115306066","[]"
"Here is a chemical reaction. Reactants are: Cn1cnc(C#N)c1, Fc1ccccc1Br. Product is: Cn1cnc(C#N)c1-c1ccccc1F. Reaction type is Pd catalyzed C-H arylation. The reaction conditions of this reaction are: Palladium Source: [PdCl(allyl)]2. Ligand: CC(C)(C)P(c1ccccc1)C(C)(C)C. Solvent: Cc1ccc(C)cc1. Base: CsOAc. Reaction Temperature: 105 degrees centigrade. Reaction Concentration: 0.1 M. Palladium loading: 2.25 mol%. Ligand loading: 5 mol%. Base loading: 3 eq. What is the yield (%) and cost (US dollar per mol) of this reaction?","","0.0,0.091027866","[]"
"Here is a chemical reaction. Reactants are: Cn1cnc(C#N)c1, Fc1ccccc1Br. Product is: Cn1cnc(C#N)c1-c1ccccc1F. Reaction type is Pd catalyzed C-H arylation. The reaction conditions of this reaction are: Palladium Source: [PdCl(allyl)]2. Ligand: CP(c1ccccc1)c1ccccc1. Solvent: CC(=O)N(C)C. Base: CsOPiv. Reaction Temperature: 105 degrees centigrade. Reaction Concentration: 0.153 M. Palladium loading: 2.25 mol%. Ligand loading: 5 mol%. Base loading: 3 eq. What is the yield (%) and cost (US dollar per mol) of this reaction?","","0.0,0.109073688","[]"
"Here is a chemical reaction. Reactants are: Cn1cnc(C#N)c1, Fc1ccccc1Br. Product is: Cn1cnc(C#N)c1-c1ccccc1F. Reaction type is Pd catalyzed C-H arylation. The reaction conditions of this reaction are: Palladium Source: [PdCl(allyl)]2. Ligand: CN(C)c1cccc(N(C)C)c1-c1ccccc1P(c1ccccc1)C(C)(C)C. Solvent: Cc1ccc(C)cc1. Base: KOPiv. Reaction Temperature: 120 degrees centigrade. Reaction Concentration: 0.1 M. Palladium loading: 2.25 mol%. Ligand loading: 5 mol%. Base loading: 3 eq. What is the yield (%) and cost (US dollar per mol) of this reaction?","","20.87,0.270220575","[]"
"Here is a chemical reaction. Reactants are: Cn1cnc(C#N)c1, Fc1ccccc1Br. Product is: Cn1cnc(C#N)c1-c1ccccc1F. Reaction type is Pd catalyzed C-H arylation. The reaction conditions of this reaction are: Palladium Source: [PdCl(allyl)]2. Ligand: c1coc(P(c2ccco2)c2ccco2)c1. Solvent: CCCCOC(C)=O. Base: CsOAc. Reaction Temperature: 120 degrees centigrade. Reaction Concentration: 0.1 M. Palladium loading: 2.25 mol%. Ligand loading: 5 mol%. Base loading: 3 eq. What is the yield (%) and cost (US dollar per mol) of this reaction?","","14.73,0.095891989","[]"
"Here is a chemical reaction. Reactants are: Cn1cnc(C#N)c1, Fc1ccccc1Br. Product is: Cn1cnc(C#N)c1-c1ccccc1F. Reaction type is Pd catalyzed C-H arylation. The reaction conditions of this reaction are: Palladium Source: [PdCl(allyl)]2. Ligand: COc1ccc(OC)c(P(c2cc(C(F)(F)F)cc(C(F)(F)F)c2)c2cc(C(F)(F)F)cc(C(F)(F)F)c2)c1-c1c(C(C)C)cc(C(C)C)cc1C(C)C. Solvent: CCCCOC(C)=O. Base: CsOPiv. Reaction Temperature: 105 degrees centigrade. Reaction Concentration: 0.1 M. Palladium loading: 2.25 mol%. Ligand loading: 5 mol%. Base loading: 3 eq. What is the yield (%) and cost (US dollar per mol) of this reaction?","","2.41,0.454115323","[]"
"Here is a chemical reaction. Reactants are: Cn1cnc(C#N)c1, Fc1ccccc1Br. Product is: Cn1cnc(C#N)c1-c1ccccc1F. Reaction type is Pd catalyzed C-H arylation. The reaction conditions of this reaction are: Palladium Source: [PdCl(allyl)]2. Ligand: CP(c1ccccc1)c1ccccc1. Solvent: CC(=O)N(C)C. Base: KOAc. Reaction Temperature: 90 degrees centigrade. Reaction Concentration: 0.1 M. Palladium loading: 2.25 mol%. Ligand loading: 5 mol%. Base loading: 3 eq. What is the yield (%) and cost (US dollar per mol) of this reaction?","","1.06,0.027353522","[]"
"Here is a chemical reaction. Reactants are: Cn1cnc(C#N)c1, Fc1ccccc1Br. Product is: Cn1cnc(C#N)c1-c1ccccc1F. Reaction type is Pd catalyzed C-H arylation. The reaction conditions of this reaction are: Palladium Source: [PdCl(allyl)]2. Ligand: COc1ccc(OC)c(P(c2cc(C(F)(F)F)cc(C(F)(F)F)c2)c2cc(C(F)(F)F)cc(C(F)(F)F)c2)c1-c1c(C(C)C)cc(C(C)C)cc1C(C)C. Solvent: CC(=O)N(C)C. Base: CsOPiv. Reaction Temperature: 105 degrees centigrade. Reaction Concentration: 0.153 M. Palladium loading: 2.25 mol%. Ligand loading: 5 mol%. Base loading: 3 eq. What is the yield (%) and cost (US dollar per mol) of this reaction?","","2.84,0.437742845","[]"
"Here is a chemical reaction. Reactants are: Cn1cnc(C#N)c1, Fc1ccccc1Br. Product is: Cn1cnc(C#N)c1-c1ccccc1F. Reaction type is Pd catalyzed C-H arylation. The reaction conditions of this reaction are: Palladium Source: [PdCl(allyl)]2. Ligand: COc1ccc(OC)c(P(C2CCCCC2)C2CCCCC2)c1-c1c(C(C)C)cc(C(C)C)cc1C(C)C. Solvent: CCCCOC(C)=O. Base: KOPiv. Reaction Temperature: 90 degrees centigrade. Reaction Concentration: 0.153 M. Palladium loading: 2.25 mol%. Ligand loading: 5 mol%. Base loading: 3 eq. What is the yield (%) and cost (US dollar per mol) of this reaction?","","42.48,0.148099396","[]"
"Here is a chemical reaction. Reactants are: Cn1cnc(C#N)c1, Fc1ccccc1Br. Product is: Cn1cnc(C#N)c1-c1ccccc1F. Reaction type is Pd catalyzed C-H arylation. The reaction conditions of this reaction are: Palladium Source: [PdCl(allyl)]2. Ligand: CP(C)c1ccccc1. Solvent: CCCCOC(C)=O. Base: CsOPiv. Reaction Temperature: 120 degrees centigrade. Reaction Concentration: 0.153 M. Palladium loading: 2.25 mol%. Ligand loading: 5 mol%. Base loading: 3 eq. What is the yield (%) and cost (US dollar per mol) of this reaction?","","0.0,0.118175058","[]"
"Here is a chemical reaction. Reactants are: Cn1cnc(C#N)c1, Fc1ccccc1Br. Product is: Cn1cnc(C#N)c1-c1ccccc1F. Reaction type is Pd catalyzed C-H arylation. The reaction conditions of this reaction are: Palladium Source: [PdCl(allyl)]2. Ligand: CC12C[C@]3(C)O[C@@](C)(C[C@@](C)(O3)P1c1ccccc1)O2. Solvent: Cc1ccc(C)cc1. Base: KOAc. Reaction Temperature: 105 degrees centigrade. Reaction Concentration: 0.153 M. Palladium loading: 2.25 mol%. Ligand loading: 5 mol%. Base loading: 3 eq. What is the yield (%) and cost (US dollar per mol) of this reaction?","","41.64,0.054838238","[]"
"Here is a chemical reaction. Reactants are: Cn1cnc(C#N)c1, Fc1ccccc1Br. Product is: Cn1cnc(C#N)c1-c1ccccc1F. Reaction type is Pd catalyzed C-H arylation. The reaction conditions of this reaction are: Palladium Source: [PdCl(allyl)]2. Ligand: c1coc(P(c2ccco2)c2ccco2)c1. Solvent: CCCC#N. Base: KOPiv. Reaction Temperature: 90 degrees centigrade. Reaction Concentration: 0.057 M. Palladium loading: 2.25 mol%. Ligand loading: 5 mol%. Base loading: 3 eq. What is the yield (%) and cost (US dollar per mol) of this reaction?","","37.93,0.0784692","[]"
"Here is a chemical reaction. Reactants are: Cn1cnc(C#N)c1, Fc1ccccc1Br. Product is: Cn1cnc(C#N)c1-c1ccccc1F. Reaction type is Pd catalyzed C-H arylation. The reaction conditions of this reaction are: Palladium Source: [PdCl(allyl)]2. Ligand: CP(C)c1ccccc1. Solvent: Cc1ccc(C)cc1. Base: KOAc. Reaction Temperature: 105 degrees centigrade. Reaction Concentration: 0.153 M. Palladium loading: 2.25 mol%. Ligand loading: 5 mol%. Base loading: 3 eq. What is the yield (%) and cost (US dollar per mol) of this reaction?","","0.0,0.025528882","[]"
"Here is a chemical reaction. Reactants are: Cn1cnc(C#N)c1, Fc1ccccc1Br. Product is: Cn1cnc(C#N)c1-c1ccccc1F. Reaction type is Pd catalyzed C-H arylation. The reaction conditions of this reaction are: Palladium Source: [PdCl(allyl)]2. Ligand: CC(C)(C)P(c1ccccc1)C(C)(C)C. Solvent: CCCC#N. Base: KOAc. Reaction Temperature: 120 degrees centigrade. Reaction Concentration: 0.057 M. Palladium loading: 2.25 mol%. Ligand loading: 5 mol%. Base loading: 3 eq. What is the yield (%) and cost (US dollar per mol) of this reaction?","","0.0,0.083881103","[]"
"Here is a chemical reaction. Reactants are: Cn1cnc(C#N)c1, Fc1ccccc1Br. Product is: Cn1cnc(C#N)c1-c1ccccc1F. Reaction type is Pd catalyzed C-H arylation. The reaction conditions of this reaction are: Palladium Source: [PdCl(allyl)]2. Ligand: C1CCC(P(C2CCCCC2)C2CCCCC2)CC1. Solvent: Cc1ccc(C)cc1. Base: KOPiv. Reaction Temperature: 120 degrees centigrade. Reaction Concentration: 0.1 M. Palladium loading: 2.25 mol%. Ligand loading: 5 mol%. Base loading: 3 eq. What is the yield (%) and cost (US dollar per mol) of this reaction?","","0.0,0.033391893","[]"
"Here is a chemical reaction. Reactants are: Cn1cnc(C#N)c1, Fc1ccccc1Br. Product is: Cn1cnc(C#N)c1-c1ccccc1F. Reaction type is Pd catalyzed C-H arylation. The reaction conditions of this reaction are: Palladium Source: [PdCl(allyl)]2. Ligand: CC(C)Oc1cccc(OC(C)C)c1P(C1CCCCC1)C1CCCCC1. Solvent: Cc1ccc(C)cc1. Base: CsOAc. Reaction Temperature: 90 degrees centigrade. Reaction Concentration: 0.1 M. Palladium loading: 2.25 mol%. Ligand loading: 5 mol%. Base loading: 3 eq. What is the yield (%) and cost (US dollar per mol) of this reaction?","","3.17,0.08624401","[]"
"Here is a chemical reaction. Reactants are: Cn1cnc(C#N)c1, Fc1ccccc1Br. Product is: Cn1cnc(C#N)c1-c1ccccc1F. Reaction type is Pd catalyzed C-H arylation. The reaction conditions of this reaction are: Palladium Source: [PdCl(allyl)]2. Ligand: CC12C[C@]3(C)O[C@@](C)(C[C@@](C)(O3)P1c1ccccc1)O2. Solvent: Cc1ccc(C)cc1. Base: KOPiv. Reaction Temperature: 120 degrees centigrade. Reaction Concentration: 0.1 M. Palladium loading: 2.25 mol%. Ligand loading: 5 mol%. Base loading: 3 eq. What is the yield (%) and cost (US dollar per mol) of this reaction?","","40.85,0.059144977","[]"
"Here is a chemical reaction. Reactants are: Cn1cnc(C#N)c1, Fc1ccccc1Br. Product is: Cn1cnc(C#N)c1-c1ccccc1F. Reaction type is Pd catalyzed C-H arylation. The reaction conditions of this reaction are: Palladium Source: [PdCl(allyl)]2. Ligand: CN(C)c1cccc(N(C)C)c1-c1ccccc1P(c1ccccc1)C(C)(C)C. Solvent: Cc1ccc(C)cc1. Base: KOAc. Reaction Temperature: 90 degrees centigrade. Reaction Concentration: 0.057 M. Palladium loading: 2.25 mol%. Ligand loading: 5 mol%. Base loading: 3 eq. What is the yield (%) and cost (US dollar per mol) of this reaction?","","6.98,0.283032601","[]"
"Here is a chemical reaction. Reactants are: Cn1cnc(C#N)c1, Fc1ccccc1Br. Product is: Cn1cnc(C#N)c1-c1ccccc1F. Reaction type is Pd catalyzed C-H arylation. The reaction conditions of this reaction are: Palladium Source: [PdCl(allyl)]2. Ligand: COc1ccc(OC)c(P(c2cc(C(F)(F)F)cc(C(F)(F)F)c2)c2cc(C(F)(F)F)cc(C(F)(F)F)c2)c1-c1c(C(C)C)cc(C(C)C)cc1C(C)C. Solvent: CCCCOC(C)=O. Base: KOAc. Reaction Temperature: 120 degrees centigrade. Reaction Concentration: 0.057 M. Palladium loading: 2.25 mol%. Ligand loading: 5 mol%. Base loading: 3 eq. What is the yield (%) and cost (US dollar per mol) of this reaction?","","5.16,0.386314973","[]"
"Here is a chemical reaction. Reactants are: Cn1cnc(C#N)c1, Fc1ccccc1Br. Product is: Cn1cnc(C#N)c1-c1ccccc1F. Reaction type is Pd catalyzed C-H arylation. The reaction conditions of this reaction are: Palladium Source: [PdCl(allyl)]2. Ligand: c1ccc(P(c2ccccc2)c2ccccc2)cc1. Solvent: CCCC#N. Base: CsOPiv. Reaction Temperature: 90 degrees centigrade. Reaction Concentration: 0.153 M. Palladium loading: 2.25 mol%. Ligand loading: 5 mol%. Base loading: 3 eq. What is the yield (%) and cost (US dollar per mol) of this reaction?","","2.53,0.120011125","[]"
"Here is a chemical reaction. Reactants are: Cn1cnc(C#N)c1, Fc1ccccc1Br. Product is: Cn1cnc(C#N)c1-c1ccccc1F. Reaction type is Pd catalyzed C-H arylation. The reaction conditions of this reaction are: Palladium Source: [PdCl(allyl)]2. Ligand: CN(C)c1cccc(N(C)C)c1-c1ccccc1P(c1ccccc1)C(C)(C)C. Solvent: CC(=O)N(C)C. Base: KOAc. Reaction Temperature: 105 degrees centigrade. Reaction Concentration: 0.1 M. Palladium loading: 2.25 mol%. Ligand loading: 5 mol%. Base loading: 3 eq. What is the yield (%) and cost (US dollar per mol) of this reaction?","","78.95,0.269139791","[]"
"Here is a chemical reaction. Reactants are: Cn1cnc(C#N)c1, Fc1ccccc1Br. Product is: Cn1cnc(C#N)c1-c1ccccc1F. Reaction type is Pd catalyzed C-H arylation. The reaction conditions of this reaction are: Palladium Source: [PdCl(allyl)]2. Ligand: COc1ccc(OC)c(P(C2CCCCC2)C2CCCCC2)c1-c1c(C(C)C)cc(C(C)C)cc1C(C)C. Solvent: CC(=O)N(C)C. Base: KOPiv. Reaction Temperature: 105 degrees centigrade. Reaction Concentration: 0.1 M. Palladium loading: 2.25 mol%. Ligand loading: 5 mol%. Base loading: 3 eq. What is the yield (%) and cost (US dollar per mol) of this reaction?","","0.07,0.144665615","[]"
"Here is a chemical reaction. Reactants are: Cn1cnc(C#N)c1, Fc1ccccc1Br. Product is: Cn1cnc(C#N)c1-c1ccccc1F. Reaction type is Pd catalyzed C-H arylation. The reaction conditions of this reaction are: Palladium Source: [PdCl(allyl)]2. Ligand: CC(C)c1cc(C(C)C)c(-c2ccccc2P(C2CCCCC2)C2CCCCC2)c(C(C)C)c1. Solvent: CC(=O)N(C)C. Base: CsOPiv. Reaction Temperature: 90 degrees centigrade. Reaction Concentration: 0.057 M. Palladium loading: 2.25 mol%. Ligand loading: 5 mol%. Base loading: 3 eq. What is the yield (%) and cost (US dollar per mol) of this reaction?","","23.71,0.131058818","[]"
"Here is a chemical reaction. Reactants are: Cn1cnc(C#N)c1, Fc1ccccc1Br. Product is: Cn1cnc(C#N)c1-c1ccccc1F. Reaction type is Pd catalyzed C-H arylation. The reaction conditions of this reaction are: Palladium Source: [PdCl(allyl)]2. Ligand: COc1ccc(OC)c(P(c2cc(C(F)(F)F)cc(C(F)(F)F)c2)c2cc(C(F)(F)F)cc(C(F)(F)F)c2)c1-c1c(C(C)C)cc(C(C)C)cc1C(C)C. Solvent: CC(=O)N(C)C. Base: CsOAc. Reaction Temperature: 90 degrees centigrade. Reaction Concentration: 0.057 M. Palladium loading: 2.25 mol%. Ligand loading: 5 mol%. Base loading: 3 eq. What is the yield (%) and cost (US dollar per mol) of this reaction?","","40.47,0.411756179","[]"
"Here is a chemical reaction. Reactants are: Cn1cnc(C#N)c1, Fc1ccccc1Br. Product is: Cn1cnc(C#N)c1-c1ccccc1F. Reaction type is Pd catalyzed C-H arylation. The reaction conditions of this reaction are: Palladium Source: [PdCl(allyl)]2. Ligand: COc1ccc(OC)c(P(c2cc(C(F)(F)F)cc(C(F)(F)F)c2)c2cc(C(F)(F)F)cc(C(F)(F)F)c2)c1-c1c(C(C)C)cc(C(C)C)cc1C(C)C. Solvent: CC(=O)N(C)C. Base: KOAc. Reaction Temperature: 90 degrees centigrade. Reaction Concentration: 0.1 M. Palladium loading: 2.25 mol%. Ligand loading: 5 mol%. Base loading: 3 eq. What is the yield (%) and cost (US dollar per mol) of this reaction?","","45.87,0.356143668","[]"
"Here is a chemical reaction. Reactants are: Cn1cnc(C#N)c1, Fc1ccccc1Br. Product is: Cn1cnc(C#N)c1-c1ccccc1F. Reaction type is Pd catalyzed C-H arylation. The reaction conditions of this reaction are: Palladium Source: [PdCl(allyl)]2. Ligand: CC(C)c1cc(C(C)C)c(-c2ccccc2P(C2CCCCC2)C2CCCCC2)c(C(C)C)c1. Solvent: Cc1ccc(C)cc1. Base: CsOAc. Reaction Temperature: 90 degrees centigrade. Reaction Concentration: 0.153 M. Palladium loading: 2.25 mol%. Ligand loading: 5 mol%. Base loading: 3 eq. What is the yield (%) and cost (US dollar per mol) of this reaction?","","66.03,0.07715315","[]"
"Here is a chemical reaction. Reactants are: Cn1cnc(C#N)c1, Fc1ccccc1Br. Product is: Cn1cnc(C#N)c1-c1ccccc1F. Reaction type is Pd catalyzed C-H arylation. The reaction conditions of this reaction are: Palladium Source: [PdCl(allyl)]2. Ligand: c1ccc(P(c2ccccc2)c2ccccc2)cc1. Solvent: Cc1ccc(C)cc1. Base: KOAc. Reaction Temperature: 90 degrees centigrade. Reaction Concentration: 0.057 M. Palladium loading: 2.25 mol%. Ligand loading: 5 mol%. Base loading: 3 eq. What is the yield (%) and cost (US dollar per mol) of this reaction?","","0.24,0.040387573","[]"
"Here is a chemical reaction. Reactants are: Cn1cnc(C#N)c1, Fc1ccccc1Br. Product is: Cn1cnc(C#N)c1-c1ccccc1F. Reaction type is Pd catalyzed C-H arylation. The reaction conditions of this reaction are: Palladium Source: [PdCl(allyl)]2. Ligand: COc1ccc(OC)c(P(c2cc(C(F)(F)F)cc(C(F)(F)F)c2)c2cc(C(F)(F)F)cc(C(F)(F)F)c2)c1-c1c(C(C)C)cc(C(C)C)cc1C(C)C. Solvent: CCCCOC(C)=O. Base: CsOPiv. Reaction Temperature: 120 degrees centigrade. Reaction Concentration: 0.153 M. Palladium loading: 2.25 mol%. Ligand loading: 5 mol%. Base loading: 3 eq. What is the yield (%) and cost (US dollar per mol) of this reaction?","","3.18,0.445598085","[]"
"Here is a chemical reaction. Reactants are: Cn1cnc(C#N)c1, Fc1ccccc1Br. Product is: Cn1cnc(C#N)c1-c1ccccc1F. Reaction type is Pd catalyzed C-H arylation. The reaction conditions of this reaction are: Palladium Source: [PdCl(allyl)]2. Ligand: CC(C)c1cc(C(C)C)c(-c2ccccc2P(C2CCCCC2)C2CCCCC2)c(C(C)C)c1. Solvent: CC(=O)N(C)C. Base: CsOPiv. Reaction Temperature: 120 degrees centigrade. Reaction Concentration: 0.1 M. Palladium loading: 2.25 mol%. Ligand loading: 5 mol%. Base loading: 3 eq. What is the yield (%) and cost (US dollar per mol) of this reaction?","","48.15,0.121001641","[]"
"Here is a chemical reaction. Reactants are: Cn1cnc(C#N)c1, Fc1ccccc1Br. Product is: Cn1cnc(C#N)c1-c1ccccc1F. Reaction type is Pd catalyzed C-H arylation. The reaction conditions of this reaction are: Palladium Source: [PdCl(allyl)]2. Ligand: COc1ccc(OC)c(P(c2cc(C(F)(F)F)cc(C(F)(F)F)c2)c2cc(C(F)(F)F)cc(C(F)(F)F)c2)c1-c1c(C(C)C)cc(C(C)C)cc1C(C)C. Solvent: CCCC#N. Base: KOAc. Reaction Temperature: 120 degrees centigrade. Reaction Concentration: 0.153 M. Palladium loading: 2.25 mol%. Ligand loading: 5 mol%. Base loading: 3 eq. What is the yield (%) and cost (US dollar per mol) of this reaction?","","20.72,0.363496747","[]"
"Here is a chemical reaction. Reactants are: Cn1cnc(C#N)c1, Fc1ccccc1Br. Product is: Cn1cnc(C#N)c1-c1ccccc1F. Reaction type is Pd catalyzed C-H arylation. The reaction conditions of this reaction are: Palladium Source: [PdCl(allyl)]2. Ligand: C1CCC(P(C2CCCCC2)C2CCCCC2)CC1. Solvent: CCCC#N. Base: KOAc. Reaction Temperature: 105 degrees centigrade. Reaction Concentration: 0.1 M. Palladium loading: 2.25 mol%. Ligand loading: 5 mol%. Base loading: 3 eq. What is the yield (%) and cost (US dollar per mol) of this reaction?","","0.0,0.049981981","[]"
"Here is a chemical reaction. Reactants are: Cn1cnc(C#N)c1, Fc1ccccc1Br. Product is: Cn1cnc(C#N)c1-c1ccccc1F. Reaction type is Pd catalyzed C-H arylation. The reaction conditions of this reaction are: Palladium Source: [PdCl(allyl)]2. Ligand: CP(c1ccccc1)c1ccccc1. Solvent: Cc1ccc(C)cc1. Base: CsOAc. Reaction Temperature: 90 degrees centigrade. Reaction Concentration: 0.057 M. Palladium loading: 2.25 mol%. Ligand loading: 5 mol%. Base loading: 3 eq. What is the yield (%) and cost (US dollar per mol) of this reaction?","","0.0,0.086945842","[]"
"Here is a chemical reaction. Reactants are: Cn1cnc(C#N)c1, Fc1ccccc1Br. Product is: Cn1cnc(C#N)c1-c1ccccc1F. Reaction type is Pd catalyzed C-H arylation. The reaction conditions of this reaction are: Palladium Source: [PdCl(allyl)]2. Ligand: C1CCC(P(C2CCCCC2)C2CCCCC2)CC1. Solvent: CCCC#N. Base: CsOPiv. Reaction Temperature: 120 degrees centigrade. Reaction Concentration: 0.057 M. Palladium loading: 2.25 mol%. Ligand loading: 5 mol%. Base loading: 3 eq. What is the yield (%) and cost (US dollar per mol) of this reaction?","","4.78,0.15925029","[]"
"Here is a chemical reaction. Reactants are: Cn1cnc(C#N)c1, Fc1ccccc1Br. Product is: Cn1cnc(C#N)c1-c1ccccc1F. Reaction type is Pd catalyzed C-H arylation. The reaction conditions of this reaction are: Palladium Source: [PdCl(allyl)]2. Ligand: COc1ccc(OC)c(P(c2cc(C(F)(F)F)cc(C(F)(F)F)c2)c2cc(C(F)(F)F)cc(C(F)(F)F)c2)c1-c1c(C(C)C)cc(C(C)C)cc1C(C)C. Solvent: CCCC#N. Base: CsOPiv. Reaction Temperature: 105 degrees centigrade. Reaction Concentration: 0.153 M. Palladium loading: 2.25 mol%. Ligand loading: 5 mol%. Base loading: 3 eq. What is the yield (%) and cost (US dollar per mol) of this reaction?","","13.99,0.449818785","[]"
"Here is a chemical reaction. Reactants are: Cn1cnc(C#N)c1, Fc1ccccc1Br. Product is: Cn1cnc(C#N)c1-c1ccccc1F. Reaction type is Pd catalyzed C-H arylation. The reaction conditions of this reaction are: Palladium Source: [PdCl(allyl)]2. Ligand: CP(C)c1ccccc1. Solvent: CC(=O)N(C)C. Base: CsOPiv. Reaction Temperature: 90 degrees centigrade. Reaction Concentration: 0.1 M. Palladium loading: 2.25 mol%. Ligand loading: 5 mol%. Base loading: 3 eq. What is the yield (%) and cost (US dollar per mol) of this reaction?","","0.0,0.114980007","[]"
"Here is a chemical reaction. Reactants are: Cn1cnc(C#N)c1, Fc1ccccc1Br. Product is: Cn1cnc(C#N)c1-c1ccccc1F. Reaction type is Pd catalyzed C-H arylation. The reaction conditions of this reaction are: Palladium Source: [PdCl(allyl)]2. Ligand: CN(C)c1cccc(N(C)C)c1-c1ccccc1P(c1ccccc1)C(C)(C)C. Solvent: CCCCOC(C)=O. Base: CsOAc. Reaction Temperature: 90 degrees centigrade. Reaction Concentration: 0.153 M. Palladium loading: 2.25 mol%. Ligand loading: 5 mol%. Base loading: 3 eq. What is the yield (%) and cost (US dollar per mol) of this reaction?","","7.74,0.317651227","[]"
"Here is a chemical reaction. Reactants are: Cn1cnc(C#N)c1, Fc1ccccc1Br. Product is: Cn1cnc(C#N)c1-c1ccccc1F. Reaction type is Pd catalyzed C-H arylation. The reaction conditions of this reaction are: Palladium Source: [PdCl(allyl)]2. Ligand: CP(C)c1ccccc1. Solvent: CCCC#N. Base: CsOAc. Reaction Temperature: 105 degrees centigrade. Reaction Concentration: 0.057 M. Palladium loading: 2.25 mol%. Ligand loading: 5 mol%. Base loading: 3 eq. What is the yield (%) and cost (US dollar per mol) of this reaction?","","0.0,0.114786933","[]"
"Here is a chemical reaction. Reactants are: Cn1cnc(C#N)c1, Fc1ccccc1Br. Product is: Cn1cnc(C#N)c1-c1ccccc1F. Reaction type is Pd catalyzed C-H arylation. The reaction conditions of this reaction are: Palladium Source: [PdCl(allyl)]2. Ligand: c1ccc(P(c2ccccc2)c2ccccc2)cc1. Solvent: CCCC#N. Base: CsOPiv. Reaction Temperature: 105 degrees centigrade. Reaction Concentration: 0.153 M. Palladium loading: 2.25 mol%. Ligand loading: 5 mol%. Base loading: 3 eq. What is the yield (%) and cost (US dollar per mol) of this reaction?","","4.1,0.120023179","[]"
"Here is a chemical reaction. Reactants are: Cn1cnc(C#N)c1, Fc1ccccc1Br. Product is: Cn1cnc(C#N)c1-c1ccccc1F. Reaction type is Pd catalyzed C-H arylation. The reaction conditions of this reaction are: Palladium Source: [PdCl(allyl)]2. Ligand: CC(C)(C)P(c1ccccc1)C(C)(C)C. Solvent: CC(=O)N(C)C. Base: CsOPiv. Reaction Temperature: 105 degrees centigrade. Reaction Concentration: 0.153 M. Palladium loading: 2.25 mol%. Ligand loading: 5 mol%. Base loading: 3 eq. What is the yield (%) and cost (US dollar per mol) of this reaction?","","0.0,0.124924132","[]"
"Here is a chemical reaction. Reactants are: Cn1cnc(C#N)c1, Fc1ccccc1Br. Product is: Cn1cnc(C#N)c1-c1ccccc1F. Reaction type is Pd catalyzed C-H arylation. The reaction conditions of this reaction are: Palladium Source: [PdCl(allyl)]2. Ligand: CP(C)c1ccccc1. Solvent: CC(=O)N(C)C. Base: KOPiv. Reaction Temperature: 120 degrees centigrade. Reaction Concentration: 0.057 M. Palladium loading: 2.25 mol%. Ligand loading: 5 mol%. Base loading: 3 eq. What is the yield (%) and cost (US dollar per mol) of this reaction?","","2.15,0.037645824","[]"
"Here is a chemical reaction. Reactants are: Cn1cnc(C#N)c1, Fc1ccccc1Br. Product is: Cn1cnc(C#N)c1-c1ccccc1F. Reaction type is Pd catalyzed C-H arylation. The reaction conditions of this reaction are: Palladium Source: [PdCl(allyl)]2. Ligand: COc1ccc(OC)c(P(c2cc(C(F)(F)F)cc(C(F)(F)F)c2)c2cc(C(F)(F)F)cc(C(F)(F)F)c2)c1-c1c(C(C)C)cc(C(C)C)cc1C(C)C. Solvent: CC(=O)N(C)C. Base: CsOPiv. Reaction Temperature: 90 degrees centigrade. Reaction Concentration: 0.057 M. Palladium loading: 2.25 mol%. Ligand loading: 5 mol%. Base loading: 3 eq. What is the yield (%) and cost (US dollar per mol) of this reaction?","","2.72,0.45252062","[]"
"Here is a chemical reaction. Reactants are: Cn1cnc(C#N)c1, Fc1ccccc1Br. Product is: Cn1cnc(C#N)c1-c1ccccc1F. Reaction type is Pd catalyzed C-H arylation. The reaction conditions of this reaction are: Palladium Source: [PdCl(allyl)]2. Ligand: COc1ccc(OC)c(P(C2CCCCC2)C2CCCCC2)c1-c1c(C(C)C)cc(C(C)C)cc1C(C)C. Solvent: CCCCOC(C)=O. Base: KOAc. Reaction Temperature: 90 degrees centigrade. Reaction Concentration: 0.153 M. Palladium loading: 2.25 mol%. Ligand loading: 5 mol%. Base loading: 3 eq. What is the yield (%) and cost (US dollar per mol) of this reaction?","","15.36,0.149041157","[]"
"Here is a chemical reaction. Reactants are: Cn1cnc(C#N)c1, Fc1ccccc1Br. Product is: Cn1cnc(C#N)c1-c1ccccc1F. Reaction type is Pd catalyzed C-H arylation. The reaction conditions of this reaction are: Palladium Source: [PdCl(allyl)]2. Ligand: CC(C)(C)P(c1ccccc1)C(C)(C)C. Solvent: CC(=O)N(C)C. Base: KOPiv. Reaction Temperature: 105 degrees centigrade. Reaction Concentration: 0.1 M. Palladium loading: 2.25 mol%. Ligand loading: 5 mol%. Base loading: 3 eq. What is the yield (%) and cost (US dollar per mol) of this reaction?","","0.0,0.042106611","[]"
"Here is a chemical reaction. Reactants are: Cn1cnc(C#N)c1, Fc1ccccc1Br. Product is: Cn1cnc(C#N)c1-c1ccccc1F. Reaction type is Pd catalyzed C-H arylation. The reaction conditions of this reaction are: Palladium Source: [PdCl(allyl)]2. Ligand: c1ccc(P(c2ccccc2)c2ccccc2)cc1. Solvent: CCCCOC(C)=O. Base: CsOAc. Reaction Temperature: 120 degrees centigrade. Reaction Concentration: 0.1 M. Palladium loading: 2.25 mol%. Ligand loading: 5 mol%. Base loading: 3 eq. What is the yield (%) and cost (US dollar per mol) of this reaction?","","4.94,0.083536619","[]"
"Here is a chemical reaction. Reactants are: Cn1cnc(C#N)c1, Fc1ccccc1Br. Product is: Cn1cnc(C#N)c1-c1ccccc1F. Reaction type is Pd catalyzed C-H arylation. The reaction conditions of this reaction are: Palladium Source: [PdCl(allyl)]2. Ligand: CC(C)c1cc(C(C)C)c(-c2ccccc2P(C2CCCCC2)C2CCCCC2)c(C(C)C)c1. Solvent: CCCC#N. Base: KOPiv. Reaction Temperature: 120 degrees centigrade. Reaction Concentration: 0.153 M. Palladium loading: 2.25 mol%. Ligand loading: 5 mol%. Base loading: 3 eq. What is the yield (%) and cost (US dollar per mol) of this reaction?","","71.43,0.041269496","[]"
"Here is a chemical reaction. Reactants are: Cn1cnc(C#N)c1, Fc1ccccc1Br. Product is: Cn1cnc(C#N)c1-c1ccccc1F. Reaction type is Pd catalyzed C-H arylation. The reaction conditions of this reaction are: Palladium Source: [PdCl(allyl)]2. Ligand: CC(C)(C)P(c1ccccc1)C(C)(C)C. Solvent: CCCC#N. Base: KOAc. Reaction Temperature: 105 degrees centigrade. Reaction Concentration: 0.1 M. Palladium loading: 2.25 mol%. Ligand loading: 5 mol%. Base loading: 3 eq. What is the yield (%) and cost (US dollar per mol) of this reaction?","","0.0,0.061023208","[]"
"Here is a chemical reaction. Reactants are: Cn1cnc(C#N)c1, Fc1ccccc1Br. Product is: Cn1cnc(C#N)c1-c1ccccc1F. Reaction type is Pd catalyzed C-H arylation. The reaction conditions of this reaction are: Palladium Source: [PdCl(allyl)]2. Ligand: COc1ccc(OC)c(P(C2CCCCC2)C2CCCCC2)c1-c1c(C(C)C)cc(C(C)C)cc1C(C)C. Solvent: CCCCOC(C)=O. Base: KOAc. Reaction Temperature: 90 degrees centigrade. Reaction Concentration: 0.057 M. Palladium loading: 2.25 mol%. Ligand loading: 5 mol%. Base loading: 3 eq. What is the yield (%) and cost (US dollar per mol) of this reaction?","","17.54,0.176132882","[]"
"Here is a chemical reaction. Reactants are: Cn1cnc(C#N)c1, Fc1ccccc1Br. Product is: Cn1cnc(C#N)c1-c1ccccc1F. Reaction type is Pd catalyzed C-H arylation. The reaction conditions of this reaction are: Palladium Source: [PdCl(allyl)]2. Ligand: CN(C)c1cccc(N(C)C)c1-c1ccccc1P(c1ccccc1)C(C)(C)C. Solvent: Cc1ccc(C)cc1. Base: CsOPiv. Reaction Temperature: 120 degrees centigrade. Reaction Concentration: 0.057 M. Palladium loading: 2.25 mol%. Ligand loading: 5 mol%. Base loading: 3 eq. What is the yield (%) and cost (US dollar per mol) of this reaction?","","20.07,0.369454088","[]"
"Here is a chemical reaction. Reactants are: Cn1cnc(C#N)c1, Fc1ccccc1Br. Product is: Cn1cnc(C#N)c1-c1ccccc1F. Reaction type is Pd catalyzed C-H arylation. The reaction conditions of this reaction are: Palladium Source: [PdCl(allyl)]2. Ligand: CC(C)c1cc(C(C)C)c(-c2ccccc2P(C2CCCCC2)C2CCCCC2)c(C(C)C)c1. Solvent: CCCC#N. Base: CsOPiv. Reaction Temperature: 105 degrees centigrade. Reaction Concentration: 0.1 M. Palladium loading: 2.25 mol%. Ligand loading: 5 mol%. Base loading: 3 eq. What is the yield (%) and cost (US dollar per mol) of this reaction?","","68.53,0.139211319","[]"
"Here is a chemical reaction. Reactants are: Cn1cnc(C#N)c1, Fc1ccccc1Br. Product is: Cn1cnc(C#N)c1-c1ccccc1F. Reaction type is Pd catalyzed C-H arylation. The reaction conditions of this reaction are: Palladium Source: [PdCl(allyl)]2. Ligand: CC12C[C@]3(C)O[C@@](C)(C[C@@](C)(O3)P1c1ccccc1)O2. Solvent: CCCC#N. Base: KOAc. Reaction Temperature: 105 degrees centigrade. Reaction Concentration: 0.057 M. Palladium loading: 2.25 mol%. Ligand loading: 5 mol%. Base loading: 3 eq. What is the yield (%) and cost (US dollar per mol) of this reaction?","","36.66,0.09872535","[]"
"Here is a chemical reaction. Reactants are: Cn1cnc(C#N)c1, Fc1ccccc1Br. Product is: Cn1cnc(C#N)c1-c1ccccc1F. Reaction type is Pd catalyzed C-H arylation. The reaction conditions of this reaction are: Palladium Source: [PdCl(allyl)]2. Ligand: c1ccc(P(c2ccccc2)c2ccccc2)cc1. Solvent: CC(=O)N(C)C. Base: KOPiv. Reaction Temperature: 90 degrees centigrade. Reaction Concentration: 0.1 M. Palladium loading: 2.25 mol%. Ligand loading: 5 mol%. Base loading: 3 eq. What is the yield (%) and cost (US dollar per mol) of this reaction?","","38.78,0.025309262","[]"
"Here is a chemical reaction. Reactants are: Cn1cnc(C#N)c1, Fc1ccccc1Br. Product is: Cn1cnc(C#N)c1-c1ccccc1F. Reaction type is Pd catalyzed C-H arylation. The reaction conditions of this reaction are: Palladium Source: [PdCl(allyl)]2. Ligand: CC(C)(C)P(c1ccccc1)C(C)(C)C. Solvent: CCCCOC(C)=O. Base: CsOAc. Reaction Temperature: 90 degrees centigrade. Reaction Concentration: 0.057 M. Palladium loading: 2.25 mol%. Ligand loading: 5 mol%. Base loading: 3 eq. What is the yield (%) and cost (US dollar per mol) of this reaction?","","0.0,0.118975871","[]"
"Here is a chemical reaction. Reactants are: Cn1cnc(C#N)c1, Fc1ccccc1Br. Product is: Cn1cnc(C#N)c1-c1ccccc1F. Reaction type is Pd catalyzed C-H arylation. The reaction conditions of this reaction are: Palladium Source: [PdCl(allyl)]2. Ligand: CC(C)(C)P(c1ccccc1)C(C)(C)C. Solvent: CCCCOC(C)=O. Base: KOPiv. Reaction Temperature: 105 degrees centigrade. Reaction Concentration: 0.1 M. Palladium loading: 2.25 mol%. Ligand loading: 5 mol%. Base loading: 3 eq. What is the yield (%) and cost (US dollar per mol) of this reaction?","","0.0,0.05382323","[]"
"Here is a chemical reaction. Reactants are: Cn1cnc(C#N)c1, Fc1ccccc1Br. Product is: Cn1cnc(C#N)c1-c1ccccc1F. Reaction type is Pd catalyzed C-H arylation. The reaction conditions of this reaction are: Palladium Source: [PdCl(allyl)]2. Ligand: c1ccc(P(c2ccccc2)c2ccccc2)cc1. Solvent: CCCC#N. Base: CsOPiv. Reaction Temperature: 120 degrees centigrade. Reaction Concentration: 0.1 M. Palladium loading: 2.25 mol%. Ligand loading: 5 mol%. Base loading: 3 eq. What is the yield (%) and cost (US dollar per mol) of this reaction?","","7.36,0.130544289","[]"
"Here is a chemical reaction. Reactants are: Cn1cnc(C#N)c1, Fc1ccccc1Br. Product is: Cn1cnc(C#N)c1-c1ccccc1F. Reaction type is Pd catalyzed C-H arylation. The reaction conditions of this reaction are: Palladium Source: [PdCl(allyl)]2. Ligand: C1CCC(P(C2CCCCC2)C2CCCCC2)CC1. Solvent: CC(=O)N(C)C. Base: CsOPiv. Reaction Temperature: 120 degrees centigrade. Reaction Concentration: 0.1 M. Palladium loading: 2.25 mol%. Ligand loading: 5 mol%. Base loading: 3 eq. What is the yield (%) and cost (US dollar per mol) of this reaction?","","27.93,0.118613912","[]"
"Here is a chemical reaction. Reactants are: Cn1cnc(C#N)c1, Fc1ccccc1Br. Product is: Cn1cnc(C#N)c1-c1ccccc1F. Reaction type is Pd catalyzed C-H arylation. The reaction conditions of this reaction are: Palladium Source: [PdCl(allyl)]2. Ligand: COc1ccc(OC)c(P(C2CCCCC2)C2CCCCC2)c1-c1c(C(C)C)cc(C(C)C)cc1C(C)C. Solvent: CCCC#N. Base: KOAc. Reaction Temperature: 90 degrees centigrade. Reaction Concentration: 0.1 M. Palladium loading: 2.25 mol%. Ligand loading: 5 mol%. Base loading: 3 eq. What is the yield (%) and cost (US dollar per mol) of this reaction?","","9.66,0.163656182","[]"
"Here is a chemical reaction. Reactants are: Cn1cnc(C#N)c1, Fc1ccccc1Br. Product is: Cn1cnc(C#N)c1-c1ccccc1F. Reaction type is Pd catalyzed C-H arylation. The reaction conditions of this reaction are: Palladium Source: [PdCl(allyl)]2. Ligand: COc1ccc(OC)c(P(c2cc(C(F)(F)F)cc(C(F)(F)F)c2)c2cc(C(F)(F)F)cc(C(F)(F)F)c2)c1-c1c(C(C)C)cc(C(C)C)cc1C(C)C. Solvent: CCCC#N. Base: KOPiv. Reaction Temperature: 120 degrees centigrade. Reaction Concentration: 0.1 M. Palladium loading: 2.25 mol%. Ligand loading: 5 mol%. Base loading: 3 eq. What is the yield (%) and cost (US dollar per mol) of this reaction?","","16.47,0.372865893","[]"
"Here is a chemical reaction. Reactants are: Cn1cnc(C#N)c1, Fc1ccccc1Br. Product is: Cn1cnc(C#N)c1-c1ccccc1F. Reaction type is Pd catalyzed C-H arylation. The reaction conditions of this reaction are: Palladium Source: [PdCl(allyl)]2. Ligand: CC(C)Oc1cccc(OC(C)C)c1P(C1CCCCC1)C1CCCCC1. Solvent: CCCCOC(C)=O. Base: KOPiv. Reaction Temperature: 120 degrees centigrade. Reaction Concentration: 0.153 M. Palladium loading: 2.25 mol%. Ligand loading: 5 mol%. Base loading: 3 eq. What is the yield (%) and cost (US dollar per mol) of this reaction?","","26.48,0.040655175","[]"
"Here is a chemical reaction. Reactants are: Cn1cnc(C#N)c1, Fc1ccccc1Br. Product is: Cn1cnc(C#N)c1-c1ccccc1F. Reaction type is Pd catalyzed C-H arylation. The reaction conditions of this reaction are: Palladium Source: [PdCl(allyl)]2. Ligand: CC(C)(C)P(c1ccccc1)C(C)(C)C. Solvent: CCCC#N. Base: KOAc. Reaction Temperature: 120 degrees centigrade. Reaction Concentration: 0.153 M. Palladium loading: 2.25 mol%. Ligand loading: 5 mol%. Base loading: 3 eq. What is the yield (%) and cost (US dollar per mol) of this reaction?","","0.0,0.05052713","[]"
"Here is a chemical reaction. Reactants are: Cn1cnc(C#N)c1, Fc1ccccc1Br. Product is: Cn1cnc(C#N)c1-c1ccccc1F. Reaction type is Pd catalyzed C-H arylation. The reaction conditions of this reaction are: Palladium Source: [PdCl(allyl)]2. Ligand: COc1ccc(OC)c(P(C2CCCCC2)C2CCCCC2)c1-c1c(C(C)C)cc(C(C)C)cc1C(C)C. Solvent: Cc1ccc(C)cc1. Base: KOAc. Reaction Temperature: 105 degrees centigrade. Reaction Concentration: 0.1 M. Palladium loading: 2.25 mol%. Ligand loading: 5 mol%. Base loading: 3 eq. What is the yield (%) and cost (US dollar per mol) of this reaction?","","16.44,0.148146224","[]"
"Here is a chemical reaction. Reactants are: Cn1cnc(C#N)c1, Fc1ccccc1Br. Product is: Cn1cnc(C#N)c1-c1ccccc1F. Reaction type is Pd catalyzed C-H arylation. The reaction conditions of this reaction are: Palladium Source: [PdCl(allyl)]2. Ligand: CN(C)c1cccc(N(C)C)c1-c1ccccc1P(c1ccccc1)C(C)(C)C. Solvent: CCCC#N. Base: CsOPiv. Reaction Temperature: 120 degrees centigrade. Reaction Concentration: 0.153 M. Palladium loading: 2.25 mol%. Ligand loading: 5 mol%. Base loading: 3 eq. What is the yield (%) and cost (US dollar per mol) of this reaction?","","7.54,0.36267002","[]"
"Here is a chemical reaction. Reactants are: Cn1cnc(C#N)c1, Fc1ccccc1Br. Product is: Cn1cnc(C#N)c1-c1ccccc1F. Reaction type is Pd catalyzed C-H arylation. The reaction conditions of this reaction are: Palladium Source: [PdCl(allyl)]2. Ligand: COc1ccc(OC)c(P(c2cc(C(F)(F)F)cc(C(F)(F)F)c2)c2cc(C(F)(F)F)cc(C(F)(F)F)c2)c1-c1c(C(C)C)cc(C(C)C)cc1C(C)C. Solvent: CCCCOC(C)=O. Base: KOAc. Reaction Temperature: 90 degrees centigrade. Reaction Concentration: 0.153 M. Palladium loading: 2.25 mol%. Ligand loading: 5 mol%. Base loading: 3 eq. What is the yield (%) and cost (US dollar per mol) of this reaction?","","4.39,0.359231178","[]"
"Here is a chemical reaction. Reactants are: Cn1cnc(C#N)c1, Fc1ccccc1Br. Product is: Cn1cnc(C#N)c1-c1ccccc1F. Reaction type is Pd catalyzed C-H arylation. The reaction conditions of this reaction are: Palladium Source: [PdCl(allyl)]2. Ligand: CC(C)c1cc(C(C)C)c(-c2ccccc2P(C2CCCCC2)C2CCCCC2)c(C(C)C)c1. Solvent: Cc1ccc(C)cc1. Base: KOAc. Reaction Temperature: 105 degrees centigrade. Reaction Concentration: 0.1 M. Palladium loading: 2.25 mol%. Ligand loading: 5 mol%. Base loading: 3 eq. What is the yield (%) and cost (US dollar per mol) of this reaction?","","43.76,0.036975345","[]"
"Here is a chemical reaction. Reactants are: Cn1cnc(C#N)c1, Fc1ccccc1Br. Product is: Cn1cnc(C#N)c1-c1ccccc1F. Reaction type is Pd catalyzed C-H arylation. The reaction conditions of this reaction are: Palladium Source: [PdCl(allyl)]2. Ligand: CP(C)c1ccccc1. Solvent: CC(=O)N(C)C. Base: CsOPiv. Reaction Temperature: 105 degrees centigrade. Reaction Concentration: 0.057 M. Palladium loading: 2.25 mol%. Ligand loading: 5 mol%. Base loading: 3 eq. What is the yield (%) and cost (US dollar per mol) of this reaction?","","0.0,0.125107638","[]"
"Here is a chemical reaction. Reactants are: Cn1cnc(C#N)c1, Fc1ccccc1Br. Product is: Cn1cnc(C#N)c1-c1ccccc1F. Reaction type is Pd catalyzed C-H arylation. The reaction conditions of this reaction are: Palladium Source: [PdCl(allyl)]2. Ligand: C1CCC(P(C2CCCCC2)C2CCCCC2)CC1. Solvent: CCCC#N. Base: CsOPiv. Reaction Temperature: 105 degrees centigrade. Reaction Concentration: 0.1 M. Palladium loading: 2.25 mol%. Ligand loading: 5 mol%. Base loading: 3 eq. What is the yield (%) and cost (US dollar per mol) of this reaction?","","0.33,0.136358227","[]"
"Here is a chemical reaction. Reactants are: Cn1cnc(C#N)c1, Fc1ccccc1Br. Product is: Cn1cnc(C#N)c1-c1ccccc1F. Reaction type is Pd catalyzed C-H arylation. The reaction conditions of this reaction are: Palladium Source: [PdCl(allyl)]2. Ligand: CP(c1ccccc1)c1ccccc1. Solvent: CC(=O)N(C)C. Base: KOPiv. Reaction Temperature: 90 degrees centigrade. Reaction Concentration: 0.153 M. Palladium loading: 2.25 mol%. Ligand loading: 5 mol%. Base loading: 3 eq. What is the yield (%) and cost (US dollar per mol) of this reaction?","","2.29,0.021612277","[]"
"Here is a chemical reaction. Reactants are: Cn1cnc(C#N)c1, Fc1ccccc1Br. Product is: Cn1cnc(C#N)c1-c1ccccc1F. Reaction type is Pd catalyzed C-H arylation. The reaction conditions of this reaction are: Palladium Source: [PdCl(allyl)]2. Ligand: CC(C)(C)P(c1ccccc1)C(C)(C)C. Solvent: CCCC#N. Base: CsOPiv. Reaction Temperature: 120 degrees centigrade. Reaction Concentration: 0.057 M. Palladium loading: 2.25 mol%. Ligand loading: 5 mol%. Base loading: 3 eq. What is the yield (%) and cost (US dollar per mol) of this reaction?","","0.0,0.170254815","[]"
"Here is a chemical reaction. Reactants are: Cn1cnc(C#N)c1, Fc1ccccc1Br. Product is: Cn1cnc(C#N)c1-c1ccccc1F. Reaction type is Pd catalyzed C-H arylation. The reaction conditions of this reaction are: Palladium Source: [PdCl(allyl)]2. Ligand: c1ccc(P(c2ccccc2)c2ccccc2)cc1. Solvent: CCCC#N. Base: CsOAc. Reaction Temperature: 120 degrees centigrade. Reaction Concentration: 0.1 M. Palladium loading: 2.25 mol%. Ligand loading: 5 mol%. Base loading: 3 eq. What is the yield (%) and cost (US dollar per mol) of this reaction?","","13.09,0.089715019","[]"
"Here is a chemical reaction. Reactants are: Cn1cnc(C#N)c1, Fc1ccccc1Br. Product is: Cn1cnc(C#N)c1-c1ccccc1F. Reaction type is Pd catalyzed C-H arylation. The reaction conditions of this reaction are: Palladium Source: [PdCl(allyl)]2. Ligand: CN(C)c1cccc(N(C)C)c1-c1ccccc1P(c1ccccc1)C(C)(C)C. Solvent: CCCCOC(C)=O. Base: CsOPiv. Reaction Temperature: 90 degrees centigrade. Reaction Concentration: 0.153 M. Palladium loading: 2.25 mol%. Ligand loading: 5 mol%. Base loading: 3 eq. What is the yield (%) and cost (US dollar per mol) of this reaction?","","8.72,0.358530005","[]"
"Here is a chemical reaction. Reactants are: Cn1cnc(C#N)c1, Fc1ccccc1Br. Product is: Cn1cnc(C#N)c1-c1ccccc1F. Reaction type is Pd catalyzed C-H arylation. The reaction conditions of this reaction are: Palladium Source: [PdCl(allyl)]2. Ligand: COc1ccc(OC)c(P(c2cc(C(F)(F)F)cc(C(F)(F)F)c2)c2cc(C(F)(F)F)cc(C(F)(F)F)c2)c1-c1c(C(C)C)cc(C(C)C)cc1C(C)C. Solvent: CCCC#N. Base: CsOPiv. Reaction Temperature: 120 degrees centigrade. Reaction Concentration: 0.153 M. Palladium loading: 2.25 mol%. Ligand loading: 5 mol%. Base loading: 3 eq. What is the yield (%) and cost (US dollar per mol) of this reaction?","","13.79,0.449817249","[]"
"Here is a chemical reaction. Reactants are: Cn1cnc(C#N)c1, Fc1ccccc1Br. Product is: Cn1cnc(C#N)c1-c1ccccc1F. Reaction type is Pd catalyzed C-H arylation. The reaction conditions of this reaction are: Palladium Source: [PdCl(allyl)]2. Ligand: CP(c1ccccc1)c1ccccc1. Solvent: CCCCOC(C)=O. Base: KOPiv. Reaction Temperature: 105 degrees centigrade. Reaction Concentration: 0.057 M. Palladium loading: 2.25 mol%. Ligand loading: 5 mol%. Base loading: 3 eq. What is the yield (%) and cost (US dollar per mol) of this reaction?","","0.0,0.056530681","[]"
"Here is a chemical reaction. Reactants are: Cn1cnc(C#N)c1, Fc1ccccc1Br. Product is: Cn1cnc(C#N)c1-c1ccccc1F. Reaction type is Pd catalyzed C-H arylation. The reaction conditions of this reaction are: Palladium Source: [PdCl(allyl)]2. Ligand: CP(C)c1ccccc1. Solvent: Cc1ccc(C)cc1. Base: KOAc. Reaction Temperature: 105 degrees centigrade. Reaction Concentration: 0.1 M. Palladium loading: 2.25 mol%. Ligand loading: 5 mol%. Base loading: 3 eq. What is the yield (%) and cost (US dollar per mol) of this reaction?","","0.0,0.030932803","[]"
"Here is a chemical reaction. Reactants are: Cn1cnc(C#N)c1, Fc1ccccc1Br. Product is: Cn1cnc(C#N)c1-c1ccccc1F. Reaction type is Pd catalyzed C-H arylation. The reaction conditions of this reaction are: Palladium Source: [PdCl(allyl)]2. Ligand: CC(C)c1cc(C(C)C)c(-c2ccccc2P(C2CCCCC2)C2CCCCC2)c(C(C)C)c1. Solvent: CCCCOC(C)=O. Base: KOAc. Reaction Temperature: 120 degrees centigrade. Reaction Concentration: 0.057 M. Palladium loading: 2.25 mol%. Ligand loading: 5 mol%. Base loading: 3 eq. What is the yield (%) and cost (US dollar per mol) of this reaction?","","61.86,0.065111574","[]"
"Here is a chemical reaction. Reactants are: Cn1cnc(C#N)c1, Fc1ccccc1Br. Product is: Cn1cnc(C#N)c1-c1ccccc1F. Reaction type is Pd catalyzed C-H arylation. The reaction conditions of this reaction are: Palladium Source: [PdCl(allyl)]2. Ligand: CP(C)c1ccccc1. Solvent: Cc1ccc(C)cc1. Base: KOAc. Reaction Temperature: 120 degrees centigrade. Reaction Concentration: 0.057 M. Palladium loading: 2.25 mol%. Ligand loading: 5 mol%. Base loading: 3 eq. What is the yield (%) and cost (US dollar per mol) of this reaction?","","0.0,0.042701224","[]"
"Here is a chemical reaction. Reactants are: Cn1cnc(C#N)c1, Fc1ccccc1Br. Product is: Cn1cnc(C#N)c1-c1ccccc1F. Reaction type is Pd catalyzed C-H arylation. The reaction conditions of this reaction are: Palladium Source: [PdCl(allyl)]2. Ligand: CC(C)Oc1cccc(OC(C)C)c1P(C1CCCCC1)C1CCCCC1. Solvent: CCCCOC(C)=O. Base: KOPiv. Reaction Temperature: 105 degrees centigrade. Reaction Concentration: 0.057 M. Palladium loading: 2.25 mol%. Ligand loading: 5 mol%. Base loading: 3 eq. What is the yield (%) and cost (US dollar per mol) of this reaction?","","10.68,0.067645771","[]"
"Here is a chemical reaction. Reactants are: Cn1cnc(C#N)c1, Fc1ccccc1Br. Product is: Cn1cnc(C#N)c1-c1ccccc1F. Reaction type is Pd catalyzed C-H arylation. The reaction conditions of this reaction are: Palladium Source: [PdCl(allyl)]2. Ligand: C1CCC(P(C2CCCCC2)C2CCCCC2)CC1. Solvent: CCCC#N. Base: KOAc. Reaction Temperature: 90 degrees centigrade. Reaction Concentration: 0.153 M. Palladium loading: 2.25 mol%. Ligand loading: 5 mol%. Base loading: 3 eq. What is the yield (%) and cost (US dollar per mol) of this reaction?","","0.0,0.039485903","[]"
"Here is a chemical reaction. Reactants are: Cn1cnc(C#N)c1, Fc1ccccc1Br. Product is: Cn1cnc(C#N)c1-c1ccccc1F. Reaction type is Pd catalyzed C-H arylation. The reaction conditions of this reaction are: Palladium Source: [PdCl(allyl)]2. Ligand: C1CCC(P(C2CCCCC2)C2CCCCC2)CC1. Solvent: Cc1ccc(C)cc1. Base: KOPiv. Reaction Temperature: 105 degrees centigrade. Reaction Concentration: 0.057 M. Palladium loading: 2.25 mol%. Ligand loading: 5 mol%. Base loading: 3 eq. What is the yield (%) and cost (US dollar per mol) of this reaction?","","0.0,0.045160314","[]"
"Here is a chemical reaction. Reactants are: Cn1cnc(C#N)c1, Fc1ccccc1Br. Product is: Cn1cnc(C#N)c1-c1ccccc1F. Reaction type is Pd catalyzed C-H arylation. The reaction conditions of this reaction are: Palladium Source: [PdCl(allyl)]2. Ligand: CC12C[C@]3(C)O[C@@](C)(C[C@@](C)(O3)P1c1ccccc1)O2. Solvent: Cc1ccc(C)cc1. Base: CsOPiv. Reaction Temperature: 105 degrees centigrade. Reaction Concentration: 0.153 M. Palladium loading: 2.25 mol%. Ligand loading: 5 mol%. Base loading: 3 eq. What is the yield (%) and cost (US dollar per mol) of this reaction?","","19.28,0.141130342","[]"
"Here is a chemical reaction. Reactants are: Cn1cnc(C#N)c1, Fc1ccccc1Br. Product is: Cn1cnc(C#N)c1-c1ccccc1F. Reaction type is Pd catalyzed C-H arylation. The reaction conditions of this reaction are: Palladium Source: [PdCl(allyl)]2. Ligand: CN(C)c1cccc(N(C)C)c1-c1ccccc1P(c1ccccc1)C(C)(C)C. Solvent: CC(=O)N(C)C. Base: CsOPiv. Reaction Temperature: 120 degrees centigrade. Reaction Concentration: 0.153 M. Palladium loading: 2.25 mol%. Ligand loading: 5 mol%. Base loading: 3 eq. What is the yield (%) and cost (US dollar per mol) of this reaction?","","9.96,0.35066413","[]"
"Here is a chemical reaction. Reactants are: Cn1cnc(C#N)c1, Fc1ccccc1Br. Product is: Cn1cnc(C#N)c1-c1ccccc1F. Reaction type is Pd catalyzed C-H arylation. The reaction conditions of this reaction are: Palladium Source: [PdCl(allyl)]2. Ligand: c1coc(P(c2ccco2)c2ccco2)c1. Solvent: CCCC#N. Base: KOAc. Reaction Temperature: 90 degrees centigrade. Reaction Concentration: 0.153 M. Palladium loading: 2.25 mol%. Ligand loading: 5 mol%. Base loading: 3 eq. What is the yield (%) and cost (US dollar per mol) of this reaction?","","5.7,0.045962058","[]"
"Here is a chemical reaction. Reactants are: Cn1cnc(C#N)c1, Fc1ccccc1Br. Product is: Cn1cnc(C#N)c1-c1ccccc1F. Reaction type is Pd catalyzed C-H arylation. The reaction conditions of this reaction are: Palladium Source: [PdCl(allyl)]2. Ligand: CP(c1ccccc1)c1ccccc1. Solvent: CC(=O)N(C)C. Base: CsOAc. Reaction Temperature: 120 degrees centigrade. Reaction Concentration: 0.153 M. Palladium loading: 2.25 mol%. Ligand loading: 5 mol%. Base loading: 3 eq. What is the yield (%) and cost (US dollar per mol) of this reaction?","","2.33,0.068207139","[]"
"Here is a chemical reaction. Reactants are: Cn1cnc(C#N)c1, Fc1ccccc1Br. Product is: Cn1cnc(C#N)c1-c1ccccc1F. Reaction type is Pd catalyzed C-H arylation. The reaction conditions of this reaction are: Palladium Source: [PdCl(allyl)]2. Ligand: c1coc(P(c2ccco2)c2ccco2)c1. Solvent: Cc1ccc(C)cc1. Base: KOAc. Reaction Temperature: 120 degrees centigrade. Reaction Concentration: 0.1 M. Palladium loading: 2.25 mol%. Ligand loading: 5 mol%. Base loading: 3 eq. What is the yield (%) and cost (US dollar per mol) of this reaction?","","9.72,0.040954058","[]"
"Here is a chemical reaction. Reactants are: Cn1cnc(C#N)c1, Fc1ccccc1Br. Product is: Cn1cnc(C#N)c1-c1ccccc1F. Reaction type is Pd catalyzed C-H arylation. The reaction conditions of this reaction are: Palladium Source: [PdCl(allyl)]2. Ligand: COc1ccc(OC)c(P(C2CCCCC2)C2CCCCC2)c1-c1c(C(C)C)cc(C(C)C)cc1C(C)C. Solvent: CCCCOC(C)=O. Base: CsOAc. Reaction Temperature: 105 degrees centigrade. Reaction Concentration: 0.1 M. Palladium loading: 2.25 mol%. Ligand loading: 5 mol%. Base loading: 3 eq. What is the yield (%) and cost (US dollar per mol) of this reaction?","","26.64,0.203126617","[]"
"Here is a chemical reaction. Reactants are: Cn1cnc(C#N)c1, Fc1ccccc1Br. Product is: Cn1cnc(C#N)c1-c1ccccc1F. Reaction type is Pd catalyzed C-H arylation. The reaction conditions of this reaction are: Palladium Source: [PdCl(allyl)]2. Ligand: CC12C[C@]3(C)O[C@@](C)(C[C@@](C)(O3)P1c1ccccc1)O2. Solvent: CCCC#N. Base: CsOAc. Reaction Temperature: 120 degrees centigrade. Reaction Concentration: 0.1 M. Palladium loading: 2.25 mol%. Ligand loading: 5 mol%. Base loading: 3 eq. What is the yield (%) and cost (US dollar per mol) of this reaction?","","88.82,0.121768396","[]"
"Here is a chemical reaction. Reactants are: Cn1cnc(C#N)c1, Fc1ccccc1Br. Product is: Cn1cnc(C#N)c1-c1ccccc1F. Reaction type is Pd catalyzed C-H arylation. The reaction conditions of this reaction are: Palladium Source: [PdCl(allyl)]2. Ligand: CN(C)c1cccc(N(C)C)c1-c1ccccc1P(c1ccccc1)C(C)(C)C. Solvent: Cc1ccc(C)cc1. Base: CsOPiv. Reaction Temperature: 105 degrees centigrade. Reaction Concentration: 0.1 M. Palladium loading: 2.25 mol%. Ligand loading: 5 mol%. Base loading: 3 eq. What is the yield (%) and cost (US dollar per mol) of this reaction?","","28.65,0.357716982","[]"
"Here is a chemical reaction. Reactants are: Cn1cnc(C#N)c1, Fc1ccccc1Br. Product is: Cn1cnc(C#N)c1-c1ccccc1F. Reaction type is Pd catalyzed C-H arylation. The reaction conditions of this reaction are: Palladium Source: [PdCl(allyl)]2. Ligand: COc1ccc(OC)c(P(C2CCCCC2)C2CCCCC2)c1-c1c(C(C)C)cc(C(C)C)cc1C(C)C. Solvent: Cc1ccc(C)cc1. Base: CsOPiv. Reaction Temperature: 90 degrees centigrade. Reaction Concentration: 0.153 M. Palladium loading: 2.25 mol%. Ligand loading: 5 mol%. Base loading: 3 eq. What is the yield (%) and cost (US dollar per mol) of this reaction?","","23.57,0.229142037","[]"
"Here is a chemical reaction. Reactants are: Cn1cnc(C#N)c1, Fc1ccccc1Br. Product is: Cn1cnc(C#N)c1-c1ccccc1F. Reaction type is Pd catalyzed C-H arylation. The reaction conditions of this reaction are: Palladium Source: [PdCl(allyl)]2. Ligand: CP(C)c1ccccc1. Solvent: CCCCOC(C)=O. Base: KOPiv. Reaction Temperature: 90 degrees centigrade. Reaction Concentration: 0.1 M. Palladium loading: 2.25 mol%. Ligand loading: 5 mol%. Base loading: 3 eq. What is the yield (%) and cost (US dollar per mol) of this reaction?","","0.0,0.039228614","[]"
"Here is a chemical reaction. Reactants are: Cn1cnc(C#N)c1, Fc1ccccc1Br. Product is: Cn1cnc(C#N)c1-c1ccccc1F. Reaction type is Pd catalyzed C-H arylation. The reaction conditions of this reaction are: Palladium Source: [PdCl(allyl)]2. Ligand: CC(C)Oc1cccc(OC(C)C)c1P(C1CCCCC1)C1CCCCC1. Solvent: CC(=O)N(C)C. Base: CsOPiv. Reaction Temperature: 90 degrees centigrade. Reaction Concentration: 0.153 M. Palladium loading: 2.25 mol%. Ligand loading: 5 mol%. Base loading: 3 eq. What is the yield (%) and cost (US dollar per mol) of this reaction?","","23.23,0.120195674","[]"
"Here is a chemical reaction. Reactants are: Cn1cnc(C#N)c1, Fc1ccccc1Br. Product is: Cn1cnc(C#N)c1-c1ccccc1F. Reaction type is Pd catalyzed C-H arylation. The reaction conditions of this reaction are: Palladium Source: [PdCl(allyl)]2. Ligand: CN(C)c1cccc(N(C)C)c1-c1ccccc1P(c1ccccc1)C(C)(C)C. Solvent: CC(=O)N(C)C. Base: KOAc. Reaction Temperature: 120 degrees centigrade. Reaction Concentration: 0.1 M. Palladium loading: 2.25 mol%. Ligand loading: 5 mol%. Base loading: 3 eq. What is the yield (%) and cost (US dollar per mol) of this reaction?","","82.09,0.269148843","[]"
"Here is a chemical reaction. Reactants are: Cn1cnc(C#N)c1, Fc1ccccc1Br. Product is: Cn1cnc(C#N)c1-c1ccccc1F. Reaction type is Pd catalyzed C-H arylation. The reaction conditions of this reaction are: Palladium Source: [PdCl(allyl)]2. Ligand: c1ccc(P(c2ccccc2)c2ccccc2)cc1. Solvent: Cc1ccc(C)cc1. Base: CsOAc. Reaction Temperature: 120 degrees centigrade. Reaction Concentration: 0.1 M. Palladium loading: 2.25 mol%. Ligand loading: 5 mol%. Base loading: 3 eq. What is the yield (%) and cost (US dollar per mol) of this reaction?","","16.64,0.074179454","[]"
"Here is a chemical reaction. Reactants are: Cn1cnc(C#N)c1, Fc1ccccc1Br. Product is: Cn1cnc(C#N)c1-c1ccccc1F. Reaction type is Pd catalyzed C-H arylation. The reaction conditions of this reaction are: Palladium Source: [PdCl(allyl)]2. Ligand: CC(C)c1cc(C(C)C)c(-c2ccccc2P(C2CCCCC2)C2CCCCC2)c(C(C)C)c1. Solvent: CC(=O)N(C)C. Base: CsOPiv. Reaction Temperature: 105 degrees centigrade. Reaction Concentration: 0.153 M. Palladium loading: 2.25 mol%. Ligand loading: 5 mol%. Base loading: 3 eq. What is the yield (%) and cost (US dollar per mol) of this reaction?","","40.06,0.11632783","[]"
"Here is a chemical reaction. Reactants are: Cn1cnc(C#N)c1, Fc1ccccc1Br. Product is: Cn1cnc(C#N)c1-c1ccccc1F. Reaction type is Pd catalyzed C-H arylation. The reaction conditions of this reaction are: Palladium Source: [PdCl(allyl)]2. Ligand: COc1ccc(OC)c(P(c2cc(C(F)(F)F)cc(C(F)(F)F)c2)c2cc(C(F)(F)F)cc(C(F)(F)F)c2)c1-c1c(C(C)C)cc(C(C)C)cc1C(C)C. Solvent: CCCCOC(C)=O. Base: KOPiv. Reaction Temperature: 90 degrees centigrade. Reaction Concentration: 0.057 M. Palladium loading: 2.25 mol%. Ligand loading: 5 mol%. Base loading: 3 eq. What is the yield (%) and cost (US dollar per mol) of this reaction?","","3.67,0.385212292","[]"
"Here is a chemical reaction. Reactants are: Cn1cnc(C#N)c1, Fc1ccccc1Br. Product is: Cn1cnc(C#N)c1-c1ccccc1F. Reaction type is Pd catalyzed C-H arylation. The reaction conditions of this reaction are: Palladium Source: [PdCl(allyl)]2. Ligand: CC(C)c1cc(C(C)C)c(-c2ccccc2P(C2CCCCC2)C2CCCCC2)c(C(C)C)c1. Solvent: CCCCOC(C)=O. Base: CsOPiv. Reaction Temperature: 90 degrees centigrade. Reaction Concentration: 0.057 M. Palladium loading: 2.25 mol%. Ligand loading: 5 mol%. Base loading: 3 eq. What is the yield (%) and cost (US dollar per mol) of this reaction?","","62.34,0.151487986","[]"
"Here is a chemical reaction. Reactants are: Cn1cnc(C#N)c1, Fc1ccccc1Br. Product is: Cn1cnc(C#N)c1-c1ccccc1F. Reaction type is Pd catalyzed C-H arylation. The reaction conditions of this reaction are: Palladium Source: [PdCl(allyl)]2. Ligand: CP(C)c1ccccc1. Solvent: CC(=O)N(C)C. Base: KOPiv. Reaction Temperature: 105 degrees centigrade. Reaction Concentration: 0.057 M. Palladium loading: 2.25 mol%. Ligand loading: 5 mol%. Base loading: 3 eq. What is the yield (%) and cost (US dollar per mol) of this reaction?","","0.0,0.037639626","[]"
"Here is a chemical reaction. Reactants are: Cn1cnc(C#N)c1, Fc1ccccc1Br. Product is: Cn1cnc(C#N)c1-c1ccccc1F. Reaction type is Pd catalyzed C-H arylation. The reaction conditions of this reaction are: Palladium Source: [PdCl(allyl)]2. Ligand: C1CCC(P(C2CCCCC2)C2CCCCC2)CC1. Solvent: CCCC#N. Base: CsOAc. Reaction Temperature: 120 degrees centigrade. Reaction Concentration: 0.057 M. Palladium loading: 2.25 mol%. Ligand loading: 5 mol%. Base loading: 3 eq. What is the yield (%) and cost (US dollar per mol) of this reaction?","","3.04,0.118363664","[]"
"Here is a chemical reaction. Reactants are: Cn1cnc(C#N)c1, Fc1ccccc1Br. Product is: Cn1cnc(C#N)c1-c1ccccc1F. Reaction type is Pd catalyzed C-H arylation. The reaction conditions of this reaction are: Palladium Source: [PdCl(allyl)]2. Ligand: COc1ccc(OC)c(P(c2cc(C(F)(F)F)cc(C(F)(F)F)c2)c2cc(C(F)(F)F)cc(C(F)(F)F)c2)c1-c1c(C(C)C)cc(C(C)C)cc1C(C)C. Solvent: Cc1ccc(C)cc1. Base: CsOAc. Reaction Temperature: 90 degrees centigrade. Reaction Concentration: 0.057 M. Palladium loading: 2.25 mol%. Ligand loading: 5 mol%. Base loading: 3 eq. What is the yield (%) and cost (US dollar per mol) of this reaction?","","5.48,0.415626812","[]"
"Here is a chemical reaction. Reactants are: Cn1cnc(C#N)c1, Fc1ccccc1Br. Product is: Cn1cnc(C#N)c1-c1ccccc1F. Reaction type is Pd catalyzed C-H arylation. The reaction conditions of this reaction are: Palladium Source: [PdCl(allyl)]2. Ligand: CP(C)c1ccccc1. Solvent: Cc1ccc(C)cc1. Base: CsOAc. Reaction Temperature: 105 degrees centigrade. Reaction Concentration: 0.1 M. Palladium loading: 2.25 mol%. Ligand loading: 5 mol%. Base loading: 3 eq. What is the yield (%) and cost (US dollar per mol) of this reaction?","","0.0,0.07643325","[]"
"Here is a chemical reaction. Reactants are: Cn1cnc(C#N)c1, Fc1ccccc1Br. Product is: Cn1cnc(C#N)c1-c1ccccc1F. Reaction type is Pd catalyzed C-H arylation. The reaction conditions of this reaction are: Palladium Source: [PdCl(allyl)]2. Ligand: CC(C)Oc1cccc(OC(C)C)c1P(C1CCCCC1)C1CCCCC1. Solvent: Cc1ccc(C)cc1. Base: CsOPiv. Reaction Temperature: 120 degrees centigrade. Reaction Concentration: 0.057 M. Palladium loading: 2.25 mol%. Ligand loading: 5 mol%. Base loading: 3 eq. What is the yield (%) and cost (US dollar per mol) of this reaction?","","3.69,0.138887595","[]"
"Here is a chemical reaction. Reactants are: Cn1cnc(C#N)c1, Fc1ccccc1Br. Product is: Cn1cnc(C#N)c1-c1ccccc1F. Reaction type is Pd catalyzed C-H arylation. The reaction conditions of this reaction are: Palladium Source: [PdCl(allyl)]2. Ligand: CC(C)(C)P(c1ccccc1)C(C)(C)C. Solvent: Cc1ccc(C)cc1. Base: KOPiv. Reaction Temperature: 120 degrees centigrade. Reaction Concentration: 0.153 M. Palladium loading: 2.25 mol%. Ligand loading: 5 mol%. Base loading: 3 eq. What is the yield (%) and cost (US dollar per mol) of this reaction?","","0.0,0.039029198","[]"
"Here is a chemical reaction. Reactants are: Cn1cnc(C#N)c1, Fc1ccccc1Br. Product is: Cn1cnc(C#N)c1-c1ccccc1F. Reaction type is Pd catalyzed C-H arylation. The reaction conditions of this reaction are: Palladium Source: [PdCl(allyl)]2. Ligand: CN(C)c1cccc(N(C)C)c1-c1ccccc1P(c1ccccc1)C(C)(C)C. Solvent: Cc1ccc(C)cc1. Base: CsOAc. Reaction Temperature: 90 degrees centigrade. Reaction Concentration: 0.1 M. Palladium loading: 2.25 mol%. Ligand loading: 5 mol%. Base loading: 3 eq. What is the yield (%) and cost (US dollar per mol) of this reaction?","","20.04,0.316812291","[]"
"Here is a chemical reaction. Reactants are: Cn1cnc(C#N)c1, Fc1ccccc1Br. Product is: Cn1cnc(C#N)c1-c1ccccc1F. Reaction type is Pd catalyzed C-H arylation. The reaction conditions of this reaction are: Palladium Source: [PdCl(allyl)]2. Ligand: CP(c1ccccc1)c1ccccc1. Solvent: CCCC#N. Base: KOAc. Reaction Temperature: 90 degrees centigrade. Reaction Concentration: 0.057 M. Palladium loading: 2.25 mol%. Ligand loading: 5 mol%. Base loading: 3 eq. What is the yield (%) and cost (US dollar per mol) of this reaction?","","0.0,0.068030658","[]"
"Here is a chemical reaction. Reactants are: Cn1cnc(C#N)c1, Fc1ccccc1Br. Product is: Cn1cnc(C#N)c1-c1ccccc1F. Reaction type is Pd catalyzed C-H arylation. The reaction conditions of this reaction are: Palladium Source: [PdCl(allyl)]2. Ligand: CP(C)c1ccccc1. Solvent: CCCC#N. Base: KOPiv. Reaction Temperature: 90 degrees centigrade. Reaction Concentration: 0.057 M. Palladium loading: 2.25 mol%. Ligand loading: 5 mol%. Base loading: 3 eq. What is the yield (%) and cost (US dollar per mol) of this reaction?","","0.0,0.068192187","[]"
"Here is a chemical reaction. Reactants are: Cn1cnc(C#N)c1, Fc1ccccc1Br. Product is: Cn1cnc(C#N)c1-c1ccccc1F. Reaction type is Pd catalyzed C-H arylation. The reaction conditions of this reaction are: Palladium Source: [PdCl(allyl)]2. Ligand: CN(C)c1cccc(N(C)C)c1-c1ccccc1P(c1ccccc1)C(C)(C)C. Solvent: CC(=O)N(C)C. Base: CsOAc. Reaction Temperature: 90 degrees centigrade. Reaction Concentration: 0.1 M. Palladium loading: 2.25 mol%. Ligand loading: 5 mol%. Base loading: 3 eq. What is the yield (%) and cost (US dollar per mol) of this reaction?","","17.74,0.314463782","[]"
"Here is a chemical reaction. Reactants are: Cn1cnc(C#N)c1, Fc1ccccc1Br. Product is: Cn1cnc(C#N)c1-c1ccccc1F. Reaction type is Pd catalyzed C-H arylation. The reaction conditions of this reaction are: Palladium Source: [PdCl(allyl)]2. Ligand: COc1ccc(OC)c(P(c2cc(C(F)(F)F)cc(C(F)(F)F)c2)c2cc(C(F)(F)F)cc(C(F)(F)F)c2)c1-c1c(C(C)C)cc(C(C)C)cc1C(C)C. Solvent: CC(=O)N(C)C. Base: CsOAc. Reaction Temperature: 105 degrees centigrade. Reaction Concentration: 0.153 M. Palladium loading: 2.25 mol%. Ligand loading: 5 mol%. Base loading: 3 eq. What is the yield (%) and cost (US dollar per mol) of this reaction?","","22.3,0.396925677","[]"
"Here is a chemical reaction. Reactants are: Cn1cnc(C#N)c1, Fc1ccccc1Br. Product is: Cn1cnc(C#N)c1-c1ccccc1F. Reaction type is Pd catalyzed C-H arylation. The reaction conditions of this reaction are: Palladium Source: [PdCl(allyl)]2. Ligand: CP(c1ccccc1)c1ccccc1. Solvent: CC(=O)N(C)C. Base: KOPiv. Reaction Temperature: 120 degrees centigrade. Reaction Concentration: 0.1 M. Palladium loading: 2.25 mol%. Ligand loading: 5 mol%. Base loading: 3 eq. What is the yield (%) and cost (US dollar per mol) of this reaction?","","30.15,0.026343082","[]"
"Here is a chemical reaction. Reactants are: Cn1cnc(C#N)c1, Fc1ccccc1Br. Product is: Cn1cnc(C#N)c1-c1ccccc1F. Reaction type is Pd catalyzed C-H arylation. The reaction conditions of this reaction are: Palladium Source: [PdCl(allyl)]2. Ligand: COc1ccc(OC)c(P(C2CCCCC2)C2CCCCC2)c1-c1c(C(C)C)cc(C(C)C)cc1C(C)C. Solvent: CCCC#N. Base: CsOPiv. Reaction Temperature: 105 degrees centigrade. Reaction Concentration: 0.1 M. Palladium loading: 2.25 mol%. Ligand loading: 5 mol%. Base loading: 3 eq. What is the yield (%) and cost (US dollar per mol) of this reaction?","","55.41,0.250381171","[]"
"Here is a chemical reaction. Reactants are: Cn1cnc(C#N)c1, Fc1ccccc1Br. Product is: Cn1cnc(C#N)c1-c1ccccc1F. Reaction type is Pd catalyzed C-H arylation. The reaction conditions of this reaction are: Palladium Source: [PdCl(allyl)]2. Ligand: CN(C)c1cccc(N(C)C)c1-c1ccccc1P(c1ccccc1)C(C)(C)C. Solvent: Cc1ccc(C)cc1. Base: KOAc. Reaction Temperature: 105 degrees centigrade. Reaction Concentration: 0.153 M. Palladium loading: 2.25 mol%. Ligand loading: 5 mol%. Base loading: 3 eq. What is the yield (%) and cost (US dollar per mol) of this reaction?","","8.3,0.265865076","[]"
"Here is a chemical reaction. Reactants are: Cn1cnc(C#N)c1, Fc1ccccc1Br. Product is: Cn1cnc(C#N)c1-c1ccccc1F. Reaction type is Pd catalyzed C-H arylation. The reaction conditions of this reaction are: Palladium Source: [PdCl(allyl)]2. Ligand: CC(C)c1cc(C(C)C)c(-c2ccccc2P(C2CCCCC2)C2CCCCC2)c(C(C)C)c1. Solvent: CCCC#N. Base: KOAc. Reaction Temperature: 90 degrees centigrade. Reaction Concentration: 0.1 M. Palladium loading: 2.25 mol%. Ligand loading: 5 mol%. Base loading: 3 eq. What is the yield (%) and cost (US dollar per mol) of this reaction?","","26.5,0.052514893","[]"
"Here is a chemical reaction. Reactants are: Cn1cnc(C#N)c1, Fc1ccccc1Br. Product is: Cn1cnc(C#N)c1-c1ccccc1F. Reaction type is Pd catalyzed C-H arylation. The reaction conditions of this reaction are: Palladium Source: [PdCl(allyl)]2. Ligand: COc1ccc(OC)c(P(C2CCCCC2)C2CCCCC2)c1-c1c(C(C)C)cc(C(C)C)cc1C(C)C. Solvent: CC(=O)N(C)C. Base: CsOAc. Reaction Temperature: 120 degrees centigrade. Reaction Concentration: 0.1 M. Palladium loading: 2.25 mol%. Ligand loading: 5 mol%. Base loading: 3 eq. What is the yield (%) and cost (US dollar per mol) of this reaction?","","4.08,0.191271921","[]"
"Here is a chemical reaction. Reactants are: Cn1cnc(C#N)c1, Fc1ccccc1Br. Product is: Cn1cnc(C#N)c1-c1ccccc1F. Reaction type is Pd catalyzed C-H arylation. The reaction conditions of this reaction are: Palladium Source: [PdCl(allyl)]2. Ligand: COc1ccc(OC)c(P(c2cc(C(F)(F)F)cc(C(F)(F)F)c2)c2cc(C(F)(F)F)cc(C(F)(F)F)c2)c1-c1c(C(C)C)cc(C(C)C)cc1C(C)C. Solvent: CCCCOC(C)=O. Base: KOPiv. Reaction Temperature: 120 degrees centigrade. Reaction Concentration: 0.057 M. Palladium loading: 2.25 mol%. Ligand loading: 5 mol%. Base loading: 3 eq. What is the yield (%) and cost (US dollar per mol) of this reaction?","","3.96,0.385213924","[]"
"Here is a chemical reaction. Reactants are: Cn1cnc(C#N)c1, Fc1ccccc1Br. Product is: Cn1cnc(C#N)c1-c1ccccc1F. Reaction type is Pd catalyzed C-H arylation. The reaction conditions of this reaction are: Palladium Source: [PdCl(allyl)]2. Ligand: c1ccc(P(c2ccccc2)c2ccccc2)cc1. Solvent: CCCCOC(C)=O. Base: KOAc. Reaction Temperature: 105 degrees centigrade. Reaction Concentration: 0.1 M. Palladium loading: 2.25 mol%. Ligand loading: 5 mol%. Base loading: 3 eq. What is the yield (%) and cost (US dollar per mol) of this reaction?","","3.41,0.038027567","[]"
"Here is a chemical reaction. Reactants are: Cn1cnc(C#N)c1, Fc1ccccc1Br. Product is: Cn1cnc(C#N)c1-c1ccccc1F. Reaction type is Pd catalyzed C-H arylation. The reaction conditions of this reaction are: Palladium Source: [PdCl(allyl)]2. Ligand: CP(C)c1ccccc1. Solvent: CCCC#N. Base: CsOAc. Reaction Temperature: 120 degrees centigrade. Reaction Concentration: 0.153 M. Palladium loading: 2.25 mol%. Ligand loading: 5 mol%. Base loading: 3 eq. What is the yield (%) and cost (US dollar per mol) of this reaction?","","0.0,0.08143296","[]"
"Here is a chemical reaction. Reactants are: Cn1cnc(C#N)c1, Fc1ccccc1Br. Product is: Cn1cnc(C#N)c1-c1ccccc1F. Reaction type is Pd catalyzed C-H arylation. The reaction conditions of this reaction are: Palladium Source: [PdCl(allyl)]2. Ligand: CC(C)c1cc(C(C)C)c(-c2ccccc2P(C2CCCCC2)C2CCCCC2)c(C(C)C)c1. Solvent: CCCCOC(C)=O. Base: CsOAc. Reaction Temperature: 120 degrees centigrade. Reaction Concentration: 0.057 M. Palladium loading: 2.25 mol%. Ligand loading: 5 mol%. Base loading: 3 eq. What is the yield (%) and cost (US dollar per mol) of this reaction?","","7.02,0.110303569","[]"
"Here is a chemical reaction. Reactants are: Cn1cnc(C#N)c1, Fc1ccccc1Br. Product is: Cn1cnc(C#N)c1-c1ccccc1F. Reaction type is Pd catalyzed C-H arylation. The reaction conditions of this reaction are: Palladium Source: [PdCl(allyl)]2. Ligand: CN(C)c1cccc(N(C)C)c1-c1ccccc1P(c1ccccc1)C(C)(C)C. Solvent: CCCCOC(C)=O. Base: CsOPiv. Reaction Temperature: 105 degrees centigrade. Reaction Concentration: 0.1 M. Palladium loading: 2.25 mol%. Ligand loading: 5 mol%. Base loading: 3 eq. What is the yield (%) and cost (US dollar per mol) of this reaction?","","15.16,0.367087796","[]"
"Here is a chemical reaction. Reactants are: Cn1cnc(C#N)c1, Fc1ccccc1Br. Product is: Cn1cnc(C#N)c1-c1ccccc1F. Reaction type is Pd catalyzed C-H arylation. The reaction conditions of this reaction are: Palladium Source: [PdCl(allyl)]2. Ligand: CC(C)Oc1cccc(OC(C)C)c1P(C1CCCCC1)C1CCCCC1. Solvent: CCCC#N. Base: KOPiv. Reaction Temperature: 120 degrees centigrade. Reaction Concentration: 0.057 M. Palladium loading: 2.25 mol%. Ligand loading: 5 mol%. Base loading: 3 eq. What is the yield (%) and cost (US dollar per mol) of this reaction?","","64.48,0.078486468","[]"
"Here is a chemical reaction. Reactants are: Cn1cnc(C#N)c1, Fc1ccccc1Br. Product is: Cn1cnc(C#N)c1-c1ccccc1F. Reaction type is Pd catalyzed C-H arylation. The reaction conditions of this reaction are: Palladium Source: [PdCl(allyl)]2. Ligand: C1CCC(P(C2CCCCC2)C2CCCCC2)CC1. Solvent: CCCC#N. Base: KOAc. Reaction Temperature: 120 degrees centigrade. Reaction Concentration: 0.057 M. Palladium loading: 2.25 mol%. Ligand loading: 5 mol%. Base loading: 3 eq. What is the yield (%) and cost (US dollar per mol) of this reaction?","","0.89,0.072846709","[]"
"Here is a chemical reaction. Reactants are: Cn1cnc(C#N)c1, Fc1ccccc1Br. Product is: Cn1cnc(C#N)c1-c1ccccc1F. Reaction type is Pd catalyzed C-H arylation. The reaction conditions of this reaction are: Palladium Source: [PdCl(allyl)]2. Ligand: c1coc(P(c2ccco2)c2ccco2)c1. Solvent: Cc1ccc(C)cc1. Base: CsOPiv. Reaction Temperature: 105 degrees centigrade. Reaction Concentration: 0.057 M. Palladium loading: 2.25 mol%. Ligand loading: 5 mol%. Base loading: 3 eq. What is the yield (%) and cost (US dollar per mol) of this reaction?","","7.12,0.139086702","[]"
"Here is a chemical reaction. Reactants are: Cn1cnc(C#N)c1, Fc1ccccc1Br. Product is: Cn1cnc(C#N)c1-c1ccccc1F. Reaction type is Pd catalyzed C-H arylation. The reaction conditions of this reaction are: Palladium Source: [PdCl(allyl)]2. Ligand: CC(C)c1cc(C(C)C)c(-c2ccccc2P(C2CCCCC2)C2CCCCC2)c(C(C)C)c1. Solvent: CCCC#N. Base: CsOAc. Reaction Temperature: 90 degrees centigrade. Reaction Concentration: 0.057 M. Palladium loading: 2.25 mol%. Ligand loading: 5 mol%. Base loading: 3 eq. What is the yield (%) and cost (US dollar per mol) of this reaction?","","72.9,0.121229502","[]"
"Here is a chemical reaction. Reactants are: Cn1cnc(C#N)c1, Fc1ccccc1Br. Product is: Cn1cnc(C#N)c1-c1ccccc1F. Reaction type is Pd catalyzed C-H arylation. The reaction conditions of this reaction are: Palladium Source: [PdCl(allyl)]2. Ligand: CC12C[C@]3(C)O[C@@](C)(C[C@@](C)(O3)P1c1ccccc1)O2. Solvent: CCCC#N. Base: KOPiv. Reaction Temperature: 105 degrees centigrade. Reaction Concentration: 0.1 M. Palladium loading: 2.25 mol%. Ligand loading: 5 mol%. Base loading: 3 eq. What is the yield (%) and cost (US dollar per mol) of this reaction?","","76.68,0.075080437","[]"
"Here is a chemical reaction. Reactants are: Cn1cnc(C#N)c1, Fc1ccccc1Br. Product is: Cn1cnc(C#N)c1-c1ccccc1F. Reaction type is Pd catalyzed C-H arylation. The reaction conditions of this reaction are: Palladium Source: [PdCl(allyl)]2. Ligand: C1CCC(P(C2CCCCC2)C2CCCCC2)CC1. Solvent: Cc1ccc(C)cc1. Base: CsOAc. Reaction Temperature: 90 degrees centigrade. Reaction Concentration: 0.1 M. Palladium loading: 2.25 mol%. Ligand loading: 5 mol%. Base loading: 3 eq. What is the yield (%) and cost (US dollar per mol) of this reaction?","","0.0,0.079986639","[]"
"Here is a chemical reaction. Reactants are: Cn1cnc(C#N)c1, Fc1ccccc1Br. Product is: Cn1cnc(C#N)c1-c1ccccc1F. Reaction type is Pd catalyzed C-H arylation. The reaction conditions of this reaction are: Palladium Source: [PdCl(allyl)]2. Ligand: CC(C)c1cc(C(C)C)c(-c2ccccc2P(C2CCCCC2)C2CCCCC2)c(C(C)C)c1. Solvent: CCCC#N. Base: CsOAc. Reaction Temperature: 90 degrees centigrade. Reaction Concentration: 0.1 M. Palladium loading: 2.25 mol%. Ligand loading: 5 mol%. Base loading: 3 eq. What is the yield (%) and cost (US dollar per mol) of this reaction?","","86.37,0.098475032","[]"
"Here is a chemical reaction. Reactants are: Cn1cnc(C#N)c1, Fc1ccccc1Br. Product is: Cn1cnc(C#N)c1-c1ccccc1F. Reaction type is Pd catalyzed C-H arylation. The reaction conditions of this reaction are: Palladium Source: [PdCl(allyl)]2. Ligand: CP(C)c1ccccc1. Solvent: CCCC#N. Base: KOPiv. Reaction Temperature: 90 degrees centigrade. Reaction Concentration: 0.1 M. Palladium loading: 2.25 mol%. Ligand loading: 5 mol%. Base loading: 3 eq. What is the yield (%) and cost (US dollar per mol) of this reaction?","","0.0,0.045334292","[]"
"Here is a chemical reaction. Reactants are: Cn1cnc(C#N)c1, Fc1ccccc1Br. Product is: Cn1cnc(C#N)c1-c1ccccc1F. Reaction type is Pd catalyzed C-H arylation. The reaction conditions of this reaction are: Palladium Source: [PdCl(allyl)]2. Ligand: c1ccc(P(c2ccccc2)c2ccccc2)cc1. Solvent: CCCC#N. Base: KOAc. Reaction Temperature: 120 degrees centigrade. Reaction Concentration: 0.153 M. Palladium loading: 2.25 mol%. Ligand loading: 5 mol%. Base loading: 3 eq. What is the yield (%) and cost (US dollar per mol) of this reaction?","","12.34,0.033712735","[]"
"Here is a chemical reaction. Reactants are: Cn1cnc(C#N)c1, Fc1ccccc1Br. Product is: Cn1cnc(C#N)c1-c1ccccc1F. Reaction type is Pd catalyzed C-H arylation. The reaction conditions of this reaction are: Palladium Source: [PdCl(allyl)]2. Ligand: COc1ccc(OC)c(P(C2CCCCC2)C2CCCCC2)c1-c1c(C(C)C)cc(C(C)C)cc1C(C)C. Solvent: CCCC#N. Base: CsOAc. Reaction Temperature: 90 degrees centigrade. Reaction Concentration: 0.1 M. Palladium loading: 2.25 mol%. Ligand loading: 5 mol%. Base loading: 3 eq. What is the yield (%) and cost (US dollar per mol) of this reaction?","","48.21,0.209452622","[]"
"Here is a chemical reaction. Reactants are: Cn1cnc(C#N)c1, Fc1ccccc1Br. Product is: Cn1cnc(C#N)c1-c1ccccc1F. Reaction type is Pd catalyzed C-H arylation. The reaction conditions of this reaction are: Palladium Source: [PdCl(allyl)]2. Ligand: CN(C)c1cccc(N(C)C)c1-c1ccccc1P(c1ccccc1)C(C)(C)C. Solvent: Cc1ccc(C)cc1. Base: KOPiv. Reaction Temperature: 105 degrees centigrade. Reaction Concentration: 0.1 M. Palladium loading: 2.25 mol%. Ligand loading: 5 mol%. Base loading: 3 eq. What is the yield (%) and cost (US dollar per mol) of this reaction?","","14.92,0.270198859","[]"
"Here is a chemical reaction. Reactants are: Cn1cnc(C#N)c1, Fc1ccccc1Br. Product is: Cn1cnc(C#N)c1-c1ccccc1F. Reaction type is Pd catalyzed C-H arylation. The reaction conditions of this reaction are: Palladium Source: [PdCl(allyl)]2. Ligand: CP(C)c1ccccc1. Solvent: CCCC#N. Base: CsOPiv. Reaction Temperature: 120 degrees centigrade. Reaction Concentration: 0.057 M. Palladium loading: 2.25 mol%. Ligand loading: 5 mol%. Base loading: 3 eq. What is the yield (%) and cost (US dollar per mol) of this reaction?","","0.0,0.155660199","[]"
"Here is a chemical reaction. Reactants are: Cn1cnc(C#N)c1, Fc1ccccc1Br. Product is: Cn1cnc(C#N)c1-c1ccccc1F. Reaction type is Pd catalyzed C-H arylation. The reaction conditions of this reaction are: Palladium Source: [PdCl(allyl)]2. Ligand: C1CCC(P(C2CCCCC2)C2CCCCC2)CC1. Solvent: CC(=O)N(C)C. Base: KOPiv. Reaction Temperature: 90 degrees centigrade. Reaction Concentration: 0.1 M. Palladium loading: 2.25 mol%. Ligand loading: 5 mol%. Base loading: 3 eq. What is the yield (%) and cost (US dollar per mol) of this reaction?","","3.01,0.031074061","[]"
"Here is a chemical reaction. Reactants are: Cn1cnc(C#N)c1, Fc1ccccc1Br. Product is: Cn1cnc(C#N)c1-c1ccccc1F. Reaction type is Pd catalyzed C-H arylation. The reaction conditions of this reaction are: Palladium Source: [PdCl(allyl)]2. Ligand: CP(c1ccccc1)c1ccccc1. Solvent: Cc1ccc(C)cc1. Base: CsOAc. Reaction Temperature: 105 degrees centigrade. Reaction Concentration: 0.057 M. Palladium loading: 2.25 mol%. Ligand loading: 5 mol%. Base loading: 3 eq. What is the yield (%) and cost (US dollar per mol) of this reaction?","","0.0,0.086945842","[]"
"Here is a chemical reaction. Reactants are: Cn1cnc(C#N)c1, Fc1ccccc1Br. Product is: Cn1cnc(C#N)c1-c1ccccc1F. Reaction type is Pd catalyzed C-H arylation. The reaction conditions of this reaction are: Palladium Source: [PdCl(allyl)]2. Ligand: CC(C)(C)P(c1ccccc1)C(C)(C)C. Solvent: CCCCOC(C)=O. Base: CsOAc. Reaction Temperature: 120 degrees centigrade. Reaction Concentration: 0.057 M. Palladium loading: 2.25 mol%. Ligand loading: 5 mol%. Base loading: 3 eq. What is the yield (%) and cost (US dollar per mol) of this reaction?","","0.0,0.118975871","[]"
"Here is a chemical reaction. Reactants are: Cn1cnc(C#N)c1, Fc1ccccc1Br. Product is: Cn1cnc(C#N)c1-c1ccccc1F. Reaction type is Pd catalyzed C-H arylation. The reaction conditions of this reaction are: Palladium Source: [PdCl(allyl)]2. Ligand: CC(C)Oc1cccc(OC(C)C)c1P(C1CCCCC1)C1CCCCC1. Solvent: Cc1ccc(C)cc1. Base: CsOAc. Reaction Temperature: 90 degrees centigrade. Reaction Concentration: 0.153 M. Palladium loading: 2.25 mol%. Ligand loading: 5 mol%. Base loading: 3 eq. What is the yield (%) and cost (US dollar per mol) of this reaction?","","1.65,0.080834541","[]"
"Here is a chemical reaction. Reactants are: Cn1cnc(C#N)c1, Fc1ccccc1Br. Product is: Cn1cnc(C#N)c1-c1ccccc1F. Reaction type is Pd catalyzed C-H arylation. The reaction conditions of this reaction are: Palladium Source: [PdCl(allyl)]2. Ligand: COc1ccc(OC)c(P(C2CCCCC2)C2CCCCC2)c1-c1c(C(C)C)cc(C(C)C)cc1C(C)C. Solvent: CC(=O)N(C)C. Base: KOAc. Reaction Temperature: 120 degrees centigrade. Reaction Concentration: 0.057 M. Palladium loading: 2.25 mol%. Ligand loading: 5 mol%. Base loading: 3 eq. What is the yield (%) and cost (US dollar per mol) of this reaction?","","3.14,0.155896396","[]"
"Here is a chemical reaction. Reactants are: Cn1cnc(C#N)c1, Fc1ccccc1Br. Product is: Cn1cnc(C#N)c1-c1ccccc1F. Reaction type is Pd catalyzed C-H arylation. The reaction conditions of this reaction are: Palladium Source: [PdCl(allyl)]2. Ligand: C1CCC(P(C2CCCCC2)C2CCCCC2)CC1. Solvent: CCCCOC(C)=O. Base: CsOPiv. Reaction Temperature: 90 degrees centigrade. Reaction Concentration: 0.1 M. Palladium loading: 2.25 mol%. Ligand loading: 5 mol%. Base loading: 3 eq. What is the yield (%) and cost (US dollar per mol) of this reaction?","","0.0,0.130250015","[]"
"Here is a chemical reaction. Reactants are: Cn1cnc(C#N)c1, Fc1ccccc1Br. Product is: Cn1cnc(C#N)c1-c1ccccc1F. Reaction type is Pd catalyzed C-H arylation. The reaction conditions of this reaction are: Palladium Source: [PdCl(allyl)]2. Ligand: CN(C)c1cccc(N(C)C)c1-c1ccccc1P(c1ccccc1)C(C)(C)C. Solvent: CCCCOC(C)=O. Base: KOPiv. Reaction Temperature: 120 degrees centigrade. Reaction Concentration: 0.1 M. Palladium loading: 2.25 mol%. Ligand loading: 5 mol%. Base loading: 3 eq. What is the yield (%) and cost (US dollar per mol) of this reaction?","","0.0,0.279534515","[]"
"Here is a chemical reaction. Reactants are: Cn1cnc(C#N)c1, Fc1ccccc1Br. Product is: Cn1cnc(C#N)c1-c1ccccc1F. Reaction type is Pd catalyzed C-H arylation. The reaction conditions of this reaction are: Palladium Source: [PdCl(allyl)]2. Ligand: CC(C)(C)P(c1ccccc1)C(C)(C)C. Solvent: CC(=O)N(C)C. Base: CsOPiv. Reaction Temperature: 90 degrees centigrade. Reaction Concentration: 0.057 M. Palladium loading: 2.25 mol%. Ligand loading: 5 mol%. Base loading: 3 eq. What is the yield (%) and cost (US dollar per mol) of this reaction?","","0.0,0.139702254","[]"
"Here is a chemical reaction. Reactants are: Cn1cnc(C#N)c1, Fc1ccccc1Br. Product is: Cn1cnc(C#N)c1-c1ccccc1F. Reaction type is Pd catalyzed C-H arylation. The reaction conditions of this reaction are: Palladium Source: [PdCl(allyl)]2. Ligand: CN(C)c1cccc(N(C)C)c1-c1ccccc1P(c1ccccc1)C(C)(C)C. Solvent: CCCCOC(C)=O. Base: CsOAc. Reaction Temperature: 105 degrees centigrade. Reaction Concentration: 0.057 M. Palladium loading: 2.25 mol%. Ligand loading: 5 mol%. Base loading: 3 eq. What is the yield (%) and cost (US dollar per mol) of this reaction?","","10.39,0.344745595","[]"
"Here is a chemical reaction. Reactants are: Cn1cnc(C#N)c1, Fc1ccccc1Br. Product is: Cn1cnc(C#N)c1-c1ccccc1F. Reaction type is Pd catalyzed C-H arylation. The reaction conditions of this reaction are: Palladium Source: [PdCl(allyl)]2. Ligand: CP(C)c1ccccc1. Solvent: CC(=O)N(C)C. Base: CsOPiv. Reaction Temperature: 105 degrees centigrade. Reaction Concentration: 0.1 M. Palladium loading: 2.25 mol%. Ligand loading: 5 mol%. Base loading: 3 eq. What is the yield (%) and cost (US dollar per mol) of this reaction?","","0.0,0.114980007","[]"
"Here is a chemical reaction. Reactants are: Cn1cnc(C#N)c1, Fc1ccccc1Br. Product is: Cn1cnc(C#N)c1-c1ccccc1F. Reaction type is Pd catalyzed C-H arylation. The reaction conditions of this reaction are: Palladium Source: [PdCl(allyl)]2. Ligand: COc1ccc(OC)c(P(C2CCCCC2)C2CCCCC2)c1-c1c(C(C)C)cc(C(C)C)cc1C(C)C. Solvent: Cc1ccc(C)cc1. Base: CsOPiv. Reaction Temperature: 120 degrees centigrade. Reaction Concentration: 0.153 M. Palladium loading: 2.25 mol%. Ligand loading: 5 mol%. Base loading: 3 eq. What is the yield (%) and cost (US dollar per mol) of this reaction?","","26.29,0.229151964","[]"
"Here is a chemical reaction. Reactants are: Cn1cnc(C#N)c1, Fc1ccccc1Br. Product is: Cn1cnc(C#N)c1-c1ccccc1F. Reaction type is Pd catalyzed C-H arylation. The reaction conditions of this reaction are: Palladium Source: [PdCl(allyl)]2. Ligand: c1ccc(P(c2ccccc2)c2ccccc2)cc1. Solvent: CCCC#N. Base: CsOPiv. Reaction Temperature: 90 degrees centigrade. Reaction Concentration: 0.057 M. Palladium loading: 2.25 mol%. Ligand loading: 5 mol%. Base loading: 3 eq. What is the yield (%) and cost (US dollar per mol) of this reaction?","","5.19,0.153385522","[]"
"Here is a chemical reaction. Reactants are: Cn1cnc(C#N)c1, Fc1ccccc1Br. Product is: Cn1cnc(C#N)c1-c1ccccc1F. Reaction type is Pd catalyzed C-H arylation. The reaction conditions of this reaction are: Palladium Source: [PdCl(allyl)]2. Ligand: COc1ccc(OC)c(P(c2cc(C(F)(F)F)cc(C(F)(F)F)c2)c2cc(C(F)(F)F)cc(C(F)(F)F)c2)c1-c1c(C(C)C)cc(C(C)C)cc1C(C)C. Solvent: Cc1ccc(C)cc1. Base: CsOPiv. Reaction Temperature: 105 degrees centigrade. Reaction Concentration: 0.1 M. Palladium loading: 2.25 mol%. Ligand loading: 5 mol%. Base loading: 3 eq. What is the yield (%) and cost (US dollar per mol) of this reaction?","","8.06,0.444741073","[]"
"Here is a chemical reaction. Reactants are: Cn1cnc(C#N)c1, Fc1ccccc1Br. Product is: Cn1cnc(C#N)c1-c1ccccc1F. Reaction type is Pd catalyzed C-H arylation. The reaction conditions of this reaction are: Palladium Source: [PdCl(allyl)]2. Ligand: C1CCC(P(C2CCCCC2)C2CCCCC2)CC1. Solvent: Cc1ccc(C)cc1. Base: KOPiv. Reaction Temperature: 120 degrees centigrade. Reaction Concentration: 0.153 M. Palladium loading: 2.25 mol%. Ligand loading: 5 mol%. Base loading: 3 eq. What is the yield (%) and cost (US dollar per mol) of this reaction?","","0.0,0.027987971","[]"
"Here is a chemical reaction. Reactants are: Cn1cnc(C#N)c1, Fc1ccccc1Br. Product is: Cn1cnc(C#N)c1-c1ccccc1F. Reaction type is Pd catalyzed C-H arylation. The reaction conditions of this reaction are: Palladium Source: [PdCl(allyl)]2. Ligand: CC(C)(C)P(c1ccccc1)C(C)(C)C. Solvent: CC(=O)N(C)C. Base: KOAc. Reaction Temperature: 90 degrees centigrade. Reaction Concentration: 0.1 M. Palladium loading: 2.25 mol%. Ligand loading: 5 mol%. Base loading: 3 eq. What is the yield (%) and cost (US dollar per mol) of this reaction?","","0.0,0.04320091","[]"
"Here is a chemical reaction. Reactants are: Cn1cnc(C#N)c1, Fc1ccccc1Br. Product is: Cn1cnc(C#N)c1-c1ccccc1F. Reaction type is Pd catalyzed C-H arylation. The reaction conditions of this reaction are: Palladium Source: [PdCl(allyl)]2. Ligand: CC(C)Oc1cccc(OC(C)C)c1P(C1CCCCC1)C1CCCCC1. Solvent: CCCC#N. Base: CsOPiv. Reaction Temperature: 105 degrees centigrade. Reaction Concentration: 0.1 M. Palladium loading: 2.25 mol%. Ligand loading: 5 mol%. Base loading: 3 eq. What is the yield (%) and cost (US dollar per mol) of this reaction?","","39.42,0.142904169","[]"
"Here is a chemical reaction. Reactants are: Cn1cnc(C#N)c1, Fc1ccccc1Br. Product is: Cn1cnc(C#N)c1-c1ccccc1F. Reaction type is Pd catalyzed C-H arylation. The reaction conditions of this reaction are: Palladium Source: [PdCl(allyl)]2. Ligand: CC12C[C@]3(C)O[C@@](C)(C[C@@](C)(O3)P1c1ccccc1)O2. Solvent: CCCCOC(C)=O. Base: CsOPiv. Reaction Temperature: 120 degrees centigrade. Reaction Concentration: 0.153 M. Palladium loading: 2.25 mol%. Ligand loading: 5 mol%. Base loading: 3 eq. What is the yield (%) and cost (US dollar per mol) of this reaction?","","26.69,0.147482559","[]"
"Here is a chemical reaction. Reactants are: Cn1cnc(C#N)c1, Fc1ccccc1Br. Product is: Cn1cnc(C#N)c1-c1ccccc1F. Reaction type is Pd catalyzed C-H arylation. The reaction conditions of this reaction are: Palladium Source: [PdCl(allyl)]2. Ligand: CC(C)c1cc(C(C)C)c(-c2ccccc2P(C2CCCCC2)C2CCCCC2)c(C(C)C)c1. Solvent: CCCCOC(C)=O. Base: CsOAc. Reaction Temperature: 105 degrees centigrade. Reaction Concentration: 0.153 M. Palladium loading: 2.25 mol%. Ligand loading: 5 mol%. Base loading: 3 eq. What is the yield (%) and cost (US dollar per mol) of this reaction?","","81.66,0.083643923","[]"
"Here is a chemical reaction. Reactants are: Cn1cnc(C#N)c1, Fc1ccccc1Br. Product is: Cn1cnc(C#N)c1-c1ccccc1F. Reaction type is Pd catalyzed C-H arylation. The reaction conditions of this reaction are: Palladium Source: [PdCl(allyl)]2. Ligand: CC12C[C@]3(C)O[C@@](C)(C[C@@](C)(O3)P1c1ccccc1)O2. Solvent: CCCC#N. Base: KOPiv. Reaction Temperature: 120 degrees centigrade. Reaction Concentration: 0.1 M. Palladium loading: 2.25 mol%. Ligand loading: 5 mol%. Base loading: 3 eq. What is the yield (%) and cost (US dollar per mol) of this reaction?","","70.51,0.075033062","[]"
"Here is a chemical reaction. Reactants are: Cn1cnc(C#N)c1, Fc1ccccc1Br. Product is: Cn1cnc(C#N)c1-c1ccccc1F. Reaction type is Pd catalyzed C-H arylation. The reaction conditions of this reaction are: Palladium Source: [PdCl(allyl)]2. Ligand: CC12C[C@]3(C)O[C@@](C)(C[C@@](C)(O3)P1c1ccccc1)O2. Solvent: CC(=O)N(C)C. Base: KOPiv. Reaction Temperature: 105 degrees centigrade. Reaction Concentration: 0.057 M. Palladium loading: 2.25 mol%. Ligand loading: 5 mol%. Base loading: 3 eq. What is the yield (%) and cost (US dollar per mol) of this reaction?","","90.39,0.067057582","[]"
"Here is a chemical reaction. Reactants are: Cn1cnc(C#N)c1, Fc1ccccc1Br. Product is: Cn1cnc(C#N)c1-c1ccccc1F. Reaction type is Pd catalyzed C-H arylation. The reaction conditions of this reaction are: Palladium Source: [PdCl(allyl)]2. Ligand: CC(C)(C)P(c1ccccc1)C(C)(C)C. Solvent: CCCC#N. Base: CsOAc. Reaction Temperature: 105 degrees centigrade. Reaction Concentration: 0.057 M. Palladium loading: 2.25 mol%. Ligand loading: 5 mol%. Base loading: 3 eq. What is the yield (%) and cost (US dollar per mol) of this reaction?","","0.0,0.129381549","[]"
"Here is a chemical reaction. Reactants are: Cn1cnc(C#N)c1, Fc1ccccc1Br. Product is: Cn1cnc(C#N)c1-c1ccccc1F. Reaction type is Pd catalyzed C-H arylation. The reaction conditions of this reaction are: Palladium Source: [PdCl(allyl)]2. Ligand: COc1ccc(OC)c(P(C2CCCCC2)C2CCCCC2)c1-c1c(C(C)C)cc(C(C)C)cc1C(C)C. Solvent: CC(=O)N(C)C. Base: KOPiv. Reaction Temperature: 90 degrees centigrade. Reaction Concentration: 0.1 M. Palladium loading: 2.25 mol%. Ligand loading: 5 mol%. Base loading: 3 eq. What is the yield (%) and cost (US dollar per mol) of this reaction?","","0.0,0.144665413","[]"
"Here is a chemical reaction. Reactants are: Cn1cnc(C#N)c1, Fc1ccccc1Br. Product is: Cn1cnc(C#N)c1-c1ccccc1F. Reaction type is Pd catalyzed C-H arylation. The reaction conditions of this reaction are: Palladium Source: [PdCl(allyl)]2. Ligand: CN(C)c1cccc(N(C)C)c1-c1ccccc1P(c1ccccc1)C(C)(C)C. Solvent: CCCCOC(C)=O. Base: KOAc. Reaction Temperature: 105 degrees centigrade. Reaction Concentration: 0.057 M. Palladium loading: 2.25 mol%. Ligand loading: 5 mol%. Base loading: 3 eq. What is the yield (%) and cost (US dollar per mol) of this reaction?","","2.85,0.29920274","[]"
"Here is a chemical reaction. Reactants are: Cn1cnc(C#N)c1, Fc1ccccc1Br. Product is: Cn1cnc(C#N)c1-c1ccccc1F. Reaction type is Pd catalyzed C-H arylation. The reaction conditions of this reaction are: Palladium Source: [PdCl(allyl)]2. Ligand: CN(C)c1cccc(N(C)C)c1-c1ccccc1P(c1ccccc1)C(C)(C)C. Solvent: Cc1ccc(C)cc1. Base: KOAc. Reaction Temperature: 105 degrees centigrade. Reaction Concentration: 0.1 M. Palladium loading: 2.25 mol%. Ligand loading: 5 mol%. Base loading: 3 eq. What is the yield (%) and cost (US dollar per mol) of this reaction?","","6.39,0.271262026","[]"
"Here is a chemical reaction. Reactants are: Cn1cnc(C#N)c1, Fc1ccccc1Br. Product is: Cn1cnc(C#N)c1-c1ccccc1F. Reaction type is Pd catalyzed C-H arylation. The reaction conditions of this reaction are: Palladium Source: [PdCl(allyl)]2. Ligand: CC12C[C@]3(C)O[C@@](C)(C[C@@](C)(O3)P1c1ccccc1)O2. Solvent: CC(=O)N(C)C. Base: KOPiv. Reaction Temperature: 105 degrees centigrade. Reaction Concentration: 0.153 M. Palladium loading: 2.25 mol%. Ligand loading: 5 mol%. Base loading: 3 eq. What is the yield (%) and cost (US dollar per mol) of this reaction?","","98.49,0.05230281","[]"
"Here is a chemical reaction. Reactants are: Cn1cnc(C#N)c1, Fc1ccccc1Br. Product is: Cn1cnc(C#N)c1-c1ccccc1F. Reaction type is Pd catalyzed C-H arylation. The reaction conditions of this reaction are: Palladium Source: [PdCl(allyl)]2. Ligand: COc1ccc(OC)c(P(c2cc(C(F)(F)F)cc(C(F)(F)F)c2)c2cc(C(F)(F)F)cc(C(F)(F)F)c2)c1-c1c(C(C)C)cc(C(C)C)cc1C(C)C. Solvent: CCCC#N. Base: CsOPiv. Reaction Temperature: 90 degrees centigrade. Reaction Concentration: 0.1 M. Palladium loading: 2.25 mol%. Ligand loading: 5 mol%. Base loading: 3 eq. What is the yield (%) and cost (US dollar per mol) of this reaction?","","13.01,0.460307338","[]"
"Here is a chemical reaction. Reactants are: Cn1cnc(C#N)c1, Fc1ccccc1Br. Product is: Cn1cnc(C#N)c1-c1ccccc1F. Reaction type is Pd catalyzed C-H arylation. The reaction conditions of this reaction are: Palladium Source: [PdCl(allyl)]2. Ligand: COc1ccc(OC)c(P(c2cc(C(F)(F)F)cc(C(F)(F)F)c2)c2cc(C(F)(F)F)cc(C(F)(F)F)c2)c1-c1c(C(C)C)cc(C(C)C)cc1C(C)C. Solvent: Cc1ccc(C)cc1. Base: KOPiv. Reaction Temperature: 120 degrees centigrade. Reaction Concentration: 0.153 M. Palladium loading: 2.25 mol%. Ligand loading: 5 mol%. Base loading: 3 eq. What is the yield (%) and cost (US dollar per mol) of this reaction?","","13.33,0.351888374","[]"
"Here is a chemical reaction. Reactants are: Cn1cnc(C#N)c1, Fc1ccccc1Br. Product is: Cn1cnc(C#N)c1-c1ccccc1F. Reaction type is Pd catalyzed C-H arylation. The reaction conditions of this reaction are: Palladium Source: [PdCl(allyl)]2. Ligand: COc1ccc(OC)c(P(C2CCCCC2)C2CCCCC2)c1-c1c(C(C)C)cc(C(C)C)cc1C(C)C. Solvent: CCCC#N. Base: CsOAc. Reaction Temperature: 120 degrees centigrade. Reaction Concentration: 0.1 M. Palladium loading: 2.25 mol%. Ligand loading: 5 mol%. Base loading: 3 eq. What is the yield (%) and cost (US dollar per mol) of this reaction?","","69.13,0.20961325","[]"
"Here is a chemical reaction. Reactants are: Cn1cnc(C#N)c1, Fc1ccccc1Br. Product is: Cn1cnc(C#N)c1-c1ccccc1F. Reaction type is Pd catalyzed C-H arylation. The reaction conditions of this reaction are: Palladium Source: [PdCl(allyl)]2. Ligand: CP(c1ccccc1)c1ccccc1. Solvent: CCCC#N. Base: KOPiv. Reaction Temperature: 105 degrees centigrade. Reaction Concentration: 0.153 M. Palladium loading: 2.25 mol%. Ligand loading: 5 mol%. Base loading: 3 eq. What is the yield (%) and cost (US dollar per mol) of this reaction?","","0.0,0.033582385","[]"
"Here is a chemical reaction. Reactants are: Cn1cnc(C#N)c1, Fc1ccccc1Br. Product is: Cn1cnc(C#N)c1-c1ccccc1F. Reaction type is Pd catalyzed C-H arylation. The reaction conditions of this reaction are: Palladium Source: [PdCl(allyl)]2. Ligand: c1coc(P(c2ccco2)c2ccco2)c1. Solvent: CCCCOC(C)=O. Base: KOPiv. Reaction Temperature: 90 degrees centigrade. Reaction Concentration: 0.1 M. Palladium loading: 2.25 mol%. Ligand loading: 5 mol%. Base loading: 3 eq. What is the yield (%) and cost (US dollar per mol) of this reaction?","","25.0,0.049355008","[]"
"Here is a chemical reaction. Reactants are: Cn1cnc(C#N)c1, Fc1ccccc1Br. Product is: Cn1cnc(C#N)c1-c1ccccc1F. Reaction type is Pd catalyzed C-H arylation. The reaction conditions of this reaction are: Palladium Source: [PdCl(allyl)]2. Ligand: CN(C)c1cccc(N(C)C)c1-c1ccccc1P(c1ccccc1)C(C)(C)C. Solvent: CC(=O)N(C)C. Base: CsOAc. Reaction Temperature: 90 degrees centigrade. Reaction Concentration: 0.057 M. Palladium loading: 2.25 mol%. Ligand loading: 5 mol%. Base loading: 3 eq. What is the yield (%) and cost (US dollar per mol) of this reaction?","","31.18,0.324630158","[]"
"Here is a chemical reaction. Reactants are: Cn1cnc(C#N)c1, Fc1ccccc1Br. Product is: Cn1cnc(C#N)c1-c1ccccc1F. Reaction type is Pd catalyzed C-H arylation. The reaction conditions of this reaction are: Palladium Source: [PdCl(allyl)]2. Ligand: CP(C)c1ccccc1. Solvent: Cc1ccc(C)cc1. Base: KOPiv. Reaction Temperature: 120 degrees centigrade. Reaction Concentration: 0.153 M. Palladium loading: 2.25 mol%. Ligand loading: 5 mol%. Base loading: 3 eq. What is the yield (%) and cost (US dollar per mol) of this reaction?","","0.0,0.024434582","[]"
"Here is a chemical reaction. Reactants are: Cn1cnc(C#N)c1, Fc1ccccc1Br. Product is: Cn1cnc(C#N)c1-c1ccccc1F. Reaction type is Pd catalyzed C-H arylation. The reaction conditions of this reaction are: Palladium Source: [PdCl(allyl)]2. Ligand: c1coc(P(c2ccco2)c2ccco2)c1. Solvent: CC(=O)N(C)C. Base: KOPiv. Reaction Temperature: 90 degrees centigrade. Reaction Concentration: 0.153 M. Palladium loading: 2.25 mol%. Ligand loading: 5 mol%. Base loading: 3 eq. What is the yield (%) and cost (US dollar per mol) of this reaction?","","37.37,0.032955013","[]"
"Here is a chemical reaction. Reactants are: Cn1cnc(C#N)c1, Fc1ccccc1Br. Product is: Cn1cnc(C#N)c1-c1ccccc1F. Reaction type is Pd catalyzed C-H arylation. The reaction conditions of this reaction are: Palladium Source: [PdCl(allyl)]2. Ligand: CP(C)c1ccccc1. Solvent: CCCCOC(C)=O. Base: KOPiv. Reaction Temperature: 120 degrees centigrade. Reaction Concentration: 0.057 M. Palladium loading: 2.25 mol%. Ligand loading: 5 mol%. Base loading: 3 eq. What is the yield (%) and cost (US dollar per mol) of this reaction?","","0.0,0.057786509","[]"
"Here is a chemical reaction. Reactants are: Cn1cnc(C#N)c1, Fc1ccccc1Br. Product is: Cn1cnc(C#N)c1-c1ccccc1F. Reaction type is Pd catalyzed C-H arylation. The reaction conditions of this reaction are: Palladium Source: [PdCl(allyl)]2. Ligand: CN(C)c1cccc(N(C)C)c1-c1ccccc1P(c1ccccc1)C(C)(C)C. Solvent: CCCCOC(C)=O. Base: KOPiv. Reaction Temperature: 120 degrees centigrade. Reaction Concentration: 0.153 M. Palladium loading: 2.25 mol%. Ligand loading: 5 mol%. Base loading: 3 eq. What is the yield (%) and cost (US dollar per mol) of this reaction?","","14.01,0.271091747","[]"
"Here is a chemical reaction. Reactants are: Cn1cnc(C#N)c1, Fc1ccccc1Br. Product is: Cn1cnc(C#N)c1-c1ccccc1F. Reaction type is Pd catalyzed C-H arylation. The reaction conditions of this reaction are: Palladium Source: [PdCl(allyl)]2. Ligand: COc1ccc(OC)c(P(C2CCCCC2)C2CCCCC2)c1-c1c(C(C)C)cc(C(C)C)cc1C(C)C. Solvent: Cc1ccc(C)cc1. Base: CsOPiv. Reaction Temperature: 105 degrees centigrade. Reaction Concentration: 0.153 M. Palladium loading: 2.25 mol%. Ligand loading: 5 mol%. Base loading: 3 eq. What is the yield (%) and cost (US dollar per mol) of this reaction?","","24.76,0.22914638","[]"
"Here is a chemical reaction. Reactants are: Cn1cnc(C#N)c1, Fc1ccccc1Br. Product is: Cn1cnc(C#N)c1-c1ccccc1F. Reaction type is Pd catalyzed C-H arylation. The reaction conditions of this reaction are: Palladium Source: [PdCl(allyl)]2. Ligand: CC(C)(C)P(c1ccccc1)C(C)(C)C. Solvent: CCCCOC(C)=O. Base: CsOAc. Reaction Temperature: 105 degrees centigrade. Reaction Concentration: 0.153 M. Palladium loading: 2.25 mol%. Ligand loading: 5 mol%. Base loading: 3 eq. What is the yield (%) and cost (US dollar per mol) of this reaction?","","0.0,0.091896408","[]"
"Here is a chemical reaction. Reactants are: Cn1cnc(C#N)c1, Fc1ccccc1Br. Product is: Cn1cnc(C#N)c1-c1ccccc1F. Reaction type is Pd catalyzed C-H arylation. The reaction conditions of this reaction are: Palladium Source: [PdCl(allyl)]2. Ligand: CP(C)c1ccccc1. Solvent: CCCC#N. Base: KOAc. Reaction Temperature: 105 degrees centigrade. Reaction Concentration: 0.1 M. Palladium loading: 2.25 mol%. Ligand loading: 5 mol%. Base loading: 3 eq. What is the yield (%) and cost (US dollar per mol) of this reaction?","","0.0,0.046428592","[]"
"Here is a chemical reaction. Reactants are: Cn1cnc(C#N)c1, Fc1ccccc1Br. Product is: Cn1cnc(C#N)c1-c1ccccc1F. Reaction type is Pd catalyzed C-H arylation. The reaction conditions of this reaction are: Palladium Source: [PdCl(allyl)]2. Ligand: c1ccc(P(c2ccccc2)c2ccccc2)cc1. Solvent: CC(=O)N(C)C. Base: KOAc. Reaction Temperature: 105 degrees centigrade. Reaction Concentration: 0.057 M. Palladium loading: 2.25 mol%. Ligand loading: 5 mol%. Base loading: 3 eq. What is the yield (%) and cost (US dollar per mol) of this reaction?","","27.82,0.036499598","[]"
"Here is a chemical reaction. Reactants are: Cn1cnc(C#N)c1, Fc1ccccc1Br. Product is: Cn1cnc(C#N)c1-c1ccccc1F. Reaction type is Pd catalyzed C-H arylation. The reaction conditions of this reaction are: Palladium Source: [PdCl(allyl)]2. Ligand: CC(C)(C)P(c1ccccc1)C(C)(C)C. Solvent: CCCC#N. Base: CsOPiv. Reaction Temperature: 120 degrees centigrade. Reaction Concentration: 0.1 M. Palladium loading: 2.25 mol%. Ligand loading: 5 mol%. Base loading: 3 eq. What is the yield (%) and cost (US dollar per mol) of this reaction?","","0.0,0.14739692","[]"
"Here is a chemical reaction. Reactants are: Cn1cnc(C#N)c1, Fc1ccccc1Br. Product is: Cn1cnc(C#N)c1-c1ccccc1F. Reaction type is Pd catalyzed C-H arylation. The reaction conditions of this reaction are: Palladium Source: [PdCl(allyl)]2. Ligand: CP(C)c1ccccc1. Solvent: Cc1ccc(C)cc1. Base: KOPiv. Reaction Temperature: 120 degrees centigrade. Reaction Concentration: 0.057 M. Palladium loading: 2.25 mol%. Ligand loading: 5 mol%. Base loading: 3 eq. What is the yield (%) and cost (US dollar per mol) of this reaction?","","0.0,0.041606925","[]"
"Here is a chemical reaction. Reactants are: Cn1cnc(C#N)c1, Fc1ccccc1Br. Product is: Cn1cnc(C#N)c1-c1ccccc1F. Reaction type is Pd catalyzed C-H arylation. The reaction conditions of this reaction are: Palladium Source: [PdCl(allyl)]2. Ligand: CC12C[C@]3(C)O[C@@](C)(C[C@@](C)(O3)P1c1ccccc1)O2. Solvent: CC(=O)N(C)C. Base: KOAc. Reaction Temperature: 120 degrees centigrade. Reaction Concentration: 0.153 M. Palladium loading: 2.25 mol%. Ligand loading: 5 mol%. Base loading: 3 eq. What is the yield (%) and cost (US dollar per mol) of this reaction?","","98.38,0.053396793","[]"
"Here is a chemical reaction. Reactants are: Cn1cnc(C#N)c1, Fc1ccccc1Br. Product is: Cn1cnc(C#N)c1-c1ccccc1F. Reaction type is Pd catalyzed C-H arylation. The reaction conditions of this reaction are: Palladium Source: [PdCl(allyl)]2. Ligand: C1CCC(P(C2CCCCC2)C2CCCCC2)CC1. Solvent: Cc1ccc(C)cc1. Base: KOAc. Reaction Temperature: 120 degrees centigrade. Reaction Concentration: 0.1 M. Palladium loading: 2.25 mol%. Ligand loading: 5 mol%. Base loading: 3 eq. What is the yield (%) and cost (US dollar per mol) of this reaction?","","0.0,0.034486192","[]"
"Here is a chemical reaction. Reactants are: Cn1cnc(C#N)c1, Fc1ccccc1Br. Product is: Cn1cnc(C#N)c1-c1ccccc1F. Reaction type is Pd catalyzed C-H arylation. The reaction conditions of this reaction are: Palladium Source: [PdCl(allyl)]2. Ligand: CC(C)c1cc(C(C)C)c(-c2ccccc2P(C2CCCCC2)C2CCCCC2)c(C(C)C)c1. Solvent: CC(=O)N(C)C. Base: CsOAc. Reaction Temperature: 90 degrees centigrade. Reaction Concentration: 0.057 M. Palladium loading: 2.25 mol%. Ligand loading: 5 mol%. Base loading: 3 eq. What is the yield (%) and cost (US dollar per mol) of this reaction?","","79.33,0.090345892","[]"
"Here is a chemical reaction. Reactants are: Cn1cnc(C#N)c1, Fc1ccccc1Br. Product is: Cn1cnc(C#N)c1-c1ccccc1F. Reaction type is Pd catalyzed C-H arylation. The reaction conditions of this reaction are: Palladium Source: [PdCl(allyl)]2. Ligand: COc1ccc(OC)c(P(c2cc(C(F)(F)F)cc(C(F)(F)F)c2)c2cc(C(F)(F)F)cc(C(F)(F)F)c2)c1-c1c(C(C)C)cc(C(C)C)cc1C(C)C. Solvent: Cc1ccc(C)cc1. Base: CsOPiv. Reaction Temperature: 120 degrees centigrade. Reaction Concentration: 0.1 M. Palladium loading: 2.25 mol%. Ligand loading: 5 mol%. Base loading: 3 eq. What is the yield (%) and cost (US dollar per mol) of this reaction?","","8.89,0.444744103","[]"
"Here is a chemical reaction. Reactants are: Cn1cnc(C#N)c1, Fc1ccccc1Br. Product is: Cn1cnc(C#N)c1-c1ccccc1F. Reaction type is Pd catalyzed C-H arylation. The reaction conditions of this reaction are: Palladium Source: [PdCl(allyl)]2. Ligand: CP(C)c1ccccc1. Solvent: CCCCOC(C)=O. Base: CsOAc. Reaction Temperature: 90 degrees centigrade. Reaction Concentration: 0.153 M. Palladium loading: 2.25 mol%. Ligand loading: 5 mol%. Base loading: 3 eq. What is the yield (%) and cost (US dollar per mol) of this reaction?","","0.0,0.077301792","[]"
"Here is a chemical reaction. Reactants are: Cn1cnc(C#N)c1, Fc1ccccc1Br. Product is: Cn1cnc(C#N)c1-c1ccccc1F. Reaction type is Pd catalyzed C-H arylation. The reaction conditions of this reaction are: Palladium Source: [PdCl(allyl)]2. Ligand: C1CCC(P(C2CCCCC2)C2CCCCC2)CC1. Solvent: CC(=O)N(C)C. Base: CsOPiv. Reaction Temperature: 90 degrees centigrade. Reaction Concentration: 0.1 M. Palladium loading: 2.25 mol%. Ligand loading: 5 mol%. Base loading: 3 eq. What is the yield (%) and cost (US dollar per mol) of this reaction?","","3.69,0.118544033","[]"
"Here is a chemical reaction. Reactants are: Cn1cnc(C#N)c1, Fc1ccccc1Br. Product is: Cn1cnc(C#N)c1-c1ccccc1F. Reaction type is Pd catalyzed C-H arylation. The reaction conditions of this reaction are: Palladium Source: [PdCl(allyl)]2. Ligand: c1coc(P(c2ccco2)c2ccco2)c1. Solvent: CCCC#N. Base: KOAc. Reaction Temperature: 120 degrees centigrade. Reaction Concentration: 0.153 M. Palladium loading: 2.25 mol%. Ligand loading: 5 mol%. Base loading: 3 eq. What is the yield (%) and cost (US dollar per mol) of this reaction?","","3.04,0.045941634","[]"
"Here is a chemical reaction. Reactants are: Cn1cnc(C#N)c1, Fc1ccccc1Br. Product is: Cn1cnc(C#N)c1-c1ccccc1F. Reaction type is Pd catalyzed C-H arylation. The reaction conditions of this reaction are: Palladium Source: [PdCl(allyl)]2. Ligand: CC(C)(C)P(c1ccccc1)C(C)(C)C. Solvent: CC(=O)N(C)C. Base: KOAc. Reaction Temperature: 105 degrees centigrade. Reaction Concentration: 0.153 M. Palladium loading: 2.25 mol%. Ligand loading: 5 mol%. Base loading: 3 eq. What is the yield (%) and cost (US dollar per mol) of this reaction?","","0.0,0.03855042","[]"
"Here is a chemical reaction. Reactants are: Cn1cnc(C#N)c1, Fc1ccccc1Br. Product is: Cn1cnc(C#N)c1-c1ccccc1F. Reaction type is Pd catalyzed C-H arylation. The reaction conditions of this reaction are: Palladium Source: [PdCl(allyl)]2. Ligand: C1CCC(P(C2CCCCC2)C2CCCCC2)CC1. Solvent: CCCCOC(C)=O. Base: KOPiv. Reaction Temperature: 120 degrees centigrade. Reaction Concentration: 0.1 M. Palladium loading: 2.25 mol%. Ligand loading: 5 mol%. Base loading: 3 eq. What is the yield (%) and cost (US dollar per mol) of this reaction?","","0.0,0.042782003","[]"
"Here is a chemical reaction. Reactants are: Cn1cnc(C#N)c1, Fc1ccccc1Br. Product is: Cn1cnc(C#N)c1-c1ccccc1F. Reaction type is Pd catalyzed C-H arylation. The reaction conditions of this reaction are: Palladium Source: [PdCl(allyl)]2. Ligand: CC12C[C@]3(C)O[C@@](C)(C[C@@](C)(O3)P1c1ccccc1)O2. Solvent: CC(=O)N(C)C. Base: KOAc. Reaction Temperature: 105 degrees centigrade. Reaction Concentration: 0.057 M. Palladium loading: 2.25 mol%. Ligand loading: 5 mol%. Base loading: 3 eq. What is the yield (%) and cost (US dollar per mol) of this reaction?","","67.21,0.068085059","[]"
"Here is a chemical reaction. Reactants are: Cn1cnc(C#N)c1, Fc1ccccc1Br. Product is: Cn1cnc(C#N)c1-c1ccccc1F. Reaction type is Pd catalyzed C-H arylation. The reaction conditions of this reaction are: Palladium Source: [PdCl(allyl)]2. Ligand: CC12C[C@]3(C)O[C@@](C)(C[C@@](C)(O3)P1c1ccccc1)O2. Solvent: Cc1ccc(C)cc1. Base: KOPiv. Reaction Temperature: 90 degrees centigrade. Reaction Concentration: 0.057 M. Palladium loading: 2.25 mol%. Ligand loading: 5 mol%. Base loading: 3 eq. What is the yield (%) and cost (US dollar per mol) of this reaction?","","16.15,0.070823249","[]"
"Here is a chemical reaction. Reactants are: Cn1cnc(C#N)c1, Fc1ccccc1Br. Product is: Cn1cnc(C#N)c1-c1ccccc1F. Reaction type is Pd catalyzed C-H arylation. The reaction conditions of this reaction are: Palladium Source: [PdCl(allyl)]2. Ligand: CC(C)c1cc(C(C)C)c(-c2ccccc2P(C2CCCCC2)C2CCCCC2)c(C(C)C)c1. Solvent: CCCCOC(C)=O. Base: CsOPiv. Reaction Temperature: 105 degrees centigrade. Reaction Concentration: 0.1 M. Palladium loading: 2.25 mol%. Ligand loading: 5 mol%. Base loading: 3 eq. What is the yield (%) and cost (US dollar per mol) of this reaction?","","59.92,0.13291648","[]"
"Here is a chemical reaction. Reactants are: Cn1cnc(C#N)c1, Fc1ccccc1Br. Product is: Cn1cnc(C#N)c1-c1ccccc1F. Reaction type is Pd catalyzed C-H arylation. The reaction conditions of this reaction are: Palladium Source: [PdCl(allyl)]2. Ligand: c1ccc(P(c2ccccc2)c2ccccc2)cc1. Solvent: Cc1ccc(C)cc1. Base: CsOPiv. Reaction Temperature: 105 degrees centigrade. Reaction Concentration: 0.1 M. Palladium loading: 2.25 mol%. Ligand loading: 5 mol%. Base loading: 3 eq. What is the yield (%) and cost (US dollar per mol) of this reaction?","","0.66,0.114994397","[]"
"Here is a chemical reaction. Reactants are: Cn1cnc(C#N)c1, Fc1ccccc1Br. Product is: Cn1cnc(C#N)c1-c1ccccc1F. Reaction type is Pd catalyzed C-H arylation. The reaction conditions of this reaction are: Palladium Source: [PdCl(allyl)]2. Ligand: CP(c1ccccc1)c1ccccc1. Solvent: CCCCOC(C)=O. Base: KOAc. Reaction Temperature: 120 degrees centigrade. Reaction Concentration: 0.1 M. Palladium loading: 2.25 mol%. Ligand loading: 5 mol%. Base loading: 3 eq. What is the yield (%) and cost (US dollar per mol) of this reaction?","","0.0,0.039067086","[]"
"Here is a chemical reaction. Reactants are: Cn1cnc(C#N)c1, Fc1ccccc1Br. Product is: Cn1cnc(C#N)c1-c1ccccc1F. Reaction type is Pd catalyzed C-H arylation. The reaction conditions of this reaction are: Palladium Source: [PdCl(allyl)]2. Ligand: C1CCC(P(C2CCCCC2)C2CCCCC2)CC1. Solvent: CCCC#N. Base: KOPiv. Reaction Temperature: 105 degrees centigrade. Reaction Concentration: 0.1 M. Palladium loading: 2.25 mol%. Ligand loading: 5 mol%. Base loading: 3 eq. What is the yield (%) and cost (US dollar per mol) of this reaction?","","0.35,0.048890369","[]"
"Here is a chemical reaction. Reactants are: Cn1cnc(C#N)c1, Fc1ccccc1Br. Product is: Cn1cnc(C#N)c1-c1ccccc1F. Reaction type is Pd catalyzed C-H arylation. The reaction conditions of this reaction are: Palladium Source: [PdCl(allyl)]2. Ligand: CC(C)(C)P(c1ccccc1)C(C)(C)C. Solvent: CCCC#N. Base: KOPiv. Reaction Temperature: 120 degrees centigrade. Reaction Concentration: 0.153 M. Palladium loading: 2.25 mol%. Ligand loading: 5 mol%. Base loading: 3 eq. What is the yield (%) and cost (US dollar per mol) of this reaction?","","0.0,0.04943283","[]"
"Here is a chemical reaction. Reactants are: Cn1cnc(C#N)c1, Fc1ccccc1Br. Product is: Cn1cnc(C#N)c1-c1ccccc1F. Reaction type is Pd catalyzed C-H arylation. The reaction conditions of this reaction are: Palladium Source: [PdCl(allyl)]2. Ligand: CC(C)Oc1cccc(OC(C)C)c1P(C1CCCCC1)C1CCCCC1. Solvent: CC(=O)N(C)C. Base: CsOAc. Reaction Temperature: 105 degrees centigrade. Reaction Concentration: 0.057 M. Palladium loading: 2.25 mol%. Ligand loading: 5 mol%. Base loading: 3 eq. What is the yield (%) and cost (US dollar per mol) of this reaction?","","12.61,0.094069915","[]"
"Here is a chemical reaction. Reactants are: Cn1cnc(C#N)c1, Fc1ccccc1Br. Product is: Cn1cnc(C#N)c1-c1ccccc1F. Reaction type is Pd catalyzed C-H arylation. The reaction conditions of this reaction are: Palladium Source: [PdCl(allyl)]2. Ligand: CC12C[C@]3(C)O[C@@](C)(C[C@@](C)(O3)P1c1ccccc1)O2. Solvent: CC(=O)N(C)C. Base: KOAc. Reaction Temperature: 90 degrees centigrade. Reaction Concentration: 0.153 M. Palladium loading: 2.25 mol%. Ligand loading: 5 mol%. Base loading: 3 eq. What is the yield (%) and cost (US dollar per mol) of this reaction?","","28.9,0.053196497","[]"
"Here is a chemical reaction. Reactants are: Cn1cnc(C#N)c1, Fc1ccccc1Br. Product is: Cn1cnc(C#N)c1-c1ccccc1F. Reaction type is Pd catalyzed C-H arylation. The reaction conditions of this reaction are: Palladium Source: [PdCl(allyl)]2. Ligand: c1ccc(P(c2ccccc2)c2ccccc2)cc1. Solvent: CCCCOC(C)=O. Base: CsOAc. Reaction Temperature: 105 degrees centigrade. Reaction Concentration: 0.057 M. Palladium loading: 2.25 mol%. Ligand loading: 5 mol%. Base loading: 3 eq. What is the yield (%) and cost (US dollar per mol) of this reaction?","","2.72,0.102082027","[]"
"Here is a chemical reaction. Reactants are: Cn1cnc(C#N)c1, Fc1ccccc1Br. Product is: Cn1cnc(C#N)c1-c1ccccc1F. Reaction type is Pd catalyzed C-H arylation. The reaction conditions of this reaction are: Palladium Source: [PdCl(allyl)]2. Ligand: CC(C)(C)P(c1ccccc1)C(C)(C)C. Solvent: CCCCOC(C)=O. Base: CsOAc. Reaction Temperature: 105 degrees centigrade. Reaction Concentration: 0.057 M. Palladium loading: 2.25 mol%. Ligand loading: 5 mol%. Base loading: 3 eq. What is the yield (%) and cost (US dollar per mol) of this reaction?","","0.0,0.118975871","[]"
"Here is a chemical reaction. Reactants are: Cn1cnc(C#N)c1, Fc1ccccc1Br. Product is: Cn1cnc(C#N)c1-c1ccccc1F. Reaction type is Pd catalyzed C-H arylation. The reaction conditions of this reaction are: Palladium Source: [PdCl(allyl)]2. Ligand: C1CCC(P(C2CCCCC2)C2CCCCC2)CC1. Solvent: CC(=O)N(C)C. Base: KOAc. Reaction Temperature: 120 degrees centigrade. Reaction Concentration: 0.153 M. Palladium loading: 2.25 mol%. Ligand loading: 5 mol%. Base loading: 3 eq. What is the yield (%) and cost (US dollar per mol) of this reaction?","","11.91,0.027543527","[]"
"Here is a chemical reaction. Reactants are: Cn1cnc(C#N)c1, Fc1ccccc1Br. Product is: Cn1cnc(C#N)c1-c1ccccc1F. Reaction type is Pd catalyzed C-H arylation. The reaction conditions of this reaction are: Palladium Source: [PdCl(allyl)]2. Ligand: CN(C)c1cccc(N(C)C)c1-c1ccccc1P(c1ccccc1)C(C)(C)C. Solvent: CCCC#N. Base: CsOPiv. Reaction Temperature: 105 degrees centigrade. Reaction Concentration: 0.153 M. Palladium loading: 2.25 mol%. Ligand loading: 5 mol%. Base loading: 3 eq. What is the yield (%) and cost (US dollar per mol) of this reaction?","","8.84,0.362680002","[]"
"Here is a chemical reaction. Reactants are: Cn1cnc(C#N)c1, Fc1ccccc1Br. Product is: Cn1cnc(C#N)c1-c1ccccc1F. Reaction type is Pd catalyzed C-H arylation. The reaction conditions of this reaction are: Palladium Source: [PdCl(allyl)]2. Ligand: CC12C[C@]3(C)O[C@@](C)(C[C@@](C)(O3)P1c1ccccc1)O2. Solvent: Cc1ccc(C)cc1. Base: KOAc. Reaction Temperature: 120 degrees centigrade. Reaction Concentration: 0.057 M. Palladium loading: 2.25 mol%. Ligand loading: 5 mol%. Base loading: 3 eq. What is the yield (%) and cost (US dollar per mol) of this reaction?","","31.14,0.071972258","[]"
"Here is a chemical reaction. Reactants are: Cn1cnc(C#N)c1, Fc1ccccc1Br. Product is: Cn1cnc(C#N)c1-c1ccccc1F. Reaction type is Pd catalyzed C-H arylation. The reaction conditions of this reaction are: Palladium Source: [PdCl(allyl)]2. Ligand: CC12C[C@]3(C)O[C@@](C)(C[C@@](C)(O3)P1c1ccccc1)O2. Solvent: CCCCOC(C)=O. Base: CsOAc. Reaction Temperature: 105 degrees centigrade. Reaction Concentration: 0.057 M. Palladium loading: 2.25 mol%. Ligand loading: 5 mol%. Base loading: 3 eq. What is the yield (%) and cost (US dollar per mol) of this reaction?","","38.53,0.133755351","[]"
"Here is a chemical reaction. Reactants are: Cn1cnc(C#N)c1, Fc1ccccc1Br. Product is: Cn1cnc(C#N)c1-c1ccccc1F. Reaction type is Pd catalyzed C-H arylation. The reaction conditions of this reaction are: Palladium Source: [PdCl(allyl)]2. Ligand: COc1ccc(OC)c(P(C2CCCCC2)C2CCCCC2)c1-c1c(C(C)C)cc(C(C)C)cc1C(C)C. Solvent: CC(=O)N(C)C. Base: KOAc. Reaction Temperature: 105 degrees centigrade. Reaction Concentration: 0.1 M. Palladium loading: 2.25 mol%. Ligand loading: 5 mol%. Base loading: 3 eq. What is the yield (%) and cost (US dollar per mol) of this reaction?","","5.47,0.145775482","[]"
"Here is a chemical reaction. Reactants are: Cn1cnc(C#N)c1, Fc1ccccc1Br. Product is: Cn1cnc(C#N)c1-c1ccccc1F. Reaction type is Pd catalyzed C-H arylation. The reaction conditions of this reaction are: Palladium Source: [PdCl(allyl)]2. Ligand: COc1ccc(OC)c(P(c2cc(C(F)(F)F)cc(C(F)(F)F)c2)c2cc(C(F)(F)F)cc(C(F)(F)F)c2)c1-c1c(C(C)C)cc(C(C)C)cc1C(C)C. Solvent: CCCC#N. Base: KOPiv. Reaction Temperature: 90 degrees centigrade. Reaction Concentration: 0.057 M. Palladium loading: 2.25 mol%. Ligand loading: 5 mol%. Base loading: 3 eq. What is the yield (%) and cost (US dollar per mol) of this reaction?","","16.57,0.395724556","[]"
"Here is a chemical reaction. Reactants are: Cn1cnc(C#N)c1, Fc1ccccc1Br. Product is: Cn1cnc(C#N)c1-c1ccccc1F. Reaction type is Pd catalyzed C-H arylation. The reaction conditions of this reaction are: Palladium Source: [PdCl(allyl)]2. Ligand: c1ccc(P(c2ccccc2)c2ccccc2)cc1. Solvent: Cc1ccc(C)cc1. Base: KOPiv. Reaction Temperature: 105 degrees centigrade. Reaction Concentration: 0.1 M. Palladium loading: 2.25 mol%. Ligand loading: 5 mol%. Base loading: 3 eq. What is the yield (%) and cost (US dollar per mol) of this reaction?","","1.41,0.027529123","[]"
"Here is a chemical reaction. Reactants are: Cn1cnc(C#N)c1, Fc1ccccc1Br. Product is: Cn1cnc(C#N)c1-c1ccccc1F. Reaction type is Pd catalyzed C-H arylation. The reaction conditions of this reaction are: Palladium Source: [PdCl(allyl)]2. Ligand: CP(c1ccccc1)c1ccccc1. Solvent: CCCCOC(C)=O. Base: CsOAc. Reaction Temperature: 120 degrees centigrade. Reaction Concentration: 0.1 M. Palladium loading: 2.25 mol%. Ligand loading: 5 mol%. Base loading: 3 eq. What is the yield (%) and cost (US dollar per mol) of this reaction?","","0.0,0.084567532","[]"
"Here is a chemical reaction. Reactants are: Cn1cnc(C#N)c1, Fc1ccccc1Br. Product is: Cn1cnc(C#N)c1-c1ccccc1F. Reaction type is Pd catalyzed C-H arylation. The reaction conditions of this reaction are: Palladium Source: [PdCl(allyl)]2. Ligand: c1ccc(P(c2ccccc2)c2ccccc2)cc1. Solvent: CC(=O)N(C)C. Base: KOAc. Reaction Temperature: 105 degrees centigrade. Reaction Concentration: 0.153 M. Palladium loading: 2.25 mol%. Ligand loading: 5 mol%. Base loading: 3 eq. What is the yield (%) and cost (US dollar per mol) of this reaction?","","30.44,0.021729029","[]"
"Here is a chemical reaction. Reactants are: Cn1cnc(C#N)c1, Fc1ccccc1Br. Product is: Cn1cnc(C#N)c1-c1ccccc1F. Reaction type is Pd catalyzed C-H arylation. The reaction conditions of this reaction are: Palladium Source: [PdCl(allyl)]2. Ligand: COc1ccc(OC)c(P(c2cc(C(F)(F)F)cc(C(F)(F)F)c2)c2cc(C(F)(F)F)cc(C(F)(F)F)c2)c1-c1c(C(C)C)cc(C(C)C)cc1C(C)C. Solvent: CC(=O)N(C)C. Base: KOAc. Reaction Temperature: 105 degrees centigrade. Reaction Concentration: 0.057 M. Palladium loading: 2.25 mol%. Ligand loading: 5 mol%. Base loading: 3 eq. What is the yield (%) and cost (US dollar per mol) of this reaction?","","87.62,0.366391656","[]"
"Here is a chemical reaction. Reactants are: Cn1cnc(C#N)c1, Fc1ccccc1Br. Product is: Cn1cnc(C#N)c1-c1ccccc1F. Reaction type is Pd catalyzed C-H arylation. The reaction conditions of this reaction are: Palladium Source: [PdCl(allyl)]2. Ligand: CN(C)c1cccc(N(C)C)c1-c1ccccc1P(c1ccccc1)C(C)(C)C. Solvent: CC(=O)N(C)C. Base: KOAc. Reaction Temperature: 120 degrees centigrade. Reaction Concentration: 0.153 M. Palladium loading: 2.25 mol%. Ligand loading: 5 mol%. Base loading: 3 eq. What is the yield (%) and cost (US dollar per mol) of this reaction?","","76.59,0.264482497","[]"
"Here is a chemical reaction. Reactants are: Cn1cnc(C#N)c1, Fc1ccccc1Br. Product is: Cn1cnc(C#N)c1-c1ccccc1F. Reaction type is Pd catalyzed C-H arylation. The reaction conditions of this reaction are: Palladium Source: [PdCl(allyl)]2. Ligand: CP(c1ccccc1)c1ccccc1. Solvent: CC(=O)N(C)C. Base: KOAc. Reaction Temperature: 120 degrees centigrade. Reaction Concentration: 0.1 M. Palladium loading: 2.25 mol%. Ligand loading: 5 mol%. Base loading: 3 eq. What is the yield (%) and cost (US dollar per mol) of this reaction?","","10.51,0.027380764","[]"
"Here is a chemical reaction. Reactants are: Cn1cnc(C#N)c1, Fc1ccccc1Br. Product is: Cn1cnc(C#N)c1-c1ccccc1F. Reaction type is Pd catalyzed C-H arylation. The reaction conditions of this reaction are: Palladium Source: [PdCl(allyl)]2. Ligand: CP(c1ccccc1)c1ccccc1. Solvent: CCCCOC(C)=O. Base: KOPiv. Reaction Temperature: 120 degrees centigrade. Reaction Concentration: 0.1 M. Palladium loading: 2.25 mol%. Ligand loading: 5 mol%. Base loading: 3 eq. What is the yield (%) and cost (US dollar per mol) of this reaction?","","0.31,0.03797453","[]"
"Here is a chemical reaction. Reactants are: Cn1cnc(C#N)c1, Fc1ccccc1Br. Product is: Cn1cnc(C#N)c1-c1ccccc1F. Reaction type is Pd catalyzed C-H arylation. The reaction conditions of this reaction are: Palladium Source: [PdCl(allyl)]2. Ligand: c1coc(P(c2ccco2)c2ccco2)c1. Solvent: CCCC#N. Base: KOAc. Reaction Temperature: 120 degrees centigrade. Reaction Concentration: 0.057 M. Palladium loading: 2.25 mol%. Ligand loading: 5 mol%. Base loading: 3 eq. What is the yield (%) and cost (US dollar per mol) of this reaction?","","12.25,0.079366324","[]"
"Here is a chemical reaction. Reactants are: Cn1cnc(C#N)c1, Fc1ccccc1Br. Product is: Cn1cnc(C#N)c1-c1ccccc1F. Reaction type is Pd catalyzed C-H arylation. The reaction conditions of this reaction are: Palladium Source: [PdCl(allyl)]2. Ligand: CP(c1ccccc1)c1ccccc1. Solvent: CCCC#N. Base: CsOAc. Reaction Temperature: 105 degrees centigrade. Reaction Concentration: 0.057 M. Palladium loading: 2.25 mol%. Ligand loading: 5 mol%. Base loading: 3 eq. What is the yield (%) and cost (US dollar per mol) of this reaction?","","0.04,0.113531412","[]"
