"instruction","input","output","history"
"Here is a chemical reaction. Reactants are: Cn1cnc(C#N)c1, Fc1ccccc1Br. Product is: Cn1cnc(C#N)c1-c1ccccc1F. Reaction type is Pd catalyzed C-H arylation. The reaction conditions of this reaction are: Palladium Source: [PdCl(allyl)]2. Ligand: COc1ccc(OC)c(P(C2CCCCC2)C2CCCCC2)c1-c1c(C(C)C)cc(C(C)C)cc1C(C)C. Solvent: CCCCOC(C)=O. Base: KOAc. Reaction Temperature: 90 degrees centigrade. Reaction Concentration: 0.1 M. Palladium loading: 2.25 mol%. Ligand loading: 5 mol%. Base loading: 3 eq. What is the yield (%) and cost (US dollar per mol) of this reaction?","","-1,-1","[]"
"Here is a chemical reaction. Reactants are: Cn1cnc(C#N)c1, Fc1ccccc1Br. Product is: Cn1cnc(C#N)c1-c1ccccc1F. Reaction type is Pd catalyzed C-H arylation. The reaction conditions of this reaction are: Palladium Source: [PdCl(allyl)]2. Ligand: COc1ccc(OC)c(P(C2CCCCC2)C2CCCCC2)c1-c1c(C(C)C)cc(C(C)C)cc1C(C)C. Solvent: CCCCOC(C)=O. Base: KOAc. Reaction Temperature: 105 degrees centigrade. Reaction Concentration: 0.1 M. Palladium loading: 2.25 mol%. Ligand loading: 5 mol%. Base loading: 3 eq. What is the yield (%) and cost (US dollar per mol) of this reaction?","","-1,-1","[]"
"Here is a chemical reaction. Reactants are: Cn1cnc(C#N)c1, Fc1ccccc1Br. Product is: Cn1cnc(C#N)c1-c1ccccc1F. Reaction type is Pd catalyzed C-H arylation. The reaction conditions of this reaction are: Palladium Source: [PdCl(allyl)]2. Ligand: COc1ccc(OC)c(P(C2CCCCC2)C2CCCCC2)c1-c1c(C(C)C)cc(C(C)C)cc1C(C)C. Solvent: CCCCOC(C)=O. Base: KOAc. Reaction Temperature: 120 degrees centigrade. Reaction Concentration: 0.1 M. Palladium loading: 2.25 mol%. Ligand loading: 5 mol%. Base loading: 3 eq. What is the yield (%) and cost (US dollar per mol) of this reaction?","","-1,-1","[]"
"Here is a chemical reaction. Reactants are: Cn1cnc(C#N)c1, Fc1ccccc1Br. Product is: Cn1cnc(C#N)c1-c1ccccc1F. Reaction type is Pd catalyzed C-H arylation. The reaction conditions of this reaction are: Palladium Source: [PdCl(allyl)]2. Ligand: COc1ccc(OC)c(P(C2CCCCC2)C2CCCCC2)c1-c1c(C(C)C)cc(C(C)C)cc1C(C)C. Solvent: CCCCOC(C)=O. Base: KOAc. Reaction Temperature: 90 degrees centigrade. Reaction Concentration: 0.057 M. Palladium loading: 2.25 mol%. Ligand loading: 5 mol%. Base loading: 3 eq. What is the yield (%) and cost (US dollar per mol) of this reaction?","","-1,-1","[]"
"Here is a chemical reaction. Reactants are: Cn1cnc(C#N)c1, Fc1ccccc1Br. Product is: Cn1cnc(C#N)c1-c1ccccc1F. Reaction type is Pd catalyzed C-H arylation. The reaction conditions of this reaction are: Palladium Source: [PdCl(allyl)]2. Ligand: COc1ccc(OC)c(P(C2CCCCC2)C2CCCCC2)c1-c1c(C(C)C)cc(C(C)C)cc1C(C)C. Solvent: CCCCOC(C)=O. Base: KOAc. Reaction Temperature: 105 degrees centigrade. Reaction Concentration: 0.057 M. Palladium loading: 2.25 mol%. Ligand loading: 5 mol%. Base loading: 3 eq. What is the yield (%) and cost (US dollar per mol) of this reaction?","","-1,-1","[]"
"Here is a chemical reaction. Reactants are: Cn1cnc(C#N)c1, Fc1ccccc1Br. Product is: Cn1cnc(C#N)c1-c1ccccc1F. Reaction type is Pd catalyzed C-H arylation. The reaction conditions of this reaction are: Palladium Source: [PdCl(allyl)]2. Ligand: COc1ccc(OC)c(P(C2CCCCC2)C2CCCCC2)c1-c1c(C(C)C)cc(C(C)C)cc1C(C)C. Solvent: CCCCOC(C)=O. Base: KOAc. Reaction Temperature: 120 degrees centigrade. Reaction Concentration: 0.057 M. Palladium loading: 2.25 mol%. Ligand loading: 5 mol%. Base loading: 3 eq. What is the yield (%) and cost (US dollar per mol) of this reaction?","","-1,-1","[]"
"Here is a chemical reaction. Reactants are: Cn1cnc(C#N)c1, Fc1ccccc1Br. Product is: Cn1cnc(C#N)c1-c1ccccc1F. Reaction type is Pd catalyzed C-H arylation. The reaction conditions of this reaction are: Palladium Source: [PdCl(allyl)]2. Ligand: COc1ccc(OC)c(P(C2CCCCC2)C2CCCCC2)c1-c1c(C(C)C)cc(C(C)C)cc1C(C)C. Solvent: CCCCOC(C)=O. Base: KOAc. Reaction Temperature: 90 degrees centigrade. Reaction Concentration: 0.153 M. Palladium loading: 2.25 mol%. Ligand loading: 5 mol%. Base loading: 3 eq. What is the yield (%) and cost (US dollar per mol) of this reaction?","","-1,-1","[]"
"Here is a chemical reaction. Reactants are: Cn1cnc(C#N)c1, Fc1ccccc1Br. Product is: Cn1cnc(C#N)c1-c1ccccc1F. Reaction type is Pd catalyzed C-H arylation. The reaction conditions of this reaction are: Palladium Source: [PdCl(allyl)]2. Ligand: COc1ccc(OC)c(P(C2CCCCC2)C2CCCCC2)c1-c1c(C(C)C)cc(C(C)C)cc1C(C)C. Solvent: CCCCOC(C)=O. Base: KOAc. Reaction Temperature: 105 degrees centigrade. Reaction Concentration: 0.153 M. Palladium loading: 2.25 mol%. Ligand loading: 5 mol%. Base loading: 3 eq. What is the yield (%) and cost (US dollar per mol) of this reaction?","","-1,-1","[]"
"Here is a chemical reaction. Reactants are: Cn1cnc(C#N)c1, Fc1ccccc1Br. Product is: Cn1cnc(C#N)c1-c1ccccc1F. Reaction type is Pd catalyzed C-H arylation. The reaction conditions of this reaction are: Palladium Source: [PdCl(allyl)]2. Ligand: COc1ccc(OC)c(P(C2CCCCC2)C2CCCCC2)c1-c1c(C(C)C)cc(C(C)C)cc1C(C)C. Solvent: CCCCOC(C)=O. Base: KOAc. Reaction Temperature: 120 degrees centigrade. Reaction Concentration: 0.153 M. Palladium loading: 2.25 mol%. Ligand loading: 5 mol%. Base loading: 3 eq. What is the yield (%) and cost (US dollar per mol) of this reaction?","","-1,-1","[]"
"Here is a chemical reaction. Reactants are: Cn1cnc(C#N)c1, Fc1ccccc1Br. Product is: Cn1cnc(C#N)c1-c1ccccc1F. Reaction type is Pd catalyzed C-H arylation. The reaction conditions of this reaction are: Palladium Source: [PdCl(allyl)]2. Ligand: COc1ccc(OC)c(P(C2CCCCC2)C2CCCCC2)c1-c1c(C(C)C)cc(C(C)C)cc1C(C)C. Solvent: CCCC#N. Base: KOAc. Reaction Temperature: 90 degrees centigrade. Reaction Concentration: 0.1 M. Palladium loading: 2.25 mol%. Ligand loading: 5 mol%. Base loading: 3 eq. What is the yield (%) and cost (US dollar per mol) of this reaction?","","-1,-1","[]"
"Here is a chemical reaction. Reactants are: Cn1cnc(C#N)c1, Fc1ccccc1Br. Product is: Cn1cnc(C#N)c1-c1ccccc1F. Reaction type is Pd catalyzed C-H arylation. The reaction conditions of this reaction are: Palladium Source: [PdCl(allyl)]2. Ligand: COc1ccc(OC)c(P(C2CCCCC2)C2CCCCC2)c1-c1c(C(C)C)cc(C(C)C)cc1C(C)C. Solvent: CCCC#N. Base: KOAc. Reaction Temperature: 105 degrees centigrade. Reaction Concentration: 0.1 M. Palladium loading: 2.25 mol%. Ligand loading: 5 mol%. Base loading: 3 eq. What is the yield (%) and cost (US dollar per mol) of this reaction?","","-1,-1","[]"
"Here is a chemical reaction. Reactants are: Cn1cnc(C#N)c1, Fc1ccccc1Br. Product is: Cn1cnc(C#N)c1-c1ccccc1F. Reaction type is Pd catalyzed C-H arylation. The reaction conditions of this reaction are: Palladium Source: [PdCl(allyl)]2. Ligand: COc1ccc(OC)c(P(C2CCCCC2)C2CCCCC2)c1-c1c(C(C)C)cc(C(C)C)cc1C(C)C. Solvent: CCCC#N. Base: KOAc. Reaction Temperature: 120 degrees centigrade. Reaction Concentration: 0.1 M. Palladium loading: 2.25 mol%. Ligand loading: 5 mol%. Base loading: 3 eq. What is the yield (%) and cost (US dollar per mol) of this reaction?","","-1,-1","[]"
"Here is a chemical reaction. Reactants are: Cn1cnc(C#N)c1, Fc1ccccc1Br. Product is: Cn1cnc(C#N)c1-c1ccccc1F. Reaction type is Pd catalyzed C-H arylation. The reaction conditions of this reaction are: Palladium Source: [PdCl(allyl)]2. Ligand: COc1ccc(OC)c(P(C2CCCCC2)C2CCCCC2)c1-c1c(C(C)C)cc(C(C)C)cc1C(C)C. Solvent: CCCC#N. Base: KOAc. Reaction Temperature: 90 degrees centigrade. Reaction Concentration: 0.057 M. Palladium loading: 2.25 mol%. Ligand loading: 5 mol%. Base loading: 3 eq. What is the yield (%) and cost (US dollar per mol) of this reaction?","","-1,-1","[]"
"Here is a chemical reaction. Reactants are: Cn1cnc(C#N)c1, Fc1ccccc1Br. Product is: Cn1cnc(C#N)c1-c1ccccc1F. Reaction type is Pd catalyzed C-H arylation. The reaction conditions of this reaction are: Palladium Source: [PdCl(allyl)]2. Ligand: COc1ccc(OC)c(P(C2CCCCC2)C2CCCCC2)c1-c1c(C(C)C)cc(C(C)C)cc1C(C)C. Solvent: CCCC#N. Base: KOAc. Reaction Temperature: 105 degrees centigrade. Reaction Concentration: 0.057 M. Palladium loading: 2.25 mol%. Ligand loading: 5 mol%. Base loading: 3 eq. What is the yield (%) and cost (US dollar per mol) of this reaction?","","-1,-1","[]"
"Here is a chemical reaction. Reactants are: Cn1cnc(C#N)c1, Fc1ccccc1Br. Product is: Cn1cnc(C#N)c1-c1ccccc1F. Reaction type is Pd catalyzed C-H arylation. The reaction conditions of this reaction are: Palladium Source: [PdCl(allyl)]2. Ligand: COc1ccc(OC)c(P(C2CCCCC2)C2CCCCC2)c1-c1c(C(C)C)cc(C(C)C)cc1C(C)C. Solvent: CCCC#N. Base: KOAc. Reaction Temperature: 120 degrees centigrade. Reaction Concentration: 0.057 M. Palladium loading: 2.25 mol%. Ligand loading: 5 mol%. Base loading: 3 eq. What is the yield (%) and cost (US dollar per mol) of this reaction?","","-1,-1","[]"
"Here is a chemical reaction. Reactants are: Cn1cnc(C#N)c1, Fc1ccccc1Br. Product is: Cn1cnc(C#N)c1-c1ccccc1F. Reaction type is Pd catalyzed C-H arylation. The reaction conditions of this reaction are: Palladium Source: [PdCl(allyl)]2. Ligand: COc1ccc(OC)c(P(C2CCCCC2)C2CCCCC2)c1-c1c(C(C)C)cc(C(C)C)cc1C(C)C. Solvent: CCCC#N. Base: KOAc. Reaction Temperature: 90 degrees centigrade. Reaction Concentration: 0.153 M. Palladium loading: 2.25 mol%. Ligand loading: 5 mol%. Base loading: 3 eq. What is the yield (%) and cost (US dollar per mol) of this reaction?","","-1,-1","[]"
"Here is a chemical reaction. Reactants are: Cn1cnc(C#N)c1, Fc1ccccc1Br. Product is: Cn1cnc(C#N)c1-c1ccccc1F. Reaction type is Pd catalyzed C-H arylation. The reaction conditions of this reaction are: Palladium Source: [PdCl(allyl)]2. Ligand: COc1ccc(OC)c(P(C2CCCCC2)C2CCCCC2)c1-c1c(C(C)C)cc(C(C)C)cc1C(C)C. Solvent: CCCC#N. Base: KOAc. Reaction Temperature: 105 degrees centigrade. Reaction Concentration: 0.153 M. Palladium loading: 2.25 mol%. Ligand loading: 5 mol%. Base loading: 3 eq. What is the yield (%) and cost (US dollar per mol) of this reaction?","","-1,-1","[]"
"Here is a chemical reaction. Reactants are: Cn1cnc(C#N)c1, Fc1ccccc1Br. Product is: Cn1cnc(C#N)c1-c1ccccc1F. Reaction type is Pd catalyzed C-H arylation. The reaction conditions of this reaction are: Palladium Source: [PdCl(allyl)]2. Ligand: COc1ccc(OC)c(P(C2CCCCC2)C2CCCCC2)c1-c1c(C(C)C)cc(C(C)C)cc1C(C)C. Solvent: CCCC#N. Base: KOAc. Reaction Temperature: 120 degrees centigrade. Reaction Concentration: 0.153 M. Palladium loading: 2.25 mol%. Ligand loading: 5 mol%. Base loading: 3 eq. What is the yield (%) and cost (US dollar per mol) of this reaction?","","-1,-1","[]"
"Here is a chemical reaction. Reactants are: Cn1cnc(C#N)c1, Fc1ccccc1Br. Product is: Cn1cnc(C#N)c1-c1ccccc1F. Reaction type is Pd catalyzed C-H arylation. The reaction conditions of this reaction are: Palladium Source: [PdCl(allyl)]2. Ligand: COc1ccc(OC)c(P(C2CCCCC2)C2CCCCC2)c1-c1c(C(C)C)cc(C(C)C)cc1C(C)C. Solvent: Cc1ccc(C)cc1. Base: KOAc. Reaction Temperature: 90 degrees centigrade. Reaction Concentration: 0.1 M. Palladium loading: 2.25 mol%. Ligand loading: 5 mol%. Base loading: 3 eq. What is the yield (%) and cost (US dollar per mol) of this reaction?","","-1,-1","[]"
"Here is a chemical reaction. Reactants are: Cn1cnc(C#N)c1, Fc1ccccc1Br. Product is: Cn1cnc(C#N)c1-c1ccccc1F. Reaction type is Pd catalyzed C-H arylation. The reaction conditions of this reaction are: Palladium Source: [PdCl(allyl)]2. Ligand: COc1ccc(OC)c(P(C2CCCCC2)C2CCCCC2)c1-c1c(C(C)C)cc(C(C)C)cc1C(C)C. Solvent: Cc1ccc(C)cc1. Base: KOAc. Reaction Temperature: 105 degrees centigrade. Reaction Concentration: 0.1 M. Palladium loading: 2.25 mol%. Ligand loading: 5 mol%. Base loading: 3 eq. What is the yield (%) and cost (US dollar per mol) of this reaction?","","-1,-1","[]"
"Here is a chemical reaction. Reactants are: Cn1cnc(C#N)c1, Fc1ccccc1Br. Product is: Cn1cnc(C#N)c1-c1ccccc1F. Reaction type is Pd catalyzed C-H arylation. The reaction conditions of this reaction are: Palladium Source: [PdCl(allyl)]2. Ligand: COc1ccc(OC)c(P(C2CCCCC2)C2CCCCC2)c1-c1c(C(C)C)cc(C(C)C)cc1C(C)C. Solvent: Cc1ccc(C)cc1. Base: KOAc. Reaction Temperature: 120 degrees centigrade. Reaction Concentration: 0.1 M. Palladium loading: 2.25 mol%. Ligand loading: 5 mol%. Base loading: 3 eq. What is the yield (%) and cost (US dollar per mol) of this reaction?","","-1,-1","[]"
"Here is a chemical reaction. Reactants are: Cn1cnc(C#N)c1, Fc1ccccc1Br. Product is: Cn1cnc(C#N)c1-c1ccccc1F. Reaction type is Pd catalyzed C-H arylation. The reaction conditions of this reaction are: Palladium Source: [PdCl(allyl)]2. Ligand: COc1ccc(OC)c(P(C2CCCCC2)C2CCCCC2)c1-c1c(C(C)C)cc(C(C)C)cc1C(C)C. Solvent: Cc1ccc(C)cc1. Base: KOAc. Reaction Temperature: 90 degrees centigrade. Reaction Concentration: 0.057 M. Palladium loading: 2.25 mol%. Ligand loading: 5 mol%. Base loading: 3 eq. What is the yield (%) and cost (US dollar per mol) of this reaction?","","-1,-1","[]"
"Here is a chemical reaction. Reactants are: Cn1cnc(C#N)c1, Fc1ccccc1Br. Product is: Cn1cnc(C#N)c1-c1ccccc1F. Reaction type is Pd catalyzed C-H arylation. The reaction conditions of this reaction are: Palladium Source: [PdCl(allyl)]2. Ligand: COc1ccc(OC)c(P(C2CCCCC2)C2CCCCC2)c1-c1c(C(C)C)cc(C(C)C)cc1C(C)C. Solvent: Cc1ccc(C)cc1. Base: KOAc. Reaction Temperature: 105 degrees centigrade. Reaction Concentration: 0.057 M. Palladium loading: 2.25 mol%. Ligand loading: 5 mol%. Base loading: 3 eq. What is the yield (%) and cost (US dollar per mol) of this reaction?","","-1,-1","[]"
"Here is a chemical reaction. Reactants are: Cn1cnc(C#N)c1, Fc1ccccc1Br. Product is: Cn1cnc(C#N)c1-c1ccccc1F. Reaction type is Pd catalyzed C-H arylation. The reaction conditions of this reaction are: Palladium Source: [PdCl(allyl)]2. Ligand: COc1ccc(OC)c(P(C2CCCCC2)C2CCCCC2)c1-c1c(C(C)C)cc(C(C)C)cc1C(C)C. Solvent: Cc1ccc(C)cc1. Base: KOAc. Reaction Temperature: 120 degrees centigrade. Reaction Concentration: 0.057 M. Palladium loading: 2.25 mol%. Ligand loading: 5 mol%. Base loading: 3 eq. What is the yield (%) and cost (US dollar per mol) of this reaction?","","-1,-1","[]"
"Here is a chemical reaction. Reactants are: Cn1cnc(C#N)c1, Fc1ccccc1Br. Product is: Cn1cnc(C#N)c1-c1ccccc1F. Reaction type is Pd catalyzed C-H arylation. The reaction conditions of this reaction are: Palladium Source: [PdCl(allyl)]2. Ligand: COc1ccc(OC)c(P(C2CCCCC2)C2CCCCC2)c1-c1c(C(C)C)cc(C(C)C)cc1C(C)C. Solvent: Cc1ccc(C)cc1. Base: KOAc. Reaction Temperature: 90 degrees centigrade. Reaction Concentration: 0.153 M. Palladium loading: 2.25 mol%. Ligand loading: 5 mol%. Base loading: 3 eq. What is the yield (%) and cost (US dollar per mol) of this reaction?","","-1,-1","[]"
"Here is a chemical reaction. Reactants are: Cn1cnc(C#N)c1, Fc1ccccc1Br. Product is: Cn1cnc(C#N)c1-c1ccccc1F. Reaction type is Pd catalyzed C-H arylation. The reaction conditions of this reaction are: Palladium Source: [PdCl(allyl)]2. Ligand: COc1ccc(OC)c(P(C2CCCCC2)C2CCCCC2)c1-c1c(C(C)C)cc(C(C)C)cc1C(C)C. Solvent: Cc1ccc(C)cc1. Base: KOAc. Reaction Temperature: 105 degrees centigrade. Reaction Concentration: 0.153 M. Palladium loading: 2.25 mol%. Ligand loading: 5 mol%. Base loading: 3 eq. What is the yield (%) and cost (US dollar per mol) of this reaction?","","-1,-1","[]"
"Here is a chemical reaction. Reactants are: Cn1cnc(C#N)c1, Fc1ccccc1Br. Product is: Cn1cnc(C#N)c1-c1ccccc1F. Reaction type is Pd catalyzed C-H arylation. The reaction conditions of this reaction are: Palladium Source: [PdCl(allyl)]2. Ligand: COc1ccc(OC)c(P(C2CCCCC2)C2CCCCC2)c1-c1c(C(C)C)cc(C(C)C)cc1C(C)C. Solvent: Cc1ccc(C)cc1. Base: KOAc. Reaction Temperature: 120 degrees centigrade. Reaction Concentration: 0.153 M. Palladium loading: 2.25 mol%. Ligand loading: 5 mol%. Base loading: 3 eq. What is the yield (%) and cost (US dollar per mol) of this reaction?","","-1,-1","[]"
"Here is a chemical reaction. Reactants are: Cn1cnc(C#N)c1, Fc1ccccc1Br. Product is: Cn1cnc(C#N)c1-c1ccccc1F. Reaction type is Pd catalyzed C-H arylation. The reaction conditions of this reaction are: Palladium Source: [PdCl(allyl)]2. Ligand: COc1ccc(OC)c(P(C2CCCCC2)C2CCCCC2)c1-c1c(C(C)C)cc(C(C)C)cc1C(C)C. Solvent: CC(=O)N(C)C. Base: KOAc. Reaction Temperature: 90 degrees centigrade. Reaction Concentration: 0.1 M. Palladium loading: 2.25 mol%. Ligand loading: 5 mol%. Base loading: 3 eq. What is the yield (%) and cost (US dollar per mol) of this reaction?","","-1,-1","[]"
"Here is a chemical reaction. Reactants are: Cn1cnc(C#N)c1, Fc1ccccc1Br. Product is: Cn1cnc(C#N)c1-c1ccccc1F. Reaction type is Pd catalyzed C-H arylation. The reaction conditions of this reaction are: Palladium Source: [PdCl(allyl)]2. Ligand: COc1ccc(OC)c(P(C2CCCCC2)C2CCCCC2)c1-c1c(C(C)C)cc(C(C)C)cc1C(C)C. Solvent: CC(=O)N(C)C. Base: KOAc. Reaction Temperature: 105 degrees centigrade. Reaction Concentration: 0.1 M. Palladium loading: 2.25 mol%. Ligand loading: 5 mol%. Base loading: 3 eq. What is the yield (%) and cost (US dollar per mol) of this reaction?","","-1,-1","[]"
"Here is a chemical reaction. Reactants are: Cn1cnc(C#N)c1, Fc1ccccc1Br. Product is: Cn1cnc(C#N)c1-c1ccccc1F. Reaction type is Pd catalyzed C-H arylation. The reaction conditions of this reaction are: Palladium Source: [PdCl(allyl)]2. Ligand: COc1ccc(OC)c(P(C2CCCCC2)C2CCCCC2)c1-c1c(C(C)C)cc(C(C)C)cc1C(C)C. Solvent: CC(=O)N(C)C. Base: KOAc. Reaction Temperature: 120 degrees centigrade. Reaction Concentration: 0.1 M. Palladium loading: 2.25 mol%. Ligand loading: 5 mol%. Base loading: 3 eq. What is the yield (%) and cost (US dollar per mol) of this reaction?","","-1,-1","[]"
"Here is a chemical reaction. Reactants are: Cn1cnc(C#N)c1, Fc1ccccc1Br. Product is: Cn1cnc(C#N)c1-c1ccccc1F. Reaction type is Pd catalyzed C-H arylation. The reaction conditions of this reaction are: Palladium Source: [PdCl(allyl)]2. Ligand: COc1ccc(OC)c(P(C2CCCCC2)C2CCCCC2)c1-c1c(C(C)C)cc(C(C)C)cc1C(C)C. Solvent: CC(=O)N(C)C. Base: KOAc. Reaction Temperature: 90 degrees centigrade. Reaction Concentration: 0.057 M. Palladium loading: 2.25 mol%. Ligand loading: 5 mol%. Base loading: 3 eq. What is the yield (%) and cost (US dollar per mol) of this reaction?","","-1,-1","[]"
"Here is a chemical reaction. Reactants are: Cn1cnc(C#N)c1, Fc1ccccc1Br. Product is: Cn1cnc(C#N)c1-c1ccccc1F. Reaction type is Pd catalyzed C-H arylation. The reaction conditions of this reaction are: Palladium Source: [PdCl(allyl)]2. Ligand: COc1ccc(OC)c(P(C2CCCCC2)C2CCCCC2)c1-c1c(C(C)C)cc(C(C)C)cc1C(C)C. Solvent: CC(=O)N(C)C. Base: KOAc. Reaction Temperature: 105 degrees centigrade. Reaction Concentration: 0.057 M. Palladium loading: 2.25 mol%. Ligand loading: 5 mol%. Base loading: 3 eq. What is the yield (%) and cost (US dollar per mol) of this reaction?","","-1,-1","[]"
"Here is a chemical reaction. Reactants are: Cn1cnc(C#N)c1, Fc1ccccc1Br. Product is: Cn1cnc(C#N)c1-c1ccccc1F. Reaction type is Pd catalyzed C-H arylation. The reaction conditions of this reaction are: Palladium Source: [PdCl(allyl)]2. Ligand: COc1ccc(OC)c(P(C2CCCCC2)C2CCCCC2)c1-c1c(C(C)C)cc(C(C)C)cc1C(C)C. Solvent: CC(=O)N(C)C. Base: KOAc. Reaction Temperature: 120 degrees centigrade. Reaction Concentration: 0.057 M. Palladium loading: 2.25 mol%. Ligand loading: 5 mol%. Base loading: 3 eq. What is the yield (%) and cost (US dollar per mol) of this reaction?","","-1,-1","[]"
"Here is a chemical reaction. Reactants are: Cn1cnc(C#N)c1, Fc1ccccc1Br. Product is: Cn1cnc(C#N)c1-c1ccccc1F. Reaction type is Pd catalyzed C-H arylation. The reaction conditions of this reaction are: Palladium Source: [PdCl(allyl)]2. Ligand: COc1ccc(OC)c(P(C2CCCCC2)C2CCCCC2)c1-c1c(C(C)C)cc(C(C)C)cc1C(C)C. Solvent: CC(=O)N(C)C. Base: KOAc. Reaction Temperature: 90 degrees centigrade. Reaction Concentration: 0.153 M. Palladium loading: 2.25 mol%. Ligand loading: 5 mol%. Base loading: 3 eq. What is the yield (%) and cost (US dollar per mol) of this reaction?","","-1,-1","[]"
"Here is a chemical reaction. Reactants are: Cn1cnc(C#N)c1, Fc1ccccc1Br. Product is: Cn1cnc(C#N)c1-c1ccccc1F. Reaction type is Pd catalyzed C-H arylation. The reaction conditions of this reaction are: Palladium Source: [PdCl(allyl)]2. Ligand: COc1ccc(OC)c(P(C2CCCCC2)C2CCCCC2)c1-c1c(C(C)C)cc(C(C)C)cc1C(C)C. Solvent: CC(=O)N(C)C. Base: KOAc. Reaction Temperature: 105 degrees centigrade. Reaction Concentration: 0.153 M. Palladium loading: 2.25 mol%. Ligand loading: 5 mol%. Base loading: 3 eq. What is the yield (%) and cost (US dollar per mol) of this reaction?","","-1,-1","[]"
"Here is a chemical reaction. Reactants are: Cn1cnc(C#N)c1, Fc1ccccc1Br. Product is: Cn1cnc(C#N)c1-c1ccccc1F. Reaction type is Pd catalyzed C-H arylation. The reaction conditions of this reaction are: Palladium Source: [PdCl(allyl)]2. Ligand: COc1ccc(OC)c(P(C2CCCCC2)C2CCCCC2)c1-c1c(C(C)C)cc(C(C)C)cc1C(C)C. Solvent: CC(=O)N(C)C. Base: KOAc. Reaction Temperature: 120 degrees centigrade. Reaction Concentration: 0.153 M. Palladium loading: 2.25 mol%. Ligand loading: 5 mol%. Base loading: 3 eq. What is the yield (%) and cost (US dollar per mol) of this reaction?","","-1,-1","[]"
"Here is a chemical reaction. Reactants are: Cn1cnc(C#N)c1, Fc1ccccc1Br. Product is: Cn1cnc(C#N)c1-c1ccccc1F. Reaction type is Pd catalyzed C-H arylation. The reaction conditions of this reaction are: Palladium Source: [PdCl(allyl)]2. Ligand: COc1ccc(OC)c(P(C2CCCCC2)C2CCCCC2)c1-c1c(C(C)C)cc(C(C)C)cc1C(C)C. Solvent: CCCCOC(C)=O. Base: CsOAc. Reaction Temperature: 90 degrees centigrade. Reaction Concentration: 0.1 M. Palladium loading: 2.25 mol%. Ligand loading: 5 mol%. Base loading: 3 eq. What is the yield (%) and cost (US dollar per mol) of this reaction?","","-1,-1","[]"
"Here is a chemical reaction. Reactants are: Cn1cnc(C#N)c1, Fc1ccccc1Br. Product is: Cn1cnc(C#N)c1-c1ccccc1F. Reaction type is Pd catalyzed C-H arylation. The reaction conditions of this reaction are: Palladium Source: [PdCl(allyl)]2. Ligand: COc1ccc(OC)c(P(C2CCCCC2)C2CCCCC2)c1-c1c(C(C)C)cc(C(C)C)cc1C(C)C. Solvent: CCCCOC(C)=O. Base: CsOAc. Reaction Temperature: 105 degrees centigrade. Reaction Concentration: 0.1 M. Palladium loading: 2.25 mol%. Ligand loading: 5 mol%. Base loading: 3 eq. What is the yield (%) and cost (US dollar per mol) of this reaction?","","-1,-1","[]"
"Here is a chemical reaction. Reactants are: Cn1cnc(C#N)c1, Fc1ccccc1Br. Product is: Cn1cnc(C#N)c1-c1ccccc1F. Reaction type is Pd catalyzed C-H arylation. The reaction conditions of this reaction are: Palladium Source: [PdCl(allyl)]2. Ligand: COc1ccc(OC)c(P(C2CCCCC2)C2CCCCC2)c1-c1c(C(C)C)cc(C(C)C)cc1C(C)C. Solvent: CCCCOC(C)=O. Base: CsOAc. Reaction Temperature: 120 degrees centigrade. Reaction Concentration: 0.1 M. Palladium loading: 2.25 mol%. Ligand loading: 5 mol%. Base loading: 3 eq. What is the yield (%) and cost (US dollar per mol) of this reaction?","","-1,-1","[]"
"Here is a chemical reaction. Reactants are: Cn1cnc(C#N)c1, Fc1ccccc1Br. Product is: Cn1cnc(C#N)c1-c1ccccc1F. Reaction type is Pd catalyzed C-H arylation. The reaction conditions of this reaction are: Palladium Source: [PdCl(allyl)]2. Ligand: COc1ccc(OC)c(P(C2CCCCC2)C2CCCCC2)c1-c1c(C(C)C)cc(C(C)C)cc1C(C)C. Solvent: CCCCOC(C)=O. Base: CsOAc. Reaction Temperature: 90 degrees centigrade. Reaction Concentration: 0.057 M. Palladium loading: 2.25 mol%. Ligand loading: 5 mol%. Base loading: 3 eq. What is the yield (%) and cost (US dollar per mol) of this reaction?","","-1,-1","[]"
"Here is a chemical reaction. Reactants are: Cn1cnc(C#N)c1, Fc1ccccc1Br. Product is: Cn1cnc(C#N)c1-c1ccccc1F. Reaction type is Pd catalyzed C-H arylation. The reaction conditions of this reaction are: Palladium Source: [PdCl(allyl)]2. Ligand: COc1ccc(OC)c(P(C2CCCCC2)C2CCCCC2)c1-c1c(C(C)C)cc(C(C)C)cc1C(C)C. Solvent: CCCCOC(C)=O. Base: CsOAc. Reaction Temperature: 105 degrees centigrade. Reaction Concentration: 0.057 M. Palladium loading: 2.25 mol%. Ligand loading: 5 mol%. Base loading: 3 eq. What is the yield (%) and cost (US dollar per mol) of this reaction?","","-1,-1","[]"
"Here is a chemical reaction. Reactants are: Cn1cnc(C#N)c1, Fc1ccccc1Br. Product is: Cn1cnc(C#N)c1-c1ccccc1F. Reaction type is Pd catalyzed C-H arylation. The reaction conditions of this reaction are: Palladium Source: [PdCl(allyl)]2. Ligand: COc1ccc(OC)c(P(C2CCCCC2)C2CCCCC2)c1-c1c(C(C)C)cc(C(C)C)cc1C(C)C. Solvent: CCCCOC(C)=O. Base: CsOAc. Reaction Temperature: 120 degrees centigrade. Reaction Concentration: 0.057 M. Palladium loading: 2.25 mol%. Ligand loading: 5 mol%. Base loading: 3 eq. What is the yield (%) and cost (US dollar per mol) of this reaction?","","-1,-1","[]"
"Here is a chemical reaction. Reactants are: Cn1cnc(C#N)c1, Fc1ccccc1Br. Product is: Cn1cnc(C#N)c1-c1ccccc1F. Reaction type is Pd catalyzed C-H arylation. The reaction conditions of this reaction are: Palladium Source: [PdCl(allyl)]2. Ligand: COc1ccc(OC)c(P(C2CCCCC2)C2CCCCC2)c1-c1c(C(C)C)cc(C(C)C)cc1C(C)C. Solvent: CCCCOC(C)=O. Base: CsOAc. Reaction Temperature: 90 degrees centigrade. Reaction Concentration: 0.153 M. Palladium loading: 2.25 mol%. Ligand loading: 5 mol%. Base loading: 3 eq. What is the yield (%) and cost (US dollar per mol) of this reaction?","","-1,-1","[]"
"Here is a chemical reaction. Reactants are: Cn1cnc(C#N)c1, Fc1ccccc1Br. Product is: Cn1cnc(C#N)c1-c1ccccc1F. Reaction type is Pd catalyzed C-H arylation. The reaction conditions of this reaction are: Palladium Source: [PdCl(allyl)]2. Ligand: COc1ccc(OC)c(P(C2CCCCC2)C2CCCCC2)c1-c1c(C(C)C)cc(C(C)C)cc1C(C)C. Solvent: CCCCOC(C)=O. Base: CsOAc. Reaction Temperature: 105 degrees centigrade. Reaction Concentration: 0.153 M. Palladium loading: 2.25 mol%. Ligand loading: 5 mol%. Base loading: 3 eq. What is the yield (%) and cost (US dollar per mol) of this reaction?","","-1,-1","[]"
"Here is a chemical reaction. Reactants are: Cn1cnc(C#N)c1, Fc1ccccc1Br. Product is: Cn1cnc(C#N)c1-c1ccccc1F. Reaction type is Pd catalyzed C-H arylation. The reaction conditions of this reaction are: Palladium Source: [PdCl(allyl)]2. Ligand: COc1ccc(OC)c(P(C2CCCCC2)C2CCCCC2)c1-c1c(C(C)C)cc(C(C)C)cc1C(C)C. Solvent: CCCCOC(C)=O. Base: CsOAc. Reaction Temperature: 120 degrees centigrade. Reaction Concentration: 0.153 M. Palladium loading: 2.25 mol%. Ligand loading: 5 mol%. Base loading: 3 eq. What is the yield (%) and cost (US dollar per mol) of this reaction?","","-1,-1","[]"
"Here is a chemical reaction. Reactants are: Cn1cnc(C#N)c1, Fc1ccccc1Br. Product is: Cn1cnc(C#N)c1-c1ccccc1F. Reaction type is Pd catalyzed C-H arylation. The reaction conditions of this reaction are: Palladium Source: [PdCl(allyl)]2. Ligand: COc1ccc(OC)c(P(C2CCCCC2)C2CCCCC2)c1-c1c(C(C)C)cc(C(C)C)cc1C(C)C. Solvent: CCCC#N. Base: CsOAc. Reaction Temperature: 90 degrees centigrade. Reaction Concentration: 0.1 M. Palladium loading: 2.25 mol%. Ligand loading: 5 mol%. Base loading: 3 eq. What is the yield (%) and cost (US dollar per mol) of this reaction?","","-1,-1","[]"
"Here is a chemical reaction. Reactants are: Cn1cnc(C#N)c1, Fc1ccccc1Br. Product is: Cn1cnc(C#N)c1-c1ccccc1F. Reaction type is Pd catalyzed C-H arylation. The reaction conditions of this reaction are: Palladium Source: [PdCl(allyl)]2. Ligand: COc1ccc(OC)c(P(C2CCCCC2)C2CCCCC2)c1-c1c(C(C)C)cc(C(C)C)cc1C(C)C. Solvent: CCCC#N. Base: CsOAc. Reaction Temperature: 105 degrees centigrade. Reaction Concentration: 0.1 M. Palladium loading: 2.25 mol%. Ligand loading: 5 mol%. Base loading: 3 eq. What is the yield (%) and cost (US dollar per mol) of this reaction?","","-1,-1","[]"
"Here is a chemical reaction. Reactants are: Cn1cnc(C#N)c1, Fc1ccccc1Br. Product is: Cn1cnc(C#N)c1-c1ccccc1F. Reaction type is Pd catalyzed C-H arylation. The reaction conditions of this reaction are: Palladium Source: [PdCl(allyl)]2. Ligand: COc1ccc(OC)c(P(C2CCCCC2)C2CCCCC2)c1-c1c(C(C)C)cc(C(C)C)cc1C(C)C. Solvent: CCCC#N. Base: CsOAc. Reaction Temperature: 120 degrees centigrade. Reaction Concentration: 0.1 M. Palladium loading: 2.25 mol%. Ligand loading: 5 mol%. Base loading: 3 eq. What is the yield (%) and cost (US dollar per mol) of this reaction?","","-1,-1","[]"
"Here is a chemical reaction. Reactants are: Cn1cnc(C#N)c1, Fc1ccccc1Br. Product is: Cn1cnc(C#N)c1-c1ccccc1F. Reaction type is Pd catalyzed C-H arylation. The reaction conditions of this reaction are: Palladium Source: [PdCl(allyl)]2. Ligand: COc1ccc(OC)c(P(C2CCCCC2)C2CCCCC2)c1-c1c(C(C)C)cc(C(C)C)cc1C(C)C. Solvent: CCCC#N. Base: CsOAc. Reaction Temperature: 90 degrees centigrade. Reaction Concentration: 0.057 M. Palladium loading: 2.25 mol%. Ligand loading: 5 mol%. Base loading: 3 eq. What is the yield (%) and cost (US dollar per mol) of this reaction?","","-1,-1","[]"
"Here is a chemical reaction. Reactants are: Cn1cnc(C#N)c1, Fc1ccccc1Br. Product is: Cn1cnc(C#N)c1-c1ccccc1F. Reaction type is Pd catalyzed C-H arylation. The reaction conditions of this reaction are: Palladium Source: [PdCl(allyl)]2. Ligand: COc1ccc(OC)c(P(C2CCCCC2)C2CCCCC2)c1-c1c(C(C)C)cc(C(C)C)cc1C(C)C. Solvent: CCCC#N. Base: CsOAc. Reaction Temperature: 105 degrees centigrade. Reaction Concentration: 0.057 M. Palladium loading: 2.25 mol%. Ligand loading: 5 mol%. Base loading: 3 eq. What is the yield (%) and cost (US dollar per mol) of this reaction?","","-1,-1","[]"
"Here is a chemical reaction. Reactants are: Cn1cnc(C#N)c1, Fc1ccccc1Br. Product is: Cn1cnc(C#N)c1-c1ccccc1F. Reaction type is Pd catalyzed C-H arylation. The reaction conditions of this reaction are: Palladium Source: [PdCl(allyl)]2. Ligand: COc1ccc(OC)c(P(C2CCCCC2)C2CCCCC2)c1-c1c(C(C)C)cc(C(C)C)cc1C(C)C. Solvent: CCCC#N. Base: CsOAc. Reaction Temperature: 120 degrees centigrade. Reaction Concentration: 0.057 M. Palladium loading: 2.25 mol%. Ligand loading: 5 mol%. Base loading: 3 eq. What is the yield (%) and cost (US dollar per mol) of this reaction?","","-1,-1","[]"
"Here is a chemical reaction. Reactants are: Cn1cnc(C#N)c1, Fc1ccccc1Br. Product is: Cn1cnc(C#N)c1-c1ccccc1F. Reaction type is Pd catalyzed C-H arylation. The reaction conditions of this reaction are: Palladium Source: [PdCl(allyl)]2. Ligand: COc1ccc(OC)c(P(C2CCCCC2)C2CCCCC2)c1-c1c(C(C)C)cc(C(C)C)cc1C(C)C. Solvent: CCCC#N. Base: CsOAc. Reaction Temperature: 90 degrees centigrade. Reaction Concentration: 0.153 M. Palladium loading: 2.25 mol%. Ligand loading: 5 mol%. Base loading: 3 eq. What is the yield (%) and cost (US dollar per mol) of this reaction?","","-1,-1","[]"
"Here is a chemical reaction. Reactants are: Cn1cnc(C#N)c1, Fc1ccccc1Br. Product is: Cn1cnc(C#N)c1-c1ccccc1F. Reaction type is Pd catalyzed C-H arylation. The reaction conditions of this reaction are: Palladium Source: [PdCl(allyl)]2. Ligand: COc1ccc(OC)c(P(C2CCCCC2)C2CCCCC2)c1-c1c(C(C)C)cc(C(C)C)cc1C(C)C. Solvent: CCCC#N. Base: CsOAc. Reaction Temperature: 105 degrees centigrade. Reaction Concentration: 0.153 M. Palladium loading: 2.25 mol%. Ligand loading: 5 mol%. Base loading: 3 eq. What is the yield (%) and cost (US dollar per mol) of this reaction?","","-1,-1","[]"
"Here is a chemical reaction. Reactants are: Cn1cnc(C#N)c1, Fc1ccccc1Br. Product is: Cn1cnc(C#N)c1-c1ccccc1F. Reaction type is Pd catalyzed C-H arylation. The reaction conditions of this reaction are: Palladium Source: [PdCl(allyl)]2. Ligand: COc1ccc(OC)c(P(C2CCCCC2)C2CCCCC2)c1-c1c(C(C)C)cc(C(C)C)cc1C(C)C. Solvent: CCCC#N. Base: CsOAc. Reaction Temperature: 120 degrees centigrade. Reaction Concentration: 0.153 M. Palladium loading: 2.25 mol%. Ligand loading: 5 mol%. Base loading: 3 eq. What is the yield (%) and cost (US dollar per mol) of this reaction?","","-1,-1","[]"
"Here is a chemical reaction. Reactants are: Cn1cnc(C#N)c1, Fc1ccccc1Br. Product is: Cn1cnc(C#N)c1-c1ccccc1F. Reaction type is Pd catalyzed C-H arylation. The reaction conditions of this reaction are: Palladium Source: [PdCl(allyl)]2. Ligand: COc1ccc(OC)c(P(C2CCCCC2)C2CCCCC2)c1-c1c(C(C)C)cc(C(C)C)cc1C(C)C. Solvent: Cc1ccc(C)cc1. Base: CsOAc. Reaction Temperature: 90 degrees centigrade. Reaction Concentration: 0.1 M. Palladium loading: 2.25 mol%. Ligand loading: 5 mol%. Base loading: 3 eq. What is the yield (%) and cost (US dollar per mol) of this reaction?","","-1,-1","[]"
"Here is a chemical reaction. Reactants are: Cn1cnc(C#N)c1, Fc1ccccc1Br. Product is: Cn1cnc(C#N)c1-c1ccccc1F. Reaction type is Pd catalyzed C-H arylation. The reaction conditions of this reaction are: Palladium Source: [PdCl(allyl)]2. Ligand: COc1ccc(OC)c(P(C2CCCCC2)C2CCCCC2)c1-c1c(C(C)C)cc(C(C)C)cc1C(C)C. Solvent: Cc1ccc(C)cc1. Base: CsOAc. Reaction Temperature: 105 degrees centigrade. Reaction Concentration: 0.1 M. Palladium loading: 2.25 mol%. Ligand loading: 5 mol%. Base loading: 3 eq. What is the yield (%) and cost (US dollar per mol) of this reaction?","","-1,-1","[]"
"Here is a chemical reaction. Reactants are: Cn1cnc(C#N)c1, Fc1ccccc1Br. Product is: Cn1cnc(C#N)c1-c1ccccc1F. Reaction type is Pd catalyzed C-H arylation. The reaction conditions of this reaction are: Palladium Source: [PdCl(allyl)]2. Ligand: COc1ccc(OC)c(P(C2CCCCC2)C2CCCCC2)c1-c1c(C(C)C)cc(C(C)C)cc1C(C)C. Solvent: Cc1ccc(C)cc1. Base: CsOAc. Reaction Temperature: 120 degrees centigrade. Reaction Concentration: 0.1 M. Palladium loading: 2.25 mol%. Ligand loading: 5 mol%. Base loading: 3 eq. What is the yield (%) and cost (US dollar per mol) of this reaction?","","-1,-1","[]"
"Here is a chemical reaction. Reactants are: Cn1cnc(C#N)c1, Fc1ccccc1Br. Product is: Cn1cnc(C#N)c1-c1ccccc1F. Reaction type is Pd catalyzed C-H arylation. The reaction conditions of this reaction are: Palladium Source: [PdCl(allyl)]2. Ligand: COc1ccc(OC)c(P(C2CCCCC2)C2CCCCC2)c1-c1c(C(C)C)cc(C(C)C)cc1C(C)C. Solvent: Cc1ccc(C)cc1. Base: CsOAc. Reaction Temperature: 90 degrees centigrade. Reaction Concentration: 0.057 M. Palladium loading: 2.25 mol%. Ligand loading: 5 mol%. Base loading: 3 eq. What is the yield (%) and cost (US dollar per mol) of this reaction?","","-1,-1","[]"
"Here is a chemical reaction. Reactants are: Cn1cnc(C#N)c1, Fc1ccccc1Br. Product is: Cn1cnc(C#N)c1-c1ccccc1F. Reaction type is Pd catalyzed C-H arylation. The reaction conditions of this reaction are: Palladium Source: [PdCl(allyl)]2. Ligand: COc1ccc(OC)c(P(C2CCCCC2)C2CCCCC2)c1-c1c(C(C)C)cc(C(C)C)cc1C(C)C. Solvent: Cc1ccc(C)cc1. Base: CsOAc. Reaction Temperature: 105 degrees centigrade. Reaction Concentration: 0.057 M. Palladium loading: 2.25 mol%. Ligand loading: 5 mol%. Base loading: 3 eq. What is the yield (%) and cost (US dollar per mol) of this reaction?","","-1,-1","[]"
"Here is a chemical reaction. Reactants are: Cn1cnc(C#N)c1, Fc1ccccc1Br. Product is: Cn1cnc(C#N)c1-c1ccccc1F. Reaction type is Pd catalyzed C-H arylation. The reaction conditions of this reaction are: Palladium Source: [PdCl(allyl)]2. Ligand: COc1ccc(OC)c(P(C2CCCCC2)C2CCCCC2)c1-c1c(C(C)C)cc(C(C)C)cc1C(C)C. Solvent: Cc1ccc(C)cc1. Base: CsOAc. Reaction Temperature: 120 degrees centigrade. Reaction Concentration: 0.057 M. Palladium loading: 2.25 mol%. Ligand loading: 5 mol%. Base loading: 3 eq. What is the yield (%) and cost (US dollar per mol) of this reaction?","","-1,-1","[]"
"Here is a chemical reaction. Reactants are: Cn1cnc(C#N)c1, Fc1ccccc1Br. Product is: Cn1cnc(C#N)c1-c1ccccc1F. Reaction type is Pd catalyzed C-H arylation. The reaction conditions of this reaction are: Palladium Source: [PdCl(allyl)]2. Ligand: COc1ccc(OC)c(P(C2CCCCC2)C2CCCCC2)c1-c1c(C(C)C)cc(C(C)C)cc1C(C)C. Solvent: Cc1ccc(C)cc1. Base: CsOAc. Reaction Temperature: 90 degrees centigrade. Reaction Concentration: 0.153 M. Palladium loading: 2.25 mol%. Ligand loading: 5 mol%. Base loading: 3 eq. What is the yield (%) and cost (US dollar per mol) of this reaction?","","-1,-1","[]"
"Here is a chemical reaction. Reactants are: Cn1cnc(C#N)c1, Fc1ccccc1Br. Product is: Cn1cnc(C#N)c1-c1ccccc1F. Reaction type is Pd catalyzed C-H arylation. The reaction conditions of this reaction are: Palladium Source: [PdCl(allyl)]2. Ligand: COc1ccc(OC)c(P(C2CCCCC2)C2CCCCC2)c1-c1c(C(C)C)cc(C(C)C)cc1C(C)C. Solvent: Cc1ccc(C)cc1. Base: CsOAc. Reaction Temperature: 105 degrees centigrade. Reaction Concentration: 0.153 M. Palladium loading: 2.25 mol%. Ligand loading: 5 mol%. Base loading: 3 eq. What is the yield (%) and cost (US dollar per mol) of this reaction?","","-1,-1","[]"
"Here is a chemical reaction. Reactants are: Cn1cnc(C#N)c1, Fc1ccccc1Br. Product is: Cn1cnc(C#N)c1-c1ccccc1F. Reaction type is Pd catalyzed C-H arylation. The reaction conditions of this reaction are: Palladium Source: [PdCl(allyl)]2. Ligand: COc1ccc(OC)c(P(C2CCCCC2)C2CCCCC2)c1-c1c(C(C)C)cc(C(C)C)cc1C(C)C. Solvent: Cc1ccc(C)cc1. Base: CsOAc. Reaction Temperature: 120 degrees centigrade. Reaction Concentration: 0.153 M. Palladium loading: 2.25 mol%. Ligand loading: 5 mol%. Base loading: 3 eq. What is the yield (%) and cost (US dollar per mol) of this reaction?","","-1,-1","[]"
"Here is a chemical reaction. Reactants are: Cn1cnc(C#N)c1, Fc1ccccc1Br. Product is: Cn1cnc(C#N)c1-c1ccccc1F. Reaction type is Pd catalyzed C-H arylation. The reaction conditions of this reaction are: Palladium Source: [PdCl(allyl)]2. Ligand: COc1ccc(OC)c(P(C2CCCCC2)C2CCCCC2)c1-c1c(C(C)C)cc(C(C)C)cc1C(C)C. Solvent: CC(=O)N(C)C. Base: CsOAc. Reaction Temperature: 90 degrees centigrade. Reaction Concentration: 0.1 M. Palladium loading: 2.25 mol%. Ligand loading: 5 mol%. Base loading: 3 eq. What is the yield (%) and cost (US dollar per mol) of this reaction?","","-1,-1","[]"
"Here is a chemical reaction. Reactants are: Cn1cnc(C#N)c1, Fc1ccccc1Br. Product is: Cn1cnc(C#N)c1-c1ccccc1F. Reaction type is Pd catalyzed C-H arylation. The reaction conditions of this reaction are: Palladium Source: [PdCl(allyl)]2. Ligand: COc1ccc(OC)c(P(C2CCCCC2)C2CCCCC2)c1-c1c(C(C)C)cc(C(C)C)cc1C(C)C. Solvent: CC(=O)N(C)C. Base: CsOAc. Reaction Temperature: 105 degrees centigrade. Reaction Concentration: 0.1 M. Palladium loading: 2.25 mol%. Ligand loading: 5 mol%. Base loading: 3 eq. What is the yield (%) and cost (US dollar per mol) of this reaction?","","-1,-1","[]"
"Here is a chemical reaction. Reactants are: Cn1cnc(C#N)c1, Fc1ccccc1Br. Product is: Cn1cnc(C#N)c1-c1ccccc1F. Reaction type is Pd catalyzed C-H arylation. The reaction conditions of this reaction are: Palladium Source: [PdCl(allyl)]2. Ligand: COc1ccc(OC)c(P(C2CCCCC2)C2CCCCC2)c1-c1c(C(C)C)cc(C(C)C)cc1C(C)C. Solvent: CC(=O)N(C)C. Base: CsOAc. Reaction Temperature: 120 degrees centigrade. Reaction Concentration: 0.1 M. Palladium loading: 2.25 mol%. Ligand loading: 5 mol%. Base loading: 3 eq. What is the yield (%) and cost (US dollar per mol) of this reaction?","","-1,-1","[]"
"Here is a chemical reaction. Reactants are: Cn1cnc(C#N)c1, Fc1ccccc1Br. Product is: Cn1cnc(C#N)c1-c1ccccc1F. Reaction type is Pd catalyzed C-H arylation. The reaction conditions of this reaction are: Palladium Source: [PdCl(allyl)]2. Ligand: COc1ccc(OC)c(P(C2CCCCC2)C2CCCCC2)c1-c1c(C(C)C)cc(C(C)C)cc1C(C)C. Solvent: CC(=O)N(C)C. Base: CsOAc. Reaction Temperature: 90 degrees centigrade. Reaction Concentration: 0.057 M. Palladium loading: 2.25 mol%. Ligand loading: 5 mol%. Base loading: 3 eq. What is the yield (%) and cost (US dollar per mol) of this reaction?","","-1,-1","[]"
"Here is a chemical reaction. Reactants are: Cn1cnc(C#N)c1, Fc1ccccc1Br. Product is: Cn1cnc(C#N)c1-c1ccccc1F. Reaction type is Pd catalyzed C-H arylation. The reaction conditions of this reaction are: Palladium Source: [PdCl(allyl)]2. Ligand: COc1ccc(OC)c(P(C2CCCCC2)C2CCCCC2)c1-c1c(C(C)C)cc(C(C)C)cc1C(C)C. Solvent: CC(=O)N(C)C. Base: CsOAc. Reaction Temperature: 105 degrees centigrade. Reaction Concentration: 0.057 M. Palladium loading: 2.25 mol%. Ligand loading: 5 mol%. Base loading: 3 eq. What is the yield (%) and cost (US dollar per mol) of this reaction?","","-1,-1","[]"
"Here is a chemical reaction. Reactants are: Cn1cnc(C#N)c1, Fc1ccccc1Br. Product is: Cn1cnc(C#N)c1-c1ccccc1F. Reaction type is Pd catalyzed C-H arylation. The reaction conditions of this reaction are: Palladium Source: [PdCl(allyl)]2. Ligand: COc1ccc(OC)c(P(C2CCCCC2)C2CCCCC2)c1-c1c(C(C)C)cc(C(C)C)cc1C(C)C. Solvent: CC(=O)N(C)C. Base: CsOAc. Reaction Temperature: 120 degrees centigrade. Reaction Concentration: 0.057 M. Palladium loading: 2.25 mol%. Ligand loading: 5 mol%. Base loading: 3 eq. What is the yield (%) and cost (US dollar per mol) of this reaction?","","-1,-1","[]"
"Here is a chemical reaction. Reactants are: Cn1cnc(C#N)c1, Fc1ccccc1Br. Product is: Cn1cnc(C#N)c1-c1ccccc1F. Reaction type is Pd catalyzed C-H arylation. The reaction conditions of this reaction are: Palladium Source: [PdCl(allyl)]2. Ligand: COc1ccc(OC)c(P(C2CCCCC2)C2CCCCC2)c1-c1c(C(C)C)cc(C(C)C)cc1C(C)C. Solvent: CC(=O)N(C)C. Base: CsOAc. Reaction Temperature: 90 degrees centigrade. Reaction Concentration: 0.153 M. Palladium loading: 2.25 mol%. Ligand loading: 5 mol%. Base loading: 3 eq. What is the yield (%) and cost (US dollar per mol) of this reaction?","","-1,-1","[]"
"Here is a chemical reaction. Reactants are: Cn1cnc(C#N)c1, Fc1ccccc1Br. Product is: Cn1cnc(C#N)c1-c1ccccc1F. Reaction type is Pd catalyzed C-H arylation. The reaction conditions of this reaction are: Palladium Source: [PdCl(allyl)]2. Ligand: COc1ccc(OC)c(P(C2CCCCC2)C2CCCCC2)c1-c1c(C(C)C)cc(C(C)C)cc1C(C)C. Solvent: CC(=O)N(C)C. Base: CsOAc. Reaction Temperature: 105 degrees centigrade. Reaction Concentration: 0.153 M. Palladium loading: 2.25 mol%. Ligand loading: 5 mol%. Base loading: 3 eq. What is the yield (%) and cost (US dollar per mol) of this reaction?","","-1,-1","[]"
"Here is a chemical reaction. Reactants are: Cn1cnc(C#N)c1, Fc1ccccc1Br. Product is: Cn1cnc(C#N)c1-c1ccccc1F. Reaction type is Pd catalyzed C-H arylation. The reaction conditions of this reaction are: Palladium Source: [PdCl(allyl)]2. Ligand: COc1ccc(OC)c(P(C2CCCCC2)C2CCCCC2)c1-c1c(C(C)C)cc(C(C)C)cc1C(C)C. Solvent: CC(=O)N(C)C. Base: CsOAc. Reaction Temperature: 120 degrees centigrade. Reaction Concentration: 0.153 M. Palladium loading: 2.25 mol%. Ligand loading: 5 mol%. Base loading: 3 eq. What is the yield (%) and cost (US dollar per mol) of this reaction?","","-1,-1","[]"
"Here is a chemical reaction. Reactants are: Cn1cnc(C#N)c1, Fc1ccccc1Br. Product is: Cn1cnc(C#N)c1-c1ccccc1F. Reaction type is Pd catalyzed C-H arylation. The reaction conditions of this reaction are: Palladium Source: [PdCl(allyl)]2. Ligand: COc1ccc(OC)c(P(C2CCCCC2)C2CCCCC2)c1-c1c(C(C)C)cc(C(C)C)cc1C(C)C. Solvent: CCCCOC(C)=O. Base: KOPiv. Reaction Temperature: 90 degrees centigrade. Reaction Concentration: 0.1 M. Palladium loading: 2.25 mol%. Ligand loading: 5 mol%. Base loading: 3 eq. What is the yield (%) and cost (US dollar per mol) of this reaction?","","-1,-1","[]"
"Here is a chemical reaction. Reactants are: Cn1cnc(C#N)c1, Fc1ccccc1Br. Product is: Cn1cnc(C#N)c1-c1ccccc1F. Reaction type is Pd catalyzed C-H arylation. The reaction conditions of this reaction are: Palladium Source: [PdCl(allyl)]2. Ligand: COc1ccc(OC)c(P(C2CCCCC2)C2CCCCC2)c1-c1c(C(C)C)cc(C(C)C)cc1C(C)C. Solvent: CCCCOC(C)=O. Base: KOPiv. Reaction Temperature: 105 degrees centigrade. Reaction Concentration: 0.1 M. Palladium loading: 2.25 mol%. Ligand loading: 5 mol%. Base loading: 3 eq. What is the yield (%) and cost (US dollar per mol) of this reaction?","","-1,-1","[]"
"Here is a chemical reaction. Reactants are: Cn1cnc(C#N)c1, Fc1ccccc1Br. Product is: Cn1cnc(C#N)c1-c1ccccc1F. Reaction type is Pd catalyzed C-H arylation. The reaction conditions of this reaction are: Palladium Source: [PdCl(allyl)]2. Ligand: COc1ccc(OC)c(P(C2CCCCC2)C2CCCCC2)c1-c1c(C(C)C)cc(C(C)C)cc1C(C)C. Solvent: CCCCOC(C)=O. Base: KOPiv. Reaction Temperature: 120 degrees centigrade. Reaction Concentration: 0.1 M. Palladium loading: 2.25 mol%. Ligand loading: 5 mol%. Base loading: 3 eq. What is the yield (%) and cost (US dollar per mol) of this reaction?","","-1,-1","[]"
"Here is a chemical reaction. Reactants are: Cn1cnc(C#N)c1, Fc1ccccc1Br. Product is: Cn1cnc(C#N)c1-c1ccccc1F. Reaction type is Pd catalyzed C-H arylation. The reaction conditions of this reaction are: Palladium Source: [PdCl(allyl)]2. Ligand: COc1ccc(OC)c(P(C2CCCCC2)C2CCCCC2)c1-c1c(C(C)C)cc(C(C)C)cc1C(C)C. Solvent: CCCCOC(C)=O. Base: KOPiv. Reaction Temperature: 90 degrees centigrade. Reaction Concentration: 0.057 M. Palladium loading: 2.25 mol%. Ligand loading: 5 mol%. Base loading: 3 eq. What is the yield (%) and cost (US dollar per mol) of this reaction?","","-1,-1","[]"
"Here is a chemical reaction. Reactants are: Cn1cnc(C#N)c1, Fc1ccccc1Br. Product is: Cn1cnc(C#N)c1-c1ccccc1F. Reaction type is Pd catalyzed C-H arylation. The reaction conditions of this reaction are: Palladium Source: [PdCl(allyl)]2. Ligand: COc1ccc(OC)c(P(C2CCCCC2)C2CCCCC2)c1-c1c(C(C)C)cc(C(C)C)cc1C(C)C. Solvent: CCCCOC(C)=O. Base: KOPiv. Reaction Temperature: 105 degrees centigrade. Reaction Concentration: 0.057 M. Palladium loading: 2.25 mol%. Ligand loading: 5 mol%. Base loading: 3 eq. What is the yield (%) and cost (US dollar per mol) of this reaction?","","-1,-1","[]"
"Here is a chemical reaction. Reactants are: Cn1cnc(C#N)c1, Fc1ccccc1Br. Product is: Cn1cnc(C#N)c1-c1ccccc1F. Reaction type is Pd catalyzed C-H arylation. The reaction conditions of this reaction are: Palladium Source: [PdCl(allyl)]2. Ligand: COc1ccc(OC)c(P(C2CCCCC2)C2CCCCC2)c1-c1c(C(C)C)cc(C(C)C)cc1C(C)C. Solvent: CCCCOC(C)=O. Base: KOPiv. Reaction Temperature: 120 degrees centigrade. Reaction Concentration: 0.057 M. Palladium loading: 2.25 mol%. Ligand loading: 5 mol%. Base loading: 3 eq. What is the yield (%) and cost (US dollar per mol) of this reaction?","","-1,-1","[]"
"Here is a chemical reaction. Reactants are: Cn1cnc(C#N)c1, Fc1ccccc1Br. Product is: Cn1cnc(C#N)c1-c1ccccc1F. Reaction type is Pd catalyzed C-H arylation. The reaction conditions of this reaction are: Palladium Source: [PdCl(allyl)]2. Ligand: COc1ccc(OC)c(P(C2CCCCC2)C2CCCCC2)c1-c1c(C(C)C)cc(C(C)C)cc1C(C)C. Solvent: CCCCOC(C)=O. Base: KOPiv. Reaction Temperature: 90 degrees centigrade. Reaction Concentration: 0.153 M. Palladium loading: 2.25 mol%. Ligand loading: 5 mol%. Base loading: 3 eq. What is the yield (%) and cost (US dollar per mol) of this reaction?","","-1,-1","[]"
"Here is a chemical reaction. Reactants are: Cn1cnc(C#N)c1, Fc1ccccc1Br. Product is: Cn1cnc(C#N)c1-c1ccccc1F. Reaction type is Pd catalyzed C-H arylation. The reaction conditions of this reaction are: Palladium Source: [PdCl(allyl)]2. Ligand: COc1ccc(OC)c(P(C2CCCCC2)C2CCCCC2)c1-c1c(C(C)C)cc(C(C)C)cc1C(C)C. Solvent: CCCCOC(C)=O. Base: KOPiv. Reaction Temperature: 105 degrees centigrade. Reaction Concentration: 0.153 M. Palladium loading: 2.25 mol%. Ligand loading: 5 mol%. Base loading: 3 eq. What is the yield (%) and cost (US dollar per mol) of this reaction?","","-1,-1","[]"
"Here is a chemical reaction. Reactants are: Cn1cnc(C#N)c1, Fc1ccccc1Br. Product is: Cn1cnc(C#N)c1-c1ccccc1F. Reaction type is Pd catalyzed C-H arylation. The reaction conditions of this reaction are: Palladium Source: [PdCl(allyl)]2. Ligand: COc1ccc(OC)c(P(C2CCCCC2)C2CCCCC2)c1-c1c(C(C)C)cc(C(C)C)cc1C(C)C. Solvent: CCCCOC(C)=O. Base: KOPiv. Reaction Temperature: 120 degrees centigrade. Reaction Concentration: 0.153 M. Palladium loading: 2.25 mol%. Ligand loading: 5 mol%. Base loading: 3 eq. What is the yield (%) and cost (US dollar per mol) of this reaction?","","-1,-1","[]"
"Here is a chemical reaction. Reactants are: Cn1cnc(C#N)c1, Fc1ccccc1Br. Product is: Cn1cnc(C#N)c1-c1ccccc1F. Reaction type is Pd catalyzed C-H arylation. The reaction conditions of this reaction are: Palladium Source: [PdCl(allyl)]2. Ligand: COc1ccc(OC)c(P(C2CCCCC2)C2CCCCC2)c1-c1c(C(C)C)cc(C(C)C)cc1C(C)C. Solvent: CCCC#N. Base: KOPiv. Reaction Temperature: 90 degrees centigrade. Reaction Concentration: 0.1 M. Palladium loading: 2.25 mol%. Ligand loading: 5 mol%. Base loading: 3 eq. What is the yield (%) and cost (US dollar per mol) of this reaction?","","-1,-1","[]"
"Here is a chemical reaction. Reactants are: Cn1cnc(C#N)c1, Fc1ccccc1Br. Product is: Cn1cnc(C#N)c1-c1ccccc1F. Reaction type is Pd catalyzed C-H arylation. The reaction conditions of this reaction are: Palladium Source: [PdCl(allyl)]2. Ligand: COc1ccc(OC)c(P(C2CCCCC2)C2CCCCC2)c1-c1c(C(C)C)cc(C(C)C)cc1C(C)C. Solvent: CCCC#N. Base: KOPiv. Reaction Temperature: 105 degrees centigrade. Reaction Concentration: 0.1 M. Palladium loading: 2.25 mol%. Ligand loading: 5 mol%. Base loading: 3 eq. What is the yield (%) and cost (US dollar per mol) of this reaction?","","-1,-1","[]"
"Here is a chemical reaction. Reactants are: Cn1cnc(C#N)c1, Fc1ccccc1Br. Product is: Cn1cnc(C#N)c1-c1ccccc1F. Reaction type is Pd catalyzed C-H arylation. The reaction conditions of this reaction are: Palladium Source: [PdCl(allyl)]2. Ligand: COc1ccc(OC)c(P(C2CCCCC2)C2CCCCC2)c1-c1c(C(C)C)cc(C(C)C)cc1C(C)C. Solvent: CCCC#N. Base: KOPiv. Reaction Temperature: 120 degrees centigrade. Reaction Concentration: 0.1 M. Palladium loading: 2.25 mol%. Ligand loading: 5 mol%. Base loading: 3 eq. What is the yield (%) and cost (US dollar per mol) of this reaction?","","-1,-1","[]"
"Here is a chemical reaction. Reactants are: Cn1cnc(C#N)c1, Fc1ccccc1Br. Product is: Cn1cnc(C#N)c1-c1ccccc1F. Reaction type is Pd catalyzed C-H arylation. The reaction conditions of this reaction are: Palladium Source: [PdCl(allyl)]2. Ligand: COc1ccc(OC)c(P(C2CCCCC2)C2CCCCC2)c1-c1c(C(C)C)cc(C(C)C)cc1C(C)C. Solvent: CCCC#N. Base: KOPiv. Reaction Temperature: 90 degrees centigrade. Reaction Concentration: 0.057 M. Palladium loading: 2.25 mol%. Ligand loading: 5 mol%. Base loading: 3 eq. What is the yield (%) and cost (US dollar per mol) of this reaction?","","-1,-1","[]"
"Here is a chemical reaction. Reactants are: Cn1cnc(C#N)c1, Fc1ccccc1Br. Product is: Cn1cnc(C#N)c1-c1ccccc1F. Reaction type is Pd catalyzed C-H arylation. The reaction conditions of this reaction are: Palladium Source: [PdCl(allyl)]2. Ligand: COc1ccc(OC)c(P(C2CCCCC2)C2CCCCC2)c1-c1c(C(C)C)cc(C(C)C)cc1C(C)C. Solvent: CCCC#N. Base: KOPiv. Reaction Temperature: 105 degrees centigrade. Reaction Concentration: 0.057 M. Palladium loading: 2.25 mol%. Ligand loading: 5 mol%. Base loading: 3 eq. What is the yield (%) and cost (US dollar per mol) of this reaction?","","-1,-1","[]"
"Here is a chemical reaction. Reactants are: Cn1cnc(C#N)c1, Fc1ccccc1Br. Product is: Cn1cnc(C#N)c1-c1ccccc1F. Reaction type is Pd catalyzed C-H arylation. The reaction conditions of this reaction are: Palladium Source: [PdCl(allyl)]2. Ligand: COc1ccc(OC)c(P(C2CCCCC2)C2CCCCC2)c1-c1c(C(C)C)cc(C(C)C)cc1C(C)C. Solvent: CCCC#N. Base: KOPiv. Reaction Temperature: 120 degrees centigrade. Reaction Concentration: 0.057 M. Palladium loading: 2.25 mol%. Ligand loading: 5 mol%. Base loading: 3 eq. What is the yield (%) and cost (US dollar per mol) of this reaction?","","-1,-1","[]"
"Here is a chemical reaction. Reactants are: Cn1cnc(C#N)c1, Fc1ccccc1Br. Product is: Cn1cnc(C#N)c1-c1ccccc1F. Reaction type is Pd catalyzed C-H arylation. The reaction conditions of this reaction are: Palladium Source: [PdCl(allyl)]2. Ligand: COc1ccc(OC)c(P(C2CCCCC2)C2CCCCC2)c1-c1c(C(C)C)cc(C(C)C)cc1C(C)C. Solvent: CCCC#N. Base: KOPiv. Reaction Temperature: 90 degrees centigrade. Reaction Concentration: 0.153 M. Palladium loading: 2.25 mol%. Ligand loading: 5 mol%. Base loading: 3 eq. What is the yield (%) and cost (US dollar per mol) of this reaction?","","-1,-1","[]"
"Here is a chemical reaction. Reactants are: Cn1cnc(C#N)c1, Fc1ccccc1Br. Product is: Cn1cnc(C#N)c1-c1ccccc1F. Reaction type is Pd catalyzed C-H arylation. The reaction conditions of this reaction are: Palladium Source: [PdCl(allyl)]2. Ligand: COc1ccc(OC)c(P(C2CCCCC2)C2CCCCC2)c1-c1c(C(C)C)cc(C(C)C)cc1C(C)C. Solvent: CCCC#N. Base: KOPiv. Reaction Temperature: 105 degrees centigrade. Reaction Concentration: 0.153 M. Palladium loading: 2.25 mol%. Ligand loading: 5 mol%. Base loading: 3 eq. What is the yield (%) and cost (US dollar per mol) of this reaction?","","-1,-1","[]"
"Here is a chemical reaction. Reactants are: Cn1cnc(C#N)c1, Fc1ccccc1Br. Product is: Cn1cnc(C#N)c1-c1ccccc1F. Reaction type is Pd catalyzed C-H arylation. The reaction conditions of this reaction are: Palladium Source: [PdCl(allyl)]2. Ligand: COc1ccc(OC)c(P(C2CCCCC2)C2CCCCC2)c1-c1c(C(C)C)cc(C(C)C)cc1C(C)C. Solvent: CCCC#N. Base: KOPiv. Reaction Temperature: 120 degrees centigrade. Reaction Concentration: 0.153 M. Palladium loading: 2.25 mol%. Ligand loading: 5 mol%. Base loading: 3 eq. What is the yield (%) and cost (US dollar per mol) of this reaction?","","-1,-1","[]"
"Here is a chemical reaction. Reactants are: Cn1cnc(C#N)c1, Fc1ccccc1Br. Product is: Cn1cnc(C#N)c1-c1ccccc1F. Reaction type is Pd catalyzed C-H arylation. The reaction conditions of this reaction are: Palladium Source: [PdCl(allyl)]2. Ligand: COc1ccc(OC)c(P(C2CCCCC2)C2CCCCC2)c1-c1c(C(C)C)cc(C(C)C)cc1C(C)C. Solvent: Cc1ccc(C)cc1. Base: KOPiv. Reaction Temperature: 90 degrees centigrade. Reaction Concentration: 0.1 M. Palladium loading: 2.25 mol%. Ligand loading: 5 mol%. Base loading: 3 eq. What is the yield (%) and cost (US dollar per mol) of this reaction?","","-1,-1","[]"
"Here is a chemical reaction. Reactants are: Cn1cnc(C#N)c1, Fc1ccccc1Br. Product is: Cn1cnc(C#N)c1-c1ccccc1F. Reaction type is Pd catalyzed C-H arylation. The reaction conditions of this reaction are: Palladium Source: [PdCl(allyl)]2. Ligand: COc1ccc(OC)c(P(C2CCCCC2)C2CCCCC2)c1-c1c(C(C)C)cc(C(C)C)cc1C(C)C. Solvent: Cc1ccc(C)cc1. Base: KOPiv. Reaction Temperature: 105 degrees centigrade. Reaction Concentration: 0.1 M. Palladium loading: 2.25 mol%. Ligand loading: 5 mol%. Base loading: 3 eq. What is the yield (%) and cost (US dollar per mol) of this reaction?","","-1,-1","[]"
"Here is a chemical reaction. Reactants are: Cn1cnc(C#N)c1, Fc1ccccc1Br. Product is: Cn1cnc(C#N)c1-c1ccccc1F. Reaction type is Pd catalyzed C-H arylation. The reaction conditions of this reaction are: Palladium Source: [PdCl(allyl)]2. Ligand: COc1ccc(OC)c(P(C2CCCCC2)C2CCCCC2)c1-c1c(C(C)C)cc(C(C)C)cc1C(C)C. Solvent: Cc1ccc(C)cc1. Base: KOPiv. Reaction Temperature: 120 degrees centigrade. Reaction Concentration: 0.1 M. Palladium loading: 2.25 mol%. Ligand loading: 5 mol%. Base loading: 3 eq. What is the yield (%) and cost (US dollar per mol) of this reaction?","","-1,-1","[]"
"Here is a chemical reaction. Reactants are: Cn1cnc(C#N)c1, Fc1ccccc1Br. Product is: Cn1cnc(C#N)c1-c1ccccc1F. Reaction type is Pd catalyzed C-H arylation. The reaction conditions of this reaction are: Palladium Source: [PdCl(allyl)]2. Ligand: COc1ccc(OC)c(P(C2CCCCC2)C2CCCCC2)c1-c1c(C(C)C)cc(C(C)C)cc1C(C)C. Solvent: Cc1ccc(C)cc1. Base: KOPiv. Reaction Temperature: 90 degrees centigrade. Reaction Concentration: 0.057 M. Palladium loading: 2.25 mol%. Ligand loading: 5 mol%. Base loading: 3 eq. What is the yield (%) and cost (US dollar per mol) of this reaction?","","-1,-1","[]"
"Here is a chemical reaction. Reactants are: Cn1cnc(C#N)c1, Fc1ccccc1Br. Product is: Cn1cnc(C#N)c1-c1ccccc1F. Reaction type is Pd catalyzed C-H arylation. The reaction conditions of this reaction are: Palladium Source: [PdCl(allyl)]2. Ligand: COc1ccc(OC)c(P(C2CCCCC2)C2CCCCC2)c1-c1c(C(C)C)cc(C(C)C)cc1C(C)C. Solvent: Cc1ccc(C)cc1. Base: KOPiv. Reaction Temperature: 105 degrees centigrade. Reaction Concentration: 0.057 M. Palladium loading: 2.25 mol%. Ligand loading: 5 mol%. Base loading: 3 eq. What is the yield (%) and cost (US dollar per mol) of this reaction?","","-1,-1","[]"
"Here is a chemical reaction. Reactants are: Cn1cnc(C#N)c1, Fc1ccccc1Br. Product is: Cn1cnc(C#N)c1-c1ccccc1F. Reaction type is Pd catalyzed C-H arylation. The reaction conditions of this reaction are: Palladium Source: [PdCl(allyl)]2. Ligand: COc1ccc(OC)c(P(C2CCCCC2)C2CCCCC2)c1-c1c(C(C)C)cc(C(C)C)cc1C(C)C. Solvent: Cc1ccc(C)cc1. Base: KOPiv. Reaction Temperature: 120 degrees centigrade. Reaction Concentration: 0.057 M. Palladium loading: 2.25 mol%. Ligand loading: 5 mol%. Base loading: 3 eq. What is the yield (%) and cost (US dollar per mol) of this reaction?","","-1,-1","[]"
"Here is a chemical reaction. Reactants are: Cn1cnc(C#N)c1, Fc1ccccc1Br. Product is: Cn1cnc(C#N)c1-c1ccccc1F. Reaction type is Pd catalyzed C-H arylation. The reaction conditions of this reaction are: Palladium Source: [PdCl(allyl)]2. Ligand: COc1ccc(OC)c(P(C2CCCCC2)C2CCCCC2)c1-c1c(C(C)C)cc(C(C)C)cc1C(C)C. Solvent: Cc1ccc(C)cc1. Base: KOPiv. Reaction Temperature: 90 degrees centigrade. Reaction Concentration: 0.153 M. Palladium loading: 2.25 mol%. Ligand loading: 5 mol%. Base loading: 3 eq. What is the yield (%) and cost (US dollar per mol) of this reaction?","","-1,-1","[]"
"Here is a chemical reaction. Reactants are: Cn1cnc(C#N)c1, Fc1ccccc1Br. Product is: Cn1cnc(C#N)c1-c1ccccc1F. Reaction type is Pd catalyzed C-H arylation. The reaction conditions of this reaction are: Palladium Source: [PdCl(allyl)]2. Ligand: COc1ccc(OC)c(P(C2CCCCC2)C2CCCCC2)c1-c1c(C(C)C)cc(C(C)C)cc1C(C)C. Solvent: Cc1ccc(C)cc1. Base: KOPiv. Reaction Temperature: 105 degrees centigrade. Reaction Concentration: 0.153 M. Palladium loading: 2.25 mol%. Ligand loading: 5 mol%. Base loading: 3 eq. What is the yield (%) and cost (US dollar per mol) of this reaction?","","-1,-1","[]"
"Here is a chemical reaction. Reactants are: Cn1cnc(C#N)c1, Fc1ccccc1Br. Product is: Cn1cnc(C#N)c1-c1ccccc1F. Reaction type is Pd catalyzed C-H arylation. The reaction conditions of this reaction are: Palladium Source: [PdCl(allyl)]2. Ligand: COc1ccc(OC)c(P(C2CCCCC2)C2CCCCC2)c1-c1c(C(C)C)cc(C(C)C)cc1C(C)C. Solvent: Cc1ccc(C)cc1. Base: KOPiv. Reaction Temperature: 120 degrees centigrade. Reaction Concentration: 0.153 M. Palladium loading: 2.25 mol%. Ligand loading: 5 mol%. Base loading: 3 eq. What is the yield (%) and cost (US dollar per mol) of this reaction?","","-1,-1","[]"
"Here is a chemical reaction. Reactants are: Cn1cnc(C#N)c1, Fc1ccccc1Br. Product is: Cn1cnc(C#N)c1-c1ccccc1F. Reaction type is Pd catalyzed C-H arylation. The reaction conditions of this reaction are: Palladium Source: [PdCl(allyl)]2. Ligand: COc1ccc(OC)c(P(C2CCCCC2)C2CCCCC2)c1-c1c(C(C)C)cc(C(C)C)cc1C(C)C. Solvent: CC(=O)N(C)C. Base: KOPiv. Reaction Temperature: 90 degrees centigrade. Reaction Concentration: 0.1 M. Palladium loading: 2.25 mol%. Ligand loading: 5 mol%. Base loading: 3 eq. What is the yield (%) and cost (US dollar per mol) of this reaction?","","-1,-1","[]"
"Here is a chemical reaction. Reactants are: Cn1cnc(C#N)c1, Fc1ccccc1Br. Product is: Cn1cnc(C#N)c1-c1ccccc1F. Reaction type is Pd catalyzed C-H arylation. The reaction conditions of this reaction are: Palladium Source: [PdCl(allyl)]2. Ligand: COc1ccc(OC)c(P(C2CCCCC2)C2CCCCC2)c1-c1c(C(C)C)cc(C(C)C)cc1C(C)C. Solvent: CC(=O)N(C)C. Base: KOPiv. Reaction Temperature: 105 degrees centigrade. Reaction Concentration: 0.1 M. Palladium loading: 2.25 mol%. Ligand loading: 5 mol%. Base loading: 3 eq. What is the yield (%) and cost (US dollar per mol) of this reaction?","","-1,-1","[]"
"Here is a chemical reaction. Reactants are: Cn1cnc(C#N)c1, Fc1ccccc1Br. Product is: Cn1cnc(C#N)c1-c1ccccc1F. Reaction type is Pd catalyzed C-H arylation. The reaction conditions of this reaction are: Palladium Source: [PdCl(allyl)]2. Ligand: COc1ccc(OC)c(P(C2CCCCC2)C2CCCCC2)c1-c1c(C(C)C)cc(C(C)C)cc1C(C)C. Solvent: CC(=O)N(C)C. Base: KOPiv. Reaction Temperature: 120 degrees centigrade. Reaction Concentration: 0.1 M. Palladium loading: 2.25 mol%. Ligand loading: 5 mol%. Base loading: 3 eq. What is the yield (%) and cost (US dollar per mol) of this reaction?","","-1,-1","[]"
"Here is a chemical reaction. Reactants are: Cn1cnc(C#N)c1, Fc1ccccc1Br. Product is: Cn1cnc(C#N)c1-c1ccccc1F. Reaction type is Pd catalyzed C-H arylation. The reaction conditions of this reaction are: Palladium Source: [PdCl(allyl)]2. Ligand: COc1ccc(OC)c(P(C2CCCCC2)C2CCCCC2)c1-c1c(C(C)C)cc(C(C)C)cc1C(C)C. Solvent: CC(=O)N(C)C. Base: KOPiv. Reaction Temperature: 90 degrees centigrade. Reaction Concentration: 0.057 M. Palladium loading: 2.25 mol%. Ligand loading: 5 mol%. Base loading: 3 eq. What is the yield (%) and cost (US dollar per mol) of this reaction?","","-1,-1","[]"
"Here is a chemical reaction. Reactants are: Cn1cnc(C#N)c1, Fc1ccccc1Br. Product is: Cn1cnc(C#N)c1-c1ccccc1F. Reaction type is Pd catalyzed C-H arylation. The reaction conditions of this reaction are: Palladium Source: [PdCl(allyl)]2. Ligand: COc1ccc(OC)c(P(C2CCCCC2)C2CCCCC2)c1-c1c(C(C)C)cc(C(C)C)cc1C(C)C. Solvent: CC(=O)N(C)C. Base: KOPiv. Reaction Temperature: 105 degrees centigrade. Reaction Concentration: 0.057 M. Palladium loading: 2.25 mol%. Ligand loading: 5 mol%. Base loading: 3 eq. What is the yield (%) and cost (US dollar per mol) of this reaction?","","-1,-1","[]"
"Here is a chemical reaction. Reactants are: Cn1cnc(C#N)c1, Fc1ccccc1Br. Product is: Cn1cnc(C#N)c1-c1ccccc1F. Reaction type is Pd catalyzed C-H arylation. The reaction conditions of this reaction are: Palladium Source: [PdCl(allyl)]2. Ligand: COc1ccc(OC)c(P(C2CCCCC2)C2CCCCC2)c1-c1c(C(C)C)cc(C(C)C)cc1C(C)C. Solvent: CC(=O)N(C)C. Base: KOPiv. Reaction Temperature: 120 degrees centigrade. Reaction Concentration: 0.057 M. Palladium loading: 2.25 mol%. Ligand loading: 5 mol%. Base loading: 3 eq. What is the yield (%) and cost (US dollar per mol) of this reaction?","","-1,-1","[]"
"Here is a chemical reaction. Reactants are: Cn1cnc(C#N)c1, Fc1ccccc1Br. Product is: Cn1cnc(C#N)c1-c1ccccc1F. Reaction type is Pd catalyzed C-H arylation. The reaction conditions of this reaction are: Palladium Source: [PdCl(allyl)]2. Ligand: COc1ccc(OC)c(P(C2CCCCC2)C2CCCCC2)c1-c1c(C(C)C)cc(C(C)C)cc1C(C)C. Solvent: CC(=O)N(C)C. Base: KOPiv. Reaction Temperature: 90 degrees centigrade. Reaction Concentration: 0.153 M. Palladium loading: 2.25 mol%. Ligand loading: 5 mol%. Base loading: 3 eq. What is the yield (%) and cost (US dollar per mol) of this reaction?","","-1,-1","[]"
"Here is a chemical reaction. Reactants are: Cn1cnc(C#N)c1, Fc1ccccc1Br. Product is: Cn1cnc(C#N)c1-c1ccccc1F. Reaction type is Pd catalyzed C-H arylation. The reaction conditions of this reaction are: Palladium Source: [PdCl(allyl)]2. Ligand: COc1ccc(OC)c(P(C2CCCCC2)C2CCCCC2)c1-c1c(C(C)C)cc(C(C)C)cc1C(C)C. Solvent: CC(=O)N(C)C. Base: KOPiv. Reaction Temperature: 105 degrees centigrade. Reaction Concentration: 0.153 M. Palladium loading: 2.25 mol%. Ligand loading: 5 mol%. Base loading: 3 eq. What is the yield (%) and cost (US dollar per mol) of this reaction?","","-1,-1","[]"
"Here is a chemical reaction. Reactants are: Cn1cnc(C#N)c1, Fc1ccccc1Br. Product is: Cn1cnc(C#N)c1-c1ccccc1F. Reaction type is Pd catalyzed C-H arylation. The reaction conditions of this reaction are: Palladium Source: [PdCl(allyl)]2. Ligand: COc1ccc(OC)c(P(C2CCCCC2)C2CCCCC2)c1-c1c(C(C)C)cc(C(C)C)cc1C(C)C. Solvent: CC(=O)N(C)C. Base: KOPiv. Reaction Temperature: 120 degrees centigrade. Reaction Concentration: 0.153 M. Palladium loading: 2.25 mol%. Ligand loading: 5 mol%. Base loading: 3 eq. What is the yield (%) and cost (US dollar per mol) of this reaction?","","-1,-1","[]"
"Here is a chemical reaction. Reactants are: Cn1cnc(C#N)c1, Fc1ccccc1Br. Product is: Cn1cnc(C#N)c1-c1ccccc1F. Reaction type is Pd catalyzed C-H arylation. The reaction conditions of this reaction are: Palladium Source: [PdCl(allyl)]2. Ligand: COc1ccc(OC)c(P(C2CCCCC2)C2CCCCC2)c1-c1c(C(C)C)cc(C(C)C)cc1C(C)C. Solvent: CCCCOC(C)=O. Base: CsOPiv. Reaction Temperature: 90 degrees centigrade. Reaction Concentration: 0.1 M. Palladium loading: 2.25 mol%. Ligand loading: 5 mol%. Base loading: 3 eq. What is the yield (%) and cost (US dollar per mol) of this reaction?","","-1,-1","[]"
"Here is a chemical reaction. Reactants are: Cn1cnc(C#N)c1, Fc1ccccc1Br. Product is: Cn1cnc(C#N)c1-c1ccccc1F. Reaction type is Pd catalyzed C-H arylation. The reaction conditions of this reaction are: Palladium Source: [PdCl(allyl)]2. Ligand: COc1ccc(OC)c(P(C2CCCCC2)C2CCCCC2)c1-c1c(C(C)C)cc(C(C)C)cc1C(C)C. Solvent: CCCCOC(C)=O. Base: CsOPiv. Reaction Temperature: 105 degrees centigrade. Reaction Concentration: 0.1 M. Palladium loading: 2.25 mol%. Ligand loading: 5 mol%. Base loading: 3 eq. What is the yield (%) and cost (US dollar per mol) of this reaction?","","-1,-1","[]"
"Here is a chemical reaction. Reactants are: Cn1cnc(C#N)c1, Fc1ccccc1Br. Product is: Cn1cnc(C#N)c1-c1ccccc1F. Reaction type is Pd catalyzed C-H arylation. The reaction conditions of this reaction are: Palladium Source: [PdCl(allyl)]2. Ligand: COc1ccc(OC)c(P(C2CCCCC2)C2CCCCC2)c1-c1c(C(C)C)cc(C(C)C)cc1C(C)C. Solvent: CCCCOC(C)=O. Base: CsOPiv. Reaction Temperature: 120 degrees centigrade. Reaction Concentration: 0.1 M. Palladium loading: 2.25 mol%. Ligand loading: 5 mol%. Base loading: 3 eq. What is the yield (%) and cost (US dollar per mol) of this reaction?","","-1,-1","[]"
"Here is a chemical reaction. Reactants are: Cn1cnc(C#N)c1, Fc1ccccc1Br. Product is: Cn1cnc(C#N)c1-c1ccccc1F. Reaction type is Pd catalyzed C-H arylation. The reaction conditions of this reaction are: Palladium Source: [PdCl(allyl)]2. Ligand: COc1ccc(OC)c(P(C2CCCCC2)C2CCCCC2)c1-c1c(C(C)C)cc(C(C)C)cc1C(C)C. Solvent: CCCCOC(C)=O. Base: CsOPiv. Reaction Temperature: 90 degrees centigrade. Reaction Concentration: 0.057 M. Palladium loading: 2.25 mol%. Ligand loading: 5 mol%. Base loading: 3 eq. What is the yield (%) and cost (US dollar per mol) of this reaction?","","-1,-1","[]"
"Here is a chemical reaction. Reactants are: Cn1cnc(C#N)c1, Fc1ccccc1Br. Product is: Cn1cnc(C#N)c1-c1ccccc1F. Reaction type is Pd catalyzed C-H arylation. The reaction conditions of this reaction are: Palladium Source: [PdCl(allyl)]2. Ligand: COc1ccc(OC)c(P(C2CCCCC2)C2CCCCC2)c1-c1c(C(C)C)cc(C(C)C)cc1C(C)C. Solvent: CCCCOC(C)=O. Base: CsOPiv. Reaction Temperature: 105 degrees centigrade. Reaction Concentration: 0.057 M. Palladium loading: 2.25 mol%. Ligand loading: 5 mol%. Base loading: 3 eq. What is the yield (%) and cost (US dollar per mol) of this reaction?","","-1,-1","[]"
"Here is a chemical reaction. Reactants are: Cn1cnc(C#N)c1, Fc1ccccc1Br. Product is: Cn1cnc(C#N)c1-c1ccccc1F. Reaction type is Pd catalyzed C-H arylation. The reaction conditions of this reaction are: Palladium Source: [PdCl(allyl)]2. Ligand: COc1ccc(OC)c(P(C2CCCCC2)C2CCCCC2)c1-c1c(C(C)C)cc(C(C)C)cc1C(C)C. Solvent: CCCCOC(C)=O. Base: CsOPiv. Reaction Temperature: 120 degrees centigrade. Reaction Concentration: 0.057 M. Palladium loading: 2.25 mol%. Ligand loading: 5 mol%. Base loading: 3 eq. What is the yield (%) and cost (US dollar per mol) of this reaction?","","-1,-1","[]"
"Here is a chemical reaction. Reactants are: Cn1cnc(C#N)c1, Fc1ccccc1Br. Product is: Cn1cnc(C#N)c1-c1ccccc1F. Reaction type is Pd catalyzed C-H arylation. The reaction conditions of this reaction are: Palladium Source: [PdCl(allyl)]2. Ligand: COc1ccc(OC)c(P(C2CCCCC2)C2CCCCC2)c1-c1c(C(C)C)cc(C(C)C)cc1C(C)C. Solvent: CCCCOC(C)=O. Base: CsOPiv. Reaction Temperature: 90 degrees centigrade. Reaction Concentration: 0.153 M. Palladium loading: 2.25 mol%. Ligand loading: 5 mol%. Base loading: 3 eq. What is the yield (%) and cost (US dollar per mol) of this reaction?","","-1,-1","[]"
"Here is a chemical reaction. Reactants are: Cn1cnc(C#N)c1, Fc1ccccc1Br. Product is: Cn1cnc(C#N)c1-c1ccccc1F. Reaction type is Pd catalyzed C-H arylation. The reaction conditions of this reaction are: Palladium Source: [PdCl(allyl)]2. Ligand: COc1ccc(OC)c(P(C2CCCCC2)C2CCCCC2)c1-c1c(C(C)C)cc(C(C)C)cc1C(C)C. Solvent: CCCCOC(C)=O. Base: CsOPiv. Reaction Temperature: 105 degrees centigrade. Reaction Concentration: 0.153 M. Palladium loading: 2.25 mol%. Ligand loading: 5 mol%. Base loading: 3 eq. What is the yield (%) and cost (US dollar per mol) of this reaction?","","-1,-1","[]"
"Here is a chemical reaction. Reactants are: Cn1cnc(C#N)c1, Fc1ccccc1Br. Product is: Cn1cnc(C#N)c1-c1ccccc1F. Reaction type is Pd catalyzed C-H arylation. The reaction conditions of this reaction are: Palladium Source: [PdCl(allyl)]2. Ligand: COc1ccc(OC)c(P(C2CCCCC2)C2CCCCC2)c1-c1c(C(C)C)cc(C(C)C)cc1C(C)C. Solvent: CCCCOC(C)=O. Base: CsOPiv. Reaction Temperature: 120 degrees centigrade. Reaction Concentration: 0.153 M. Palladium loading: 2.25 mol%. Ligand loading: 5 mol%. Base loading: 3 eq. What is the yield (%) and cost (US dollar per mol) of this reaction?","","-1,-1","[]"
"Here is a chemical reaction. Reactants are: Cn1cnc(C#N)c1, Fc1ccccc1Br. Product is: Cn1cnc(C#N)c1-c1ccccc1F. Reaction type is Pd catalyzed C-H arylation. The reaction conditions of this reaction are: Palladium Source: [PdCl(allyl)]2. Ligand: COc1ccc(OC)c(P(C2CCCCC2)C2CCCCC2)c1-c1c(C(C)C)cc(C(C)C)cc1C(C)C. Solvent: CCCC#N. Base: CsOPiv. Reaction Temperature: 90 degrees centigrade. Reaction Concentration: 0.1 M. Palladium loading: 2.25 mol%. Ligand loading: 5 mol%. Base loading: 3 eq. What is the yield (%) and cost (US dollar per mol) of this reaction?","","-1,-1","[]"
"Here is a chemical reaction. Reactants are: Cn1cnc(C#N)c1, Fc1ccccc1Br. Product is: Cn1cnc(C#N)c1-c1ccccc1F. Reaction type is Pd catalyzed C-H arylation. The reaction conditions of this reaction are: Palladium Source: [PdCl(allyl)]2. Ligand: COc1ccc(OC)c(P(C2CCCCC2)C2CCCCC2)c1-c1c(C(C)C)cc(C(C)C)cc1C(C)C. Solvent: CCCC#N. Base: CsOPiv. Reaction Temperature: 105 degrees centigrade. Reaction Concentration: 0.1 M. Palladium loading: 2.25 mol%. Ligand loading: 5 mol%. Base loading: 3 eq. What is the yield (%) and cost (US dollar per mol) of this reaction?","","-1,-1","[]"
"Here is a chemical reaction. Reactants are: Cn1cnc(C#N)c1, Fc1ccccc1Br. Product is: Cn1cnc(C#N)c1-c1ccccc1F. Reaction type is Pd catalyzed C-H arylation. The reaction conditions of this reaction are: Palladium Source: [PdCl(allyl)]2. Ligand: COc1ccc(OC)c(P(C2CCCCC2)C2CCCCC2)c1-c1c(C(C)C)cc(C(C)C)cc1C(C)C. Solvent: CCCC#N. Base: CsOPiv. Reaction Temperature: 120 degrees centigrade. Reaction Concentration: 0.1 M. Palladium loading: 2.25 mol%. Ligand loading: 5 mol%. Base loading: 3 eq. What is the yield (%) and cost (US dollar per mol) of this reaction?","","-1,-1","[]"
"Here is a chemical reaction. Reactants are: Cn1cnc(C#N)c1, Fc1ccccc1Br. Product is: Cn1cnc(C#N)c1-c1ccccc1F. Reaction type is Pd catalyzed C-H arylation. The reaction conditions of this reaction are: Palladium Source: [PdCl(allyl)]2. Ligand: COc1ccc(OC)c(P(C2CCCCC2)C2CCCCC2)c1-c1c(C(C)C)cc(C(C)C)cc1C(C)C. Solvent: CCCC#N. Base: CsOPiv. Reaction Temperature: 90 degrees centigrade. Reaction Concentration: 0.057 M. Palladium loading: 2.25 mol%. Ligand loading: 5 mol%. Base loading: 3 eq. What is the yield (%) and cost (US dollar per mol) of this reaction?","","-1,-1","[]"
"Here is a chemical reaction. Reactants are: Cn1cnc(C#N)c1, Fc1ccccc1Br. Product is: Cn1cnc(C#N)c1-c1ccccc1F. Reaction type is Pd catalyzed C-H arylation. The reaction conditions of this reaction are: Palladium Source: [PdCl(allyl)]2. Ligand: COc1ccc(OC)c(P(C2CCCCC2)C2CCCCC2)c1-c1c(C(C)C)cc(C(C)C)cc1C(C)C. Solvent: CCCC#N. Base: CsOPiv. Reaction Temperature: 105 degrees centigrade. Reaction Concentration: 0.057 M. Palladium loading: 2.25 mol%. Ligand loading: 5 mol%. Base loading: 3 eq. What is the yield (%) and cost (US dollar per mol) of this reaction?","","-1,-1","[]"
"Here is a chemical reaction. Reactants are: Cn1cnc(C#N)c1, Fc1ccccc1Br. Product is: Cn1cnc(C#N)c1-c1ccccc1F. Reaction type is Pd catalyzed C-H arylation. The reaction conditions of this reaction are: Palladium Source: [PdCl(allyl)]2. Ligand: COc1ccc(OC)c(P(C2CCCCC2)C2CCCCC2)c1-c1c(C(C)C)cc(C(C)C)cc1C(C)C. Solvent: CCCC#N. Base: CsOPiv. Reaction Temperature: 120 degrees centigrade. Reaction Concentration: 0.057 M. Palladium loading: 2.25 mol%. Ligand loading: 5 mol%. Base loading: 3 eq. What is the yield (%) and cost (US dollar per mol) of this reaction?","","-1,-1","[]"
"Here is a chemical reaction. Reactants are: Cn1cnc(C#N)c1, Fc1ccccc1Br. Product is: Cn1cnc(C#N)c1-c1ccccc1F. Reaction type is Pd catalyzed C-H arylation. The reaction conditions of this reaction are: Palladium Source: [PdCl(allyl)]2. Ligand: COc1ccc(OC)c(P(C2CCCCC2)C2CCCCC2)c1-c1c(C(C)C)cc(C(C)C)cc1C(C)C. Solvent: CCCC#N. Base: CsOPiv. Reaction Temperature: 90 degrees centigrade. Reaction Concentration: 0.153 M. Palladium loading: 2.25 mol%. Ligand loading: 5 mol%. Base loading: 3 eq. What is the yield (%) and cost (US dollar per mol) of this reaction?","","-1,-1","[]"
"Here is a chemical reaction. Reactants are: Cn1cnc(C#N)c1, Fc1ccccc1Br. Product is: Cn1cnc(C#N)c1-c1ccccc1F. Reaction type is Pd catalyzed C-H arylation. The reaction conditions of this reaction are: Palladium Source: [PdCl(allyl)]2. Ligand: COc1ccc(OC)c(P(C2CCCCC2)C2CCCCC2)c1-c1c(C(C)C)cc(C(C)C)cc1C(C)C. Solvent: CCCC#N. Base: CsOPiv. Reaction Temperature: 105 degrees centigrade. Reaction Concentration: 0.153 M. Palladium loading: 2.25 mol%. Ligand loading: 5 mol%. Base loading: 3 eq. What is the yield (%) and cost (US dollar per mol) of this reaction?","","-1,-1","[]"
"Here is a chemical reaction. Reactants are: Cn1cnc(C#N)c1, Fc1ccccc1Br. Product is: Cn1cnc(C#N)c1-c1ccccc1F. Reaction type is Pd catalyzed C-H arylation. The reaction conditions of this reaction are: Palladium Source: [PdCl(allyl)]2. Ligand: COc1ccc(OC)c(P(C2CCCCC2)C2CCCCC2)c1-c1c(C(C)C)cc(C(C)C)cc1C(C)C. Solvent: CCCC#N. Base: CsOPiv. Reaction Temperature: 120 degrees centigrade. Reaction Concentration: 0.153 M. Palladium loading: 2.25 mol%. Ligand loading: 5 mol%. Base loading: 3 eq. What is the yield (%) and cost (US dollar per mol) of this reaction?","","-1,-1","[]"
"Here is a chemical reaction. Reactants are: Cn1cnc(C#N)c1, Fc1ccccc1Br. Product is: Cn1cnc(C#N)c1-c1ccccc1F. Reaction type is Pd catalyzed C-H arylation. The reaction conditions of this reaction are: Palladium Source: [PdCl(allyl)]2. Ligand: COc1ccc(OC)c(P(C2CCCCC2)C2CCCCC2)c1-c1c(C(C)C)cc(C(C)C)cc1C(C)C. Solvent: Cc1ccc(C)cc1. Base: CsOPiv. Reaction Temperature: 90 degrees centigrade. Reaction Concentration: 0.1 M. Palladium loading: 2.25 mol%. Ligand loading: 5 mol%. Base loading: 3 eq. What is the yield (%) and cost (US dollar per mol) of this reaction?","","-1,-1","[]"
"Here is a chemical reaction. Reactants are: Cn1cnc(C#N)c1, Fc1ccccc1Br. Product is: Cn1cnc(C#N)c1-c1ccccc1F. Reaction type is Pd catalyzed C-H arylation. The reaction conditions of this reaction are: Palladium Source: [PdCl(allyl)]2. Ligand: COc1ccc(OC)c(P(C2CCCCC2)C2CCCCC2)c1-c1c(C(C)C)cc(C(C)C)cc1C(C)C. Solvent: Cc1ccc(C)cc1. Base: CsOPiv. Reaction Temperature: 105 degrees centigrade. Reaction Concentration: 0.1 M. Palladium loading: 2.25 mol%. Ligand loading: 5 mol%. Base loading: 3 eq. What is the yield (%) and cost (US dollar per mol) of this reaction?","","-1,-1","[]"
"Here is a chemical reaction. Reactants are: Cn1cnc(C#N)c1, Fc1ccccc1Br. Product is: Cn1cnc(C#N)c1-c1ccccc1F. Reaction type is Pd catalyzed C-H arylation. The reaction conditions of this reaction are: Palladium Source: [PdCl(allyl)]2. Ligand: COc1ccc(OC)c(P(C2CCCCC2)C2CCCCC2)c1-c1c(C(C)C)cc(C(C)C)cc1C(C)C. Solvent: Cc1ccc(C)cc1. Base: CsOPiv. Reaction Temperature: 120 degrees centigrade. Reaction Concentration: 0.1 M. Palladium loading: 2.25 mol%. Ligand loading: 5 mol%. Base loading: 3 eq. What is the yield (%) and cost (US dollar per mol) of this reaction?","","-1,-1","[]"
"Here is a chemical reaction. Reactants are: Cn1cnc(C#N)c1, Fc1ccccc1Br. Product is: Cn1cnc(C#N)c1-c1ccccc1F. Reaction type is Pd catalyzed C-H arylation. The reaction conditions of this reaction are: Palladium Source: [PdCl(allyl)]2. Ligand: COc1ccc(OC)c(P(C2CCCCC2)C2CCCCC2)c1-c1c(C(C)C)cc(C(C)C)cc1C(C)C. Solvent: Cc1ccc(C)cc1. Base: CsOPiv. Reaction Temperature: 90 degrees centigrade. Reaction Concentration: 0.057 M. Palladium loading: 2.25 mol%. Ligand loading: 5 mol%. Base loading: 3 eq. What is the yield (%) and cost (US dollar per mol) of this reaction?","","-1,-1","[]"
"Here is a chemical reaction. Reactants are: Cn1cnc(C#N)c1, Fc1ccccc1Br. Product is: Cn1cnc(C#N)c1-c1ccccc1F. Reaction type is Pd catalyzed C-H arylation. The reaction conditions of this reaction are: Palladium Source: [PdCl(allyl)]2. Ligand: COc1ccc(OC)c(P(C2CCCCC2)C2CCCCC2)c1-c1c(C(C)C)cc(C(C)C)cc1C(C)C. Solvent: Cc1ccc(C)cc1. Base: CsOPiv. Reaction Temperature: 105 degrees centigrade. Reaction Concentration: 0.057 M. Palladium loading: 2.25 mol%. Ligand loading: 5 mol%. Base loading: 3 eq. What is the yield (%) and cost (US dollar per mol) of this reaction?","","-1,-1","[]"
"Here is a chemical reaction. Reactants are: Cn1cnc(C#N)c1, Fc1ccccc1Br. Product is: Cn1cnc(C#N)c1-c1ccccc1F. Reaction type is Pd catalyzed C-H arylation. The reaction conditions of this reaction are: Palladium Source: [PdCl(allyl)]2. Ligand: COc1ccc(OC)c(P(C2CCCCC2)C2CCCCC2)c1-c1c(C(C)C)cc(C(C)C)cc1C(C)C. Solvent: Cc1ccc(C)cc1. Base: CsOPiv. Reaction Temperature: 120 degrees centigrade. Reaction Concentration: 0.057 M. Palladium loading: 2.25 mol%. Ligand loading: 5 mol%. Base loading: 3 eq. What is the yield (%) and cost (US dollar per mol) of this reaction?","","-1,-1","[]"
"Here is a chemical reaction. Reactants are: Cn1cnc(C#N)c1, Fc1ccccc1Br. Product is: Cn1cnc(C#N)c1-c1ccccc1F. Reaction type is Pd catalyzed C-H arylation. The reaction conditions of this reaction are: Palladium Source: [PdCl(allyl)]2. Ligand: COc1ccc(OC)c(P(C2CCCCC2)C2CCCCC2)c1-c1c(C(C)C)cc(C(C)C)cc1C(C)C. Solvent: Cc1ccc(C)cc1. Base: CsOPiv. Reaction Temperature: 90 degrees centigrade. Reaction Concentration: 0.153 M. Palladium loading: 2.25 mol%. Ligand loading: 5 mol%. Base loading: 3 eq. What is the yield (%) and cost (US dollar per mol) of this reaction?","","-1,-1","[]"
"Here is a chemical reaction. Reactants are: Cn1cnc(C#N)c1, Fc1ccccc1Br. Product is: Cn1cnc(C#N)c1-c1ccccc1F. Reaction type is Pd catalyzed C-H arylation. The reaction conditions of this reaction are: Palladium Source: [PdCl(allyl)]2. Ligand: COc1ccc(OC)c(P(C2CCCCC2)C2CCCCC2)c1-c1c(C(C)C)cc(C(C)C)cc1C(C)C. Solvent: Cc1ccc(C)cc1. Base: CsOPiv. Reaction Temperature: 105 degrees centigrade. Reaction Concentration: 0.153 M. Palladium loading: 2.25 mol%. Ligand loading: 5 mol%. Base loading: 3 eq. What is the yield (%) and cost (US dollar per mol) of this reaction?","","-1,-1","[]"
"Here is a chemical reaction. Reactants are: Cn1cnc(C#N)c1, Fc1ccccc1Br. Product is: Cn1cnc(C#N)c1-c1ccccc1F. Reaction type is Pd catalyzed C-H arylation. The reaction conditions of this reaction are: Palladium Source: [PdCl(allyl)]2. Ligand: COc1ccc(OC)c(P(C2CCCCC2)C2CCCCC2)c1-c1c(C(C)C)cc(C(C)C)cc1C(C)C. Solvent: Cc1ccc(C)cc1. Base: CsOPiv. Reaction Temperature: 120 degrees centigrade. Reaction Concentration: 0.153 M. Palladium loading: 2.25 mol%. Ligand loading: 5 mol%. Base loading: 3 eq. What is the yield (%) and cost (US dollar per mol) of this reaction?","","-1,-1","[]"
"Here is a chemical reaction. Reactants are: Cn1cnc(C#N)c1, Fc1ccccc1Br. Product is: Cn1cnc(C#N)c1-c1ccccc1F. Reaction type is Pd catalyzed C-H arylation. The reaction conditions of this reaction are: Palladium Source: [PdCl(allyl)]2. Ligand: COc1ccc(OC)c(P(C2CCCCC2)C2CCCCC2)c1-c1c(C(C)C)cc(C(C)C)cc1C(C)C. Solvent: CC(=O)N(C)C. Base: CsOPiv. Reaction Temperature: 90 degrees centigrade. Reaction Concentration: 0.1 M. Palladium loading: 2.25 mol%. Ligand loading: 5 mol%. Base loading: 3 eq. What is the yield (%) and cost (US dollar per mol) of this reaction?","","-1,-1","[]"
"Here is a chemical reaction. Reactants are: Cn1cnc(C#N)c1, Fc1ccccc1Br. Product is: Cn1cnc(C#N)c1-c1ccccc1F. Reaction type is Pd catalyzed C-H arylation. The reaction conditions of this reaction are: Palladium Source: [PdCl(allyl)]2. Ligand: COc1ccc(OC)c(P(C2CCCCC2)C2CCCCC2)c1-c1c(C(C)C)cc(C(C)C)cc1C(C)C. Solvent: CC(=O)N(C)C. Base: CsOPiv. Reaction Temperature: 105 degrees centigrade. Reaction Concentration: 0.1 M. Palladium loading: 2.25 mol%. Ligand loading: 5 mol%. Base loading: 3 eq. What is the yield (%) and cost (US dollar per mol) of this reaction?","","-1,-1","[]"
"Here is a chemical reaction. Reactants are: Cn1cnc(C#N)c1, Fc1ccccc1Br. Product is: Cn1cnc(C#N)c1-c1ccccc1F. Reaction type is Pd catalyzed C-H arylation. The reaction conditions of this reaction are: Palladium Source: [PdCl(allyl)]2. Ligand: COc1ccc(OC)c(P(C2CCCCC2)C2CCCCC2)c1-c1c(C(C)C)cc(C(C)C)cc1C(C)C. Solvent: CC(=O)N(C)C. Base: CsOPiv. Reaction Temperature: 120 degrees centigrade. Reaction Concentration: 0.1 M. Palladium loading: 2.25 mol%. Ligand loading: 5 mol%. Base loading: 3 eq. What is the yield (%) and cost (US dollar per mol) of this reaction?","","-1,-1","[]"
"Here is a chemical reaction. Reactants are: Cn1cnc(C#N)c1, Fc1ccccc1Br. Product is: Cn1cnc(C#N)c1-c1ccccc1F. Reaction type is Pd catalyzed C-H arylation. The reaction conditions of this reaction are: Palladium Source: [PdCl(allyl)]2. Ligand: COc1ccc(OC)c(P(C2CCCCC2)C2CCCCC2)c1-c1c(C(C)C)cc(C(C)C)cc1C(C)C. Solvent: CC(=O)N(C)C. Base: CsOPiv. Reaction Temperature: 90 degrees centigrade. Reaction Concentration: 0.057 M. Palladium loading: 2.25 mol%. Ligand loading: 5 mol%. Base loading: 3 eq. What is the yield (%) and cost (US dollar per mol) of this reaction?","","-1,-1","[]"
"Here is a chemical reaction. Reactants are: Cn1cnc(C#N)c1, Fc1ccccc1Br. Product is: Cn1cnc(C#N)c1-c1ccccc1F. Reaction type is Pd catalyzed C-H arylation. The reaction conditions of this reaction are: Palladium Source: [PdCl(allyl)]2. Ligand: COc1ccc(OC)c(P(C2CCCCC2)C2CCCCC2)c1-c1c(C(C)C)cc(C(C)C)cc1C(C)C. Solvent: CC(=O)N(C)C. Base: CsOPiv. Reaction Temperature: 105 degrees centigrade. Reaction Concentration: 0.057 M. Palladium loading: 2.25 mol%. Ligand loading: 5 mol%. Base loading: 3 eq. What is the yield (%) and cost (US dollar per mol) of this reaction?","","-1,-1","[]"
"Here is a chemical reaction. Reactants are: Cn1cnc(C#N)c1, Fc1ccccc1Br. Product is: Cn1cnc(C#N)c1-c1ccccc1F. Reaction type is Pd catalyzed C-H arylation. The reaction conditions of this reaction are: Palladium Source: [PdCl(allyl)]2. Ligand: COc1ccc(OC)c(P(C2CCCCC2)C2CCCCC2)c1-c1c(C(C)C)cc(C(C)C)cc1C(C)C. Solvent: CC(=O)N(C)C. Base: CsOPiv. Reaction Temperature: 120 degrees centigrade. Reaction Concentration: 0.057 M. Palladium loading: 2.25 mol%. Ligand loading: 5 mol%. Base loading: 3 eq. What is the yield (%) and cost (US dollar per mol) of this reaction?","","-1,-1","[]"
"Here is a chemical reaction. Reactants are: Cn1cnc(C#N)c1, Fc1ccccc1Br. Product is: Cn1cnc(C#N)c1-c1ccccc1F. Reaction type is Pd catalyzed C-H arylation. The reaction conditions of this reaction are: Palladium Source: [PdCl(allyl)]2. Ligand: COc1ccc(OC)c(P(C2CCCCC2)C2CCCCC2)c1-c1c(C(C)C)cc(C(C)C)cc1C(C)C. Solvent: CC(=O)N(C)C. Base: CsOPiv. Reaction Temperature: 90 degrees centigrade. Reaction Concentration: 0.153 M. Palladium loading: 2.25 mol%. Ligand loading: 5 mol%. Base loading: 3 eq. What is the yield (%) and cost (US dollar per mol) of this reaction?","","-1,-1","[]"
"Here is a chemical reaction. Reactants are: Cn1cnc(C#N)c1, Fc1ccccc1Br. Product is: Cn1cnc(C#N)c1-c1ccccc1F. Reaction type is Pd catalyzed C-H arylation. The reaction conditions of this reaction are: Palladium Source: [PdCl(allyl)]2. Ligand: COc1ccc(OC)c(P(C2CCCCC2)C2CCCCC2)c1-c1c(C(C)C)cc(C(C)C)cc1C(C)C. Solvent: CC(=O)N(C)C. Base: CsOPiv. Reaction Temperature: 105 degrees centigrade. Reaction Concentration: 0.153 M. Palladium loading: 2.25 mol%. Ligand loading: 5 mol%. Base loading: 3 eq. What is the yield (%) and cost (US dollar per mol) of this reaction?","","-1,-1","[]"
"Here is a chemical reaction. Reactants are: Cn1cnc(C#N)c1, Fc1ccccc1Br. Product is: Cn1cnc(C#N)c1-c1ccccc1F. Reaction type is Pd catalyzed C-H arylation. The reaction conditions of this reaction are: Palladium Source: [PdCl(allyl)]2. Ligand: COc1ccc(OC)c(P(C2CCCCC2)C2CCCCC2)c1-c1c(C(C)C)cc(C(C)C)cc1C(C)C. Solvent: CC(=O)N(C)C. Base: CsOPiv. Reaction Temperature: 120 degrees centigrade. Reaction Concentration: 0.153 M. Palladium loading: 2.25 mol%. Ligand loading: 5 mol%. Base loading: 3 eq. What is the yield (%) and cost (US dollar per mol) of this reaction?","","-1,-1","[]"
"Here is a chemical reaction. Reactants are: Cn1cnc(C#N)c1, Fc1ccccc1Br. Product is: Cn1cnc(C#N)c1-c1ccccc1F. Reaction type is Pd catalyzed C-H arylation. The reaction conditions of this reaction are: Palladium Source: [PdCl(allyl)]2. Ligand: CC(C)(C)P(c1ccccc1)C(C)(C)C. Solvent: CCCCOC(C)=O. Base: KOAc. Reaction Temperature: 90 degrees centigrade. Reaction Concentration: 0.1 M. Palladium loading: 2.25 mol%. Ligand loading: 5 mol%. Base loading: 3 eq. What is the yield (%) and cost (US dollar per mol) of this reaction?","","-1,-1","[]"
"Here is a chemical reaction. Reactants are: Cn1cnc(C#N)c1, Fc1ccccc1Br. Product is: Cn1cnc(C#N)c1-c1ccccc1F. Reaction type is Pd catalyzed C-H arylation. The reaction conditions of this reaction are: Palladium Source: [PdCl(allyl)]2. Ligand: CC(C)(C)P(c1ccccc1)C(C)(C)C. Solvent: CCCCOC(C)=O. Base: KOAc. Reaction Temperature: 105 degrees centigrade. Reaction Concentration: 0.1 M. Palladium loading: 2.25 mol%. Ligand loading: 5 mol%. Base loading: 3 eq. What is the yield (%) and cost (US dollar per mol) of this reaction?","","-1,-1","[]"
"Here is a chemical reaction. Reactants are: Cn1cnc(C#N)c1, Fc1ccccc1Br. Product is: Cn1cnc(C#N)c1-c1ccccc1F. Reaction type is Pd catalyzed C-H arylation. The reaction conditions of this reaction are: Palladium Source: [PdCl(allyl)]2. Ligand: CC(C)(C)P(c1ccccc1)C(C)(C)C. Solvent: CCCCOC(C)=O. Base: KOAc. Reaction Temperature: 120 degrees centigrade. Reaction Concentration: 0.1 M. Palladium loading: 2.25 mol%. Ligand loading: 5 mol%. Base loading: 3 eq. What is the yield (%) and cost (US dollar per mol) of this reaction?","","-1,-1","[]"
"Here is a chemical reaction. Reactants are: Cn1cnc(C#N)c1, Fc1ccccc1Br. Product is: Cn1cnc(C#N)c1-c1ccccc1F. Reaction type is Pd catalyzed C-H arylation. The reaction conditions of this reaction are: Palladium Source: [PdCl(allyl)]2. Ligand: CC(C)(C)P(c1ccccc1)C(C)(C)C. Solvent: CCCCOC(C)=O. Base: KOAc. Reaction Temperature: 90 degrees centigrade. Reaction Concentration: 0.057 M. Palladium loading: 2.25 mol%. Ligand loading: 5 mol%. Base loading: 3 eq. What is the yield (%) and cost (US dollar per mol) of this reaction?","","-1,-1","[]"
"Here is a chemical reaction. Reactants are: Cn1cnc(C#N)c1, Fc1ccccc1Br. Product is: Cn1cnc(C#N)c1-c1ccccc1F. Reaction type is Pd catalyzed C-H arylation. The reaction conditions of this reaction are: Palladium Source: [PdCl(allyl)]2. Ligand: CC(C)(C)P(c1ccccc1)C(C)(C)C. Solvent: CCCCOC(C)=O. Base: KOAc. Reaction Temperature: 105 degrees centigrade. Reaction Concentration: 0.057 M. Palladium loading: 2.25 mol%. Ligand loading: 5 mol%. Base loading: 3 eq. What is the yield (%) and cost (US dollar per mol) of this reaction?","","-1,-1","[]"
"Here is a chemical reaction. Reactants are: Cn1cnc(C#N)c1, Fc1ccccc1Br. Product is: Cn1cnc(C#N)c1-c1ccccc1F. Reaction type is Pd catalyzed C-H arylation. The reaction conditions of this reaction are: Palladium Source: [PdCl(allyl)]2. Ligand: CC(C)(C)P(c1ccccc1)C(C)(C)C. Solvent: CCCCOC(C)=O. Base: KOAc. Reaction Temperature: 120 degrees centigrade. Reaction Concentration: 0.057 M. Palladium loading: 2.25 mol%. Ligand loading: 5 mol%. Base loading: 3 eq. What is the yield (%) and cost (US dollar per mol) of this reaction?","","-1,-1","[]"
"Here is a chemical reaction. Reactants are: Cn1cnc(C#N)c1, Fc1ccccc1Br. Product is: Cn1cnc(C#N)c1-c1ccccc1F. Reaction type is Pd catalyzed C-H arylation. The reaction conditions of this reaction are: Palladium Source: [PdCl(allyl)]2. Ligand: CC(C)(C)P(c1ccccc1)C(C)(C)C. Solvent: CCCCOC(C)=O. Base: KOAc. Reaction Temperature: 90 degrees centigrade. Reaction Concentration: 0.153 M. Palladium loading: 2.25 mol%. Ligand loading: 5 mol%. Base loading: 3 eq. What is the yield (%) and cost (US dollar per mol) of this reaction?","","-1,-1","[]"
"Here is a chemical reaction. Reactants are: Cn1cnc(C#N)c1, Fc1ccccc1Br. Product is: Cn1cnc(C#N)c1-c1ccccc1F. Reaction type is Pd catalyzed C-H arylation. The reaction conditions of this reaction are: Palladium Source: [PdCl(allyl)]2. Ligand: CC(C)(C)P(c1ccccc1)C(C)(C)C. Solvent: CCCCOC(C)=O. Base: KOAc. Reaction Temperature: 105 degrees centigrade. Reaction Concentration: 0.153 M. Palladium loading: 2.25 mol%. Ligand loading: 5 mol%. Base loading: 3 eq. What is the yield (%) and cost (US dollar per mol) of this reaction?","","-1,-1","[]"
"Here is a chemical reaction. Reactants are: Cn1cnc(C#N)c1, Fc1ccccc1Br. Product is: Cn1cnc(C#N)c1-c1ccccc1F. Reaction type is Pd catalyzed C-H arylation. The reaction conditions of this reaction are: Palladium Source: [PdCl(allyl)]2. Ligand: CC(C)(C)P(c1ccccc1)C(C)(C)C. Solvent: CCCCOC(C)=O. Base: KOAc. Reaction Temperature: 120 degrees centigrade. Reaction Concentration: 0.153 M. Palladium loading: 2.25 mol%. Ligand loading: 5 mol%. Base loading: 3 eq. What is the yield (%) and cost (US dollar per mol) of this reaction?","","-1,-1","[]"
"Here is a chemical reaction. Reactants are: Cn1cnc(C#N)c1, Fc1ccccc1Br. Product is: Cn1cnc(C#N)c1-c1ccccc1F. Reaction type is Pd catalyzed C-H arylation. The reaction conditions of this reaction are: Palladium Source: [PdCl(allyl)]2. Ligand: CC(C)(C)P(c1ccccc1)C(C)(C)C. Solvent: CCCC#N. Base: KOAc. Reaction Temperature: 90 degrees centigrade. Reaction Concentration: 0.1 M. Palladium loading: 2.25 mol%. Ligand loading: 5 mol%. Base loading: 3 eq. What is the yield (%) and cost (US dollar per mol) of this reaction?","","-1,-1","[]"
"Here is a chemical reaction. Reactants are: Cn1cnc(C#N)c1, Fc1ccccc1Br. Product is: Cn1cnc(C#N)c1-c1ccccc1F. Reaction type is Pd catalyzed C-H arylation. The reaction conditions of this reaction are: Palladium Source: [PdCl(allyl)]2. Ligand: CC(C)(C)P(c1ccccc1)C(C)(C)C. Solvent: CCCC#N. Base: KOAc. Reaction Temperature: 105 degrees centigrade. Reaction Concentration: 0.1 M. Palladium loading: 2.25 mol%. Ligand loading: 5 mol%. Base loading: 3 eq. What is the yield (%) and cost (US dollar per mol) of this reaction?","","-1,-1","[]"
"Here is a chemical reaction. Reactants are: Cn1cnc(C#N)c1, Fc1ccccc1Br. Product is: Cn1cnc(C#N)c1-c1ccccc1F. Reaction type is Pd catalyzed C-H arylation. The reaction conditions of this reaction are: Palladium Source: [PdCl(allyl)]2. Ligand: CC(C)(C)P(c1ccccc1)C(C)(C)C. Solvent: CCCC#N. Base: KOAc. Reaction Temperature: 120 degrees centigrade. Reaction Concentration: 0.1 M. Palladium loading: 2.25 mol%. Ligand loading: 5 mol%. Base loading: 3 eq. What is the yield (%) and cost (US dollar per mol) of this reaction?","","-1,-1","[]"
"Here is a chemical reaction. Reactants are: Cn1cnc(C#N)c1, Fc1ccccc1Br. Product is: Cn1cnc(C#N)c1-c1ccccc1F. Reaction type is Pd catalyzed C-H arylation. The reaction conditions of this reaction are: Palladium Source: [PdCl(allyl)]2. Ligand: CC(C)(C)P(c1ccccc1)C(C)(C)C. Solvent: CCCC#N. Base: KOAc. Reaction Temperature: 90 degrees centigrade. Reaction Concentration: 0.057 M. Palladium loading: 2.25 mol%. Ligand loading: 5 mol%. Base loading: 3 eq. What is the yield (%) and cost (US dollar per mol) of this reaction?","","-1,-1","[]"
"Here is a chemical reaction. Reactants are: Cn1cnc(C#N)c1, Fc1ccccc1Br. Product is: Cn1cnc(C#N)c1-c1ccccc1F. Reaction type is Pd catalyzed C-H arylation. The reaction conditions of this reaction are: Palladium Source: [PdCl(allyl)]2. Ligand: CC(C)(C)P(c1ccccc1)C(C)(C)C. Solvent: CCCC#N. Base: KOAc. Reaction Temperature: 105 degrees centigrade. Reaction Concentration: 0.057 M. Palladium loading: 2.25 mol%. Ligand loading: 5 mol%. Base loading: 3 eq. What is the yield (%) and cost (US dollar per mol) of this reaction?","","-1,-1","[]"
"Here is a chemical reaction. Reactants are: Cn1cnc(C#N)c1, Fc1ccccc1Br. Product is: Cn1cnc(C#N)c1-c1ccccc1F. Reaction type is Pd catalyzed C-H arylation. The reaction conditions of this reaction are: Palladium Source: [PdCl(allyl)]2. Ligand: CC(C)(C)P(c1ccccc1)C(C)(C)C. Solvent: CCCC#N. Base: KOAc. Reaction Temperature: 120 degrees centigrade. Reaction Concentration: 0.057 M. Palladium loading: 2.25 mol%. Ligand loading: 5 mol%. Base loading: 3 eq. What is the yield (%) and cost (US dollar per mol) of this reaction?","","-1,-1","[]"
"Here is a chemical reaction. Reactants are: Cn1cnc(C#N)c1, Fc1ccccc1Br. Product is: Cn1cnc(C#N)c1-c1ccccc1F. Reaction type is Pd catalyzed C-H arylation. The reaction conditions of this reaction are: Palladium Source: [PdCl(allyl)]2. Ligand: CC(C)(C)P(c1ccccc1)C(C)(C)C. Solvent: CCCC#N. Base: KOAc. Reaction Temperature: 90 degrees centigrade. Reaction Concentration: 0.153 M. Palladium loading: 2.25 mol%. Ligand loading: 5 mol%. Base loading: 3 eq. What is the yield (%) and cost (US dollar per mol) of this reaction?","","-1,-1","[]"
"Here is a chemical reaction. Reactants are: Cn1cnc(C#N)c1, Fc1ccccc1Br. Product is: Cn1cnc(C#N)c1-c1ccccc1F. Reaction type is Pd catalyzed C-H arylation. The reaction conditions of this reaction are: Palladium Source: [PdCl(allyl)]2. Ligand: CC(C)(C)P(c1ccccc1)C(C)(C)C. Solvent: CCCC#N. Base: KOAc. Reaction Temperature: 105 degrees centigrade. Reaction Concentration: 0.153 M. Palladium loading: 2.25 mol%. Ligand loading: 5 mol%. Base loading: 3 eq. What is the yield (%) and cost (US dollar per mol) of this reaction?","","-1,-1","[]"
"Here is a chemical reaction. Reactants are: Cn1cnc(C#N)c1, Fc1ccccc1Br. Product is: Cn1cnc(C#N)c1-c1ccccc1F. Reaction type is Pd catalyzed C-H arylation. The reaction conditions of this reaction are: Palladium Source: [PdCl(allyl)]2. Ligand: CC(C)(C)P(c1ccccc1)C(C)(C)C. Solvent: CCCC#N. Base: KOAc. Reaction Temperature: 120 degrees centigrade. Reaction Concentration: 0.153 M. Palladium loading: 2.25 mol%. Ligand loading: 5 mol%. Base loading: 3 eq. What is the yield (%) and cost (US dollar per mol) of this reaction?","","-1,-1","[]"
"Here is a chemical reaction. Reactants are: Cn1cnc(C#N)c1, Fc1ccccc1Br. Product is: Cn1cnc(C#N)c1-c1ccccc1F. Reaction type is Pd catalyzed C-H arylation. The reaction conditions of this reaction are: Palladium Source: [PdCl(allyl)]2. Ligand: CC(C)(C)P(c1ccccc1)C(C)(C)C. Solvent: Cc1ccc(C)cc1. Base: KOAc. Reaction Temperature: 90 degrees centigrade. Reaction Concentration: 0.1 M. Palladium loading: 2.25 mol%. Ligand loading: 5 mol%. Base loading: 3 eq. What is the yield (%) and cost (US dollar per mol) of this reaction?","","-1,-1","[]"
"Here is a chemical reaction. Reactants are: Cn1cnc(C#N)c1, Fc1ccccc1Br. Product is: Cn1cnc(C#N)c1-c1ccccc1F. Reaction type is Pd catalyzed C-H arylation. The reaction conditions of this reaction are: Palladium Source: [PdCl(allyl)]2. Ligand: CC(C)(C)P(c1ccccc1)C(C)(C)C. Solvent: Cc1ccc(C)cc1. Base: KOAc. Reaction Temperature: 105 degrees centigrade. Reaction Concentration: 0.1 M. Palladium loading: 2.25 mol%. Ligand loading: 5 mol%. Base loading: 3 eq. What is the yield (%) and cost (US dollar per mol) of this reaction?","","-1,-1","[]"
"Here is a chemical reaction. Reactants are: Cn1cnc(C#N)c1, Fc1ccccc1Br. Product is: Cn1cnc(C#N)c1-c1ccccc1F. Reaction type is Pd catalyzed C-H arylation. The reaction conditions of this reaction are: Palladium Source: [PdCl(allyl)]2. Ligand: CC(C)(C)P(c1ccccc1)C(C)(C)C. Solvent: Cc1ccc(C)cc1. Base: KOAc. Reaction Temperature: 120 degrees centigrade. Reaction Concentration: 0.1 M. Palladium loading: 2.25 mol%. Ligand loading: 5 mol%. Base loading: 3 eq. What is the yield (%) and cost (US dollar per mol) of this reaction?","","-1,-1","[]"
"Here is a chemical reaction. Reactants are: Cn1cnc(C#N)c1, Fc1ccccc1Br. Product is: Cn1cnc(C#N)c1-c1ccccc1F. Reaction type is Pd catalyzed C-H arylation. The reaction conditions of this reaction are: Palladium Source: [PdCl(allyl)]2. Ligand: CC(C)(C)P(c1ccccc1)C(C)(C)C. Solvent: Cc1ccc(C)cc1. Base: KOAc. Reaction Temperature: 90 degrees centigrade. Reaction Concentration: 0.057 M. Palladium loading: 2.25 mol%. Ligand loading: 5 mol%. Base loading: 3 eq. What is the yield (%) and cost (US dollar per mol) of this reaction?","","-1,-1","[]"
"Here is a chemical reaction. Reactants are: Cn1cnc(C#N)c1, Fc1ccccc1Br. Product is: Cn1cnc(C#N)c1-c1ccccc1F. Reaction type is Pd catalyzed C-H arylation. The reaction conditions of this reaction are: Palladium Source: [PdCl(allyl)]2. Ligand: CC(C)(C)P(c1ccccc1)C(C)(C)C. Solvent: Cc1ccc(C)cc1. Base: KOAc. Reaction Temperature: 105 degrees centigrade. Reaction Concentration: 0.057 M. Palladium loading: 2.25 mol%. Ligand loading: 5 mol%. Base loading: 3 eq. What is the yield (%) and cost (US dollar per mol) of this reaction?","","-1,-1","[]"
"Here is a chemical reaction. Reactants are: Cn1cnc(C#N)c1, Fc1ccccc1Br. Product is: Cn1cnc(C#N)c1-c1ccccc1F. Reaction type is Pd catalyzed C-H arylation. The reaction conditions of this reaction are: Palladium Source: [PdCl(allyl)]2. Ligand: CC(C)(C)P(c1ccccc1)C(C)(C)C. Solvent: Cc1ccc(C)cc1. Base: KOAc. Reaction Temperature: 120 degrees centigrade. Reaction Concentration: 0.057 M. Palladium loading: 2.25 mol%. Ligand loading: 5 mol%. Base loading: 3 eq. What is the yield (%) and cost (US dollar per mol) of this reaction?","","-1,-1","[]"
"Here is a chemical reaction. Reactants are: Cn1cnc(C#N)c1, Fc1ccccc1Br. Product is: Cn1cnc(C#N)c1-c1ccccc1F. Reaction type is Pd catalyzed C-H arylation. The reaction conditions of this reaction are: Palladium Source: [PdCl(allyl)]2. Ligand: CC(C)(C)P(c1ccccc1)C(C)(C)C. Solvent: Cc1ccc(C)cc1. Base: KOAc. Reaction Temperature: 90 degrees centigrade. Reaction Concentration: 0.153 M. Palladium loading: 2.25 mol%. Ligand loading: 5 mol%. Base loading: 3 eq. What is the yield (%) and cost (US dollar per mol) of this reaction?","","-1,-1","[]"
"Here is a chemical reaction. Reactants are: Cn1cnc(C#N)c1, Fc1ccccc1Br. Product is: Cn1cnc(C#N)c1-c1ccccc1F. Reaction type is Pd catalyzed C-H arylation. The reaction conditions of this reaction are: Palladium Source: [PdCl(allyl)]2. Ligand: CC(C)(C)P(c1ccccc1)C(C)(C)C. Solvent: Cc1ccc(C)cc1. Base: KOAc. Reaction Temperature: 105 degrees centigrade. Reaction Concentration: 0.153 M. Palladium loading: 2.25 mol%. Ligand loading: 5 mol%. Base loading: 3 eq. What is the yield (%) and cost (US dollar per mol) of this reaction?","","-1,-1","[]"
"Here is a chemical reaction. Reactants are: Cn1cnc(C#N)c1, Fc1ccccc1Br. Product is: Cn1cnc(C#N)c1-c1ccccc1F. Reaction type is Pd catalyzed C-H arylation. The reaction conditions of this reaction are: Palladium Source: [PdCl(allyl)]2. Ligand: CC(C)(C)P(c1ccccc1)C(C)(C)C. Solvent: Cc1ccc(C)cc1. Base: KOAc. Reaction Temperature: 120 degrees centigrade. Reaction Concentration: 0.153 M. Palladium loading: 2.25 mol%. Ligand loading: 5 mol%. Base loading: 3 eq. What is the yield (%) and cost (US dollar per mol) of this reaction?","","-1,-1","[]"
"Here is a chemical reaction. Reactants are: Cn1cnc(C#N)c1, Fc1ccccc1Br. Product is: Cn1cnc(C#N)c1-c1ccccc1F. Reaction type is Pd catalyzed C-H arylation. The reaction conditions of this reaction are: Palladium Source: [PdCl(allyl)]2. Ligand: CC(C)(C)P(c1ccccc1)C(C)(C)C. Solvent: CC(=O)N(C)C. Base: KOAc. Reaction Temperature: 90 degrees centigrade. Reaction Concentration: 0.1 M. Palladium loading: 2.25 mol%. Ligand loading: 5 mol%. Base loading: 3 eq. What is the yield (%) and cost (US dollar per mol) of this reaction?","","-1,-1","[]"
"Here is a chemical reaction. Reactants are: Cn1cnc(C#N)c1, Fc1ccccc1Br. Product is: Cn1cnc(C#N)c1-c1ccccc1F. Reaction type is Pd catalyzed C-H arylation. The reaction conditions of this reaction are: Palladium Source: [PdCl(allyl)]2. Ligand: CC(C)(C)P(c1ccccc1)C(C)(C)C. Solvent: CC(=O)N(C)C. Base: KOAc. Reaction Temperature: 105 degrees centigrade. Reaction Concentration: 0.1 M. Palladium loading: 2.25 mol%. Ligand loading: 5 mol%. Base loading: 3 eq. What is the yield (%) and cost (US dollar per mol) of this reaction?","","-1,-1","[]"
"Here is a chemical reaction. Reactants are: Cn1cnc(C#N)c1, Fc1ccccc1Br. Product is: Cn1cnc(C#N)c1-c1ccccc1F. Reaction type is Pd catalyzed C-H arylation. The reaction conditions of this reaction are: Palladium Source: [PdCl(allyl)]2. Ligand: CC(C)(C)P(c1ccccc1)C(C)(C)C. Solvent: CC(=O)N(C)C. Base: KOAc. Reaction Temperature: 120 degrees centigrade. Reaction Concentration: 0.1 M. Palladium loading: 2.25 mol%. Ligand loading: 5 mol%. Base loading: 3 eq. What is the yield (%) and cost (US dollar per mol) of this reaction?","","-1,-1","[]"
"Here is a chemical reaction. Reactants are: Cn1cnc(C#N)c1, Fc1ccccc1Br. Product is: Cn1cnc(C#N)c1-c1ccccc1F. Reaction type is Pd catalyzed C-H arylation. The reaction conditions of this reaction are: Palladium Source: [PdCl(allyl)]2. Ligand: CC(C)(C)P(c1ccccc1)C(C)(C)C. Solvent: CC(=O)N(C)C. Base: KOAc. Reaction Temperature: 90 degrees centigrade. Reaction Concentration: 0.057 M. Palladium loading: 2.25 mol%. Ligand loading: 5 mol%. Base loading: 3 eq. What is the yield (%) and cost (US dollar per mol) of this reaction?","","-1,-1","[]"
"Here is a chemical reaction. Reactants are: Cn1cnc(C#N)c1, Fc1ccccc1Br. Product is: Cn1cnc(C#N)c1-c1ccccc1F. Reaction type is Pd catalyzed C-H arylation. The reaction conditions of this reaction are: Palladium Source: [PdCl(allyl)]2. Ligand: CC(C)(C)P(c1ccccc1)C(C)(C)C. Solvent: CC(=O)N(C)C. Base: KOAc. Reaction Temperature: 105 degrees centigrade. Reaction Concentration: 0.057 M. Palladium loading: 2.25 mol%. Ligand loading: 5 mol%. Base loading: 3 eq. What is the yield (%) and cost (US dollar per mol) of this reaction?","","-1,-1","[]"
"Here is a chemical reaction. Reactants are: Cn1cnc(C#N)c1, Fc1ccccc1Br. Product is: Cn1cnc(C#N)c1-c1ccccc1F. Reaction type is Pd catalyzed C-H arylation. The reaction conditions of this reaction are: Palladium Source: [PdCl(allyl)]2. Ligand: CC(C)(C)P(c1ccccc1)C(C)(C)C. Solvent: CC(=O)N(C)C. Base: KOAc. Reaction Temperature: 120 degrees centigrade. Reaction Concentration: 0.057 M. Palladium loading: 2.25 mol%. Ligand loading: 5 mol%. Base loading: 3 eq. What is the yield (%) and cost (US dollar per mol) of this reaction?","","-1,-1","[]"
"Here is a chemical reaction. Reactants are: Cn1cnc(C#N)c1, Fc1ccccc1Br. Product is: Cn1cnc(C#N)c1-c1ccccc1F. Reaction type is Pd catalyzed C-H arylation. The reaction conditions of this reaction are: Palladium Source: [PdCl(allyl)]2. Ligand: CC(C)(C)P(c1ccccc1)C(C)(C)C. Solvent: CC(=O)N(C)C. Base: KOAc. Reaction Temperature: 90 degrees centigrade. Reaction Concentration: 0.153 M. Palladium loading: 2.25 mol%. Ligand loading: 5 mol%. Base loading: 3 eq. What is the yield (%) and cost (US dollar per mol) of this reaction?","","-1,-1","[]"
"Here is a chemical reaction. Reactants are: Cn1cnc(C#N)c1, Fc1ccccc1Br. Product is: Cn1cnc(C#N)c1-c1ccccc1F. Reaction type is Pd catalyzed C-H arylation. The reaction conditions of this reaction are: Palladium Source: [PdCl(allyl)]2. Ligand: CC(C)(C)P(c1ccccc1)C(C)(C)C. Solvent: CC(=O)N(C)C. Base: KOAc. Reaction Temperature: 105 degrees centigrade. Reaction Concentration: 0.153 M. Palladium loading: 2.25 mol%. Ligand loading: 5 mol%. Base loading: 3 eq. What is the yield (%) and cost (US dollar per mol) of this reaction?","","-1,-1","[]"
"Here is a chemical reaction. Reactants are: Cn1cnc(C#N)c1, Fc1ccccc1Br. Product is: Cn1cnc(C#N)c1-c1ccccc1F. Reaction type is Pd catalyzed C-H arylation. The reaction conditions of this reaction are: Palladium Source: [PdCl(allyl)]2. Ligand: CC(C)(C)P(c1ccccc1)C(C)(C)C. Solvent: CC(=O)N(C)C. Base: KOAc. Reaction Temperature: 120 degrees centigrade. Reaction Concentration: 0.153 M. Palladium loading: 2.25 mol%. Ligand loading: 5 mol%. Base loading: 3 eq. What is the yield (%) and cost (US dollar per mol) of this reaction?","","-1,-1","[]"
"Here is a chemical reaction. Reactants are: Cn1cnc(C#N)c1, Fc1ccccc1Br. Product is: Cn1cnc(C#N)c1-c1ccccc1F. Reaction type is Pd catalyzed C-H arylation. The reaction conditions of this reaction are: Palladium Source: [PdCl(allyl)]2. Ligand: CC(C)(C)P(c1ccccc1)C(C)(C)C. Solvent: CCCCOC(C)=O. Base: CsOAc. Reaction Temperature: 90 degrees centigrade. Reaction Concentration: 0.1 M. Palladium loading: 2.25 mol%. Ligand loading: 5 mol%. Base loading: 3 eq. What is the yield (%) and cost (US dollar per mol) of this reaction?","","-1,-1","[]"
"Here is a chemical reaction. Reactants are: Cn1cnc(C#N)c1, Fc1ccccc1Br. Product is: Cn1cnc(C#N)c1-c1ccccc1F. Reaction type is Pd catalyzed C-H arylation. The reaction conditions of this reaction are: Palladium Source: [PdCl(allyl)]2. Ligand: CC(C)(C)P(c1ccccc1)C(C)(C)C. Solvent: CCCCOC(C)=O. Base: CsOAc. Reaction Temperature: 105 degrees centigrade. Reaction Concentration: 0.1 M. Palladium loading: 2.25 mol%. Ligand loading: 5 mol%. Base loading: 3 eq. What is the yield (%) and cost (US dollar per mol) of this reaction?","","-1,-1","[]"
"Here is a chemical reaction. Reactants are: Cn1cnc(C#N)c1, Fc1ccccc1Br. Product is: Cn1cnc(C#N)c1-c1ccccc1F. Reaction type is Pd catalyzed C-H arylation. The reaction conditions of this reaction are: Palladium Source: [PdCl(allyl)]2. Ligand: CC(C)(C)P(c1ccccc1)C(C)(C)C. Solvent: CCCCOC(C)=O. Base: CsOAc. Reaction Temperature: 120 degrees centigrade. Reaction Concentration: 0.1 M. Palladium loading: 2.25 mol%. Ligand loading: 5 mol%. Base loading: 3 eq. What is the yield (%) and cost (US dollar per mol) of this reaction?","","-1,-1","[]"
"Here is a chemical reaction. Reactants are: Cn1cnc(C#N)c1, Fc1ccccc1Br. Product is: Cn1cnc(C#N)c1-c1ccccc1F. Reaction type is Pd catalyzed C-H arylation. The reaction conditions of this reaction are: Palladium Source: [PdCl(allyl)]2. Ligand: CC(C)(C)P(c1ccccc1)C(C)(C)C. Solvent: CCCCOC(C)=O. Base: CsOAc. Reaction Temperature: 90 degrees centigrade. Reaction Concentration: 0.057 M. Palladium loading: 2.25 mol%. Ligand loading: 5 mol%. Base loading: 3 eq. What is the yield (%) and cost (US dollar per mol) of this reaction?","","-1,-1","[]"
"Here is a chemical reaction. Reactants are: Cn1cnc(C#N)c1, Fc1ccccc1Br. Product is: Cn1cnc(C#N)c1-c1ccccc1F. Reaction type is Pd catalyzed C-H arylation. The reaction conditions of this reaction are: Palladium Source: [PdCl(allyl)]2. Ligand: CC(C)(C)P(c1ccccc1)C(C)(C)C. Solvent: CCCCOC(C)=O. Base: CsOAc. Reaction Temperature: 105 degrees centigrade. Reaction Concentration: 0.057 M. Palladium loading: 2.25 mol%. Ligand loading: 5 mol%. Base loading: 3 eq. What is the yield (%) and cost (US dollar per mol) of this reaction?","","-1,-1","[]"
"Here is a chemical reaction. Reactants are: Cn1cnc(C#N)c1, Fc1ccccc1Br. Product is: Cn1cnc(C#N)c1-c1ccccc1F. Reaction type is Pd catalyzed C-H arylation. The reaction conditions of this reaction are: Palladium Source: [PdCl(allyl)]2. Ligand: CC(C)(C)P(c1ccccc1)C(C)(C)C. Solvent: CCCCOC(C)=O. Base: CsOAc. Reaction Temperature: 120 degrees centigrade. Reaction Concentration: 0.057 M. Palladium loading: 2.25 mol%. Ligand loading: 5 mol%. Base loading: 3 eq. What is the yield (%) and cost (US dollar per mol) of this reaction?","","-1,-1","[]"
"Here is a chemical reaction. Reactants are: Cn1cnc(C#N)c1, Fc1ccccc1Br. Product is: Cn1cnc(C#N)c1-c1ccccc1F. Reaction type is Pd catalyzed C-H arylation. The reaction conditions of this reaction are: Palladium Source: [PdCl(allyl)]2. Ligand: CC(C)(C)P(c1ccccc1)C(C)(C)C. Solvent: CCCCOC(C)=O. Base: CsOAc. Reaction Temperature: 90 degrees centigrade. Reaction Concentration: 0.153 M. Palladium loading: 2.25 mol%. Ligand loading: 5 mol%. Base loading: 3 eq. What is the yield (%) and cost (US dollar per mol) of this reaction?","","-1,-1","[]"
"Here is a chemical reaction. Reactants are: Cn1cnc(C#N)c1, Fc1ccccc1Br. Product is: Cn1cnc(C#N)c1-c1ccccc1F. Reaction type is Pd catalyzed C-H arylation. The reaction conditions of this reaction are: Palladium Source: [PdCl(allyl)]2. Ligand: CC(C)(C)P(c1ccccc1)C(C)(C)C. Solvent: CCCCOC(C)=O. Base: CsOAc. Reaction Temperature: 105 degrees centigrade. Reaction Concentration: 0.153 M. Palladium loading: 2.25 mol%. Ligand loading: 5 mol%. Base loading: 3 eq. What is the yield (%) and cost (US dollar per mol) of this reaction?","","-1,-1","[]"
"Here is a chemical reaction. Reactants are: Cn1cnc(C#N)c1, Fc1ccccc1Br. Product is: Cn1cnc(C#N)c1-c1ccccc1F. Reaction type is Pd catalyzed C-H arylation. The reaction conditions of this reaction are: Palladium Source: [PdCl(allyl)]2. Ligand: CC(C)(C)P(c1ccccc1)C(C)(C)C. Solvent: CCCCOC(C)=O. Base: CsOAc. Reaction Temperature: 120 degrees centigrade. Reaction Concentration: 0.153 M. Palladium loading: 2.25 mol%. Ligand loading: 5 mol%. Base loading: 3 eq. What is the yield (%) and cost (US dollar per mol) of this reaction?","","-1,-1","[]"
"Here is a chemical reaction. Reactants are: Cn1cnc(C#N)c1, Fc1ccccc1Br. Product is: Cn1cnc(C#N)c1-c1ccccc1F. Reaction type is Pd catalyzed C-H arylation. The reaction conditions of this reaction are: Palladium Source: [PdCl(allyl)]2. Ligand: CC(C)(C)P(c1ccccc1)C(C)(C)C. Solvent: CCCC#N. Base: CsOAc. Reaction Temperature: 90 degrees centigrade. Reaction Concentration: 0.1 M. Palladium loading: 2.25 mol%. Ligand loading: 5 mol%. Base loading: 3 eq. What is the yield (%) and cost (US dollar per mol) of this reaction?","","-1,-1","[]"
"Here is a chemical reaction. Reactants are: Cn1cnc(C#N)c1, Fc1ccccc1Br. Product is: Cn1cnc(C#N)c1-c1ccccc1F. Reaction type is Pd catalyzed C-H arylation. The reaction conditions of this reaction are: Palladium Source: [PdCl(allyl)]2. Ligand: CC(C)(C)P(c1ccccc1)C(C)(C)C. Solvent: CCCC#N. Base: CsOAc. Reaction Temperature: 105 degrees centigrade. Reaction Concentration: 0.1 M. Palladium loading: 2.25 mol%. Ligand loading: 5 mol%. Base loading: 3 eq. What is the yield (%) and cost (US dollar per mol) of this reaction?","","-1,-1","[]"
"Here is a chemical reaction. Reactants are: Cn1cnc(C#N)c1, Fc1ccccc1Br. Product is: Cn1cnc(C#N)c1-c1ccccc1F. Reaction type is Pd catalyzed C-H arylation. The reaction conditions of this reaction are: Palladium Source: [PdCl(allyl)]2. Ligand: CC(C)(C)P(c1ccccc1)C(C)(C)C. Solvent: CCCC#N. Base: CsOAc. Reaction Temperature: 120 degrees centigrade. Reaction Concentration: 0.1 M. Palladium loading: 2.25 mol%. Ligand loading: 5 mol%. Base loading: 3 eq. What is the yield (%) and cost (US dollar per mol) of this reaction?","","-1,-1","[]"
"Here is a chemical reaction. Reactants are: Cn1cnc(C#N)c1, Fc1ccccc1Br. Product is: Cn1cnc(C#N)c1-c1ccccc1F. Reaction type is Pd catalyzed C-H arylation. The reaction conditions of this reaction are: Palladium Source: [PdCl(allyl)]2. Ligand: CC(C)(C)P(c1ccccc1)C(C)(C)C. Solvent: CCCC#N. Base: CsOAc. Reaction Temperature: 90 degrees centigrade. Reaction Concentration: 0.057 M. Palladium loading: 2.25 mol%. Ligand loading: 5 mol%. Base loading: 3 eq. What is the yield (%) and cost (US dollar per mol) of this reaction?","","-1,-1","[]"
"Here is a chemical reaction. Reactants are: Cn1cnc(C#N)c1, Fc1ccccc1Br. Product is: Cn1cnc(C#N)c1-c1ccccc1F. Reaction type is Pd catalyzed C-H arylation. The reaction conditions of this reaction are: Palladium Source: [PdCl(allyl)]2. Ligand: CC(C)(C)P(c1ccccc1)C(C)(C)C. Solvent: CCCC#N. Base: CsOAc. Reaction Temperature: 105 degrees centigrade. Reaction Concentration: 0.057 M. Palladium loading: 2.25 mol%. Ligand loading: 5 mol%. Base loading: 3 eq. What is the yield (%) and cost (US dollar per mol) of this reaction?","","-1,-1","[]"
"Here is a chemical reaction. Reactants are: Cn1cnc(C#N)c1, Fc1ccccc1Br. Product is: Cn1cnc(C#N)c1-c1ccccc1F. Reaction type is Pd catalyzed C-H arylation. The reaction conditions of this reaction are: Palladium Source: [PdCl(allyl)]2. Ligand: CC(C)(C)P(c1ccccc1)C(C)(C)C. Solvent: CCCC#N. Base: CsOAc. Reaction Temperature: 120 degrees centigrade. Reaction Concentration: 0.057 M. Palladium loading: 2.25 mol%. Ligand loading: 5 mol%. Base loading: 3 eq. What is the yield (%) and cost (US dollar per mol) of this reaction?","","-1,-1","[]"
"Here is a chemical reaction. Reactants are: Cn1cnc(C#N)c1, Fc1ccccc1Br. Product is: Cn1cnc(C#N)c1-c1ccccc1F. Reaction type is Pd catalyzed C-H arylation. The reaction conditions of this reaction are: Palladium Source: [PdCl(allyl)]2. Ligand: CC(C)(C)P(c1ccccc1)C(C)(C)C. Solvent: CCCC#N. Base: CsOAc. Reaction Temperature: 90 degrees centigrade. Reaction Concentration: 0.153 M. Palladium loading: 2.25 mol%. Ligand loading: 5 mol%. Base loading: 3 eq. What is the yield (%) and cost (US dollar per mol) of this reaction?","","-1,-1","[]"
"Here is a chemical reaction. Reactants are: Cn1cnc(C#N)c1, Fc1ccccc1Br. Product is: Cn1cnc(C#N)c1-c1ccccc1F. Reaction type is Pd catalyzed C-H arylation. The reaction conditions of this reaction are: Palladium Source: [PdCl(allyl)]2. Ligand: CC(C)(C)P(c1ccccc1)C(C)(C)C. Solvent: CCCC#N. Base: CsOAc. Reaction Temperature: 105 degrees centigrade. Reaction Concentration: 0.153 M. Palladium loading: 2.25 mol%. Ligand loading: 5 mol%. Base loading: 3 eq. What is the yield (%) and cost (US dollar per mol) of this reaction?","","-1,-1","[]"
"Here is a chemical reaction. Reactants are: Cn1cnc(C#N)c1, Fc1ccccc1Br. Product is: Cn1cnc(C#N)c1-c1ccccc1F. Reaction type is Pd catalyzed C-H arylation. The reaction conditions of this reaction are: Palladium Source: [PdCl(allyl)]2. Ligand: CC(C)(C)P(c1ccccc1)C(C)(C)C. Solvent: CCCC#N. Base: CsOAc. Reaction Temperature: 120 degrees centigrade. Reaction Concentration: 0.153 M. Palladium loading: 2.25 mol%. Ligand loading: 5 mol%. Base loading: 3 eq. What is the yield (%) and cost (US dollar per mol) of this reaction?","","-1,-1","[]"
"Here is a chemical reaction. Reactants are: Cn1cnc(C#N)c1, Fc1ccccc1Br. Product is: Cn1cnc(C#N)c1-c1ccccc1F. Reaction type is Pd catalyzed C-H arylation. The reaction conditions of this reaction are: Palladium Source: [PdCl(allyl)]2. Ligand: CC(C)(C)P(c1ccccc1)C(C)(C)C. Solvent: Cc1ccc(C)cc1. Base: CsOAc. Reaction Temperature: 90 degrees centigrade. Reaction Concentration: 0.1 M. Palladium loading: 2.25 mol%. Ligand loading: 5 mol%. Base loading: 3 eq. What is the yield (%) and cost (US dollar per mol) of this reaction?","","-1,-1","[]"
"Here is a chemical reaction. Reactants are: Cn1cnc(C#N)c1, Fc1ccccc1Br. Product is: Cn1cnc(C#N)c1-c1ccccc1F. Reaction type is Pd catalyzed C-H arylation. The reaction conditions of this reaction are: Palladium Source: [PdCl(allyl)]2. Ligand: CC(C)(C)P(c1ccccc1)C(C)(C)C. Solvent: Cc1ccc(C)cc1. Base: CsOAc. Reaction Temperature: 105 degrees centigrade. Reaction Concentration: 0.1 M. Palladium loading: 2.25 mol%. Ligand loading: 5 mol%. Base loading: 3 eq. What is the yield (%) and cost (US dollar per mol) of this reaction?","","-1,-1","[]"
"Here is a chemical reaction. Reactants are: Cn1cnc(C#N)c1, Fc1ccccc1Br. Product is: Cn1cnc(C#N)c1-c1ccccc1F. Reaction type is Pd catalyzed C-H arylation. The reaction conditions of this reaction are: Palladium Source: [PdCl(allyl)]2. Ligand: CC(C)(C)P(c1ccccc1)C(C)(C)C. Solvent: Cc1ccc(C)cc1. Base: CsOAc. Reaction Temperature: 120 degrees centigrade. Reaction Concentration: 0.1 M. Palladium loading: 2.25 mol%. Ligand loading: 5 mol%. Base loading: 3 eq. What is the yield (%) and cost (US dollar per mol) of this reaction?","","-1,-1","[]"
"Here is a chemical reaction. Reactants are: Cn1cnc(C#N)c1, Fc1ccccc1Br. Product is: Cn1cnc(C#N)c1-c1ccccc1F. Reaction type is Pd catalyzed C-H arylation. The reaction conditions of this reaction are: Palladium Source: [PdCl(allyl)]2. Ligand: CC(C)(C)P(c1ccccc1)C(C)(C)C. Solvent: Cc1ccc(C)cc1. Base: CsOAc. Reaction Temperature: 90 degrees centigrade. Reaction Concentration: 0.057 M. Palladium loading: 2.25 mol%. Ligand loading: 5 mol%. Base loading: 3 eq. What is the yield (%) and cost (US dollar per mol) of this reaction?","","-1,-1","[]"
"Here is a chemical reaction. Reactants are: Cn1cnc(C#N)c1, Fc1ccccc1Br. Product is: Cn1cnc(C#N)c1-c1ccccc1F. Reaction type is Pd catalyzed C-H arylation. The reaction conditions of this reaction are: Palladium Source: [PdCl(allyl)]2. Ligand: CC(C)(C)P(c1ccccc1)C(C)(C)C. Solvent: Cc1ccc(C)cc1. Base: CsOAc. Reaction Temperature: 105 degrees centigrade. Reaction Concentration: 0.057 M. Palladium loading: 2.25 mol%. Ligand loading: 5 mol%. Base loading: 3 eq. What is the yield (%) and cost (US dollar per mol) of this reaction?","","-1,-1","[]"
"Here is a chemical reaction. Reactants are: Cn1cnc(C#N)c1, Fc1ccccc1Br. Product is: Cn1cnc(C#N)c1-c1ccccc1F. Reaction type is Pd catalyzed C-H arylation. The reaction conditions of this reaction are: Palladium Source: [PdCl(allyl)]2. Ligand: CC(C)(C)P(c1ccccc1)C(C)(C)C. Solvent: Cc1ccc(C)cc1. Base: CsOAc. Reaction Temperature: 120 degrees centigrade. Reaction Concentration: 0.057 M. Palladium loading: 2.25 mol%. Ligand loading: 5 mol%. Base loading: 3 eq. What is the yield (%) and cost (US dollar per mol) of this reaction?","","-1,-1","[]"
"Here is a chemical reaction. Reactants are: Cn1cnc(C#N)c1, Fc1ccccc1Br. Product is: Cn1cnc(C#N)c1-c1ccccc1F. Reaction type is Pd catalyzed C-H arylation. The reaction conditions of this reaction are: Palladium Source: [PdCl(allyl)]2. Ligand: CC(C)(C)P(c1ccccc1)C(C)(C)C. Solvent: Cc1ccc(C)cc1. Base: CsOAc. Reaction Temperature: 90 degrees centigrade. Reaction Concentration: 0.153 M. Palladium loading: 2.25 mol%. Ligand loading: 5 mol%. Base loading: 3 eq. What is the yield (%) and cost (US dollar per mol) of this reaction?","","-1,-1","[]"
"Here is a chemical reaction. Reactants are: Cn1cnc(C#N)c1, Fc1ccccc1Br. Product is: Cn1cnc(C#N)c1-c1ccccc1F. Reaction type is Pd catalyzed C-H arylation. The reaction conditions of this reaction are: Palladium Source: [PdCl(allyl)]2. Ligand: CC(C)(C)P(c1ccccc1)C(C)(C)C. Solvent: Cc1ccc(C)cc1. Base: CsOAc. Reaction Temperature: 105 degrees centigrade. Reaction Concentration: 0.153 M. Palladium loading: 2.25 mol%. Ligand loading: 5 mol%. Base loading: 3 eq. What is the yield (%) and cost (US dollar per mol) of this reaction?","","-1,-1","[]"
"Here is a chemical reaction. Reactants are: Cn1cnc(C#N)c1, Fc1ccccc1Br. Product is: Cn1cnc(C#N)c1-c1ccccc1F. Reaction type is Pd catalyzed C-H arylation. The reaction conditions of this reaction are: Palladium Source: [PdCl(allyl)]2. Ligand: CC(C)(C)P(c1ccccc1)C(C)(C)C. Solvent: Cc1ccc(C)cc1. Base: CsOAc. Reaction Temperature: 120 degrees centigrade. Reaction Concentration: 0.153 M. Palladium loading: 2.25 mol%. Ligand loading: 5 mol%. Base loading: 3 eq. What is the yield (%) and cost (US dollar per mol) of this reaction?","","-1,-1","[]"
"Here is a chemical reaction. Reactants are: Cn1cnc(C#N)c1, Fc1ccccc1Br. Product is: Cn1cnc(C#N)c1-c1ccccc1F. Reaction type is Pd catalyzed C-H arylation. The reaction conditions of this reaction are: Palladium Source: [PdCl(allyl)]2. Ligand: CC(C)(C)P(c1ccccc1)C(C)(C)C. Solvent: CC(=O)N(C)C. Base: CsOAc. Reaction Temperature: 90 degrees centigrade. Reaction Concentration: 0.1 M. Palladium loading: 2.25 mol%. Ligand loading: 5 mol%. Base loading: 3 eq. What is the yield (%) and cost (US dollar per mol) of this reaction?","","-1,-1","[]"
"Here is a chemical reaction. Reactants are: Cn1cnc(C#N)c1, Fc1ccccc1Br. Product is: Cn1cnc(C#N)c1-c1ccccc1F. Reaction type is Pd catalyzed C-H arylation. The reaction conditions of this reaction are: Palladium Source: [PdCl(allyl)]2. Ligand: CC(C)(C)P(c1ccccc1)C(C)(C)C. Solvent: CC(=O)N(C)C. Base: CsOAc. Reaction Temperature: 105 degrees centigrade. Reaction Concentration: 0.1 M. Palladium loading: 2.25 mol%. Ligand loading: 5 mol%. Base loading: 3 eq. What is the yield (%) and cost (US dollar per mol) of this reaction?","","-1,-1","[]"
"Here is a chemical reaction. Reactants are: Cn1cnc(C#N)c1, Fc1ccccc1Br. Product is: Cn1cnc(C#N)c1-c1ccccc1F. Reaction type is Pd catalyzed C-H arylation. The reaction conditions of this reaction are: Palladium Source: [PdCl(allyl)]2. Ligand: CC(C)(C)P(c1ccccc1)C(C)(C)C. Solvent: CC(=O)N(C)C. Base: CsOAc. Reaction Temperature: 120 degrees centigrade. Reaction Concentration: 0.1 M. Palladium loading: 2.25 mol%. Ligand loading: 5 mol%. Base loading: 3 eq. What is the yield (%) and cost (US dollar per mol) of this reaction?","","-1,-1","[]"
"Here is a chemical reaction. Reactants are: Cn1cnc(C#N)c1, Fc1ccccc1Br. Product is: Cn1cnc(C#N)c1-c1ccccc1F. Reaction type is Pd catalyzed C-H arylation. The reaction conditions of this reaction are: Palladium Source: [PdCl(allyl)]2. Ligand: CC(C)(C)P(c1ccccc1)C(C)(C)C. Solvent: CC(=O)N(C)C. Base: CsOAc. Reaction Temperature: 90 degrees centigrade. Reaction Concentration: 0.057 M. Palladium loading: 2.25 mol%. Ligand loading: 5 mol%. Base loading: 3 eq. What is the yield (%) and cost (US dollar per mol) of this reaction?","","-1,-1","[]"
"Here is a chemical reaction. Reactants are: Cn1cnc(C#N)c1, Fc1ccccc1Br. Product is: Cn1cnc(C#N)c1-c1ccccc1F. Reaction type is Pd catalyzed C-H arylation. The reaction conditions of this reaction are: Palladium Source: [PdCl(allyl)]2. Ligand: CC(C)(C)P(c1ccccc1)C(C)(C)C. Solvent: CC(=O)N(C)C. Base: CsOAc. Reaction Temperature: 105 degrees centigrade. Reaction Concentration: 0.057 M. Palladium loading: 2.25 mol%. Ligand loading: 5 mol%. Base loading: 3 eq. What is the yield (%) and cost (US dollar per mol) of this reaction?","","-1,-1","[]"
"Here is a chemical reaction. Reactants are: Cn1cnc(C#N)c1, Fc1ccccc1Br. Product is: Cn1cnc(C#N)c1-c1ccccc1F. Reaction type is Pd catalyzed C-H arylation. The reaction conditions of this reaction are: Palladium Source: [PdCl(allyl)]2. Ligand: CC(C)(C)P(c1ccccc1)C(C)(C)C. Solvent: CC(=O)N(C)C. Base: CsOAc. Reaction Temperature: 120 degrees centigrade. Reaction Concentration: 0.057 M. Palladium loading: 2.25 mol%. Ligand loading: 5 mol%. Base loading: 3 eq. What is the yield (%) and cost (US dollar per mol) of this reaction?","","-1,-1","[]"
"Here is a chemical reaction. Reactants are: Cn1cnc(C#N)c1, Fc1ccccc1Br. Product is: Cn1cnc(C#N)c1-c1ccccc1F. Reaction type is Pd catalyzed C-H arylation. The reaction conditions of this reaction are: Palladium Source: [PdCl(allyl)]2. Ligand: CC(C)(C)P(c1ccccc1)C(C)(C)C. Solvent: CC(=O)N(C)C. Base: CsOAc. Reaction Temperature: 90 degrees centigrade. Reaction Concentration: 0.153 M. Palladium loading: 2.25 mol%. Ligand loading: 5 mol%. Base loading: 3 eq. What is the yield (%) and cost (US dollar per mol) of this reaction?","","-1,-1","[]"
"Here is a chemical reaction. Reactants are: Cn1cnc(C#N)c1, Fc1ccccc1Br. Product is: Cn1cnc(C#N)c1-c1ccccc1F. Reaction type is Pd catalyzed C-H arylation. The reaction conditions of this reaction are: Palladium Source: [PdCl(allyl)]2. Ligand: CC(C)(C)P(c1ccccc1)C(C)(C)C. Solvent: CC(=O)N(C)C. Base: CsOAc. Reaction Temperature: 105 degrees centigrade. Reaction Concentration: 0.153 M. Palladium loading: 2.25 mol%. Ligand loading: 5 mol%. Base loading: 3 eq. What is the yield (%) and cost (US dollar per mol) of this reaction?","","-1,-1","[]"
"Here is a chemical reaction. Reactants are: Cn1cnc(C#N)c1, Fc1ccccc1Br. Product is: Cn1cnc(C#N)c1-c1ccccc1F. Reaction type is Pd catalyzed C-H arylation. The reaction conditions of this reaction are: Palladium Source: [PdCl(allyl)]2. Ligand: CC(C)(C)P(c1ccccc1)C(C)(C)C. Solvent: CC(=O)N(C)C. Base: CsOAc. Reaction Temperature: 120 degrees centigrade. Reaction Concentration: 0.153 M. Palladium loading: 2.25 mol%. Ligand loading: 5 mol%. Base loading: 3 eq. What is the yield (%) and cost (US dollar per mol) of this reaction?","","-1,-1","[]"
"Here is a chemical reaction. Reactants are: Cn1cnc(C#N)c1, Fc1ccccc1Br. Product is: Cn1cnc(C#N)c1-c1ccccc1F. Reaction type is Pd catalyzed C-H arylation. The reaction conditions of this reaction are: Palladium Source: [PdCl(allyl)]2. Ligand: CC(C)(C)P(c1ccccc1)C(C)(C)C. Solvent: CCCCOC(C)=O. Base: KOPiv. Reaction Temperature: 90 degrees centigrade. Reaction Concentration: 0.1 M. Palladium loading: 2.25 mol%. Ligand loading: 5 mol%. Base loading: 3 eq. What is the yield (%) and cost (US dollar per mol) of this reaction?","","-1,-1","[]"
"Here is a chemical reaction. Reactants are: Cn1cnc(C#N)c1, Fc1ccccc1Br. Product is: Cn1cnc(C#N)c1-c1ccccc1F. Reaction type is Pd catalyzed C-H arylation. The reaction conditions of this reaction are: Palladium Source: [PdCl(allyl)]2. Ligand: CC(C)(C)P(c1ccccc1)C(C)(C)C. Solvent: CCCCOC(C)=O. Base: KOPiv. Reaction Temperature: 105 degrees centigrade. Reaction Concentration: 0.1 M. Palladium loading: 2.25 mol%. Ligand loading: 5 mol%. Base loading: 3 eq. What is the yield (%) and cost (US dollar per mol) of this reaction?","","-1,-1","[]"
"Here is a chemical reaction. Reactants are: Cn1cnc(C#N)c1, Fc1ccccc1Br. Product is: Cn1cnc(C#N)c1-c1ccccc1F. Reaction type is Pd catalyzed C-H arylation. The reaction conditions of this reaction are: Palladium Source: [PdCl(allyl)]2. Ligand: CC(C)(C)P(c1ccccc1)C(C)(C)C. Solvent: CCCCOC(C)=O. Base: KOPiv. Reaction Temperature: 120 degrees centigrade. Reaction Concentration: 0.1 M. Palladium loading: 2.25 mol%. Ligand loading: 5 mol%. Base loading: 3 eq. What is the yield (%) and cost (US dollar per mol) of this reaction?","","-1,-1","[]"
"Here is a chemical reaction. Reactants are: Cn1cnc(C#N)c1, Fc1ccccc1Br. Product is: Cn1cnc(C#N)c1-c1ccccc1F. Reaction type is Pd catalyzed C-H arylation. The reaction conditions of this reaction are: Palladium Source: [PdCl(allyl)]2. Ligand: CC(C)(C)P(c1ccccc1)C(C)(C)C. Solvent: CCCCOC(C)=O. Base: KOPiv. Reaction Temperature: 90 degrees centigrade. Reaction Concentration: 0.057 M. Palladium loading: 2.25 mol%. Ligand loading: 5 mol%. Base loading: 3 eq. What is the yield (%) and cost (US dollar per mol) of this reaction?","","-1,-1","[]"
"Here is a chemical reaction. Reactants are: Cn1cnc(C#N)c1, Fc1ccccc1Br. Product is: Cn1cnc(C#N)c1-c1ccccc1F. Reaction type is Pd catalyzed C-H arylation. The reaction conditions of this reaction are: Palladium Source: [PdCl(allyl)]2. Ligand: CC(C)(C)P(c1ccccc1)C(C)(C)C. Solvent: CCCCOC(C)=O. Base: KOPiv. Reaction Temperature: 105 degrees centigrade. Reaction Concentration: 0.057 M. Palladium loading: 2.25 mol%. Ligand loading: 5 mol%. Base loading: 3 eq. What is the yield (%) and cost (US dollar per mol) of this reaction?","","-1,-1","[]"
"Here is a chemical reaction. Reactants are: Cn1cnc(C#N)c1, Fc1ccccc1Br. Product is: Cn1cnc(C#N)c1-c1ccccc1F. Reaction type is Pd catalyzed C-H arylation. The reaction conditions of this reaction are: Palladium Source: [PdCl(allyl)]2. Ligand: CC(C)(C)P(c1ccccc1)C(C)(C)C. Solvent: CCCCOC(C)=O. Base: KOPiv. Reaction Temperature: 120 degrees centigrade. Reaction Concentration: 0.057 M. Palladium loading: 2.25 mol%. Ligand loading: 5 mol%. Base loading: 3 eq. What is the yield (%) and cost (US dollar per mol) of this reaction?","","-1,-1","[]"
"Here is a chemical reaction. Reactants are: Cn1cnc(C#N)c1, Fc1ccccc1Br. Product is: Cn1cnc(C#N)c1-c1ccccc1F. Reaction type is Pd catalyzed C-H arylation. The reaction conditions of this reaction are: Palladium Source: [PdCl(allyl)]2. Ligand: CC(C)(C)P(c1ccccc1)C(C)(C)C. Solvent: CCCCOC(C)=O. Base: KOPiv. Reaction Temperature: 90 degrees centigrade. Reaction Concentration: 0.153 M. Palladium loading: 2.25 mol%. Ligand loading: 5 mol%. Base loading: 3 eq. What is the yield (%) and cost (US dollar per mol) of this reaction?","","-1,-1","[]"
"Here is a chemical reaction. Reactants are: Cn1cnc(C#N)c1, Fc1ccccc1Br. Product is: Cn1cnc(C#N)c1-c1ccccc1F. Reaction type is Pd catalyzed C-H arylation. The reaction conditions of this reaction are: Palladium Source: [PdCl(allyl)]2. Ligand: CC(C)(C)P(c1ccccc1)C(C)(C)C. Solvent: CCCCOC(C)=O. Base: KOPiv. Reaction Temperature: 105 degrees centigrade. Reaction Concentration: 0.153 M. Palladium loading: 2.25 mol%. Ligand loading: 5 mol%. Base loading: 3 eq. What is the yield (%) and cost (US dollar per mol) of this reaction?","","-1,-1","[]"
"Here is a chemical reaction. Reactants are: Cn1cnc(C#N)c1, Fc1ccccc1Br. Product is: Cn1cnc(C#N)c1-c1ccccc1F. Reaction type is Pd catalyzed C-H arylation. The reaction conditions of this reaction are: Palladium Source: [PdCl(allyl)]2. Ligand: CC(C)(C)P(c1ccccc1)C(C)(C)C. Solvent: CCCCOC(C)=O. Base: KOPiv. Reaction Temperature: 120 degrees centigrade. Reaction Concentration: 0.153 M. Palladium loading: 2.25 mol%. Ligand loading: 5 mol%. Base loading: 3 eq. What is the yield (%) and cost (US dollar per mol) of this reaction?","","-1,-1","[]"
"Here is a chemical reaction. Reactants are: Cn1cnc(C#N)c1, Fc1ccccc1Br. Product is: Cn1cnc(C#N)c1-c1ccccc1F. Reaction type is Pd catalyzed C-H arylation. The reaction conditions of this reaction are: Palladium Source: [PdCl(allyl)]2. Ligand: CC(C)(C)P(c1ccccc1)C(C)(C)C. Solvent: CCCC#N. Base: KOPiv. Reaction Temperature: 90 degrees centigrade. Reaction Concentration: 0.1 M. Palladium loading: 2.25 mol%. Ligand loading: 5 mol%. Base loading: 3 eq. What is the yield (%) and cost (US dollar per mol) of this reaction?","","-1,-1","[]"
"Here is a chemical reaction. Reactants are: Cn1cnc(C#N)c1, Fc1ccccc1Br. Product is: Cn1cnc(C#N)c1-c1ccccc1F. Reaction type is Pd catalyzed C-H arylation. The reaction conditions of this reaction are: Palladium Source: [PdCl(allyl)]2. Ligand: CC(C)(C)P(c1ccccc1)C(C)(C)C. Solvent: CCCC#N. Base: KOPiv. Reaction Temperature: 105 degrees centigrade. Reaction Concentration: 0.1 M. Palladium loading: 2.25 mol%. Ligand loading: 5 mol%. Base loading: 3 eq. What is the yield (%) and cost (US dollar per mol) of this reaction?","","-1,-1","[]"
"Here is a chemical reaction. Reactants are: Cn1cnc(C#N)c1, Fc1ccccc1Br. Product is: Cn1cnc(C#N)c1-c1ccccc1F. Reaction type is Pd catalyzed C-H arylation. The reaction conditions of this reaction are: Palladium Source: [PdCl(allyl)]2. Ligand: CC(C)(C)P(c1ccccc1)C(C)(C)C. Solvent: CCCC#N. Base: KOPiv. Reaction Temperature: 120 degrees centigrade. Reaction Concentration: 0.1 M. Palladium loading: 2.25 mol%. Ligand loading: 5 mol%. Base loading: 3 eq. What is the yield (%) and cost (US dollar per mol) of this reaction?","","-1,-1","[]"
"Here is a chemical reaction. Reactants are: Cn1cnc(C#N)c1, Fc1ccccc1Br. Product is: Cn1cnc(C#N)c1-c1ccccc1F. Reaction type is Pd catalyzed C-H arylation. The reaction conditions of this reaction are: Palladium Source: [PdCl(allyl)]2. Ligand: CC(C)(C)P(c1ccccc1)C(C)(C)C. Solvent: CCCC#N. Base: KOPiv. Reaction Temperature: 90 degrees centigrade. Reaction Concentration: 0.057 M. Palladium loading: 2.25 mol%. Ligand loading: 5 mol%. Base loading: 3 eq. What is the yield (%) and cost (US dollar per mol) of this reaction?","","-1,-1","[]"
"Here is a chemical reaction. Reactants are: Cn1cnc(C#N)c1, Fc1ccccc1Br. Product is: Cn1cnc(C#N)c1-c1ccccc1F. Reaction type is Pd catalyzed C-H arylation. The reaction conditions of this reaction are: Palladium Source: [PdCl(allyl)]2. Ligand: CC(C)(C)P(c1ccccc1)C(C)(C)C. Solvent: CCCC#N. Base: KOPiv. Reaction Temperature: 105 degrees centigrade. Reaction Concentration: 0.057 M. Palladium loading: 2.25 mol%. Ligand loading: 5 mol%. Base loading: 3 eq. What is the yield (%) and cost (US dollar per mol) of this reaction?","","-1,-1","[]"
"Here is a chemical reaction. Reactants are: Cn1cnc(C#N)c1, Fc1ccccc1Br. Product is: Cn1cnc(C#N)c1-c1ccccc1F. Reaction type is Pd catalyzed C-H arylation. The reaction conditions of this reaction are: Palladium Source: [PdCl(allyl)]2. Ligand: CC(C)(C)P(c1ccccc1)C(C)(C)C. Solvent: CCCC#N. Base: KOPiv. Reaction Temperature: 120 degrees centigrade. Reaction Concentration: 0.057 M. Palladium loading: 2.25 mol%. Ligand loading: 5 mol%. Base loading: 3 eq. What is the yield (%) and cost (US dollar per mol) of this reaction?","","-1,-1","[]"
"Here is a chemical reaction. Reactants are: Cn1cnc(C#N)c1, Fc1ccccc1Br. Product is: Cn1cnc(C#N)c1-c1ccccc1F. Reaction type is Pd catalyzed C-H arylation. The reaction conditions of this reaction are: Palladium Source: [PdCl(allyl)]2. Ligand: CC(C)(C)P(c1ccccc1)C(C)(C)C. Solvent: CCCC#N. Base: KOPiv. Reaction Temperature: 90 degrees centigrade. Reaction Concentration: 0.153 M. Palladium loading: 2.25 mol%. Ligand loading: 5 mol%. Base loading: 3 eq. What is the yield (%) and cost (US dollar per mol) of this reaction?","","-1,-1","[]"
"Here is a chemical reaction. Reactants are: Cn1cnc(C#N)c1, Fc1ccccc1Br. Product is: Cn1cnc(C#N)c1-c1ccccc1F. Reaction type is Pd catalyzed C-H arylation. The reaction conditions of this reaction are: Palladium Source: [PdCl(allyl)]2. Ligand: CC(C)(C)P(c1ccccc1)C(C)(C)C. Solvent: CCCC#N. Base: KOPiv. Reaction Temperature: 105 degrees centigrade. Reaction Concentration: 0.153 M. Palladium loading: 2.25 mol%. Ligand loading: 5 mol%. Base loading: 3 eq. What is the yield (%) and cost (US dollar per mol) of this reaction?","","-1,-1","[]"
"Here is a chemical reaction. Reactants are: Cn1cnc(C#N)c1, Fc1ccccc1Br. Product is: Cn1cnc(C#N)c1-c1ccccc1F. Reaction type is Pd catalyzed C-H arylation. The reaction conditions of this reaction are: Palladium Source: [PdCl(allyl)]2. Ligand: CC(C)(C)P(c1ccccc1)C(C)(C)C. Solvent: CCCC#N. Base: KOPiv. Reaction Temperature: 120 degrees centigrade. Reaction Concentration: 0.153 M. Palladium loading: 2.25 mol%. Ligand loading: 5 mol%. Base loading: 3 eq. What is the yield (%) and cost (US dollar per mol) of this reaction?","","-1,-1","[]"
"Here is a chemical reaction. Reactants are: Cn1cnc(C#N)c1, Fc1ccccc1Br. Product is: Cn1cnc(C#N)c1-c1ccccc1F. Reaction type is Pd catalyzed C-H arylation. The reaction conditions of this reaction are: Palladium Source: [PdCl(allyl)]2. Ligand: CC(C)(C)P(c1ccccc1)C(C)(C)C. Solvent: Cc1ccc(C)cc1. Base: KOPiv. Reaction Temperature: 90 degrees centigrade. Reaction Concentration: 0.1 M. Palladium loading: 2.25 mol%. Ligand loading: 5 mol%. Base loading: 3 eq. What is the yield (%) and cost (US dollar per mol) of this reaction?","","-1,-1","[]"
"Here is a chemical reaction. Reactants are: Cn1cnc(C#N)c1, Fc1ccccc1Br. Product is: Cn1cnc(C#N)c1-c1ccccc1F. Reaction type is Pd catalyzed C-H arylation. The reaction conditions of this reaction are: Palladium Source: [PdCl(allyl)]2. Ligand: CC(C)(C)P(c1ccccc1)C(C)(C)C. Solvent: Cc1ccc(C)cc1. Base: KOPiv. Reaction Temperature: 105 degrees centigrade. Reaction Concentration: 0.1 M. Palladium loading: 2.25 mol%. Ligand loading: 5 mol%. Base loading: 3 eq. What is the yield (%) and cost (US dollar per mol) of this reaction?","","-1,-1","[]"
"Here is a chemical reaction. Reactants are: Cn1cnc(C#N)c1, Fc1ccccc1Br. Product is: Cn1cnc(C#N)c1-c1ccccc1F. Reaction type is Pd catalyzed C-H arylation. The reaction conditions of this reaction are: Palladium Source: [PdCl(allyl)]2. Ligand: CC(C)(C)P(c1ccccc1)C(C)(C)C. Solvent: Cc1ccc(C)cc1. Base: KOPiv. Reaction Temperature: 120 degrees centigrade. Reaction Concentration: 0.1 M. Palladium loading: 2.25 mol%. Ligand loading: 5 mol%. Base loading: 3 eq. What is the yield (%) and cost (US dollar per mol) of this reaction?","","-1,-1","[]"
"Here is a chemical reaction. Reactants are: Cn1cnc(C#N)c1, Fc1ccccc1Br. Product is: Cn1cnc(C#N)c1-c1ccccc1F. Reaction type is Pd catalyzed C-H arylation. The reaction conditions of this reaction are: Palladium Source: [PdCl(allyl)]2. Ligand: CC(C)(C)P(c1ccccc1)C(C)(C)C. Solvent: Cc1ccc(C)cc1. Base: KOPiv. Reaction Temperature: 90 degrees centigrade. Reaction Concentration: 0.057 M. Palladium loading: 2.25 mol%. Ligand loading: 5 mol%. Base loading: 3 eq. What is the yield (%) and cost (US dollar per mol) of this reaction?","","-1,-1","[]"
"Here is a chemical reaction. Reactants are: Cn1cnc(C#N)c1, Fc1ccccc1Br. Product is: Cn1cnc(C#N)c1-c1ccccc1F. Reaction type is Pd catalyzed C-H arylation. The reaction conditions of this reaction are: Palladium Source: [PdCl(allyl)]2. Ligand: CC(C)(C)P(c1ccccc1)C(C)(C)C. Solvent: Cc1ccc(C)cc1. Base: KOPiv. Reaction Temperature: 105 degrees centigrade. Reaction Concentration: 0.057 M. Palladium loading: 2.25 mol%. Ligand loading: 5 mol%. Base loading: 3 eq. What is the yield (%) and cost (US dollar per mol) of this reaction?","","-1,-1","[]"
"Here is a chemical reaction. Reactants are: Cn1cnc(C#N)c1, Fc1ccccc1Br. Product is: Cn1cnc(C#N)c1-c1ccccc1F. Reaction type is Pd catalyzed C-H arylation. The reaction conditions of this reaction are: Palladium Source: [PdCl(allyl)]2. Ligand: CC(C)(C)P(c1ccccc1)C(C)(C)C. Solvent: Cc1ccc(C)cc1. Base: KOPiv. Reaction Temperature: 120 degrees centigrade. Reaction Concentration: 0.057 M. Palladium loading: 2.25 mol%. Ligand loading: 5 mol%. Base loading: 3 eq. What is the yield (%) and cost (US dollar per mol) of this reaction?","","-1,-1","[]"
"Here is a chemical reaction. Reactants are: Cn1cnc(C#N)c1, Fc1ccccc1Br. Product is: Cn1cnc(C#N)c1-c1ccccc1F. Reaction type is Pd catalyzed C-H arylation. The reaction conditions of this reaction are: Palladium Source: [PdCl(allyl)]2. Ligand: CC(C)(C)P(c1ccccc1)C(C)(C)C. Solvent: Cc1ccc(C)cc1. Base: KOPiv. Reaction Temperature: 90 degrees centigrade. Reaction Concentration: 0.153 M. Palladium loading: 2.25 mol%. Ligand loading: 5 mol%. Base loading: 3 eq. What is the yield (%) and cost (US dollar per mol) of this reaction?","","-1,-1","[]"
"Here is a chemical reaction. Reactants are: Cn1cnc(C#N)c1, Fc1ccccc1Br. Product is: Cn1cnc(C#N)c1-c1ccccc1F. Reaction type is Pd catalyzed C-H arylation. The reaction conditions of this reaction are: Palladium Source: [PdCl(allyl)]2. Ligand: CC(C)(C)P(c1ccccc1)C(C)(C)C. Solvent: Cc1ccc(C)cc1. Base: KOPiv. Reaction Temperature: 105 degrees centigrade. Reaction Concentration: 0.153 M. Palladium loading: 2.25 mol%. Ligand loading: 5 mol%. Base loading: 3 eq. What is the yield (%) and cost (US dollar per mol) of this reaction?","","-1,-1","[]"
"Here is a chemical reaction. Reactants are: Cn1cnc(C#N)c1, Fc1ccccc1Br. Product is: Cn1cnc(C#N)c1-c1ccccc1F. Reaction type is Pd catalyzed C-H arylation. The reaction conditions of this reaction are: Palladium Source: [PdCl(allyl)]2. Ligand: CC(C)(C)P(c1ccccc1)C(C)(C)C. Solvent: Cc1ccc(C)cc1. Base: KOPiv. Reaction Temperature: 120 degrees centigrade. Reaction Concentration: 0.153 M. Palladium loading: 2.25 mol%. Ligand loading: 5 mol%. Base loading: 3 eq. What is the yield (%) and cost (US dollar per mol) of this reaction?","","-1,-1","[]"
"Here is a chemical reaction. Reactants are: Cn1cnc(C#N)c1, Fc1ccccc1Br. Product is: Cn1cnc(C#N)c1-c1ccccc1F. Reaction type is Pd catalyzed C-H arylation. The reaction conditions of this reaction are: Palladium Source: [PdCl(allyl)]2. Ligand: CC(C)(C)P(c1ccccc1)C(C)(C)C. Solvent: CC(=O)N(C)C. Base: KOPiv. Reaction Temperature: 90 degrees centigrade. Reaction Concentration: 0.1 M. Palladium loading: 2.25 mol%. Ligand loading: 5 mol%. Base loading: 3 eq. What is the yield (%) and cost (US dollar per mol) of this reaction?","","-1,-1","[]"
"Here is a chemical reaction. Reactants are: Cn1cnc(C#N)c1, Fc1ccccc1Br. Product is: Cn1cnc(C#N)c1-c1ccccc1F. Reaction type is Pd catalyzed C-H arylation. The reaction conditions of this reaction are: Palladium Source: [PdCl(allyl)]2. Ligand: CC(C)(C)P(c1ccccc1)C(C)(C)C. Solvent: CC(=O)N(C)C. Base: KOPiv. Reaction Temperature: 105 degrees centigrade. Reaction Concentration: 0.1 M. Palladium loading: 2.25 mol%. Ligand loading: 5 mol%. Base loading: 3 eq. What is the yield (%) and cost (US dollar per mol) of this reaction?","","-1,-1","[]"
"Here is a chemical reaction. Reactants are: Cn1cnc(C#N)c1, Fc1ccccc1Br. Product is: Cn1cnc(C#N)c1-c1ccccc1F. Reaction type is Pd catalyzed C-H arylation. The reaction conditions of this reaction are: Palladium Source: [PdCl(allyl)]2. Ligand: CC(C)(C)P(c1ccccc1)C(C)(C)C. Solvent: CC(=O)N(C)C. Base: KOPiv. Reaction Temperature: 120 degrees centigrade. Reaction Concentration: 0.1 M. Palladium loading: 2.25 mol%. Ligand loading: 5 mol%. Base loading: 3 eq. What is the yield (%) and cost (US dollar per mol) of this reaction?","","-1,-1","[]"
"Here is a chemical reaction. Reactants are: Cn1cnc(C#N)c1, Fc1ccccc1Br. Product is: Cn1cnc(C#N)c1-c1ccccc1F. Reaction type is Pd catalyzed C-H arylation. The reaction conditions of this reaction are: Palladium Source: [PdCl(allyl)]2. Ligand: CC(C)(C)P(c1ccccc1)C(C)(C)C. Solvent: CC(=O)N(C)C. Base: KOPiv. Reaction Temperature: 90 degrees centigrade. Reaction Concentration: 0.057 M. Palladium loading: 2.25 mol%. Ligand loading: 5 mol%. Base loading: 3 eq. What is the yield (%) and cost (US dollar per mol) of this reaction?","","-1,-1","[]"
"Here is a chemical reaction. Reactants are: Cn1cnc(C#N)c1, Fc1ccccc1Br. Product is: Cn1cnc(C#N)c1-c1ccccc1F. Reaction type is Pd catalyzed C-H arylation. The reaction conditions of this reaction are: Palladium Source: [PdCl(allyl)]2. Ligand: CC(C)(C)P(c1ccccc1)C(C)(C)C. Solvent: CC(=O)N(C)C. Base: KOPiv. Reaction Temperature: 105 degrees centigrade. Reaction Concentration: 0.057 M. Palladium loading: 2.25 mol%. Ligand loading: 5 mol%. Base loading: 3 eq. What is the yield (%) and cost (US dollar per mol) of this reaction?","","-1,-1","[]"
"Here is a chemical reaction. Reactants are: Cn1cnc(C#N)c1, Fc1ccccc1Br. Product is: Cn1cnc(C#N)c1-c1ccccc1F. Reaction type is Pd catalyzed C-H arylation. The reaction conditions of this reaction are: Palladium Source: [PdCl(allyl)]2. Ligand: CC(C)(C)P(c1ccccc1)C(C)(C)C. Solvent: CC(=O)N(C)C. Base: KOPiv. Reaction Temperature: 120 degrees centigrade. Reaction Concentration: 0.057 M. Palladium loading: 2.25 mol%. Ligand loading: 5 mol%. Base loading: 3 eq. What is the yield (%) and cost (US dollar per mol) of this reaction?","","-1,-1","[]"
"Here is a chemical reaction. Reactants are: Cn1cnc(C#N)c1, Fc1ccccc1Br. Product is: Cn1cnc(C#N)c1-c1ccccc1F. Reaction type is Pd catalyzed C-H arylation. The reaction conditions of this reaction are: Palladium Source: [PdCl(allyl)]2. Ligand: CC(C)(C)P(c1ccccc1)C(C)(C)C. Solvent: CC(=O)N(C)C. Base: KOPiv. Reaction Temperature: 90 degrees centigrade. Reaction Concentration: 0.153 M. Palladium loading: 2.25 mol%. Ligand loading: 5 mol%. Base loading: 3 eq. What is the yield (%) and cost (US dollar per mol) of this reaction?","","-1,-1","[]"
"Here is a chemical reaction. Reactants are: Cn1cnc(C#N)c1, Fc1ccccc1Br. Product is: Cn1cnc(C#N)c1-c1ccccc1F. Reaction type is Pd catalyzed C-H arylation. The reaction conditions of this reaction are: Palladium Source: [PdCl(allyl)]2. Ligand: CC(C)(C)P(c1ccccc1)C(C)(C)C. Solvent: CC(=O)N(C)C. Base: KOPiv. Reaction Temperature: 105 degrees centigrade. Reaction Concentration: 0.153 M. Palladium loading: 2.25 mol%. Ligand loading: 5 mol%. Base loading: 3 eq. What is the yield (%) and cost (US dollar per mol) of this reaction?","","-1,-1","[]"
"Here is a chemical reaction. Reactants are: Cn1cnc(C#N)c1, Fc1ccccc1Br. Product is: Cn1cnc(C#N)c1-c1ccccc1F. Reaction type is Pd catalyzed C-H arylation. The reaction conditions of this reaction are: Palladium Source: [PdCl(allyl)]2. Ligand: CC(C)(C)P(c1ccccc1)C(C)(C)C. Solvent: CC(=O)N(C)C. Base: KOPiv. Reaction Temperature: 120 degrees centigrade. Reaction Concentration: 0.153 M. Palladium loading: 2.25 mol%. Ligand loading: 5 mol%. Base loading: 3 eq. What is the yield (%) and cost (US dollar per mol) of this reaction?","","-1,-1","[]"
"Here is a chemical reaction. Reactants are: Cn1cnc(C#N)c1, Fc1ccccc1Br. Product is: Cn1cnc(C#N)c1-c1ccccc1F. Reaction type is Pd catalyzed C-H arylation. The reaction conditions of this reaction are: Palladium Source: [PdCl(allyl)]2. Ligand: CC(C)(C)P(c1ccccc1)C(C)(C)C. Solvent: CCCCOC(C)=O. Base: CsOPiv. Reaction Temperature: 90 degrees centigrade. Reaction Concentration: 0.1 M. Palladium loading: 2.25 mol%. Ligand loading: 5 mol%. Base loading: 3 eq. What is the yield (%) and cost (US dollar per mol) of this reaction?","","-1,-1","[]"
"Here is a chemical reaction. Reactants are: Cn1cnc(C#N)c1, Fc1ccccc1Br. Product is: Cn1cnc(C#N)c1-c1ccccc1F. Reaction type is Pd catalyzed C-H arylation. The reaction conditions of this reaction are: Palladium Source: [PdCl(allyl)]2. Ligand: CC(C)(C)P(c1ccccc1)C(C)(C)C. Solvent: CCCCOC(C)=O. Base: CsOPiv. Reaction Temperature: 105 degrees centigrade. Reaction Concentration: 0.1 M. Palladium loading: 2.25 mol%. Ligand loading: 5 mol%. Base loading: 3 eq. What is the yield (%) and cost (US dollar per mol) of this reaction?","","-1,-1","[]"
"Here is a chemical reaction. Reactants are: Cn1cnc(C#N)c1, Fc1ccccc1Br. Product is: Cn1cnc(C#N)c1-c1ccccc1F. Reaction type is Pd catalyzed C-H arylation. The reaction conditions of this reaction are: Palladium Source: [PdCl(allyl)]2. Ligand: CC(C)(C)P(c1ccccc1)C(C)(C)C. Solvent: CCCCOC(C)=O. Base: CsOPiv. Reaction Temperature: 120 degrees centigrade. Reaction Concentration: 0.1 M. Palladium loading: 2.25 mol%. Ligand loading: 5 mol%. Base loading: 3 eq. What is the yield (%) and cost (US dollar per mol) of this reaction?","","-1,-1","[]"
"Here is a chemical reaction. Reactants are: Cn1cnc(C#N)c1, Fc1ccccc1Br. Product is: Cn1cnc(C#N)c1-c1ccccc1F. Reaction type is Pd catalyzed C-H arylation. The reaction conditions of this reaction are: Palladium Source: [PdCl(allyl)]2. Ligand: CC(C)(C)P(c1ccccc1)C(C)(C)C. Solvent: CCCCOC(C)=O. Base: CsOPiv. Reaction Temperature: 90 degrees centigrade. Reaction Concentration: 0.057 M. Palladium loading: 2.25 mol%. Ligand loading: 5 mol%. Base loading: 3 eq. What is the yield (%) and cost (US dollar per mol) of this reaction?","","-1,-1","[]"
"Here is a chemical reaction. Reactants are: Cn1cnc(C#N)c1, Fc1ccccc1Br. Product is: Cn1cnc(C#N)c1-c1ccccc1F. Reaction type is Pd catalyzed C-H arylation. The reaction conditions of this reaction are: Palladium Source: [PdCl(allyl)]2. Ligand: CC(C)(C)P(c1ccccc1)C(C)(C)C. Solvent: CCCCOC(C)=O. Base: CsOPiv. Reaction Temperature: 105 degrees centigrade. Reaction Concentration: 0.057 M. Palladium loading: 2.25 mol%. Ligand loading: 5 mol%. Base loading: 3 eq. What is the yield (%) and cost (US dollar per mol) of this reaction?","","-1,-1","[]"
"Here is a chemical reaction. Reactants are: Cn1cnc(C#N)c1, Fc1ccccc1Br. Product is: Cn1cnc(C#N)c1-c1ccccc1F. Reaction type is Pd catalyzed C-H arylation. The reaction conditions of this reaction are: Palladium Source: [PdCl(allyl)]2. Ligand: CC(C)(C)P(c1ccccc1)C(C)(C)C. Solvent: CCCCOC(C)=O. Base: CsOPiv. Reaction Temperature: 120 degrees centigrade. Reaction Concentration: 0.057 M. Palladium loading: 2.25 mol%. Ligand loading: 5 mol%. Base loading: 3 eq. What is the yield (%) and cost (US dollar per mol) of this reaction?","","-1,-1","[]"
"Here is a chemical reaction. Reactants are: Cn1cnc(C#N)c1, Fc1ccccc1Br. Product is: Cn1cnc(C#N)c1-c1ccccc1F. Reaction type is Pd catalyzed C-H arylation. The reaction conditions of this reaction are: Palladium Source: [PdCl(allyl)]2. Ligand: CC(C)(C)P(c1ccccc1)C(C)(C)C. Solvent: CCCCOC(C)=O. Base: CsOPiv. Reaction Temperature: 90 degrees centigrade. Reaction Concentration: 0.153 M. Palladium loading: 2.25 mol%. Ligand loading: 5 mol%. Base loading: 3 eq. What is the yield (%) and cost (US dollar per mol) of this reaction?","","-1,-1","[]"
"Here is a chemical reaction. Reactants are: Cn1cnc(C#N)c1, Fc1ccccc1Br. Product is: Cn1cnc(C#N)c1-c1ccccc1F. Reaction type is Pd catalyzed C-H arylation. The reaction conditions of this reaction are: Palladium Source: [PdCl(allyl)]2. Ligand: CC(C)(C)P(c1ccccc1)C(C)(C)C. Solvent: CCCCOC(C)=O. Base: CsOPiv. Reaction Temperature: 105 degrees centigrade. Reaction Concentration: 0.153 M. Palladium loading: 2.25 mol%. Ligand loading: 5 mol%. Base loading: 3 eq. What is the yield (%) and cost (US dollar per mol) of this reaction?","","-1,-1","[]"
"Here is a chemical reaction. Reactants are: Cn1cnc(C#N)c1, Fc1ccccc1Br. Product is: Cn1cnc(C#N)c1-c1ccccc1F. Reaction type is Pd catalyzed C-H arylation. The reaction conditions of this reaction are: Palladium Source: [PdCl(allyl)]2. Ligand: CC(C)(C)P(c1ccccc1)C(C)(C)C. Solvent: CCCCOC(C)=O. Base: CsOPiv. Reaction Temperature: 120 degrees centigrade. Reaction Concentration: 0.153 M. Palladium loading: 2.25 mol%. Ligand loading: 5 mol%. Base loading: 3 eq. What is the yield (%) and cost (US dollar per mol) of this reaction?","","-1,-1","[]"
"Here is a chemical reaction. Reactants are: Cn1cnc(C#N)c1, Fc1ccccc1Br. Product is: Cn1cnc(C#N)c1-c1ccccc1F. Reaction type is Pd catalyzed C-H arylation. The reaction conditions of this reaction are: Palladium Source: [PdCl(allyl)]2. Ligand: CC(C)(C)P(c1ccccc1)C(C)(C)C. Solvent: CCCC#N. Base: CsOPiv. Reaction Temperature: 90 degrees centigrade. Reaction Concentration: 0.1 M. Palladium loading: 2.25 mol%. Ligand loading: 5 mol%. Base loading: 3 eq. What is the yield (%) and cost (US dollar per mol) of this reaction?","","-1,-1","[]"
"Here is a chemical reaction. Reactants are: Cn1cnc(C#N)c1, Fc1ccccc1Br. Product is: Cn1cnc(C#N)c1-c1ccccc1F. Reaction type is Pd catalyzed C-H arylation. The reaction conditions of this reaction are: Palladium Source: [PdCl(allyl)]2. Ligand: CC(C)(C)P(c1ccccc1)C(C)(C)C. Solvent: CCCC#N. Base: CsOPiv. Reaction Temperature: 105 degrees centigrade. Reaction Concentration: 0.1 M. Palladium loading: 2.25 mol%. Ligand loading: 5 mol%. Base loading: 3 eq. What is the yield (%) and cost (US dollar per mol) of this reaction?","","-1,-1","[]"
"Here is a chemical reaction. Reactants are: Cn1cnc(C#N)c1, Fc1ccccc1Br. Product is: Cn1cnc(C#N)c1-c1ccccc1F. Reaction type is Pd catalyzed C-H arylation. The reaction conditions of this reaction are: Palladium Source: [PdCl(allyl)]2. Ligand: CC(C)(C)P(c1ccccc1)C(C)(C)C. Solvent: CCCC#N. Base: CsOPiv. Reaction Temperature: 120 degrees centigrade. Reaction Concentration: 0.1 M. Palladium loading: 2.25 mol%. Ligand loading: 5 mol%. Base loading: 3 eq. What is the yield (%) and cost (US dollar per mol) of this reaction?","","-1,-1","[]"
"Here is a chemical reaction. Reactants are: Cn1cnc(C#N)c1, Fc1ccccc1Br. Product is: Cn1cnc(C#N)c1-c1ccccc1F. Reaction type is Pd catalyzed C-H arylation. The reaction conditions of this reaction are: Palladium Source: [PdCl(allyl)]2. Ligand: CC(C)(C)P(c1ccccc1)C(C)(C)C. Solvent: CCCC#N. Base: CsOPiv. Reaction Temperature: 90 degrees centigrade. Reaction Concentration: 0.057 M. Palladium loading: 2.25 mol%. Ligand loading: 5 mol%. Base loading: 3 eq. What is the yield (%) and cost (US dollar per mol) of this reaction?","","-1,-1","[]"
"Here is a chemical reaction. Reactants are: Cn1cnc(C#N)c1, Fc1ccccc1Br. Product is: Cn1cnc(C#N)c1-c1ccccc1F. Reaction type is Pd catalyzed C-H arylation. The reaction conditions of this reaction are: Palladium Source: [PdCl(allyl)]2. Ligand: CC(C)(C)P(c1ccccc1)C(C)(C)C. Solvent: CCCC#N. Base: CsOPiv. Reaction Temperature: 105 degrees centigrade. Reaction Concentration: 0.057 M. Palladium loading: 2.25 mol%. Ligand loading: 5 mol%. Base loading: 3 eq. What is the yield (%) and cost (US dollar per mol) of this reaction?","","-1,-1","[]"
"Here is a chemical reaction. Reactants are: Cn1cnc(C#N)c1, Fc1ccccc1Br. Product is: Cn1cnc(C#N)c1-c1ccccc1F. Reaction type is Pd catalyzed C-H arylation. The reaction conditions of this reaction are: Palladium Source: [PdCl(allyl)]2. Ligand: CC(C)(C)P(c1ccccc1)C(C)(C)C. Solvent: CCCC#N. Base: CsOPiv. Reaction Temperature: 120 degrees centigrade. Reaction Concentration: 0.057 M. Palladium loading: 2.25 mol%. Ligand loading: 5 mol%. Base loading: 3 eq. What is the yield (%) and cost (US dollar per mol) of this reaction?","","-1,-1","[]"
"Here is a chemical reaction. Reactants are: Cn1cnc(C#N)c1, Fc1ccccc1Br. Product is: Cn1cnc(C#N)c1-c1ccccc1F. Reaction type is Pd catalyzed C-H arylation. The reaction conditions of this reaction are: Palladium Source: [PdCl(allyl)]2. Ligand: CC(C)(C)P(c1ccccc1)C(C)(C)C. Solvent: CCCC#N. Base: CsOPiv. Reaction Temperature: 90 degrees centigrade. Reaction Concentration: 0.153 M. Palladium loading: 2.25 mol%. Ligand loading: 5 mol%. Base loading: 3 eq. What is the yield (%) and cost (US dollar per mol) of this reaction?","","-1,-1","[]"
"Here is a chemical reaction. Reactants are: Cn1cnc(C#N)c1, Fc1ccccc1Br. Product is: Cn1cnc(C#N)c1-c1ccccc1F. Reaction type is Pd catalyzed C-H arylation. The reaction conditions of this reaction are: Palladium Source: [PdCl(allyl)]2. Ligand: CC(C)(C)P(c1ccccc1)C(C)(C)C. Solvent: CCCC#N. Base: CsOPiv. Reaction Temperature: 105 degrees centigrade. Reaction Concentration: 0.153 M. Palladium loading: 2.25 mol%. Ligand loading: 5 mol%. Base loading: 3 eq. What is the yield (%) and cost (US dollar per mol) of this reaction?","","-1,-1","[]"
"Here is a chemical reaction. Reactants are: Cn1cnc(C#N)c1, Fc1ccccc1Br. Product is: Cn1cnc(C#N)c1-c1ccccc1F. Reaction type is Pd catalyzed C-H arylation. The reaction conditions of this reaction are: Palladium Source: [PdCl(allyl)]2. Ligand: CC(C)(C)P(c1ccccc1)C(C)(C)C. Solvent: CCCC#N. Base: CsOPiv. Reaction Temperature: 120 degrees centigrade. Reaction Concentration: 0.153 M. Palladium loading: 2.25 mol%. Ligand loading: 5 mol%. Base loading: 3 eq. What is the yield (%) and cost (US dollar per mol) of this reaction?","","-1,-1","[]"
"Here is a chemical reaction. Reactants are: Cn1cnc(C#N)c1, Fc1ccccc1Br. Product is: Cn1cnc(C#N)c1-c1ccccc1F. Reaction type is Pd catalyzed C-H arylation. The reaction conditions of this reaction are: Palladium Source: [PdCl(allyl)]2. Ligand: CC(C)(C)P(c1ccccc1)C(C)(C)C. Solvent: Cc1ccc(C)cc1. Base: CsOPiv. Reaction Temperature: 90 degrees centigrade. Reaction Concentration: 0.1 M. Palladium loading: 2.25 mol%. Ligand loading: 5 mol%. Base loading: 3 eq. What is the yield (%) and cost (US dollar per mol) of this reaction?","","-1,-1","[]"
"Here is a chemical reaction. Reactants are: Cn1cnc(C#N)c1, Fc1ccccc1Br. Product is: Cn1cnc(C#N)c1-c1ccccc1F. Reaction type is Pd catalyzed C-H arylation. The reaction conditions of this reaction are: Palladium Source: [PdCl(allyl)]2. Ligand: CC(C)(C)P(c1ccccc1)C(C)(C)C. Solvent: Cc1ccc(C)cc1. Base: CsOPiv. Reaction Temperature: 105 degrees centigrade. Reaction Concentration: 0.1 M. Palladium loading: 2.25 mol%. Ligand loading: 5 mol%. Base loading: 3 eq. What is the yield (%) and cost (US dollar per mol) of this reaction?","","-1,-1","[]"
"Here is a chemical reaction. Reactants are: Cn1cnc(C#N)c1, Fc1ccccc1Br. Product is: Cn1cnc(C#N)c1-c1ccccc1F. Reaction type is Pd catalyzed C-H arylation. The reaction conditions of this reaction are: Palladium Source: [PdCl(allyl)]2. Ligand: CC(C)(C)P(c1ccccc1)C(C)(C)C. Solvent: Cc1ccc(C)cc1. Base: CsOPiv. Reaction Temperature: 120 degrees centigrade. Reaction Concentration: 0.1 M. Palladium loading: 2.25 mol%. Ligand loading: 5 mol%. Base loading: 3 eq. What is the yield (%) and cost (US dollar per mol) of this reaction?","","-1,-1","[]"
"Here is a chemical reaction. Reactants are: Cn1cnc(C#N)c1, Fc1ccccc1Br. Product is: Cn1cnc(C#N)c1-c1ccccc1F. Reaction type is Pd catalyzed C-H arylation. The reaction conditions of this reaction are: Palladium Source: [PdCl(allyl)]2. Ligand: CC(C)(C)P(c1ccccc1)C(C)(C)C. Solvent: Cc1ccc(C)cc1. Base: CsOPiv. Reaction Temperature: 90 degrees centigrade. Reaction Concentration: 0.057 M. Palladium loading: 2.25 mol%. Ligand loading: 5 mol%. Base loading: 3 eq. What is the yield (%) and cost (US dollar per mol) of this reaction?","","-1,-1","[]"
"Here is a chemical reaction. Reactants are: Cn1cnc(C#N)c1, Fc1ccccc1Br. Product is: Cn1cnc(C#N)c1-c1ccccc1F. Reaction type is Pd catalyzed C-H arylation. The reaction conditions of this reaction are: Palladium Source: [PdCl(allyl)]2. Ligand: CC(C)(C)P(c1ccccc1)C(C)(C)C. Solvent: Cc1ccc(C)cc1. Base: CsOPiv. Reaction Temperature: 105 degrees centigrade. Reaction Concentration: 0.057 M. Palladium loading: 2.25 mol%. Ligand loading: 5 mol%. Base loading: 3 eq. What is the yield (%) and cost (US dollar per mol) of this reaction?","","-1,-1","[]"
"Here is a chemical reaction. Reactants are: Cn1cnc(C#N)c1, Fc1ccccc1Br. Product is: Cn1cnc(C#N)c1-c1ccccc1F. Reaction type is Pd catalyzed C-H arylation. The reaction conditions of this reaction are: Palladium Source: [PdCl(allyl)]2. Ligand: CC(C)(C)P(c1ccccc1)C(C)(C)C. Solvent: Cc1ccc(C)cc1. Base: CsOPiv. Reaction Temperature: 120 degrees centigrade. Reaction Concentration: 0.057 M. Palladium loading: 2.25 mol%. Ligand loading: 5 mol%. Base loading: 3 eq. What is the yield (%) and cost (US dollar per mol) of this reaction?","","-1,-1","[]"
"Here is a chemical reaction. Reactants are: Cn1cnc(C#N)c1, Fc1ccccc1Br. Product is: Cn1cnc(C#N)c1-c1ccccc1F. Reaction type is Pd catalyzed C-H arylation. The reaction conditions of this reaction are: Palladium Source: [PdCl(allyl)]2. Ligand: CC(C)(C)P(c1ccccc1)C(C)(C)C. Solvent: Cc1ccc(C)cc1. Base: CsOPiv. Reaction Temperature: 90 degrees centigrade. Reaction Concentration: 0.153 M. Palladium loading: 2.25 mol%. Ligand loading: 5 mol%. Base loading: 3 eq. What is the yield (%) and cost (US dollar per mol) of this reaction?","","-1,-1","[]"
"Here is a chemical reaction. Reactants are: Cn1cnc(C#N)c1, Fc1ccccc1Br. Product is: Cn1cnc(C#N)c1-c1ccccc1F. Reaction type is Pd catalyzed C-H arylation. The reaction conditions of this reaction are: Palladium Source: [PdCl(allyl)]2. Ligand: CC(C)(C)P(c1ccccc1)C(C)(C)C. Solvent: Cc1ccc(C)cc1. Base: CsOPiv. Reaction Temperature: 105 degrees centigrade. Reaction Concentration: 0.153 M. Palladium loading: 2.25 mol%. Ligand loading: 5 mol%. Base loading: 3 eq. What is the yield (%) and cost (US dollar per mol) of this reaction?","","-1,-1","[]"
"Here is a chemical reaction. Reactants are: Cn1cnc(C#N)c1, Fc1ccccc1Br. Product is: Cn1cnc(C#N)c1-c1ccccc1F. Reaction type is Pd catalyzed C-H arylation. The reaction conditions of this reaction are: Palladium Source: [PdCl(allyl)]2. Ligand: CC(C)(C)P(c1ccccc1)C(C)(C)C. Solvent: Cc1ccc(C)cc1. Base: CsOPiv. Reaction Temperature: 120 degrees centigrade. Reaction Concentration: 0.153 M. Palladium loading: 2.25 mol%. Ligand loading: 5 mol%. Base loading: 3 eq. What is the yield (%) and cost (US dollar per mol) of this reaction?","","-1,-1","[]"
"Here is a chemical reaction. Reactants are: Cn1cnc(C#N)c1, Fc1ccccc1Br. Product is: Cn1cnc(C#N)c1-c1ccccc1F. Reaction type is Pd catalyzed C-H arylation. The reaction conditions of this reaction are: Palladium Source: [PdCl(allyl)]2. Ligand: CC(C)(C)P(c1ccccc1)C(C)(C)C. Solvent: CC(=O)N(C)C. Base: CsOPiv. Reaction Temperature: 90 degrees centigrade. Reaction Concentration: 0.1 M. Palladium loading: 2.25 mol%. Ligand loading: 5 mol%. Base loading: 3 eq. What is the yield (%) and cost (US dollar per mol) of this reaction?","","-1,-1","[]"
"Here is a chemical reaction. Reactants are: Cn1cnc(C#N)c1, Fc1ccccc1Br. Product is: Cn1cnc(C#N)c1-c1ccccc1F. Reaction type is Pd catalyzed C-H arylation. The reaction conditions of this reaction are: Palladium Source: [PdCl(allyl)]2. Ligand: CC(C)(C)P(c1ccccc1)C(C)(C)C. Solvent: CC(=O)N(C)C. Base: CsOPiv. Reaction Temperature: 105 degrees centigrade. Reaction Concentration: 0.1 M. Palladium loading: 2.25 mol%. Ligand loading: 5 mol%. Base loading: 3 eq. What is the yield (%) and cost (US dollar per mol) of this reaction?","","-1,-1","[]"
"Here is a chemical reaction. Reactants are: Cn1cnc(C#N)c1, Fc1ccccc1Br. Product is: Cn1cnc(C#N)c1-c1ccccc1F. Reaction type is Pd catalyzed C-H arylation. The reaction conditions of this reaction are: Palladium Source: [PdCl(allyl)]2. Ligand: CC(C)(C)P(c1ccccc1)C(C)(C)C. Solvent: CC(=O)N(C)C. Base: CsOPiv. Reaction Temperature: 120 degrees centigrade. Reaction Concentration: 0.1 M. Palladium loading: 2.25 mol%. Ligand loading: 5 mol%. Base loading: 3 eq. What is the yield (%) and cost (US dollar per mol) of this reaction?","","-1,-1","[]"
"Here is a chemical reaction. Reactants are: Cn1cnc(C#N)c1, Fc1ccccc1Br. Product is: Cn1cnc(C#N)c1-c1ccccc1F. Reaction type is Pd catalyzed C-H arylation. The reaction conditions of this reaction are: Palladium Source: [PdCl(allyl)]2. Ligand: CC(C)(C)P(c1ccccc1)C(C)(C)C. Solvent: CC(=O)N(C)C. Base: CsOPiv. Reaction Temperature: 90 degrees centigrade. Reaction Concentration: 0.057 M. Palladium loading: 2.25 mol%. Ligand loading: 5 mol%. Base loading: 3 eq. What is the yield (%) and cost (US dollar per mol) of this reaction?","","-1,-1","[]"
"Here is a chemical reaction. Reactants are: Cn1cnc(C#N)c1, Fc1ccccc1Br. Product is: Cn1cnc(C#N)c1-c1ccccc1F. Reaction type is Pd catalyzed C-H arylation. The reaction conditions of this reaction are: Palladium Source: [PdCl(allyl)]2. Ligand: CC(C)(C)P(c1ccccc1)C(C)(C)C. Solvent: CC(=O)N(C)C. Base: CsOPiv. Reaction Temperature: 105 degrees centigrade. Reaction Concentration: 0.057 M. Palladium loading: 2.25 mol%. Ligand loading: 5 mol%. Base loading: 3 eq. What is the yield (%) and cost (US dollar per mol) of this reaction?","","-1,-1","[]"
"Here is a chemical reaction. Reactants are: Cn1cnc(C#N)c1, Fc1ccccc1Br. Product is: Cn1cnc(C#N)c1-c1ccccc1F. Reaction type is Pd catalyzed C-H arylation. The reaction conditions of this reaction are: Palladium Source: [PdCl(allyl)]2. Ligand: CC(C)(C)P(c1ccccc1)C(C)(C)C. Solvent: CC(=O)N(C)C. Base: CsOPiv. Reaction Temperature: 120 degrees centigrade. Reaction Concentration: 0.057 M. Palladium loading: 2.25 mol%. Ligand loading: 5 mol%. Base loading: 3 eq. What is the yield (%) and cost (US dollar per mol) of this reaction?","","-1,-1","[]"
"Here is a chemical reaction. Reactants are: Cn1cnc(C#N)c1, Fc1ccccc1Br. Product is: Cn1cnc(C#N)c1-c1ccccc1F. Reaction type is Pd catalyzed C-H arylation. The reaction conditions of this reaction are: Palladium Source: [PdCl(allyl)]2. Ligand: CC(C)(C)P(c1ccccc1)C(C)(C)C. Solvent: CC(=O)N(C)C. Base: CsOPiv. Reaction Temperature: 90 degrees centigrade. Reaction Concentration: 0.153 M. Palladium loading: 2.25 mol%. Ligand loading: 5 mol%. Base loading: 3 eq. What is the yield (%) and cost (US dollar per mol) of this reaction?","","-1,-1","[]"
"Here is a chemical reaction. Reactants are: Cn1cnc(C#N)c1, Fc1ccccc1Br. Product is: Cn1cnc(C#N)c1-c1ccccc1F. Reaction type is Pd catalyzed C-H arylation. The reaction conditions of this reaction are: Palladium Source: [PdCl(allyl)]2. Ligand: CC(C)(C)P(c1ccccc1)C(C)(C)C. Solvent: CC(=O)N(C)C. Base: CsOPiv. Reaction Temperature: 105 degrees centigrade. Reaction Concentration: 0.153 M. Palladium loading: 2.25 mol%. Ligand loading: 5 mol%. Base loading: 3 eq. What is the yield (%) and cost (US dollar per mol) of this reaction?","","-1,-1","[]"
"Here is a chemical reaction. Reactants are: Cn1cnc(C#N)c1, Fc1ccccc1Br. Product is: Cn1cnc(C#N)c1-c1ccccc1F. Reaction type is Pd catalyzed C-H arylation. The reaction conditions of this reaction are: Palladium Source: [PdCl(allyl)]2. Ligand: CC(C)(C)P(c1ccccc1)C(C)(C)C. Solvent: CC(=O)N(C)C. Base: CsOPiv. Reaction Temperature: 120 degrees centigrade. Reaction Concentration: 0.153 M. Palladium loading: 2.25 mol%. Ligand loading: 5 mol%. Base loading: 3 eq. What is the yield (%) and cost (US dollar per mol) of this reaction?","","-1,-1","[]"
"Here is a chemical reaction. Reactants are: Cn1cnc(C#N)c1, Fc1ccccc1Br. Product is: Cn1cnc(C#N)c1-c1ccccc1F. Reaction type is Pd catalyzed C-H arylation. The reaction conditions of this reaction are: Palladium Source: [PdCl(allyl)]2. Ligand: CN(C)c1cccc(N(C)C)c1-c1ccccc1P(c1ccccc1)C(C)(C)C. Solvent: CCCCOC(C)=O. Base: KOAc. Reaction Temperature: 90 degrees centigrade. Reaction Concentration: 0.1 M. Palladium loading: 2.25 mol%. Ligand loading: 5 mol%. Base loading: 3 eq. What is the yield (%) and cost (US dollar per mol) of this reaction?","","-1,-1","[]"
"Here is a chemical reaction. Reactants are: Cn1cnc(C#N)c1, Fc1ccccc1Br. Product is: Cn1cnc(C#N)c1-c1ccccc1F. Reaction type is Pd catalyzed C-H arylation. The reaction conditions of this reaction are: Palladium Source: [PdCl(allyl)]2. Ligand: CN(C)c1cccc(N(C)C)c1-c1ccccc1P(c1ccccc1)C(C)(C)C. Solvent: CCCCOC(C)=O. Base: KOAc. Reaction Temperature: 105 degrees centigrade. Reaction Concentration: 0.1 M. Palladium loading: 2.25 mol%. Ligand loading: 5 mol%. Base loading: 3 eq. What is the yield (%) and cost (US dollar per mol) of this reaction?","","-1,-1","[]"
"Here is a chemical reaction. Reactants are: Cn1cnc(C#N)c1, Fc1ccccc1Br. Product is: Cn1cnc(C#N)c1-c1ccccc1F. Reaction type is Pd catalyzed C-H arylation. The reaction conditions of this reaction are: Palladium Source: [PdCl(allyl)]2. Ligand: CN(C)c1cccc(N(C)C)c1-c1ccccc1P(c1ccccc1)C(C)(C)C. Solvent: CCCCOC(C)=O. Base: KOAc. Reaction Temperature: 120 degrees centigrade. Reaction Concentration: 0.1 M. Palladium loading: 2.25 mol%. Ligand loading: 5 mol%. Base loading: 3 eq. What is the yield (%) and cost (US dollar per mol) of this reaction?","","-1,-1","[]"
"Here is a chemical reaction. Reactants are: Cn1cnc(C#N)c1, Fc1ccccc1Br. Product is: Cn1cnc(C#N)c1-c1ccccc1F. Reaction type is Pd catalyzed C-H arylation. The reaction conditions of this reaction are: Palladium Source: [PdCl(allyl)]2. Ligand: CN(C)c1cccc(N(C)C)c1-c1ccccc1P(c1ccccc1)C(C)(C)C. Solvent: CCCCOC(C)=O. Base: KOAc. Reaction Temperature: 90 degrees centigrade. Reaction Concentration: 0.057 M. Palladium loading: 2.25 mol%. Ligand loading: 5 mol%. Base loading: 3 eq. What is the yield (%) and cost (US dollar per mol) of this reaction?","","-1,-1","[]"
"Here is a chemical reaction. Reactants are: Cn1cnc(C#N)c1, Fc1ccccc1Br. Product is: Cn1cnc(C#N)c1-c1ccccc1F. Reaction type is Pd catalyzed C-H arylation. The reaction conditions of this reaction are: Palladium Source: [PdCl(allyl)]2. Ligand: CN(C)c1cccc(N(C)C)c1-c1ccccc1P(c1ccccc1)C(C)(C)C. Solvent: CCCCOC(C)=O. Base: KOAc. Reaction Temperature: 105 degrees centigrade. Reaction Concentration: 0.057 M. Palladium loading: 2.25 mol%. Ligand loading: 5 mol%. Base loading: 3 eq. What is the yield (%) and cost (US dollar per mol) of this reaction?","","-1,-1","[]"
"Here is a chemical reaction. Reactants are: Cn1cnc(C#N)c1, Fc1ccccc1Br. Product is: Cn1cnc(C#N)c1-c1ccccc1F. Reaction type is Pd catalyzed C-H arylation. The reaction conditions of this reaction are: Palladium Source: [PdCl(allyl)]2. Ligand: CN(C)c1cccc(N(C)C)c1-c1ccccc1P(c1ccccc1)C(C)(C)C. Solvent: CCCCOC(C)=O. Base: KOAc. Reaction Temperature: 120 degrees centigrade. Reaction Concentration: 0.057 M. Palladium loading: 2.25 mol%. Ligand loading: 5 mol%. Base loading: 3 eq. What is the yield (%) and cost (US dollar per mol) of this reaction?","","-1,-1","[]"
"Here is a chemical reaction. Reactants are: Cn1cnc(C#N)c1, Fc1ccccc1Br. Product is: Cn1cnc(C#N)c1-c1ccccc1F. Reaction type is Pd catalyzed C-H arylation. The reaction conditions of this reaction are: Palladium Source: [PdCl(allyl)]2. Ligand: CN(C)c1cccc(N(C)C)c1-c1ccccc1P(c1ccccc1)C(C)(C)C. Solvent: CCCCOC(C)=O. Base: KOAc. Reaction Temperature: 90 degrees centigrade. Reaction Concentration: 0.153 M. Palladium loading: 2.25 mol%. Ligand loading: 5 mol%. Base loading: 3 eq. What is the yield (%) and cost (US dollar per mol) of this reaction?","","-1,-1","[]"
"Here is a chemical reaction. Reactants are: Cn1cnc(C#N)c1, Fc1ccccc1Br. Product is: Cn1cnc(C#N)c1-c1ccccc1F. Reaction type is Pd catalyzed C-H arylation. The reaction conditions of this reaction are: Palladium Source: [PdCl(allyl)]2. Ligand: CN(C)c1cccc(N(C)C)c1-c1ccccc1P(c1ccccc1)C(C)(C)C. Solvent: CCCCOC(C)=O. Base: KOAc. Reaction Temperature: 105 degrees centigrade. Reaction Concentration: 0.153 M. Palladium loading: 2.25 mol%. Ligand loading: 5 mol%. Base loading: 3 eq. What is the yield (%) and cost (US dollar per mol) of this reaction?","","-1,-1","[]"
"Here is a chemical reaction. Reactants are: Cn1cnc(C#N)c1, Fc1ccccc1Br. Product is: Cn1cnc(C#N)c1-c1ccccc1F. Reaction type is Pd catalyzed C-H arylation. The reaction conditions of this reaction are: Palladium Source: [PdCl(allyl)]2. Ligand: CN(C)c1cccc(N(C)C)c1-c1ccccc1P(c1ccccc1)C(C)(C)C. Solvent: CCCCOC(C)=O. Base: KOAc. Reaction Temperature: 120 degrees centigrade. Reaction Concentration: 0.153 M. Palladium loading: 2.25 mol%. Ligand loading: 5 mol%. Base loading: 3 eq. What is the yield (%) and cost (US dollar per mol) of this reaction?","","-1,-1","[]"
"Here is a chemical reaction. Reactants are: Cn1cnc(C#N)c1, Fc1ccccc1Br. Product is: Cn1cnc(C#N)c1-c1ccccc1F. Reaction type is Pd catalyzed C-H arylation. The reaction conditions of this reaction are: Palladium Source: [PdCl(allyl)]2. Ligand: CN(C)c1cccc(N(C)C)c1-c1ccccc1P(c1ccccc1)C(C)(C)C. Solvent: CCCC#N. Base: KOAc. Reaction Temperature: 90 degrees centigrade. Reaction Concentration: 0.1 M. Palladium loading: 2.25 mol%. Ligand loading: 5 mol%. Base loading: 3 eq. What is the yield (%) and cost (US dollar per mol) of this reaction?","","-1,-1","[]"
"Here is a chemical reaction. Reactants are: Cn1cnc(C#N)c1, Fc1ccccc1Br. Product is: Cn1cnc(C#N)c1-c1ccccc1F. Reaction type is Pd catalyzed C-H arylation. The reaction conditions of this reaction are: Palladium Source: [PdCl(allyl)]2. Ligand: CN(C)c1cccc(N(C)C)c1-c1ccccc1P(c1ccccc1)C(C)(C)C. Solvent: CCCC#N. Base: KOAc. Reaction Temperature: 105 degrees centigrade. Reaction Concentration: 0.1 M. Palladium loading: 2.25 mol%. Ligand loading: 5 mol%. Base loading: 3 eq. What is the yield (%) and cost (US dollar per mol) of this reaction?","","-1,-1","[]"
"Here is a chemical reaction. Reactants are: Cn1cnc(C#N)c1, Fc1ccccc1Br. Product is: Cn1cnc(C#N)c1-c1ccccc1F. Reaction type is Pd catalyzed C-H arylation. The reaction conditions of this reaction are: Palladium Source: [PdCl(allyl)]2. Ligand: CN(C)c1cccc(N(C)C)c1-c1ccccc1P(c1ccccc1)C(C)(C)C. Solvent: CCCC#N. Base: KOAc. Reaction Temperature: 120 degrees centigrade. Reaction Concentration: 0.1 M. Palladium loading: 2.25 mol%. Ligand loading: 5 mol%. Base loading: 3 eq. What is the yield (%) and cost (US dollar per mol) of this reaction?","","-1,-1","[]"
"Here is a chemical reaction. Reactants are: Cn1cnc(C#N)c1, Fc1ccccc1Br. Product is: Cn1cnc(C#N)c1-c1ccccc1F. Reaction type is Pd catalyzed C-H arylation. The reaction conditions of this reaction are: Palladium Source: [PdCl(allyl)]2. Ligand: CN(C)c1cccc(N(C)C)c1-c1ccccc1P(c1ccccc1)C(C)(C)C. Solvent: CCCC#N. Base: KOAc. Reaction Temperature: 90 degrees centigrade. Reaction Concentration: 0.057 M. Palladium loading: 2.25 mol%. Ligand loading: 5 mol%. Base loading: 3 eq. What is the yield (%) and cost (US dollar per mol) of this reaction?","","-1,-1","[]"
"Here is a chemical reaction. Reactants are: Cn1cnc(C#N)c1, Fc1ccccc1Br. Product is: Cn1cnc(C#N)c1-c1ccccc1F. Reaction type is Pd catalyzed C-H arylation. The reaction conditions of this reaction are: Palladium Source: [PdCl(allyl)]2. Ligand: CN(C)c1cccc(N(C)C)c1-c1ccccc1P(c1ccccc1)C(C)(C)C. Solvent: CCCC#N. Base: KOAc. Reaction Temperature: 105 degrees centigrade. Reaction Concentration: 0.057 M. Palladium loading: 2.25 mol%. Ligand loading: 5 mol%. Base loading: 3 eq. What is the yield (%) and cost (US dollar per mol) of this reaction?","","-1,-1","[]"
"Here is a chemical reaction. Reactants are: Cn1cnc(C#N)c1, Fc1ccccc1Br. Product is: Cn1cnc(C#N)c1-c1ccccc1F. Reaction type is Pd catalyzed C-H arylation. The reaction conditions of this reaction are: Palladium Source: [PdCl(allyl)]2. Ligand: CN(C)c1cccc(N(C)C)c1-c1ccccc1P(c1ccccc1)C(C)(C)C. Solvent: CCCC#N. Base: KOAc. Reaction Temperature: 120 degrees centigrade. Reaction Concentration: 0.057 M. Palladium loading: 2.25 mol%. Ligand loading: 5 mol%. Base loading: 3 eq. What is the yield (%) and cost (US dollar per mol) of this reaction?","","-1,-1","[]"
"Here is a chemical reaction. Reactants are: Cn1cnc(C#N)c1, Fc1ccccc1Br. Product is: Cn1cnc(C#N)c1-c1ccccc1F. Reaction type is Pd catalyzed C-H arylation. The reaction conditions of this reaction are: Palladium Source: [PdCl(allyl)]2. Ligand: CN(C)c1cccc(N(C)C)c1-c1ccccc1P(c1ccccc1)C(C)(C)C. Solvent: CCCC#N. Base: KOAc. Reaction Temperature: 90 degrees centigrade. Reaction Concentration: 0.153 M. Palladium loading: 2.25 mol%. Ligand loading: 5 mol%. Base loading: 3 eq. What is the yield (%) and cost (US dollar per mol) of this reaction?","","-1,-1","[]"
"Here is a chemical reaction. Reactants are: Cn1cnc(C#N)c1, Fc1ccccc1Br. Product is: Cn1cnc(C#N)c1-c1ccccc1F. Reaction type is Pd catalyzed C-H arylation. The reaction conditions of this reaction are: Palladium Source: [PdCl(allyl)]2. Ligand: CN(C)c1cccc(N(C)C)c1-c1ccccc1P(c1ccccc1)C(C)(C)C. Solvent: CCCC#N. Base: KOAc. Reaction Temperature: 105 degrees centigrade. Reaction Concentration: 0.153 M. Palladium loading: 2.25 mol%. Ligand loading: 5 mol%. Base loading: 3 eq. What is the yield (%) and cost (US dollar per mol) of this reaction?","","-1,-1","[]"
"Here is a chemical reaction. Reactants are: Cn1cnc(C#N)c1, Fc1ccccc1Br. Product is: Cn1cnc(C#N)c1-c1ccccc1F. Reaction type is Pd catalyzed C-H arylation. The reaction conditions of this reaction are: Palladium Source: [PdCl(allyl)]2. Ligand: CN(C)c1cccc(N(C)C)c1-c1ccccc1P(c1ccccc1)C(C)(C)C. Solvent: CCCC#N. Base: KOAc. Reaction Temperature: 120 degrees centigrade. Reaction Concentration: 0.153 M. Palladium loading: 2.25 mol%. Ligand loading: 5 mol%. Base loading: 3 eq. What is the yield (%) and cost (US dollar per mol) of this reaction?","","-1,-1","[]"
"Here is a chemical reaction. Reactants are: Cn1cnc(C#N)c1, Fc1ccccc1Br. Product is: Cn1cnc(C#N)c1-c1ccccc1F. Reaction type is Pd catalyzed C-H arylation. The reaction conditions of this reaction are: Palladium Source: [PdCl(allyl)]2. Ligand: CN(C)c1cccc(N(C)C)c1-c1ccccc1P(c1ccccc1)C(C)(C)C. Solvent: Cc1ccc(C)cc1. Base: KOAc. Reaction Temperature: 90 degrees centigrade. Reaction Concentration: 0.1 M. Palladium loading: 2.25 mol%. Ligand loading: 5 mol%. Base loading: 3 eq. What is the yield (%) and cost (US dollar per mol) of this reaction?","","-1,-1","[]"
"Here is a chemical reaction. Reactants are: Cn1cnc(C#N)c1, Fc1ccccc1Br. Product is: Cn1cnc(C#N)c1-c1ccccc1F. Reaction type is Pd catalyzed C-H arylation. The reaction conditions of this reaction are: Palladium Source: [PdCl(allyl)]2. Ligand: CN(C)c1cccc(N(C)C)c1-c1ccccc1P(c1ccccc1)C(C)(C)C. Solvent: Cc1ccc(C)cc1. Base: KOAc. Reaction Temperature: 105 degrees centigrade. Reaction Concentration: 0.1 M. Palladium loading: 2.25 mol%. Ligand loading: 5 mol%. Base loading: 3 eq. What is the yield (%) and cost (US dollar per mol) of this reaction?","","-1,-1","[]"
"Here is a chemical reaction. Reactants are: Cn1cnc(C#N)c1, Fc1ccccc1Br. Product is: Cn1cnc(C#N)c1-c1ccccc1F. Reaction type is Pd catalyzed C-H arylation. The reaction conditions of this reaction are: Palladium Source: [PdCl(allyl)]2. Ligand: CN(C)c1cccc(N(C)C)c1-c1ccccc1P(c1ccccc1)C(C)(C)C. Solvent: Cc1ccc(C)cc1. Base: KOAc. Reaction Temperature: 120 degrees centigrade. Reaction Concentration: 0.1 M. Palladium loading: 2.25 mol%. Ligand loading: 5 mol%. Base loading: 3 eq. What is the yield (%) and cost (US dollar per mol) of this reaction?","","-1,-1","[]"
"Here is a chemical reaction. Reactants are: Cn1cnc(C#N)c1, Fc1ccccc1Br. Product is: Cn1cnc(C#N)c1-c1ccccc1F. Reaction type is Pd catalyzed C-H arylation. The reaction conditions of this reaction are: Palladium Source: [PdCl(allyl)]2. Ligand: CN(C)c1cccc(N(C)C)c1-c1ccccc1P(c1ccccc1)C(C)(C)C. Solvent: Cc1ccc(C)cc1. Base: KOAc. Reaction Temperature: 90 degrees centigrade. Reaction Concentration: 0.057 M. Palladium loading: 2.25 mol%. Ligand loading: 5 mol%. Base loading: 3 eq. What is the yield (%) and cost (US dollar per mol) of this reaction?","","-1,-1","[]"
"Here is a chemical reaction. Reactants are: Cn1cnc(C#N)c1, Fc1ccccc1Br. Product is: Cn1cnc(C#N)c1-c1ccccc1F. Reaction type is Pd catalyzed C-H arylation. The reaction conditions of this reaction are: Palladium Source: [PdCl(allyl)]2. Ligand: CN(C)c1cccc(N(C)C)c1-c1ccccc1P(c1ccccc1)C(C)(C)C. Solvent: Cc1ccc(C)cc1. Base: KOAc. Reaction Temperature: 105 degrees centigrade. Reaction Concentration: 0.057 M. Palladium loading: 2.25 mol%. Ligand loading: 5 mol%. Base loading: 3 eq. What is the yield (%) and cost (US dollar per mol) of this reaction?","","-1,-1","[]"
"Here is a chemical reaction. Reactants are: Cn1cnc(C#N)c1, Fc1ccccc1Br. Product is: Cn1cnc(C#N)c1-c1ccccc1F. Reaction type is Pd catalyzed C-H arylation. The reaction conditions of this reaction are: Palladium Source: [PdCl(allyl)]2. Ligand: CN(C)c1cccc(N(C)C)c1-c1ccccc1P(c1ccccc1)C(C)(C)C. Solvent: Cc1ccc(C)cc1. Base: KOAc. Reaction Temperature: 120 degrees centigrade. Reaction Concentration: 0.057 M. Palladium loading: 2.25 mol%. Ligand loading: 5 mol%. Base loading: 3 eq. What is the yield (%) and cost (US dollar per mol) of this reaction?","","-1,-1","[]"
"Here is a chemical reaction. Reactants are: Cn1cnc(C#N)c1, Fc1ccccc1Br. Product is: Cn1cnc(C#N)c1-c1ccccc1F. Reaction type is Pd catalyzed C-H arylation. The reaction conditions of this reaction are: Palladium Source: [PdCl(allyl)]2. Ligand: CN(C)c1cccc(N(C)C)c1-c1ccccc1P(c1ccccc1)C(C)(C)C. Solvent: Cc1ccc(C)cc1. Base: KOAc. Reaction Temperature: 90 degrees centigrade. Reaction Concentration: 0.153 M. Palladium loading: 2.25 mol%. Ligand loading: 5 mol%. Base loading: 3 eq. What is the yield (%) and cost (US dollar per mol) of this reaction?","","-1,-1","[]"
"Here is a chemical reaction. Reactants are: Cn1cnc(C#N)c1, Fc1ccccc1Br. Product is: Cn1cnc(C#N)c1-c1ccccc1F. Reaction type is Pd catalyzed C-H arylation. The reaction conditions of this reaction are: Palladium Source: [PdCl(allyl)]2. Ligand: CN(C)c1cccc(N(C)C)c1-c1ccccc1P(c1ccccc1)C(C)(C)C. Solvent: Cc1ccc(C)cc1. Base: KOAc. Reaction Temperature: 105 degrees centigrade. Reaction Concentration: 0.153 M. Palladium loading: 2.25 mol%. Ligand loading: 5 mol%. Base loading: 3 eq. What is the yield (%) and cost (US dollar per mol) of this reaction?","","-1,-1","[]"
"Here is a chemical reaction. Reactants are: Cn1cnc(C#N)c1, Fc1ccccc1Br. Product is: Cn1cnc(C#N)c1-c1ccccc1F. Reaction type is Pd catalyzed C-H arylation. The reaction conditions of this reaction are: Palladium Source: [PdCl(allyl)]2. Ligand: CN(C)c1cccc(N(C)C)c1-c1ccccc1P(c1ccccc1)C(C)(C)C. Solvent: Cc1ccc(C)cc1. Base: KOAc. Reaction Temperature: 120 degrees centigrade. Reaction Concentration: 0.153 M. Palladium loading: 2.25 mol%. Ligand loading: 5 mol%. Base loading: 3 eq. What is the yield (%) and cost (US dollar per mol) of this reaction?","","-1,-1","[]"
"Here is a chemical reaction. Reactants are: Cn1cnc(C#N)c1, Fc1ccccc1Br. Product is: Cn1cnc(C#N)c1-c1ccccc1F. Reaction type is Pd catalyzed C-H arylation. The reaction conditions of this reaction are: Palladium Source: [PdCl(allyl)]2. Ligand: CN(C)c1cccc(N(C)C)c1-c1ccccc1P(c1ccccc1)C(C)(C)C. Solvent: CC(=O)N(C)C. Base: KOAc. Reaction Temperature: 90 degrees centigrade. Reaction Concentration: 0.1 M. Palladium loading: 2.25 mol%. Ligand loading: 5 mol%. Base loading: 3 eq. What is the yield (%) and cost (US dollar per mol) of this reaction?","","-1,-1","[]"
"Here is a chemical reaction. Reactants are: Cn1cnc(C#N)c1, Fc1ccccc1Br. Product is: Cn1cnc(C#N)c1-c1ccccc1F. Reaction type is Pd catalyzed C-H arylation. The reaction conditions of this reaction are: Palladium Source: [PdCl(allyl)]2. Ligand: CN(C)c1cccc(N(C)C)c1-c1ccccc1P(c1ccccc1)C(C)(C)C. Solvent: CC(=O)N(C)C. Base: KOAc. Reaction Temperature: 105 degrees centigrade. Reaction Concentration: 0.1 M. Palladium loading: 2.25 mol%. Ligand loading: 5 mol%. Base loading: 3 eq. What is the yield (%) and cost (US dollar per mol) of this reaction?","","-1,-1","[]"
"Here is a chemical reaction. Reactants are: Cn1cnc(C#N)c1, Fc1ccccc1Br. Product is: Cn1cnc(C#N)c1-c1ccccc1F. Reaction type is Pd catalyzed C-H arylation. The reaction conditions of this reaction are: Palladium Source: [PdCl(allyl)]2. Ligand: CN(C)c1cccc(N(C)C)c1-c1ccccc1P(c1ccccc1)C(C)(C)C. Solvent: CC(=O)N(C)C. Base: KOAc. Reaction Temperature: 120 degrees centigrade. Reaction Concentration: 0.1 M. Palladium loading: 2.25 mol%. Ligand loading: 5 mol%. Base loading: 3 eq. What is the yield (%) and cost (US dollar per mol) of this reaction?","","-1,-1","[]"
"Here is a chemical reaction. Reactants are: Cn1cnc(C#N)c1, Fc1ccccc1Br. Product is: Cn1cnc(C#N)c1-c1ccccc1F. Reaction type is Pd catalyzed C-H arylation. The reaction conditions of this reaction are: Palladium Source: [PdCl(allyl)]2. Ligand: CN(C)c1cccc(N(C)C)c1-c1ccccc1P(c1ccccc1)C(C)(C)C. Solvent: CC(=O)N(C)C. Base: KOAc. Reaction Temperature: 90 degrees centigrade. Reaction Concentration: 0.057 M. Palladium loading: 2.25 mol%. Ligand loading: 5 mol%. Base loading: 3 eq. What is the yield (%) and cost (US dollar per mol) of this reaction?","","-1,-1","[]"
"Here is a chemical reaction. Reactants are: Cn1cnc(C#N)c1, Fc1ccccc1Br. Product is: Cn1cnc(C#N)c1-c1ccccc1F. Reaction type is Pd catalyzed C-H arylation. The reaction conditions of this reaction are: Palladium Source: [PdCl(allyl)]2. Ligand: CN(C)c1cccc(N(C)C)c1-c1ccccc1P(c1ccccc1)C(C)(C)C. Solvent: CC(=O)N(C)C. Base: KOAc. Reaction Temperature: 105 degrees centigrade. Reaction Concentration: 0.057 M. Palladium loading: 2.25 mol%. Ligand loading: 5 mol%. Base loading: 3 eq. What is the yield (%) and cost (US dollar per mol) of this reaction?","","-1,-1","[]"
"Here is a chemical reaction. Reactants are: Cn1cnc(C#N)c1, Fc1ccccc1Br. Product is: Cn1cnc(C#N)c1-c1ccccc1F. Reaction type is Pd catalyzed C-H arylation. The reaction conditions of this reaction are: Palladium Source: [PdCl(allyl)]2. Ligand: CN(C)c1cccc(N(C)C)c1-c1ccccc1P(c1ccccc1)C(C)(C)C. Solvent: CC(=O)N(C)C. Base: KOAc. Reaction Temperature: 120 degrees centigrade. Reaction Concentration: 0.057 M. Palladium loading: 2.25 mol%. Ligand loading: 5 mol%. Base loading: 3 eq. What is the yield (%) and cost (US dollar per mol) of this reaction?","","-1,-1","[]"
"Here is a chemical reaction. Reactants are: Cn1cnc(C#N)c1, Fc1ccccc1Br. Product is: Cn1cnc(C#N)c1-c1ccccc1F. Reaction type is Pd catalyzed C-H arylation. The reaction conditions of this reaction are: Palladium Source: [PdCl(allyl)]2. Ligand: CN(C)c1cccc(N(C)C)c1-c1ccccc1P(c1ccccc1)C(C)(C)C. Solvent: CC(=O)N(C)C. Base: KOAc. Reaction Temperature: 90 degrees centigrade. Reaction Concentration: 0.153 M. Palladium loading: 2.25 mol%. Ligand loading: 5 mol%. Base loading: 3 eq. What is the yield (%) and cost (US dollar per mol) of this reaction?","","-1,-1","[]"
"Here is a chemical reaction. Reactants are: Cn1cnc(C#N)c1, Fc1ccccc1Br. Product is: Cn1cnc(C#N)c1-c1ccccc1F. Reaction type is Pd catalyzed C-H arylation. The reaction conditions of this reaction are: Palladium Source: [PdCl(allyl)]2. Ligand: CN(C)c1cccc(N(C)C)c1-c1ccccc1P(c1ccccc1)C(C)(C)C. Solvent: CC(=O)N(C)C. Base: KOAc. Reaction Temperature: 105 degrees centigrade. Reaction Concentration: 0.153 M. Palladium loading: 2.25 mol%. Ligand loading: 5 mol%. Base loading: 3 eq. What is the yield (%) and cost (US dollar per mol) of this reaction?","","-1,-1","[]"
"Here is a chemical reaction. Reactants are: Cn1cnc(C#N)c1, Fc1ccccc1Br. Product is: Cn1cnc(C#N)c1-c1ccccc1F. Reaction type is Pd catalyzed C-H arylation. The reaction conditions of this reaction are: Palladium Source: [PdCl(allyl)]2. Ligand: CN(C)c1cccc(N(C)C)c1-c1ccccc1P(c1ccccc1)C(C)(C)C. Solvent: CC(=O)N(C)C. Base: KOAc. Reaction Temperature: 120 degrees centigrade. Reaction Concentration: 0.153 M. Palladium loading: 2.25 mol%. Ligand loading: 5 mol%. Base loading: 3 eq. What is the yield (%) and cost (US dollar per mol) of this reaction?","","-1,-1","[]"
"Here is a chemical reaction. Reactants are: Cn1cnc(C#N)c1, Fc1ccccc1Br. Product is: Cn1cnc(C#N)c1-c1ccccc1F. Reaction type is Pd catalyzed C-H arylation. The reaction conditions of this reaction are: Palladium Source: [PdCl(allyl)]2. Ligand: CN(C)c1cccc(N(C)C)c1-c1ccccc1P(c1ccccc1)C(C)(C)C. Solvent: CCCCOC(C)=O. Base: CsOAc. Reaction Temperature: 90 degrees centigrade. Reaction Concentration: 0.1 M. Palladium loading: 2.25 mol%. Ligand loading: 5 mol%. Base loading: 3 eq. What is the yield (%) and cost (US dollar per mol) of this reaction?","","-1,-1","[]"
"Here is a chemical reaction. Reactants are: Cn1cnc(C#N)c1, Fc1ccccc1Br. Product is: Cn1cnc(C#N)c1-c1ccccc1F. Reaction type is Pd catalyzed C-H arylation. The reaction conditions of this reaction are: Palladium Source: [PdCl(allyl)]2. Ligand: CN(C)c1cccc(N(C)C)c1-c1ccccc1P(c1ccccc1)C(C)(C)C. Solvent: CCCCOC(C)=O. Base: CsOAc. Reaction Temperature: 105 degrees centigrade. Reaction Concentration: 0.1 M. Palladium loading: 2.25 mol%. Ligand loading: 5 mol%. Base loading: 3 eq. What is the yield (%) and cost (US dollar per mol) of this reaction?","","-1,-1","[]"
"Here is a chemical reaction. Reactants are: Cn1cnc(C#N)c1, Fc1ccccc1Br. Product is: Cn1cnc(C#N)c1-c1ccccc1F. Reaction type is Pd catalyzed C-H arylation. The reaction conditions of this reaction are: Palladium Source: [PdCl(allyl)]2. Ligand: CN(C)c1cccc(N(C)C)c1-c1ccccc1P(c1ccccc1)C(C)(C)C. Solvent: CCCCOC(C)=O. Base: CsOAc. Reaction Temperature: 120 degrees centigrade. Reaction Concentration: 0.1 M. Palladium loading: 2.25 mol%. Ligand loading: 5 mol%. Base loading: 3 eq. What is the yield (%) and cost (US dollar per mol) of this reaction?","","-1,-1","[]"
"Here is a chemical reaction. Reactants are: Cn1cnc(C#N)c1, Fc1ccccc1Br. Product is: Cn1cnc(C#N)c1-c1ccccc1F. Reaction type is Pd catalyzed C-H arylation. The reaction conditions of this reaction are: Palladium Source: [PdCl(allyl)]2. Ligand: CN(C)c1cccc(N(C)C)c1-c1ccccc1P(c1ccccc1)C(C)(C)C. Solvent: CCCCOC(C)=O. Base: CsOAc. Reaction Temperature: 90 degrees centigrade. Reaction Concentration: 0.057 M. Palladium loading: 2.25 mol%. Ligand loading: 5 mol%. Base loading: 3 eq. What is the yield (%) and cost (US dollar per mol) of this reaction?","","-1,-1","[]"
"Here is a chemical reaction. Reactants are: Cn1cnc(C#N)c1, Fc1ccccc1Br. Product is: Cn1cnc(C#N)c1-c1ccccc1F. Reaction type is Pd catalyzed C-H arylation. The reaction conditions of this reaction are: Palladium Source: [PdCl(allyl)]2. Ligand: CN(C)c1cccc(N(C)C)c1-c1ccccc1P(c1ccccc1)C(C)(C)C. Solvent: CCCCOC(C)=O. Base: CsOAc. Reaction Temperature: 105 degrees centigrade. Reaction Concentration: 0.057 M. Palladium loading: 2.25 mol%. Ligand loading: 5 mol%. Base loading: 3 eq. What is the yield (%) and cost (US dollar per mol) of this reaction?","","-1,-1","[]"
"Here is a chemical reaction. Reactants are: Cn1cnc(C#N)c1, Fc1ccccc1Br. Product is: Cn1cnc(C#N)c1-c1ccccc1F. Reaction type is Pd catalyzed C-H arylation. The reaction conditions of this reaction are: Palladium Source: [PdCl(allyl)]2. Ligand: CN(C)c1cccc(N(C)C)c1-c1ccccc1P(c1ccccc1)C(C)(C)C. Solvent: CCCCOC(C)=O. Base: CsOAc. Reaction Temperature: 120 degrees centigrade. Reaction Concentration: 0.057 M. Palladium loading: 2.25 mol%. Ligand loading: 5 mol%. Base loading: 3 eq. What is the yield (%) and cost (US dollar per mol) of this reaction?","","-1,-1","[]"
"Here is a chemical reaction. Reactants are: Cn1cnc(C#N)c1, Fc1ccccc1Br. Product is: Cn1cnc(C#N)c1-c1ccccc1F. Reaction type is Pd catalyzed C-H arylation. The reaction conditions of this reaction are: Palladium Source: [PdCl(allyl)]2. Ligand: CN(C)c1cccc(N(C)C)c1-c1ccccc1P(c1ccccc1)C(C)(C)C. Solvent: CCCCOC(C)=O. Base: CsOAc. Reaction Temperature: 90 degrees centigrade. Reaction Concentration: 0.153 M. Palladium loading: 2.25 mol%. Ligand loading: 5 mol%. Base loading: 3 eq. What is the yield (%) and cost (US dollar per mol) of this reaction?","","-1,-1","[]"
"Here is a chemical reaction. Reactants are: Cn1cnc(C#N)c1, Fc1ccccc1Br. Product is: Cn1cnc(C#N)c1-c1ccccc1F. Reaction type is Pd catalyzed C-H arylation. The reaction conditions of this reaction are: Palladium Source: [PdCl(allyl)]2. Ligand: CN(C)c1cccc(N(C)C)c1-c1ccccc1P(c1ccccc1)C(C)(C)C. Solvent: CCCCOC(C)=O. Base: CsOAc. Reaction Temperature: 105 degrees centigrade. Reaction Concentration: 0.153 M. Palladium loading: 2.25 mol%. Ligand loading: 5 mol%. Base loading: 3 eq. What is the yield (%) and cost (US dollar per mol) of this reaction?","","-1,-1","[]"
"Here is a chemical reaction. Reactants are: Cn1cnc(C#N)c1, Fc1ccccc1Br. Product is: Cn1cnc(C#N)c1-c1ccccc1F. Reaction type is Pd catalyzed C-H arylation. The reaction conditions of this reaction are: Palladium Source: [PdCl(allyl)]2. Ligand: CN(C)c1cccc(N(C)C)c1-c1ccccc1P(c1ccccc1)C(C)(C)C. Solvent: CCCCOC(C)=O. Base: CsOAc. Reaction Temperature: 120 degrees centigrade. Reaction Concentration: 0.153 M. Palladium loading: 2.25 mol%. Ligand loading: 5 mol%. Base loading: 3 eq. What is the yield (%) and cost (US dollar per mol) of this reaction?","","-1,-1","[]"
"Here is a chemical reaction. Reactants are: Cn1cnc(C#N)c1, Fc1ccccc1Br. Product is: Cn1cnc(C#N)c1-c1ccccc1F. Reaction type is Pd catalyzed C-H arylation. The reaction conditions of this reaction are: Palladium Source: [PdCl(allyl)]2. Ligand: CN(C)c1cccc(N(C)C)c1-c1ccccc1P(c1ccccc1)C(C)(C)C. Solvent: CCCC#N. Base: CsOAc. Reaction Temperature: 90 degrees centigrade. Reaction Concentration: 0.1 M. Palladium loading: 2.25 mol%. Ligand loading: 5 mol%. Base loading: 3 eq. What is the yield (%) and cost (US dollar per mol) of this reaction?","","-1,-1","[]"
"Here is a chemical reaction. Reactants are: Cn1cnc(C#N)c1, Fc1ccccc1Br. Product is: Cn1cnc(C#N)c1-c1ccccc1F. Reaction type is Pd catalyzed C-H arylation. The reaction conditions of this reaction are: Palladium Source: [PdCl(allyl)]2. Ligand: CN(C)c1cccc(N(C)C)c1-c1ccccc1P(c1ccccc1)C(C)(C)C. Solvent: CCCC#N. Base: CsOAc. Reaction Temperature: 105 degrees centigrade. Reaction Concentration: 0.1 M. Palladium loading: 2.25 mol%. Ligand loading: 5 mol%. Base loading: 3 eq. What is the yield (%) and cost (US dollar per mol) of this reaction?","","-1,-1","[]"
"Here is a chemical reaction. Reactants are: Cn1cnc(C#N)c1, Fc1ccccc1Br. Product is: Cn1cnc(C#N)c1-c1ccccc1F. Reaction type is Pd catalyzed C-H arylation. The reaction conditions of this reaction are: Palladium Source: [PdCl(allyl)]2. Ligand: CN(C)c1cccc(N(C)C)c1-c1ccccc1P(c1ccccc1)C(C)(C)C. Solvent: CCCC#N. Base: CsOAc. Reaction Temperature: 120 degrees centigrade. Reaction Concentration: 0.1 M. Palladium loading: 2.25 mol%. Ligand loading: 5 mol%. Base loading: 3 eq. What is the yield (%) and cost (US dollar per mol) of this reaction?","","-1,-1","[]"
"Here is a chemical reaction. Reactants are: Cn1cnc(C#N)c1, Fc1ccccc1Br. Product is: Cn1cnc(C#N)c1-c1ccccc1F. Reaction type is Pd catalyzed C-H arylation. The reaction conditions of this reaction are: Palladium Source: [PdCl(allyl)]2. Ligand: CN(C)c1cccc(N(C)C)c1-c1ccccc1P(c1ccccc1)C(C)(C)C. Solvent: CCCC#N. Base: CsOAc. Reaction Temperature: 90 degrees centigrade. Reaction Concentration: 0.057 M. Palladium loading: 2.25 mol%. Ligand loading: 5 mol%. Base loading: 3 eq. What is the yield (%) and cost (US dollar per mol) of this reaction?","","-1,-1","[]"
"Here is a chemical reaction. Reactants are: Cn1cnc(C#N)c1, Fc1ccccc1Br. Product is: Cn1cnc(C#N)c1-c1ccccc1F. Reaction type is Pd catalyzed C-H arylation. The reaction conditions of this reaction are: Palladium Source: [PdCl(allyl)]2. Ligand: CN(C)c1cccc(N(C)C)c1-c1ccccc1P(c1ccccc1)C(C)(C)C. Solvent: CCCC#N. Base: CsOAc. Reaction Temperature: 105 degrees centigrade. Reaction Concentration: 0.057 M. Palladium loading: 2.25 mol%. Ligand loading: 5 mol%. Base loading: 3 eq. What is the yield (%) and cost (US dollar per mol) of this reaction?","","-1,-1","[]"
"Here is a chemical reaction. Reactants are: Cn1cnc(C#N)c1, Fc1ccccc1Br. Product is: Cn1cnc(C#N)c1-c1ccccc1F. Reaction type is Pd catalyzed C-H arylation. The reaction conditions of this reaction are: Palladium Source: [PdCl(allyl)]2. Ligand: CN(C)c1cccc(N(C)C)c1-c1ccccc1P(c1ccccc1)C(C)(C)C. Solvent: CCCC#N. Base: CsOAc. Reaction Temperature: 120 degrees centigrade. Reaction Concentration: 0.057 M. Palladium loading: 2.25 mol%. Ligand loading: 5 mol%. Base loading: 3 eq. What is the yield (%) and cost (US dollar per mol) of this reaction?","","-1,-1","[]"
"Here is a chemical reaction. Reactants are: Cn1cnc(C#N)c1, Fc1ccccc1Br. Product is: Cn1cnc(C#N)c1-c1ccccc1F. Reaction type is Pd catalyzed C-H arylation. The reaction conditions of this reaction are: Palladium Source: [PdCl(allyl)]2. Ligand: CN(C)c1cccc(N(C)C)c1-c1ccccc1P(c1ccccc1)C(C)(C)C. Solvent: CCCC#N. Base: CsOAc. Reaction Temperature: 90 degrees centigrade. Reaction Concentration: 0.153 M. Palladium loading: 2.25 mol%. Ligand loading: 5 mol%. Base loading: 3 eq. What is the yield (%) and cost (US dollar per mol) of this reaction?","","-1,-1","[]"
"Here is a chemical reaction. Reactants are: Cn1cnc(C#N)c1, Fc1ccccc1Br. Product is: Cn1cnc(C#N)c1-c1ccccc1F. Reaction type is Pd catalyzed C-H arylation. The reaction conditions of this reaction are: Palladium Source: [PdCl(allyl)]2. Ligand: CN(C)c1cccc(N(C)C)c1-c1ccccc1P(c1ccccc1)C(C)(C)C. Solvent: CCCC#N. Base: CsOAc. Reaction Temperature: 105 degrees centigrade. Reaction Concentration: 0.153 M. Palladium loading: 2.25 mol%. Ligand loading: 5 mol%. Base loading: 3 eq. What is the yield (%) and cost (US dollar per mol) of this reaction?","","-1,-1","[]"
"Here is a chemical reaction. Reactants are: Cn1cnc(C#N)c1, Fc1ccccc1Br. Product is: Cn1cnc(C#N)c1-c1ccccc1F. Reaction type is Pd catalyzed C-H arylation. The reaction conditions of this reaction are: Palladium Source: [PdCl(allyl)]2. Ligand: CN(C)c1cccc(N(C)C)c1-c1ccccc1P(c1ccccc1)C(C)(C)C. Solvent: CCCC#N. Base: CsOAc. Reaction Temperature: 120 degrees centigrade. Reaction Concentration: 0.153 M. Palladium loading: 2.25 mol%. Ligand loading: 5 mol%. Base loading: 3 eq. What is the yield (%) and cost (US dollar per mol) of this reaction?","","-1,-1","[]"
"Here is a chemical reaction. Reactants are: Cn1cnc(C#N)c1, Fc1ccccc1Br. Product is: Cn1cnc(C#N)c1-c1ccccc1F. Reaction type is Pd catalyzed C-H arylation. The reaction conditions of this reaction are: Palladium Source: [PdCl(allyl)]2. Ligand: CN(C)c1cccc(N(C)C)c1-c1ccccc1P(c1ccccc1)C(C)(C)C. Solvent: Cc1ccc(C)cc1. Base: CsOAc. Reaction Temperature: 90 degrees centigrade. Reaction Concentration: 0.1 M. Palladium loading: 2.25 mol%. Ligand loading: 5 mol%. Base loading: 3 eq. What is the yield (%) and cost (US dollar per mol) of this reaction?","","-1,-1","[]"
"Here is a chemical reaction. Reactants are: Cn1cnc(C#N)c1, Fc1ccccc1Br. Product is: Cn1cnc(C#N)c1-c1ccccc1F. Reaction type is Pd catalyzed C-H arylation. The reaction conditions of this reaction are: Palladium Source: [PdCl(allyl)]2. Ligand: CN(C)c1cccc(N(C)C)c1-c1ccccc1P(c1ccccc1)C(C)(C)C. Solvent: Cc1ccc(C)cc1. Base: CsOAc. Reaction Temperature: 105 degrees centigrade. Reaction Concentration: 0.1 M. Palladium loading: 2.25 mol%. Ligand loading: 5 mol%. Base loading: 3 eq. What is the yield (%) and cost (US dollar per mol) of this reaction?","","-1,-1","[]"
"Here is a chemical reaction. Reactants are: Cn1cnc(C#N)c1, Fc1ccccc1Br. Product is: Cn1cnc(C#N)c1-c1ccccc1F. Reaction type is Pd catalyzed C-H arylation. The reaction conditions of this reaction are: Palladium Source: [PdCl(allyl)]2. Ligand: CN(C)c1cccc(N(C)C)c1-c1ccccc1P(c1ccccc1)C(C)(C)C. Solvent: Cc1ccc(C)cc1. Base: CsOAc. Reaction Temperature: 120 degrees centigrade. Reaction Concentration: 0.1 M. Palladium loading: 2.25 mol%. Ligand loading: 5 mol%. Base loading: 3 eq. What is the yield (%) and cost (US dollar per mol) of this reaction?","","-1,-1","[]"
"Here is a chemical reaction. Reactants are: Cn1cnc(C#N)c1, Fc1ccccc1Br. Product is: Cn1cnc(C#N)c1-c1ccccc1F. Reaction type is Pd catalyzed C-H arylation. The reaction conditions of this reaction are: Palladium Source: [PdCl(allyl)]2. Ligand: CN(C)c1cccc(N(C)C)c1-c1ccccc1P(c1ccccc1)C(C)(C)C. Solvent: Cc1ccc(C)cc1. Base: CsOAc. Reaction Temperature: 90 degrees centigrade. Reaction Concentration: 0.057 M. Palladium loading: 2.25 mol%. Ligand loading: 5 mol%. Base loading: 3 eq. What is the yield (%) and cost (US dollar per mol) of this reaction?","","-1,-1","[]"
"Here is a chemical reaction. Reactants are: Cn1cnc(C#N)c1, Fc1ccccc1Br. Product is: Cn1cnc(C#N)c1-c1ccccc1F. Reaction type is Pd catalyzed C-H arylation. The reaction conditions of this reaction are: Palladium Source: [PdCl(allyl)]2. Ligand: CN(C)c1cccc(N(C)C)c1-c1ccccc1P(c1ccccc1)C(C)(C)C. Solvent: Cc1ccc(C)cc1. Base: CsOAc. Reaction Temperature: 105 degrees centigrade. Reaction Concentration: 0.057 M. Palladium loading: 2.25 mol%. Ligand loading: 5 mol%. Base loading: 3 eq. What is the yield (%) and cost (US dollar per mol) of this reaction?","","-1,-1","[]"
"Here is a chemical reaction. Reactants are: Cn1cnc(C#N)c1, Fc1ccccc1Br. Product is: Cn1cnc(C#N)c1-c1ccccc1F. Reaction type is Pd catalyzed C-H arylation. The reaction conditions of this reaction are: Palladium Source: [PdCl(allyl)]2. Ligand: CN(C)c1cccc(N(C)C)c1-c1ccccc1P(c1ccccc1)C(C)(C)C. Solvent: Cc1ccc(C)cc1. Base: CsOAc. Reaction Temperature: 120 degrees centigrade. Reaction Concentration: 0.057 M. Palladium loading: 2.25 mol%. Ligand loading: 5 mol%. Base loading: 3 eq. What is the yield (%) and cost (US dollar per mol) of this reaction?","","-1,-1","[]"
"Here is a chemical reaction. Reactants are: Cn1cnc(C#N)c1, Fc1ccccc1Br. Product is: Cn1cnc(C#N)c1-c1ccccc1F. Reaction type is Pd catalyzed C-H arylation. The reaction conditions of this reaction are: Palladium Source: [PdCl(allyl)]2. Ligand: CN(C)c1cccc(N(C)C)c1-c1ccccc1P(c1ccccc1)C(C)(C)C. Solvent: Cc1ccc(C)cc1. Base: CsOAc. Reaction Temperature: 90 degrees centigrade. Reaction Concentration: 0.153 M. Palladium loading: 2.25 mol%. Ligand loading: 5 mol%. Base loading: 3 eq. What is the yield (%) and cost (US dollar per mol) of this reaction?","","-1,-1","[]"
"Here is a chemical reaction. Reactants are: Cn1cnc(C#N)c1, Fc1ccccc1Br. Product is: Cn1cnc(C#N)c1-c1ccccc1F. Reaction type is Pd catalyzed C-H arylation. The reaction conditions of this reaction are: Palladium Source: [PdCl(allyl)]2. Ligand: CN(C)c1cccc(N(C)C)c1-c1ccccc1P(c1ccccc1)C(C)(C)C. Solvent: Cc1ccc(C)cc1. Base: CsOAc. Reaction Temperature: 105 degrees centigrade. Reaction Concentration: 0.153 M. Palladium loading: 2.25 mol%. Ligand loading: 5 mol%. Base loading: 3 eq. What is the yield (%) and cost (US dollar per mol) of this reaction?","","-1,-1","[]"
"Here is a chemical reaction. Reactants are: Cn1cnc(C#N)c1, Fc1ccccc1Br. Product is: Cn1cnc(C#N)c1-c1ccccc1F. Reaction type is Pd catalyzed C-H arylation. The reaction conditions of this reaction are: Palladium Source: [PdCl(allyl)]2. Ligand: CN(C)c1cccc(N(C)C)c1-c1ccccc1P(c1ccccc1)C(C)(C)C. Solvent: Cc1ccc(C)cc1. Base: CsOAc. Reaction Temperature: 120 degrees centigrade. Reaction Concentration: 0.153 M. Palladium loading: 2.25 mol%. Ligand loading: 5 mol%. Base loading: 3 eq. What is the yield (%) and cost (US dollar per mol) of this reaction?","","-1,-1","[]"
"Here is a chemical reaction. Reactants are: Cn1cnc(C#N)c1, Fc1ccccc1Br. Product is: Cn1cnc(C#N)c1-c1ccccc1F. Reaction type is Pd catalyzed C-H arylation. The reaction conditions of this reaction are: Palladium Source: [PdCl(allyl)]2. Ligand: CN(C)c1cccc(N(C)C)c1-c1ccccc1P(c1ccccc1)C(C)(C)C. Solvent: CC(=O)N(C)C. Base: CsOAc. Reaction Temperature: 90 degrees centigrade. Reaction Concentration: 0.1 M. Palladium loading: 2.25 mol%. Ligand loading: 5 mol%. Base loading: 3 eq. What is the yield (%) and cost (US dollar per mol) of this reaction?","","-1,-1","[]"
"Here is a chemical reaction. Reactants are: Cn1cnc(C#N)c1, Fc1ccccc1Br. Product is: Cn1cnc(C#N)c1-c1ccccc1F. Reaction type is Pd catalyzed C-H arylation. The reaction conditions of this reaction are: Palladium Source: [PdCl(allyl)]2. Ligand: CN(C)c1cccc(N(C)C)c1-c1ccccc1P(c1ccccc1)C(C)(C)C. Solvent: CC(=O)N(C)C. Base: CsOAc. Reaction Temperature: 105 degrees centigrade. Reaction Concentration: 0.1 M. Palladium loading: 2.25 mol%. Ligand loading: 5 mol%. Base loading: 3 eq. What is the yield (%) and cost (US dollar per mol) of this reaction?","","-1,-1","[]"
"Here is a chemical reaction. Reactants are: Cn1cnc(C#N)c1, Fc1ccccc1Br. Product is: Cn1cnc(C#N)c1-c1ccccc1F. Reaction type is Pd catalyzed C-H arylation. The reaction conditions of this reaction are: Palladium Source: [PdCl(allyl)]2. Ligand: CN(C)c1cccc(N(C)C)c1-c1ccccc1P(c1ccccc1)C(C)(C)C. Solvent: CC(=O)N(C)C. Base: CsOAc. Reaction Temperature: 120 degrees centigrade. Reaction Concentration: 0.1 M. Palladium loading: 2.25 mol%. Ligand loading: 5 mol%. Base loading: 3 eq. What is the yield (%) and cost (US dollar per mol) of this reaction?","","-1,-1","[]"
"Here is a chemical reaction. Reactants are: Cn1cnc(C#N)c1, Fc1ccccc1Br. Product is: Cn1cnc(C#N)c1-c1ccccc1F. Reaction type is Pd catalyzed C-H arylation. The reaction conditions of this reaction are: Palladium Source: [PdCl(allyl)]2. Ligand: CN(C)c1cccc(N(C)C)c1-c1ccccc1P(c1ccccc1)C(C)(C)C. Solvent: CC(=O)N(C)C. Base: CsOAc. Reaction Temperature: 90 degrees centigrade. Reaction Concentration: 0.057 M. Palladium loading: 2.25 mol%. Ligand loading: 5 mol%. Base loading: 3 eq. What is the yield (%) and cost (US dollar per mol) of this reaction?","","-1,-1","[]"
"Here is a chemical reaction. Reactants are: Cn1cnc(C#N)c1, Fc1ccccc1Br. Product is: Cn1cnc(C#N)c1-c1ccccc1F. Reaction type is Pd catalyzed C-H arylation. The reaction conditions of this reaction are: Palladium Source: [PdCl(allyl)]2. Ligand: CN(C)c1cccc(N(C)C)c1-c1ccccc1P(c1ccccc1)C(C)(C)C. Solvent: CC(=O)N(C)C. Base: CsOAc. Reaction Temperature: 105 degrees centigrade. Reaction Concentration: 0.057 M. Palladium loading: 2.25 mol%. Ligand loading: 5 mol%. Base loading: 3 eq. What is the yield (%) and cost (US dollar per mol) of this reaction?","","-1,-1","[]"
"Here is a chemical reaction. Reactants are: Cn1cnc(C#N)c1, Fc1ccccc1Br. Product is: Cn1cnc(C#N)c1-c1ccccc1F. Reaction type is Pd catalyzed C-H arylation. The reaction conditions of this reaction are: Palladium Source: [PdCl(allyl)]2. Ligand: CN(C)c1cccc(N(C)C)c1-c1ccccc1P(c1ccccc1)C(C)(C)C. Solvent: CC(=O)N(C)C. Base: CsOAc. Reaction Temperature: 120 degrees centigrade. Reaction Concentration: 0.057 M. Palladium loading: 2.25 mol%. Ligand loading: 5 mol%. Base loading: 3 eq. What is the yield (%) and cost (US dollar per mol) of this reaction?","","-1,-1","[]"
"Here is a chemical reaction. Reactants are: Cn1cnc(C#N)c1, Fc1ccccc1Br. Product is: Cn1cnc(C#N)c1-c1ccccc1F. Reaction type is Pd catalyzed C-H arylation. The reaction conditions of this reaction are: Palladium Source: [PdCl(allyl)]2. Ligand: CN(C)c1cccc(N(C)C)c1-c1ccccc1P(c1ccccc1)C(C)(C)C. Solvent: CC(=O)N(C)C. Base: CsOAc. Reaction Temperature: 90 degrees centigrade. Reaction Concentration: 0.153 M. Palladium loading: 2.25 mol%. Ligand loading: 5 mol%. Base loading: 3 eq. What is the yield (%) and cost (US dollar per mol) of this reaction?","","-1,-1","[]"
"Here is a chemical reaction. Reactants are: Cn1cnc(C#N)c1, Fc1ccccc1Br. Product is: Cn1cnc(C#N)c1-c1ccccc1F. Reaction type is Pd catalyzed C-H arylation. The reaction conditions of this reaction are: Palladium Source: [PdCl(allyl)]2. Ligand: CN(C)c1cccc(N(C)C)c1-c1ccccc1P(c1ccccc1)C(C)(C)C. Solvent: CC(=O)N(C)C. Base: CsOAc. Reaction Temperature: 105 degrees centigrade. Reaction Concentration: 0.153 M. Palladium loading: 2.25 mol%. Ligand loading: 5 mol%. Base loading: 3 eq. What is the yield (%) and cost (US dollar per mol) of this reaction?","","-1,-1","[]"
"Here is a chemical reaction. Reactants are: Cn1cnc(C#N)c1, Fc1ccccc1Br. Product is: Cn1cnc(C#N)c1-c1ccccc1F. Reaction type is Pd catalyzed C-H arylation. The reaction conditions of this reaction are: Palladium Source: [PdCl(allyl)]2. Ligand: CN(C)c1cccc(N(C)C)c1-c1ccccc1P(c1ccccc1)C(C)(C)C. Solvent: CC(=O)N(C)C. Base: CsOAc. Reaction Temperature: 120 degrees centigrade. Reaction Concentration: 0.153 M. Palladium loading: 2.25 mol%. Ligand loading: 5 mol%. Base loading: 3 eq. What is the yield (%) and cost (US dollar per mol) of this reaction?","","-1,-1","[]"
"Here is a chemical reaction. Reactants are: Cn1cnc(C#N)c1, Fc1ccccc1Br. Product is: Cn1cnc(C#N)c1-c1ccccc1F. Reaction type is Pd catalyzed C-H arylation. The reaction conditions of this reaction are: Palladium Source: [PdCl(allyl)]2. Ligand: CN(C)c1cccc(N(C)C)c1-c1ccccc1P(c1ccccc1)C(C)(C)C. Solvent: CCCCOC(C)=O. Base: KOPiv. Reaction Temperature: 90 degrees centigrade. Reaction Concentration: 0.1 M. Palladium loading: 2.25 mol%. Ligand loading: 5 mol%. Base loading: 3 eq. What is the yield (%) and cost (US dollar per mol) of this reaction?","","-1,-1","[]"
"Here is a chemical reaction. Reactants are: Cn1cnc(C#N)c1, Fc1ccccc1Br. Product is: Cn1cnc(C#N)c1-c1ccccc1F. Reaction type is Pd catalyzed C-H arylation. The reaction conditions of this reaction are: Palladium Source: [PdCl(allyl)]2. Ligand: CN(C)c1cccc(N(C)C)c1-c1ccccc1P(c1ccccc1)C(C)(C)C. Solvent: CCCCOC(C)=O. Base: KOPiv. Reaction Temperature: 105 degrees centigrade. Reaction Concentration: 0.1 M. Palladium loading: 2.25 mol%. Ligand loading: 5 mol%. Base loading: 3 eq. What is the yield (%) and cost (US dollar per mol) of this reaction?","","-1,-1","[]"
"Here is a chemical reaction. Reactants are: Cn1cnc(C#N)c1, Fc1ccccc1Br. Product is: Cn1cnc(C#N)c1-c1ccccc1F. Reaction type is Pd catalyzed C-H arylation. The reaction conditions of this reaction are: Palladium Source: [PdCl(allyl)]2. Ligand: CN(C)c1cccc(N(C)C)c1-c1ccccc1P(c1ccccc1)C(C)(C)C. Solvent: CCCCOC(C)=O. Base: KOPiv. Reaction Temperature: 120 degrees centigrade. Reaction Concentration: 0.1 M. Palladium loading: 2.25 mol%. Ligand loading: 5 mol%. Base loading: 3 eq. What is the yield (%) and cost (US dollar per mol) of this reaction?","","-1,-1","[]"
"Here is a chemical reaction. Reactants are: Cn1cnc(C#N)c1, Fc1ccccc1Br. Product is: Cn1cnc(C#N)c1-c1ccccc1F. Reaction type is Pd catalyzed C-H arylation. The reaction conditions of this reaction are: Palladium Source: [PdCl(allyl)]2. Ligand: CN(C)c1cccc(N(C)C)c1-c1ccccc1P(c1ccccc1)C(C)(C)C. Solvent: CCCCOC(C)=O. Base: KOPiv. Reaction Temperature: 90 degrees centigrade. Reaction Concentration: 0.057 M. Palladium loading: 2.25 mol%. Ligand loading: 5 mol%. Base loading: 3 eq. What is the yield (%) and cost (US dollar per mol) of this reaction?","","-1,-1","[]"
"Here is a chemical reaction. Reactants are: Cn1cnc(C#N)c1, Fc1ccccc1Br. Product is: Cn1cnc(C#N)c1-c1ccccc1F. Reaction type is Pd catalyzed C-H arylation. The reaction conditions of this reaction are: Palladium Source: [PdCl(allyl)]2. Ligand: CN(C)c1cccc(N(C)C)c1-c1ccccc1P(c1ccccc1)C(C)(C)C. Solvent: CCCCOC(C)=O. Base: KOPiv. Reaction Temperature: 105 degrees centigrade. Reaction Concentration: 0.057 M. Palladium loading: 2.25 mol%. Ligand loading: 5 mol%. Base loading: 3 eq. What is the yield (%) and cost (US dollar per mol) of this reaction?","","-1,-1","[]"
"Here is a chemical reaction. Reactants are: Cn1cnc(C#N)c1, Fc1ccccc1Br. Product is: Cn1cnc(C#N)c1-c1ccccc1F. Reaction type is Pd catalyzed C-H arylation. The reaction conditions of this reaction are: Palladium Source: [PdCl(allyl)]2. Ligand: CN(C)c1cccc(N(C)C)c1-c1ccccc1P(c1ccccc1)C(C)(C)C. Solvent: CCCCOC(C)=O. Base: KOPiv. Reaction Temperature: 120 degrees centigrade. Reaction Concentration: 0.057 M. Palladium loading: 2.25 mol%. Ligand loading: 5 mol%. Base loading: 3 eq. What is the yield (%) and cost (US dollar per mol) of this reaction?","","-1,-1","[]"
"Here is a chemical reaction. Reactants are: Cn1cnc(C#N)c1, Fc1ccccc1Br. Product is: Cn1cnc(C#N)c1-c1ccccc1F. Reaction type is Pd catalyzed C-H arylation. The reaction conditions of this reaction are: Palladium Source: [PdCl(allyl)]2. Ligand: CN(C)c1cccc(N(C)C)c1-c1ccccc1P(c1ccccc1)C(C)(C)C. Solvent: CCCCOC(C)=O. Base: KOPiv. Reaction Temperature: 90 degrees centigrade. Reaction Concentration: 0.153 M. Palladium loading: 2.25 mol%. Ligand loading: 5 mol%. Base loading: 3 eq. What is the yield (%) and cost (US dollar per mol) of this reaction?","","-1,-1","[]"
"Here is a chemical reaction. Reactants are: Cn1cnc(C#N)c1, Fc1ccccc1Br. Product is: Cn1cnc(C#N)c1-c1ccccc1F. Reaction type is Pd catalyzed C-H arylation. The reaction conditions of this reaction are: Palladium Source: [PdCl(allyl)]2. Ligand: CN(C)c1cccc(N(C)C)c1-c1ccccc1P(c1ccccc1)C(C)(C)C. Solvent: CCCCOC(C)=O. Base: KOPiv. Reaction Temperature: 105 degrees centigrade. Reaction Concentration: 0.153 M. Palladium loading: 2.25 mol%. Ligand loading: 5 mol%. Base loading: 3 eq. What is the yield (%) and cost (US dollar per mol) of this reaction?","","-1,-1","[]"
"Here is a chemical reaction. Reactants are: Cn1cnc(C#N)c1, Fc1ccccc1Br. Product is: Cn1cnc(C#N)c1-c1ccccc1F. Reaction type is Pd catalyzed C-H arylation. The reaction conditions of this reaction are: Palladium Source: [PdCl(allyl)]2. Ligand: CN(C)c1cccc(N(C)C)c1-c1ccccc1P(c1ccccc1)C(C)(C)C. Solvent: CCCCOC(C)=O. Base: KOPiv. Reaction Temperature: 120 degrees centigrade. Reaction Concentration: 0.153 M. Palladium loading: 2.25 mol%. Ligand loading: 5 mol%. Base loading: 3 eq. What is the yield (%) and cost (US dollar per mol) of this reaction?","","-1,-1","[]"
"Here is a chemical reaction. Reactants are: Cn1cnc(C#N)c1, Fc1ccccc1Br. Product is: Cn1cnc(C#N)c1-c1ccccc1F. Reaction type is Pd catalyzed C-H arylation. The reaction conditions of this reaction are: Palladium Source: [PdCl(allyl)]2. Ligand: CN(C)c1cccc(N(C)C)c1-c1ccccc1P(c1ccccc1)C(C)(C)C. Solvent: CCCC#N. Base: KOPiv. Reaction Temperature: 90 degrees centigrade. Reaction Concentration: 0.1 M. Palladium loading: 2.25 mol%. Ligand loading: 5 mol%. Base loading: 3 eq. What is the yield (%) and cost (US dollar per mol) of this reaction?","","-1,-1","[]"
"Here is a chemical reaction. Reactants are: Cn1cnc(C#N)c1, Fc1ccccc1Br. Product is: Cn1cnc(C#N)c1-c1ccccc1F. Reaction type is Pd catalyzed C-H arylation. The reaction conditions of this reaction are: Palladium Source: [PdCl(allyl)]2. Ligand: CN(C)c1cccc(N(C)C)c1-c1ccccc1P(c1ccccc1)C(C)(C)C. Solvent: CCCC#N. Base: KOPiv. Reaction Temperature: 105 degrees centigrade. Reaction Concentration: 0.1 M. Palladium loading: 2.25 mol%. Ligand loading: 5 mol%. Base loading: 3 eq. What is the yield (%) and cost (US dollar per mol) of this reaction?","","-1,-1","[]"
"Here is a chemical reaction. Reactants are: Cn1cnc(C#N)c1, Fc1ccccc1Br. Product is: Cn1cnc(C#N)c1-c1ccccc1F. Reaction type is Pd catalyzed C-H arylation. The reaction conditions of this reaction are: Palladium Source: [PdCl(allyl)]2. Ligand: CN(C)c1cccc(N(C)C)c1-c1ccccc1P(c1ccccc1)C(C)(C)C. Solvent: CCCC#N. Base: KOPiv. Reaction Temperature: 120 degrees centigrade. Reaction Concentration: 0.1 M. Palladium loading: 2.25 mol%. Ligand loading: 5 mol%. Base loading: 3 eq. What is the yield (%) and cost (US dollar per mol) of this reaction?","","-1,-1","[]"
"Here is a chemical reaction. Reactants are: Cn1cnc(C#N)c1, Fc1ccccc1Br. Product is: Cn1cnc(C#N)c1-c1ccccc1F. Reaction type is Pd catalyzed C-H arylation. The reaction conditions of this reaction are: Palladium Source: [PdCl(allyl)]2. Ligand: CN(C)c1cccc(N(C)C)c1-c1ccccc1P(c1ccccc1)C(C)(C)C. Solvent: CCCC#N. Base: KOPiv. Reaction Temperature: 90 degrees centigrade. Reaction Concentration: 0.057 M. Palladium loading: 2.25 mol%. Ligand loading: 5 mol%. Base loading: 3 eq. What is the yield (%) and cost (US dollar per mol) of this reaction?","","-1,-1","[]"
"Here is a chemical reaction. Reactants are: Cn1cnc(C#N)c1, Fc1ccccc1Br. Product is: Cn1cnc(C#N)c1-c1ccccc1F. Reaction type is Pd catalyzed C-H arylation. The reaction conditions of this reaction are: Palladium Source: [PdCl(allyl)]2. Ligand: CN(C)c1cccc(N(C)C)c1-c1ccccc1P(c1ccccc1)C(C)(C)C. Solvent: CCCC#N. Base: KOPiv. Reaction Temperature: 105 degrees centigrade. Reaction Concentration: 0.057 M. Palladium loading: 2.25 mol%. Ligand loading: 5 mol%. Base loading: 3 eq. What is the yield (%) and cost (US dollar per mol) of this reaction?","","-1,-1","[]"
"Here is a chemical reaction. Reactants are: Cn1cnc(C#N)c1, Fc1ccccc1Br. Product is: Cn1cnc(C#N)c1-c1ccccc1F. Reaction type is Pd catalyzed C-H arylation. The reaction conditions of this reaction are: Palladium Source: [PdCl(allyl)]2. Ligand: CN(C)c1cccc(N(C)C)c1-c1ccccc1P(c1ccccc1)C(C)(C)C. Solvent: CCCC#N. Base: KOPiv. Reaction Temperature: 120 degrees centigrade. Reaction Concentration: 0.057 M. Palladium loading: 2.25 mol%. Ligand loading: 5 mol%. Base loading: 3 eq. What is the yield (%) and cost (US dollar per mol) of this reaction?","","-1,-1","[]"
"Here is a chemical reaction. Reactants are: Cn1cnc(C#N)c1, Fc1ccccc1Br. Product is: Cn1cnc(C#N)c1-c1ccccc1F. Reaction type is Pd catalyzed C-H arylation. The reaction conditions of this reaction are: Palladium Source: [PdCl(allyl)]2. Ligand: CN(C)c1cccc(N(C)C)c1-c1ccccc1P(c1ccccc1)C(C)(C)C. Solvent: CCCC#N. Base: KOPiv. Reaction Temperature: 90 degrees centigrade. Reaction Concentration: 0.153 M. Palladium loading: 2.25 mol%. Ligand loading: 5 mol%. Base loading: 3 eq. What is the yield (%) and cost (US dollar per mol) of this reaction?","","-1,-1","[]"
"Here is a chemical reaction. Reactants are: Cn1cnc(C#N)c1, Fc1ccccc1Br. Product is: Cn1cnc(C#N)c1-c1ccccc1F. Reaction type is Pd catalyzed C-H arylation. The reaction conditions of this reaction are: Palladium Source: [PdCl(allyl)]2. Ligand: CN(C)c1cccc(N(C)C)c1-c1ccccc1P(c1ccccc1)C(C)(C)C. Solvent: CCCC#N. Base: KOPiv. Reaction Temperature: 105 degrees centigrade. Reaction Concentration: 0.153 M. Palladium loading: 2.25 mol%. Ligand loading: 5 mol%. Base loading: 3 eq. What is the yield (%) and cost (US dollar per mol) of this reaction?","","-1,-1","[]"
"Here is a chemical reaction. Reactants are: Cn1cnc(C#N)c1, Fc1ccccc1Br. Product is: Cn1cnc(C#N)c1-c1ccccc1F. Reaction type is Pd catalyzed C-H arylation. The reaction conditions of this reaction are: Palladium Source: [PdCl(allyl)]2. Ligand: CN(C)c1cccc(N(C)C)c1-c1ccccc1P(c1ccccc1)C(C)(C)C. Solvent: CCCC#N. Base: KOPiv. Reaction Temperature: 120 degrees centigrade. Reaction Concentration: 0.153 M. Palladium loading: 2.25 mol%. Ligand loading: 5 mol%. Base loading: 3 eq. What is the yield (%) and cost (US dollar per mol) of this reaction?","","-1,-1","[]"
"Here is a chemical reaction. Reactants are: Cn1cnc(C#N)c1, Fc1ccccc1Br. Product is: Cn1cnc(C#N)c1-c1ccccc1F. Reaction type is Pd catalyzed C-H arylation. The reaction conditions of this reaction are: Palladium Source: [PdCl(allyl)]2. Ligand: CN(C)c1cccc(N(C)C)c1-c1ccccc1P(c1ccccc1)C(C)(C)C. Solvent: Cc1ccc(C)cc1. Base: KOPiv. Reaction Temperature: 90 degrees centigrade. Reaction Concentration: 0.1 M. Palladium loading: 2.25 mol%. Ligand loading: 5 mol%. Base loading: 3 eq. What is the yield (%) and cost (US dollar per mol) of this reaction?","","-1,-1","[]"
"Here is a chemical reaction. Reactants are: Cn1cnc(C#N)c1, Fc1ccccc1Br. Product is: Cn1cnc(C#N)c1-c1ccccc1F. Reaction type is Pd catalyzed C-H arylation. The reaction conditions of this reaction are: Palladium Source: [PdCl(allyl)]2. Ligand: CN(C)c1cccc(N(C)C)c1-c1ccccc1P(c1ccccc1)C(C)(C)C. Solvent: Cc1ccc(C)cc1. Base: KOPiv. Reaction Temperature: 105 degrees centigrade. Reaction Concentration: 0.1 M. Palladium loading: 2.25 mol%. Ligand loading: 5 mol%. Base loading: 3 eq. What is the yield (%) and cost (US dollar per mol) of this reaction?","","-1,-1","[]"
"Here is a chemical reaction. Reactants are: Cn1cnc(C#N)c1, Fc1ccccc1Br. Product is: Cn1cnc(C#N)c1-c1ccccc1F. Reaction type is Pd catalyzed C-H arylation. The reaction conditions of this reaction are: Palladium Source: [PdCl(allyl)]2. Ligand: CN(C)c1cccc(N(C)C)c1-c1ccccc1P(c1ccccc1)C(C)(C)C. Solvent: Cc1ccc(C)cc1. Base: KOPiv. Reaction Temperature: 120 degrees centigrade. Reaction Concentration: 0.1 M. Palladium loading: 2.25 mol%. Ligand loading: 5 mol%. Base loading: 3 eq. What is the yield (%) and cost (US dollar per mol) of this reaction?","","-1,-1","[]"
"Here is a chemical reaction. Reactants are: Cn1cnc(C#N)c1, Fc1ccccc1Br. Product is: Cn1cnc(C#N)c1-c1ccccc1F. Reaction type is Pd catalyzed C-H arylation. The reaction conditions of this reaction are: Palladium Source: [PdCl(allyl)]2. Ligand: CN(C)c1cccc(N(C)C)c1-c1ccccc1P(c1ccccc1)C(C)(C)C. Solvent: Cc1ccc(C)cc1. Base: KOPiv. Reaction Temperature: 90 degrees centigrade. Reaction Concentration: 0.057 M. Palladium loading: 2.25 mol%. Ligand loading: 5 mol%. Base loading: 3 eq. What is the yield (%) and cost (US dollar per mol) of this reaction?","","-1,-1","[]"
"Here is a chemical reaction. Reactants are: Cn1cnc(C#N)c1, Fc1ccccc1Br. Product is: Cn1cnc(C#N)c1-c1ccccc1F. Reaction type is Pd catalyzed C-H arylation. The reaction conditions of this reaction are: Palladium Source: [PdCl(allyl)]2. Ligand: CN(C)c1cccc(N(C)C)c1-c1ccccc1P(c1ccccc1)C(C)(C)C. Solvent: Cc1ccc(C)cc1. Base: KOPiv. Reaction Temperature: 105 degrees centigrade. Reaction Concentration: 0.057 M. Palladium loading: 2.25 mol%. Ligand loading: 5 mol%. Base loading: 3 eq. What is the yield (%) and cost (US dollar per mol) of this reaction?","","-1,-1","[]"
"Here is a chemical reaction. Reactants are: Cn1cnc(C#N)c1, Fc1ccccc1Br. Product is: Cn1cnc(C#N)c1-c1ccccc1F. Reaction type is Pd catalyzed C-H arylation. The reaction conditions of this reaction are: Palladium Source: [PdCl(allyl)]2. Ligand: CN(C)c1cccc(N(C)C)c1-c1ccccc1P(c1ccccc1)C(C)(C)C. Solvent: Cc1ccc(C)cc1. Base: KOPiv. Reaction Temperature: 120 degrees centigrade. Reaction Concentration: 0.057 M. Palladium loading: 2.25 mol%. Ligand loading: 5 mol%. Base loading: 3 eq. What is the yield (%) and cost (US dollar per mol) of this reaction?","","-1,-1","[]"
"Here is a chemical reaction. Reactants are: Cn1cnc(C#N)c1, Fc1ccccc1Br. Product is: Cn1cnc(C#N)c1-c1ccccc1F. Reaction type is Pd catalyzed C-H arylation. The reaction conditions of this reaction are: Palladium Source: [PdCl(allyl)]2. Ligand: CN(C)c1cccc(N(C)C)c1-c1ccccc1P(c1ccccc1)C(C)(C)C. Solvent: Cc1ccc(C)cc1. Base: KOPiv. Reaction Temperature: 90 degrees centigrade. Reaction Concentration: 0.153 M. Palladium loading: 2.25 mol%. Ligand loading: 5 mol%. Base loading: 3 eq. What is the yield (%) and cost (US dollar per mol) of this reaction?","","-1,-1","[]"
"Here is a chemical reaction. Reactants are: Cn1cnc(C#N)c1, Fc1ccccc1Br. Product is: Cn1cnc(C#N)c1-c1ccccc1F. Reaction type is Pd catalyzed C-H arylation. The reaction conditions of this reaction are: Palladium Source: [PdCl(allyl)]2. Ligand: CN(C)c1cccc(N(C)C)c1-c1ccccc1P(c1ccccc1)C(C)(C)C. Solvent: Cc1ccc(C)cc1. Base: KOPiv. Reaction Temperature: 105 degrees centigrade. Reaction Concentration: 0.153 M. Palladium loading: 2.25 mol%. Ligand loading: 5 mol%. Base loading: 3 eq. What is the yield (%) and cost (US dollar per mol) of this reaction?","","-1,-1","[]"
"Here is a chemical reaction. Reactants are: Cn1cnc(C#N)c1, Fc1ccccc1Br. Product is: Cn1cnc(C#N)c1-c1ccccc1F. Reaction type is Pd catalyzed C-H arylation. The reaction conditions of this reaction are: Palladium Source: [PdCl(allyl)]2. Ligand: CN(C)c1cccc(N(C)C)c1-c1ccccc1P(c1ccccc1)C(C)(C)C. Solvent: Cc1ccc(C)cc1. Base: KOPiv. Reaction Temperature: 120 degrees centigrade. Reaction Concentration: 0.153 M. Palladium loading: 2.25 mol%. Ligand loading: 5 mol%. Base loading: 3 eq. What is the yield (%) and cost (US dollar per mol) of this reaction?","","-1,-1","[]"
"Here is a chemical reaction. Reactants are: Cn1cnc(C#N)c1, Fc1ccccc1Br. Product is: Cn1cnc(C#N)c1-c1ccccc1F. Reaction type is Pd catalyzed C-H arylation. The reaction conditions of this reaction are: Palladium Source: [PdCl(allyl)]2. Ligand: CN(C)c1cccc(N(C)C)c1-c1ccccc1P(c1ccccc1)C(C)(C)C. Solvent: CC(=O)N(C)C. Base: KOPiv. Reaction Temperature: 90 degrees centigrade. Reaction Concentration: 0.1 M. Palladium loading: 2.25 mol%. Ligand loading: 5 mol%. Base loading: 3 eq. What is the yield (%) and cost (US dollar per mol) of this reaction?","","-1,-1","[]"
"Here is a chemical reaction. Reactants are: Cn1cnc(C#N)c1, Fc1ccccc1Br. Product is: Cn1cnc(C#N)c1-c1ccccc1F. Reaction type is Pd catalyzed C-H arylation. The reaction conditions of this reaction are: Palladium Source: [PdCl(allyl)]2. Ligand: CN(C)c1cccc(N(C)C)c1-c1ccccc1P(c1ccccc1)C(C)(C)C. Solvent: CC(=O)N(C)C. Base: KOPiv. Reaction Temperature: 105 degrees centigrade. Reaction Concentration: 0.1 M. Palladium loading: 2.25 mol%. Ligand loading: 5 mol%. Base loading: 3 eq. What is the yield (%) and cost (US dollar per mol) of this reaction?","","-1,-1","[]"
"Here is a chemical reaction. Reactants are: Cn1cnc(C#N)c1, Fc1ccccc1Br. Product is: Cn1cnc(C#N)c1-c1ccccc1F. Reaction type is Pd catalyzed C-H arylation. The reaction conditions of this reaction are: Palladium Source: [PdCl(allyl)]2. Ligand: CN(C)c1cccc(N(C)C)c1-c1ccccc1P(c1ccccc1)C(C)(C)C. Solvent: CC(=O)N(C)C. Base: KOPiv. Reaction Temperature: 120 degrees centigrade. Reaction Concentration: 0.1 M. Palladium loading: 2.25 mol%. Ligand loading: 5 mol%. Base loading: 3 eq. What is the yield (%) and cost (US dollar per mol) of this reaction?","","-1,-1","[]"
"Here is a chemical reaction. Reactants are: Cn1cnc(C#N)c1, Fc1ccccc1Br. Product is: Cn1cnc(C#N)c1-c1ccccc1F. Reaction type is Pd catalyzed C-H arylation. The reaction conditions of this reaction are: Palladium Source: [PdCl(allyl)]2. Ligand: CN(C)c1cccc(N(C)C)c1-c1ccccc1P(c1ccccc1)C(C)(C)C. Solvent: CC(=O)N(C)C. Base: KOPiv. Reaction Temperature: 90 degrees centigrade. Reaction Concentration: 0.057 M. Palladium loading: 2.25 mol%. Ligand loading: 5 mol%. Base loading: 3 eq. What is the yield (%) and cost (US dollar per mol) of this reaction?","","-1,-1","[]"
"Here is a chemical reaction. Reactants are: Cn1cnc(C#N)c1, Fc1ccccc1Br. Product is: Cn1cnc(C#N)c1-c1ccccc1F. Reaction type is Pd catalyzed C-H arylation. The reaction conditions of this reaction are: Palladium Source: [PdCl(allyl)]2. Ligand: CN(C)c1cccc(N(C)C)c1-c1ccccc1P(c1ccccc1)C(C)(C)C. Solvent: CC(=O)N(C)C. Base: KOPiv. Reaction Temperature: 105 degrees centigrade. Reaction Concentration: 0.057 M. Palladium loading: 2.25 mol%. Ligand loading: 5 mol%. Base loading: 3 eq. What is the yield (%) and cost (US dollar per mol) of this reaction?","","-1,-1","[]"
"Here is a chemical reaction. Reactants are: Cn1cnc(C#N)c1, Fc1ccccc1Br. Product is: Cn1cnc(C#N)c1-c1ccccc1F. Reaction type is Pd catalyzed C-H arylation. The reaction conditions of this reaction are: Palladium Source: [PdCl(allyl)]2. Ligand: CN(C)c1cccc(N(C)C)c1-c1ccccc1P(c1ccccc1)C(C)(C)C. Solvent: CC(=O)N(C)C. Base: KOPiv. Reaction Temperature: 120 degrees centigrade. Reaction Concentration: 0.057 M. Palladium loading: 2.25 mol%. Ligand loading: 5 mol%. Base loading: 3 eq. What is the yield (%) and cost (US dollar per mol) of this reaction?","","-1,-1","[]"
"Here is a chemical reaction. Reactants are: Cn1cnc(C#N)c1, Fc1ccccc1Br. Product is: Cn1cnc(C#N)c1-c1ccccc1F. Reaction type is Pd catalyzed C-H arylation. The reaction conditions of this reaction are: Palladium Source: [PdCl(allyl)]2. Ligand: CN(C)c1cccc(N(C)C)c1-c1ccccc1P(c1ccccc1)C(C)(C)C. Solvent: CC(=O)N(C)C. Base: KOPiv. Reaction Temperature: 90 degrees centigrade. Reaction Concentration: 0.153 M. Palladium loading: 2.25 mol%. Ligand loading: 5 mol%. Base loading: 3 eq. What is the yield (%) and cost (US dollar per mol) of this reaction?","","-1,-1","[]"
"Here is a chemical reaction. Reactants are: Cn1cnc(C#N)c1, Fc1ccccc1Br. Product is: Cn1cnc(C#N)c1-c1ccccc1F. Reaction type is Pd catalyzed C-H arylation. The reaction conditions of this reaction are: Palladium Source: [PdCl(allyl)]2. Ligand: CN(C)c1cccc(N(C)C)c1-c1ccccc1P(c1ccccc1)C(C)(C)C. Solvent: CC(=O)N(C)C. Base: KOPiv. Reaction Temperature: 105 degrees centigrade. Reaction Concentration: 0.153 M. Palladium loading: 2.25 mol%. Ligand loading: 5 mol%. Base loading: 3 eq. What is the yield (%) and cost (US dollar per mol) of this reaction?","","-1,-1","[]"
"Here is a chemical reaction. Reactants are: Cn1cnc(C#N)c1, Fc1ccccc1Br. Product is: Cn1cnc(C#N)c1-c1ccccc1F. Reaction type is Pd catalyzed C-H arylation. The reaction conditions of this reaction are: Palladium Source: [PdCl(allyl)]2. Ligand: CN(C)c1cccc(N(C)C)c1-c1ccccc1P(c1ccccc1)C(C)(C)C. Solvent: CC(=O)N(C)C. Base: KOPiv. Reaction Temperature: 120 degrees centigrade. Reaction Concentration: 0.153 M. Palladium loading: 2.25 mol%. Ligand loading: 5 mol%. Base loading: 3 eq. What is the yield (%) and cost (US dollar per mol) of this reaction?","","-1,-1","[]"
"Here is a chemical reaction. Reactants are: Cn1cnc(C#N)c1, Fc1ccccc1Br. Product is: Cn1cnc(C#N)c1-c1ccccc1F. Reaction type is Pd catalyzed C-H arylation. The reaction conditions of this reaction are: Palladium Source: [PdCl(allyl)]2. Ligand: CN(C)c1cccc(N(C)C)c1-c1ccccc1P(c1ccccc1)C(C)(C)C. Solvent: CCCCOC(C)=O. Base: CsOPiv. Reaction Temperature: 90 degrees centigrade. Reaction Concentration: 0.1 M. Palladium loading: 2.25 mol%. Ligand loading: 5 mol%. Base loading: 3 eq. What is the yield (%) and cost (US dollar per mol) of this reaction?","","-1,-1","[]"
"Here is a chemical reaction. Reactants are: Cn1cnc(C#N)c1, Fc1ccccc1Br. Product is: Cn1cnc(C#N)c1-c1ccccc1F. Reaction type is Pd catalyzed C-H arylation. The reaction conditions of this reaction are: Palladium Source: [PdCl(allyl)]2. Ligand: CN(C)c1cccc(N(C)C)c1-c1ccccc1P(c1ccccc1)C(C)(C)C. Solvent: CCCCOC(C)=O. Base: CsOPiv. Reaction Temperature: 105 degrees centigrade. Reaction Concentration: 0.1 M. Palladium loading: 2.25 mol%. Ligand loading: 5 mol%. Base loading: 3 eq. What is the yield (%) and cost (US dollar per mol) of this reaction?","","-1,-1","[]"
"Here is a chemical reaction. Reactants are: Cn1cnc(C#N)c1, Fc1ccccc1Br. Product is: Cn1cnc(C#N)c1-c1ccccc1F. Reaction type is Pd catalyzed C-H arylation. The reaction conditions of this reaction are: Palladium Source: [PdCl(allyl)]2. Ligand: CN(C)c1cccc(N(C)C)c1-c1ccccc1P(c1ccccc1)C(C)(C)C. Solvent: CCCCOC(C)=O. Base: CsOPiv. Reaction Temperature: 120 degrees centigrade. Reaction Concentration: 0.1 M. Palladium loading: 2.25 mol%. Ligand loading: 5 mol%. Base loading: 3 eq. What is the yield (%) and cost (US dollar per mol) of this reaction?","","-1,-1","[]"
"Here is a chemical reaction. Reactants are: Cn1cnc(C#N)c1, Fc1ccccc1Br. Product is: Cn1cnc(C#N)c1-c1ccccc1F. Reaction type is Pd catalyzed C-H arylation. The reaction conditions of this reaction are: Palladium Source: [PdCl(allyl)]2. Ligand: CN(C)c1cccc(N(C)C)c1-c1ccccc1P(c1ccccc1)C(C)(C)C. Solvent: CCCCOC(C)=O. Base: CsOPiv. Reaction Temperature: 90 degrees centigrade. Reaction Concentration: 0.057 M. Palladium loading: 2.25 mol%. Ligand loading: 5 mol%. Base loading: 3 eq. What is the yield (%) and cost (US dollar per mol) of this reaction?","","-1,-1","[]"
"Here is a chemical reaction. Reactants are: Cn1cnc(C#N)c1, Fc1ccccc1Br. Product is: Cn1cnc(C#N)c1-c1ccccc1F. Reaction type is Pd catalyzed C-H arylation. The reaction conditions of this reaction are: Palladium Source: [PdCl(allyl)]2. Ligand: CN(C)c1cccc(N(C)C)c1-c1ccccc1P(c1ccccc1)C(C)(C)C. Solvent: CCCCOC(C)=O. Base: CsOPiv. Reaction Temperature: 105 degrees centigrade. Reaction Concentration: 0.057 M. Palladium loading: 2.25 mol%. Ligand loading: 5 mol%. Base loading: 3 eq. What is the yield (%) and cost (US dollar per mol) of this reaction?","","-1,-1","[]"
"Here is a chemical reaction. Reactants are: Cn1cnc(C#N)c1, Fc1ccccc1Br. Product is: Cn1cnc(C#N)c1-c1ccccc1F. Reaction type is Pd catalyzed C-H arylation. The reaction conditions of this reaction are: Palladium Source: [PdCl(allyl)]2. Ligand: CN(C)c1cccc(N(C)C)c1-c1ccccc1P(c1ccccc1)C(C)(C)C. Solvent: CCCCOC(C)=O. Base: CsOPiv. Reaction Temperature: 120 degrees centigrade. Reaction Concentration: 0.057 M. Palladium loading: 2.25 mol%. Ligand loading: 5 mol%. Base loading: 3 eq. What is the yield (%) and cost (US dollar per mol) of this reaction?","","-1,-1","[]"
"Here is a chemical reaction. Reactants are: Cn1cnc(C#N)c1, Fc1ccccc1Br. Product is: Cn1cnc(C#N)c1-c1ccccc1F. Reaction type is Pd catalyzed C-H arylation. The reaction conditions of this reaction are: Palladium Source: [PdCl(allyl)]2. Ligand: CN(C)c1cccc(N(C)C)c1-c1ccccc1P(c1ccccc1)C(C)(C)C. Solvent: CCCCOC(C)=O. Base: CsOPiv. Reaction Temperature: 90 degrees centigrade. Reaction Concentration: 0.153 M. Palladium loading: 2.25 mol%. Ligand loading: 5 mol%. Base loading: 3 eq. What is the yield (%) and cost (US dollar per mol) of this reaction?","","-1,-1","[]"
"Here is a chemical reaction. Reactants are: Cn1cnc(C#N)c1, Fc1ccccc1Br. Product is: Cn1cnc(C#N)c1-c1ccccc1F. Reaction type is Pd catalyzed C-H arylation. The reaction conditions of this reaction are: Palladium Source: [PdCl(allyl)]2. Ligand: CN(C)c1cccc(N(C)C)c1-c1ccccc1P(c1ccccc1)C(C)(C)C. Solvent: CCCCOC(C)=O. Base: CsOPiv. Reaction Temperature: 105 degrees centigrade. Reaction Concentration: 0.153 M. Palladium loading: 2.25 mol%. Ligand loading: 5 mol%. Base loading: 3 eq. What is the yield (%) and cost (US dollar per mol) of this reaction?","","-1,-1","[]"
"Here is a chemical reaction. Reactants are: Cn1cnc(C#N)c1, Fc1ccccc1Br. Product is: Cn1cnc(C#N)c1-c1ccccc1F. Reaction type is Pd catalyzed C-H arylation. The reaction conditions of this reaction are: Palladium Source: [PdCl(allyl)]2. Ligand: CN(C)c1cccc(N(C)C)c1-c1ccccc1P(c1ccccc1)C(C)(C)C. Solvent: CCCCOC(C)=O. Base: CsOPiv. Reaction Temperature: 120 degrees centigrade. Reaction Concentration: 0.153 M. Palladium loading: 2.25 mol%. Ligand loading: 5 mol%. Base loading: 3 eq. What is the yield (%) and cost (US dollar per mol) of this reaction?","","-1,-1","[]"
"Here is a chemical reaction. Reactants are: Cn1cnc(C#N)c1, Fc1ccccc1Br. Product is: Cn1cnc(C#N)c1-c1ccccc1F. Reaction type is Pd catalyzed C-H arylation. The reaction conditions of this reaction are: Palladium Source: [PdCl(allyl)]2. Ligand: CN(C)c1cccc(N(C)C)c1-c1ccccc1P(c1ccccc1)C(C)(C)C. Solvent: CCCC#N. Base: CsOPiv. Reaction Temperature: 90 degrees centigrade. Reaction Concentration: 0.1 M. Palladium loading: 2.25 mol%. Ligand loading: 5 mol%. Base loading: 3 eq. What is the yield (%) and cost (US dollar per mol) of this reaction?","","-1,-1","[]"
"Here is a chemical reaction. Reactants are: Cn1cnc(C#N)c1, Fc1ccccc1Br. Product is: Cn1cnc(C#N)c1-c1ccccc1F. Reaction type is Pd catalyzed C-H arylation. The reaction conditions of this reaction are: Palladium Source: [PdCl(allyl)]2. Ligand: CN(C)c1cccc(N(C)C)c1-c1ccccc1P(c1ccccc1)C(C)(C)C. Solvent: CCCC#N. Base: CsOPiv. Reaction Temperature: 105 degrees centigrade. Reaction Concentration: 0.1 M. Palladium loading: 2.25 mol%. Ligand loading: 5 mol%. Base loading: 3 eq. What is the yield (%) and cost (US dollar per mol) of this reaction?","","-1,-1","[]"
"Here is a chemical reaction. Reactants are: Cn1cnc(C#N)c1, Fc1ccccc1Br. Product is: Cn1cnc(C#N)c1-c1ccccc1F. Reaction type is Pd catalyzed C-H arylation. The reaction conditions of this reaction are: Palladium Source: [PdCl(allyl)]2. Ligand: CN(C)c1cccc(N(C)C)c1-c1ccccc1P(c1ccccc1)C(C)(C)C. Solvent: CCCC#N. Base: CsOPiv. Reaction Temperature: 120 degrees centigrade. Reaction Concentration: 0.1 M. Palladium loading: 2.25 mol%. Ligand loading: 5 mol%. Base loading: 3 eq. What is the yield (%) and cost (US dollar per mol) of this reaction?","","-1,-1","[]"
"Here is a chemical reaction. Reactants are: Cn1cnc(C#N)c1, Fc1ccccc1Br. Product is: Cn1cnc(C#N)c1-c1ccccc1F. Reaction type is Pd catalyzed C-H arylation. The reaction conditions of this reaction are: Palladium Source: [PdCl(allyl)]2. Ligand: CN(C)c1cccc(N(C)C)c1-c1ccccc1P(c1ccccc1)C(C)(C)C. Solvent: CCCC#N. Base: CsOPiv. Reaction Temperature: 90 degrees centigrade. Reaction Concentration: 0.057 M. Palladium loading: 2.25 mol%. Ligand loading: 5 mol%. Base loading: 3 eq. What is the yield (%) and cost (US dollar per mol) of this reaction?","","-1,-1","[]"
"Here is a chemical reaction. Reactants are: Cn1cnc(C#N)c1, Fc1ccccc1Br. Product is: Cn1cnc(C#N)c1-c1ccccc1F. Reaction type is Pd catalyzed C-H arylation. The reaction conditions of this reaction are: Palladium Source: [PdCl(allyl)]2. Ligand: CN(C)c1cccc(N(C)C)c1-c1ccccc1P(c1ccccc1)C(C)(C)C. Solvent: CCCC#N. Base: CsOPiv. Reaction Temperature: 105 degrees centigrade. Reaction Concentration: 0.057 M. Palladium loading: 2.25 mol%. Ligand loading: 5 mol%. Base loading: 3 eq. What is the yield (%) and cost (US dollar per mol) of this reaction?","","-1,-1","[]"
"Here is a chemical reaction. Reactants are: Cn1cnc(C#N)c1, Fc1ccccc1Br. Product is: Cn1cnc(C#N)c1-c1ccccc1F. Reaction type is Pd catalyzed C-H arylation. The reaction conditions of this reaction are: Palladium Source: [PdCl(allyl)]2. Ligand: CN(C)c1cccc(N(C)C)c1-c1ccccc1P(c1ccccc1)C(C)(C)C. Solvent: CCCC#N. Base: CsOPiv. Reaction Temperature: 120 degrees centigrade. Reaction Concentration: 0.057 M. Palladium loading: 2.25 mol%. Ligand loading: 5 mol%. Base loading: 3 eq. What is the yield (%) and cost (US dollar per mol) of this reaction?","","-1,-1","[]"
"Here is a chemical reaction. Reactants are: Cn1cnc(C#N)c1, Fc1ccccc1Br. Product is: Cn1cnc(C#N)c1-c1ccccc1F. Reaction type is Pd catalyzed C-H arylation. The reaction conditions of this reaction are: Palladium Source: [PdCl(allyl)]2. Ligand: CN(C)c1cccc(N(C)C)c1-c1ccccc1P(c1ccccc1)C(C)(C)C. Solvent: CCCC#N. Base: CsOPiv. Reaction Temperature: 90 degrees centigrade. Reaction Concentration: 0.153 M. Palladium loading: 2.25 mol%. Ligand loading: 5 mol%. Base loading: 3 eq. What is the yield (%) and cost (US dollar per mol) of this reaction?","","-1,-1","[]"
"Here is a chemical reaction. Reactants are: Cn1cnc(C#N)c1, Fc1ccccc1Br. Product is: Cn1cnc(C#N)c1-c1ccccc1F. Reaction type is Pd catalyzed C-H arylation. The reaction conditions of this reaction are: Palladium Source: [PdCl(allyl)]2. Ligand: CN(C)c1cccc(N(C)C)c1-c1ccccc1P(c1ccccc1)C(C)(C)C. Solvent: CCCC#N. Base: CsOPiv. Reaction Temperature: 105 degrees centigrade. Reaction Concentration: 0.153 M. Palladium loading: 2.25 mol%. Ligand loading: 5 mol%. Base loading: 3 eq. What is the yield (%) and cost (US dollar per mol) of this reaction?","","-1,-1","[]"
"Here is a chemical reaction. Reactants are: Cn1cnc(C#N)c1, Fc1ccccc1Br. Product is: Cn1cnc(C#N)c1-c1ccccc1F. Reaction type is Pd catalyzed C-H arylation. The reaction conditions of this reaction are: Palladium Source: [PdCl(allyl)]2. Ligand: CN(C)c1cccc(N(C)C)c1-c1ccccc1P(c1ccccc1)C(C)(C)C. Solvent: CCCC#N. Base: CsOPiv. Reaction Temperature: 120 degrees centigrade. Reaction Concentration: 0.153 M. Palladium loading: 2.25 mol%. Ligand loading: 5 mol%. Base loading: 3 eq. What is the yield (%) and cost (US dollar per mol) of this reaction?","","-1,-1","[]"
"Here is a chemical reaction. Reactants are: Cn1cnc(C#N)c1, Fc1ccccc1Br. Product is: Cn1cnc(C#N)c1-c1ccccc1F. Reaction type is Pd catalyzed C-H arylation. The reaction conditions of this reaction are: Palladium Source: [PdCl(allyl)]2. Ligand: CN(C)c1cccc(N(C)C)c1-c1ccccc1P(c1ccccc1)C(C)(C)C. Solvent: Cc1ccc(C)cc1. Base: CsOPiv. Reaction Temperature: 90 degrees centigrade. Reaction Concentration: 0.1 M. Palladium loading: 2.25 mol%. Ligand loading: 5 mol%. Base loading: 3 eq. What is the yield (%) and cost (US dollar per mol) of this reaction?","","-1,-1","[]"
"Here is a chemical reaction. Reactants are: Cn1cnc(C#N)c1, Fc1ccccc1Br. Product is: Cn1cnc(C#N)c1-c1ccccc1F. Reaction type is Pd catalyzed C-H arylation. The reaction conditions of this reaction are: Palladium Source: [PdCl(allyl)]2. Ligand: CN(C)c1cccc(N(C)C)c1-c1ccccc1P(c1ccccc1)C(C)(C)C. Solvent: Cc1ccc(C)cc1. Base: CsOPiv. Reaction Temperature: 105 degrees centigrade. Reaction Concentration: 0.1 M. Palladium loading: 2.25 mol%. Ligand loading: 5 mol%. Base loading: 3 eq. What is the yield (%) and cost (US dollar per mol) of this reaction?","","-1,-1","[]"
"Here is a chemical reaction. Reactants are: Cn1cnc(C#N)c1, Fc1ccccc1Br. Product is: Cn1cnc(C#N)c1-c1ccccc1F. Reaction type is Pd catalyzed C-H arylation. The reaction conditions of this reaction are: Palladium Source: [PdCl(allyl)]2. Ligand: CN(C)c1cccc(N(C)C)c1-c1ccccc1P(c1ccccc1)C(C)(C)C. Solvent: Cc1ccc(C)cc1. Base: CsOPiv. Reaction Temperature: 120 degrees centigrade. Reaction Concentration: 0.1 M. Palladium loading: 2.25 mol%. Ligand loading: 5 mol%. Base loading: 3 eq. What is the yield (%) and cost (US dollar per mol) of this reaction?","","-1,-1","[]"
"Here is a chemical reaction. Reactants are: Cn1cnc(C#N)c1, Fc1ccccc1Br. Product is: Cn1cnc(C#N)c1-c1ccccc1F. Reaction type is Pd catalyzed C-H arylation. The reaction conditions of this reaction are: Palladium Source: [PdCl(allyl)]2. Ligand: CN(C)c1cccc(N(C)C)c1-c1ccccc1P(c1ccccc1)C(C)(C)C. Solvent: Cc1ccc(C)cc1. Base: CsOPiv. Reaction Temperature: 90 degrees centigrade. Reaction Concentration: 0.057 M. Palladium loading: 2.25 mol%. Ligand loading: 5 mol%. Base loading: 3 eq. What is the yield (%) and cost (US dollar per mol) of this reaction?","","-1,-1","[]"
"Here is a chemical reaction. Reactants are: Cn1cnc(C#N)c1, Fc1ccccc1Br. Product is: Cn1cnc(C#N)c1-c1ccccc1F. Reaction type is Pd catalyzed C-H arylation. The reaction conditions of this reaction are: Palladium Source: [PdCl(allyl)]2. Ligand: CN(C)c1cccc(N(C)C)c1-c1ccccc1P(c1ccccc1)C(C)(C)C. Solvent: Cc1ccc(C)cc1. Base: CsOPiv. Reaction Temperature: 105 degrees centigrade. Reaction Concentration: 0.057 M. Palladium loading: 2.25 mol%. Ligand loading: 5 mol%. Base loading: 3 eq. What is the yield (%) and cost (US dollar per mol) of this reaction?","","-1,-1","[]"
"Here is a chemical reaction. Reactants are: Cn1cnc(C#N)c1, Fc1ccccc1Br. Product is: Cn1cnc(C#N)c1-c1ccccc1F. Reaction type is Pd catalyzed C-H arylation. The reaction conditions of this reaction are: Palladium Source: [PdCl(allyl)]2. Ligand: CN(C)c1cccc(N(C)C)c1-c1ccccc1P(c1ccccc1)C(C)(C)C. Solvent: Cc1ccc(C)cc1. Base: CsOPiv. Reaction Temperature: 120 degrees centigrade. Reaction Concentration: 0.057 M. Palladium loading: 2.25 mol%. Ligand loading: 5 mol%. Base loading: 3 eq. What is the yield (%) and cost (US dollar per mol) of this reaction?","","-1,-1","[]"
"Here is a chemical reaction. Reactants are: Cn1cnc(C#N)c1, Fc1ccccc1Br. Product is: Cn1cnc(C#N)c1-c1ccccc1F. Reaction type is Pd catalyzed C-H arylation. The reaction conditions of this reaction are: Palladium Source: [PdCl(allyl)]2. Ligand: CN(C)c1cccc(N(C)C)c1-c1ccccc1P(c1ccccc1)C(C)(C)C. Solvent: Cc1ccc(C)cc1. Base: CsOPiv. Reaction Temperature: 90 degrees centigrade. Reaction Concentration: 0.153 M. Palladium loading: 2.25 mol%. Ligand loading: 5 mol%. Base loading: 3 eq. What is the yield (%) and cost (US dollar per mol) of this reaction?","","-1,-1","[]"
"Here is a chemical reaction. Reactants are: Cn1cnc(C#N)c1, Fc1ccccc1Br. Product is: Cn1cnc(C#N)c1-c1ccccc1F. Reaction type is Pd catalyzed C-H arylation. The reaction conditions of this reaction are: Palladium Source: [PdCl(allyl)]2. Ligand: CN(C)c1cccc(N(C)C)c1-c1ccccc1P(c1ccccc1)C(C)(C)C. Solvent: Cc1ccc(C)cc1. Base: CsOPiv. Reaction Temperature: 105 degrees centigrade. Reaction Concentration: 0.153 M. Palladium loading: 2.25 mol%. Ligand loading: 5 mol%. Base loading: 3 eq. What is the yield (%) and cost (US dollar per mol) of this reaction?","","-1,-1","[]"
"Here is a chemical reaction. Reactants are: Cn1cnc(C#N)c1, Fc1ccccc1Br. Product is: Cn1cnc(C#N)c1-c1ccccc1F. Reaction type is Pd catalyzed C-H arylation. The reaction conditions of this reaction are: Palladium Source: [PdCl(allyl)]2. Ligand: CN(C)c1cccc(N(C)C)c1-c1ccccc1P(c1ccccc1)C(C)(C)C. Solvent: Cc1ccc(C)cc1. Base: CsOPiv. Reaction Temperature: 120 degrees centigrade. Reaction Concentration: 0.153 M. Palladium loading: 2.25 mol%. Ligand loading: 5 mol%. Base loading: 3 eq. What is the yield (%) and cost (US dollar per mol) of this reaction?","","-1,-1","[]"
"Here is a chemical reaction. Reactants are: Cn1cnc(C#N)c1, Fc1ccccc1Br. Product is: Cn1cnc(C#N)c1-c1ccccc1F. Reaction type is Pd catalyzed C-H arylation. The reaction conditions of this reaction are: Palladium Source: [PdCl(allyl)]2. Ligand: CN(C)c1cccc(N(C)C)c1-c1ccccc1P(c1ccccc1)C(C)(C)C. Solvent: CC(=O)N(C)C. Base: CsOPiv. Reaction Temperature: 90 degrees centigrade. Reaction Concentration: 0.1 M. Palladium loading: 2.25 mol%. Ligand loading: 5 mol%. Base loading: 3 eq. What is the yield (%) and cost (US dollar per mol) of this reaction?","","-1,-1","[]"
"Here is a chemical reaction. Reactants are: Cn1cnc(C#N)c1, Fc1ccccc1Br. Product is: Cn1cnc(C#N)c1-c1ccccc1F. Reaction type is Pd catalyzed C-H arylation. The reaction conditions of this reaction are: Palladium Source: [PdCl(allyl)]2. Ligand: CN(C)c1cccc(N(C)C)c1-c1ccccc1P(c1ccccc1)C(C)(C)C. Solvent: CC(=O)N(C)C. Base: CsOPiv. Reaction Temperature: 105 degrees centigrade. Reaction Concentration: 0.1 M. Palladium loading: 2.25 mol%. Ligand loading: 5 mol%. Base loading: 3 eq. What is the yield (%) and cost (US dollar per mol) of this reaction?","","-1,-1","[]"
"Here is a chemical reaction. Reactants are: Cn1cnc(C#N)c1, Fc1ccccc1Br. Product is: Cn1cnc(C#N)c1-c1ccccc1F. Reaction type is Pd catalyzed C-H arylation. The reaction conditions of this reaction are: Palladium Source: [PdCl(allyl)]2. Ligand: CN(C)c1cccc(N(C)C)c1-c1ccccc1P(c1ccccc1)C(C)(C)C. Solvent: CC(=O)N(C)C. Base: CsOPiv. Reaction Temperature: 120 degrees centigrade. Reaction Concentration: 0.1 M. Palladium loading: 2.25 mol%. Ligand loading: 5 mol%. Base loading: 3 eq. What is the yield (%) and cost (US dollar per mol) of this reaction?","","-1,-1","[]"
"Here is a chemical reaction. Reactants are: Cn1cnc(C#N)c1, Fc1ccccc1Br. Product is: Cn1cnc(C#N)c1-c1ccccc1F. Reaction type is Pd catalyzed C-H arylation. The reaction conditions of this reaction are: Palladium Source: [PdCl(allyl)]2. Ligand: CN(C)c1cccc(N(C)C)c1-c1ccccc1P(c1ccccc1)C(C)(C)C. Solvent: CC(=O)N(C)C. Base: CsOPiv. Reaction Temperature: 90 degrees centigrade. Reaction Concentration: 0.057 M. Palladium loading: 2.25 mol%. Ligand loading: 5 mol%. Base loading: 3 eq. What is the yield (%) and cost (US dollar per mol) of this reaction?","","-1,-1","[]"
"Here is a chemical reaction. Reactants are: Cn1cnc(C#N)c1, Fc1ccccc1Br. Product is: Cn1cnc(C#N)c1-c1ccccc1F. Reaction type is Pd catalyzed C-H arylation. The reaction conditions of this reaction are: Palladium Source: [PdCl(allyl)]2. Ligand: CN(C)c1cccc(N(C)C)c1-c1ccccc1P(c1ccccc1)C(C)(C)C. Solvent: CC(=O)N(C)C. Base: CsOPiv. Reaction Temperature: 105 degrees centigrade. Reaction Concentration: 0.057 M. Palladium loading: 2.25 mol%. Ligand loading: 5 mol%. Base loading: 3 eq. What is the yield (%) and cost (US dollar per mol) of this reaction?","","-1,-1","[]"
"Here is a chemical reaction. Reactants are: Cn1cnc(C#N)c1, Fc1ccccc1Br. Product is: Cn1cnc(C#N)c1-c1ccccc1F. Reaction type is Pd catalyzed C-H arylation. The reaction conditions of this reaction are: Palladium Source: [PdCl(allyl)]2. Ligand: CN(C)c1cccc(N(C)C)c1-c1ccccc1P(c1ccccc1)C(C)(C)C. Solvent: CC(=O)N(C)C. Base: CsOPiv. Reaction Temperature: 120 degrees centigrade. Reaction Concentration: 0.057 M. Palladium loading: 2.25 mol%. Ligand loading: 5 mol%. Base loading: 3 eq. What is the yield (%) and cost (US dollar per mol) of this reaction?","","-1,-1","[]"
"Here is a chemical reaction. Reactants are: Cn1cnc(C#N)c1, Fc1ccccc1Br. Product is: Cn1cnc(C#N)c1-c1ccccc1F. Reaction type is Pd catalyzed C-H arylation. The reaction conditions of this reaction are: Palladium Source: [PdCl(allyl)]2. Ligand: CN(C)c1cccc(N(C)C)c1-c1ccccc1P(c1ccccc1)C(C)(C)C. Solvent: CC(=O)N(C)C. Base: CsOPiv. Reaction Temperature: 90 degrees centigrade. Reaction Concentration: 0.153 M. Palladium loading: 2.25 mol%. Ligand loading: 5 mol%. Base loading: 3 eq. What is the yield (%) and cost (US dollar per mol) of this reaction?","","-1,-1","[]"
"Here is a chemical reaction. Reactants are: Cn1cnc(C#N)c1, Fc1ccccc1Br. Product is: Cn1cnc(C#N)c1-c1ccccc1F. Reaction type is Pd catalyzed C-H arylation. The reaction conditions of this reaction are: Palladium Source: [PdCl(allyl)]2. Ligand: CN(C)c1cccc(N(C)C)c1-c1ccccc1P(c1ccccc1)C(C)(C)C. Solvent: CC(=O)N(C)C. Base: CsOPiv. Reaction Temperature: 105 degrees centigrade. Reaction Concentration: 0.153 M. Palladium loading: 2.25 mol%. Ligand loading: 5 mol%. Base loading: 3 eq. What is the yield (%) and cost (US dollar per mol) of this reaction?","","-1,-1","[]"
"Here is a chemical reaction. Reactants are: Cn1cnc(C#N)c1, Fc1ccccc1Br. Product is: Cn1cnc(C#N)c1-c1ccccc1F. Reaction type is Pd catalyzed C-H arylation. The reaction conditions of this reaction are: Palladium Source: [PdCl(allyl)]2. Ligand: CN(C)c1cccc(N(C)C)c1-c1ccccc1P(c1ccccc1)C(C)(C)C. Solvent: CC(=O)N(C)C. Base: CsOPiv. Reaction Temperature: 120 degrees centigrade. Reaction Concentration: 0.153 M. Palladium loading: 2.25 mol%. Ligand loading: 5 mol%. Base loading: 3 eq. What is the yield (%) and cost (US dollar per mol) of this reaction?","","-1,-1","[]"
"Here is a chemical reaction. Reactants are: Cn1cnc(C#N)c1, Fc1ccccc1Br. Product is: Cn1cnc(C#N)c1-c1ccccc1F. Reaction type is Pd catalyzed C-H arylation. The reaction conditions of this reaction are: Palladium Source: [PdCl(allyl)]2. Ligand: C1CCC(P(C2CCCCC2)C2CCCCC2)CC1. Solvent: CCCCOC(C)=O. Base: KOAc. Reaction Temperature: 90 degrees centigrade. Reaction Concentration: 0.1 M. Palladium loading: 2.25 mol%. Ligand loading: 5 mol%. Base loading: 3 eq. What is the yield (%) and cost (US dollar per mol) of this reaction?","","-1,-1","[]"
"Here is a chemical reaction. Reactants are: Cn1cnc(C#N)c1, Fc1ccccc1Br. Product is: Cn1cnc(C#N)c1-c1ccccc1F. Reaction type is Pd catalyzed C-H arylation. The reaction conditions of this reaction are: Palladium Source: [PdCl(allyl)]2. Ligand: C1CCC(P(C2CCCCC2)C2CCCCC2)CC1. Solvent: CCCCOC(C)=O. Base: KOAc. Reaction Temperature: 105 degrees centigrade. Reaction Concentration: 0.1 M. Palladium loading: 2.25 mol%. Ligand loading: 5 mol%. Base loading: 3 eq. What is the yield (%) and cost (US dollar per mol) of this reaction?","","-1,-1","[]"
"Here is a chemical reaction. Reactants are: Cn1cnc(C#N)c1, Fc1ccccc1Br. Product is: Cn1cnc(C#N)c1-c1ccccc1F. Reaction type is Pd catalyzed C-H arylation. The reaction conditions of this reaction are: Palladium Source: [PdCl(allyl)]2. Ligand: C1CCC(P(C2CCCCC2)C2CCCCC2)CC1. Solvent: CCCCOC(C)=O. Base: KOAc. Reaction Temperature: 120 degrees centigrade. Reaction Concentration: 0.1 M. Palladium loading: 2.25 mol%. Ligand loading: 5 mol%. Base loading: 3 eq. What is the yield (%) and cost (US dollar per mol) of this reaction?","","-1,-1","[]"
"Here is a chemical reaction. Reactants are: Cn1cnc(C#N)c1, Fc1ccccc1Br. Product is: Cn1cnc(C#N)c1-c1ccccc1F. Reaction type is Pd catalyzed C-H arylation. The reaction conditions of this reaction are: Palladium Source: [PdCl(allyl)]2. Ligand: C1CCC(P(C2CCCCC2)C2CCCCC2)CC1. Solvent: CCCCOC(C)=O. Base: KOAc. Reaction Temperature: 90 degrees centigrade. Reaction Concentration: 0.057 M. Palladium loading: 2.25 mol%. Ligand loading: 5 mol%. Base loading: 3 eq. What is the yield (%) and cost (US dollar per mol) of this reaction?","","-1,-1","[]"
"Here is a chemical reaction. Reactants are: Cn1cnc(C#N)c1, Fc1ccccc1Br. Product is: Cn1cnc(C#N)c1-c1ccccc1F. Reaction type is Pd catalyzed C-H arylation. The reaction conditions of this reaction are: Palladium Source: [PdCl(allyl)]2. Ligand: C1CCC(P(C2CCCCC2)C2CCCCC2)CC1. Solvent: CCCCOC(C)=O. Base: KOAc. Reaction Temperature: 105 degrees centigrade. Reaction Concentration: 0.057 M. Palladium loading: 2.25 mol%. Ligand loading: 5 mol%. Base loading: 3 eq. What is the yield (%) and cost (US dollar per mol) of this reaction?","","-1,-1","[]"
"Here is a chemical reaction. Reactants are: Cn1cnc(C#N)c1, Fc1ccccc1Br. Product is: Cn1cnc(C#N)c1-c1ccccc1F. Reaction type is Pd catalyzed C-H arylation. The reaction conditions of this reaction are: Palladium Source: [PdCl(allyl)]2. Ligand: C1CCC(P(C2CCCCC2)C2CCCCC2)CC1. Solvent: CCCCOC(C)=O. Base: KOAc. Reaction Temperature: 120 degrees centigrade. Reaction Concentration: 0.057 M. Palladium loading: 2.25 mol%. Ligand loading: 5 mol%. Base loading: 3 eq. What is the yield (%) and cost (US dollar per mol) of this reaction?","","-1,-1","[]"
"Here is a chemical reaction. Reactants are: Cn1cnc(C#N)c1, Fc1ccccc1Br. Product is: Cn1cnc(C#N)c1-c1ccccc1F. Reaction type is Pd catalyzed C-H arylation. The reaction conditions of this reaction are: Palladium Source: [PdCl(allyl)]2. Ligand: C1CCC(P(C2CCCCC2)C2CCCCC2)CC1. Solvent: CCCCOC(C)=O. Base: KOAc. Reaction Temperature: 90 degrees centigrade. Reaction Concentration: 0.153 M. Palladium loading: 2.25 mol%. Ligand loading: 5 mol%. Base loading: 3 eq. What is the yield (%) and cost (US dollar per mol) of this reaction?","","-1,-1","[]"
"Here is a chemical reaction. Reactants are: Cn1cnc(C#N)c1, Fc1ccccc1Br. Product is: Cn1cnc(C#N)c1-c1ccccc1F. Reaction type is Pd catalyzed C-H arylation. The reaction conditions of this reaction are: Palladium Source: [PdCl(allyl)]2. Ligand: C1CCC(P(C2CCCCC2)C2CCCCC2)CC1. Solvent: CCCCOC(C)=O. Base: KOAc. Reaction Temperature: 105 degrees centigrade. Reaction Concentration: 0.153 M. Palladium loading: 2.25 mol%. Ligand loading: 5 mol%. Base loading: 3 eq. What is the yield (%) and cost (US dollar per mol) of this reaction?","","-1,-1","[]"
"Here is a chemical reaction. Reactants are: Cn1cnc(C#N)c1, Fc1ccccc1Br. Product is: Cn1cnc(C#N)c1-c1ccccc1F. Reaction type is Pd catalyzed C-H arylation. The reaction conditions of this reaction are: Palladium Source: [PdCl(allyl)]2. Ligand: C1CCC(P(C2CCCCC2)C2CCCCC2)CC1. Solvent: CCCCOC(C)=O. Base: KOAc. Reaction Temperature: 120 degrees centigrade. Reaction Concentration: 0.153 M. Palladium loading: 2.25 mol%. Ligand loading: 5 mol%. Base loading: 3 eq. What is the yield (%) and cost (US dollar per mol) of this reaction?","","-1,-1","[]"
"Here is a chemical reaction. Reactants are: Cn1cnc(C#N)c1, Fc1ccccc1Br. Product is: Cn1cnc(C#N)c1-c1ccccc1F. Reaction type is Pd catalyzed C-H arylation. The reaction conditions of this reaction are: Palladium Source: [PdCl(allyl)]2. Ligand: C1CCC(P(C2CCCCC2)C2CCCCC2)CC1. Solvent: CCCC#N. Base: KOAc. Reaction Temperature: 90 degrees centigrade. Reaction Concentration: 0.1 M. Palladium loading: 2.25 mol%. Ligand loading: 5 mol%. Base loading: 3 eq. What is the yield (%) and cost (US dollar per mol) of this reaction?","","-1,-1","[]"
"Here is a chemical reaction. Reactants are: Cn1cnc(C#N)c1, Fc1ccccc1Br. Product is: Cn1cnc(C#N)c1-c1ccccc1F. Reaction type is Pd catalyzed C-H arylation. The reaction conditions of this reaction are: Palladium Source: [PdCl(allyl)]2. Ligand: C1CCC(P(C2CCCCC2)C2CCCCC2)CC1. Solvent: CCCC#N. Base: KOAc. Reaction Temperature: 105 degrees centigrade. Reaction Concentration: 0.1 M. Palladium loading: 2.25 mol%. Ligand loading: 5 mol%. Base loading: 3 eq. What is the yield (%) and cost (US dollar per mol) of this reaction?","","-1,-1","[]"
"Here is a chemical reaction. Reactants are: Cn1cnc(C#N)c1, Fc1ccccc1Br. Product is: Cn1cnc(C#N)c1-c1ccccc1F. Reaction type is Pd catalyzed C-H arylation. The reaction conditions of this reaction are: Palladium Source: [PdCl(allyl)]2. Ligand: C1CCC(P(C2CCCCC2)C2CCCCC2)CC1. Solvent: CCCC#N. Base: KOAc. Reaction Temperature: 120 degrees centigrade. Reaction Concentration: 0.1 M. Palladium loading: 2.25 mol%. Ligand loading: 5 mol%. Base loading: 3 eq. What is the yield (%) and cost (US dollar per mol) of this reaction?","","-1,-1","[]"
"Here is a chemical reaction. Reactants are: Cn1cnc(C#N)c1, Fc1ccccc1Br. Product is: Cn1cnc(C#N)c1-c1ccccc1F. Reaction type is Pd catalyzed C-H arylation. The reaction conditions of this reaction are: Palladium Source: [PdCl(allyl)]2. Ligand: C1CCC(P(C2CCCCC2)C2CCCCC2)CC1. Solvent: CCCC#N. Base: KOAc. Reaction Temperature: 90 degrees centigrade. Reaction Concentration: 0.057 M. Palladium loading: 2.25 mol%. Ligand loading: 5 mol%. Base loading: 3 eq. What is the yield (%) and cost (US dollar per mol) of this reaction?","","-1,-1","[]"
"Here is a chemical reaction. Reactants are: Cn1cnc(C#N)c1, Fc1ccccc1Br. Product is: Cn1cnc(C#N)c1-c1ccccc1F. Reaction type is Pd catalyzed C-H arylation. The reaction conditions of this reaction are: Palladium Source: [PdCl(allyl)]2. Ligand: C1CCC(P(C2CCCCC2)C2CCCCC2)CC1. Solvent: CCCC#N. Base: KOAc. Reaction Temperature: 105 degrees centigrade. Reaction Concentration: 0.057 M. Palladium loading: 2.25 mol%. Ligand loading: 5 mol%. Base loading: 3 eq. What is the yield (%) and cost (US dollar per mol) of this reaction?","","-1,-1","[]"
"Here is a chemical reaction. Reactants are: Cn1cnc(C#N)c1, Fc1ccccc1Br. Product is: Cn1cnc(C#N)c1-c1ccccc1F. Reaction type is Pd catalyzed C-H arylation. The reaction conditions of this reaction are: Palladium Source: [PdCl(allyl)]2. Ligand: C1CCC(P(C2CCCCC2)C2CCCCC2)CC1. Solvent: CCCC#N. Base: KOAc. Reaction Temperature: 120 degrees centigrade. Reaction Concentration: 0.057 M. Palladium loading: 2.25 mol%. Ligand loading: 5 mol%. Base loading: 3 eq. What is the yield (%) and cost (US dollar per mol) of this reaction?","","-1,-1","[]"
"Here is a chemical reaction. Reactants are: Cn1cnc(C#N)c1, Fc1ccccc1Br. Product is: Cn1cnc(C#N)c1-c1ccccc1F. Reaction type is Pd catalyzed C-H arylation. The reaction conditions of this reaction are: Palladium Source: [PdCl(allyl)]2. Ligand: C1CCC(P(C2CCCCC2)C2CCCCC2)CC1. Solvent: CCCC#N. Base: KOAc. Reaction Temperature: 90 degrees centigrade. Reaction Concentration: 0.153 M. Palladium loading: 2.25 mol%. Ligand loading: 5 mol%. Base loading: 3 eq. What is the yield (%) and cost (US dollar per mol) of this reaction?","","-1,-1","[]"
"Here is a chemical reaction. Reactants are: Cn1cnc(C#N)c1, Fc1ccccc1Br. Product is: Cn1cnc(C#N)c1-c1ccccc1F. Reaction type is Pd catalyzed C-H arylation. The reaction conditions of this reaction are: Palladium Source: [PdCl(allyl)]2. Ligand: C1CCC(P(C2CCCCC2)C2CCCCC2)CC1. Solvent: CCCC#N. Base: KOAc. Reaction Temperature: 105 degrees centigrade. Reaction Concentration: 0.153 M. Palladium loading: 2.25 mol%. Ligand loading: 5 mol%. Base loading: 3 eq. What is the yield (%) and cost (US dollar per mol) of this reaction?","","-1,-1","[]"
"Here is a chemical reaction. Reactants are: Cn1cnc(C#N)c1, Fc1ccccc1Br. Product is: Cn1cnc(C#N)c1-c1ccccc1F. Reaction type is Pd catalyzed C-H arylation. The reaction conditions of this reaction are: Palladium Source: [PdCl(allyl)]2. Ligand: C1CCC(P(C2CCCCC2)C2CCCCC2)CC1. Solvent: CCCC#N. Base: KOAc. Reaction Temperature: 120 degrees centigrade. Reaction Concentration: 0.153 M. Palladium loading: 2.25 mol%. Ligand loading: 5 mol%. Base loading: 3 eq. What is the yield (%) and cost (US dollar per mol) of this reaction?","","-1,-1","[]"
"Here is a chemical reaction. Reactants are: Cn1cnc(C#N)c1, Fc1ccccc1Br. Product is: Cn1cnc(C#N)c1-c1ccccc1F. Reaction type is Pd catalyzed C-H arylation. The reaction conditions of this reaction are: Palladium Source: [PdCl(allyl)]2. Ligand: C1CCC(P(C2CCCCC2)C2CCCCC2)CC1. Solvent: Cc1ccc(C)cc1. Base: KOAc. Reaction Temperature: 90 degrees centigrade. Reaction Concentration: 0.1 M. Palladium loading: 2.25 mol%. Ligand loading: 5 mol%. Base loading: 3 eq. What is the yield (%) and cost (US dollar per mol) of this reaction?","","-1,-1","[]"
"Here is a chemical reaction. Reactants are: Cn1cnc(C#N)c1, Fc1ccccc1Br. Product is: Cn1cnc(C#N)c1-c1ccccc1F. Reaction type is Pd catalyzed C-H arylation. The reaction conditions of this reaction are: Palladium Source: [PdCl(allyl)]2. Ligand: C1CCC(P(C2CCCCC2)C2CCCCC2)CC1. Solvent: Cc1ccc(C)cc1. Base: KOAc. Reaction Temperature: 105 degrees centigrade. Reaction Concentration: 0.1 M. Palladium loading: 2.25 mol%. Ligand loading: 5 mol%. Base loading: 3 eq. What is the yield (%) and cost (US dollar per mol) of this reaction?","","-1,-1","[]"
"Here is a chemical reaction. Reactants are: Cn1cnc(C#N)c1, Fc1ccccc1Br. Product is: Cn1cnc(C#N)c1-c1ccccc1F. Reaction type is Pd catalyzed C-H arylation. The reaction conditions of this reaction are: Palladium Source: [PdCl(allyl)]2. Ligand: C1CCC(P(C2CCCCC2)C2CCCCC2)CC1. Solvent: Cc1ccc(C)cc1. Base: KOAc. Reaction Temperature: 120 degrees centigrade. Reaction Concentration: 0.1 M. Palladium loading: 2.25 mol%. Ligand loading: 5 mol%. Base loading: 3 eq. What is the yield (%) and cost (US dollar per mol) of this reaction?","","-1,-1","[]"
"Here is a chemical reaction. Reactants are: Cn1cnc(C#N)c1, Fc1ccccc1Br. Product is: Cn1cnc(C#N)c1-c1ccccc1F. Reaction type is Pd catalyzed C-H arylation. The reaction conditions of this reaction are: Palladium Source: [PdCl(allyl)]2. Ligand: C1CCC(P(C2CCCCC2)C2CCCCC2)CC1. Solvent: Cc1ccc(C)cc1. Base: KOAc. Reaction Temperature: 90 degrees centigrade. Reaction Concentration: 0.057 M. Palladium loading: 2.25 mol%. Ligand loading: 5 mol%. Base loading: 3 eq. What is the yield (%) and cost (US dollar per mol) of this reaction?","","-1,-1","[]"
"Here is a chemical reaction. Reactants are: Cn1cnc(C#N)c1, Fc1ccccc1Br. Product is: Cn1cnc(C#N)c1-c1ccccc1F. Reaction type is Pd catalyzed C-H arylation. The reaction conditions of this reaction are: Palladium Source: [PdCl(allyl)]2. Ligand: C1CCC(P(C2CCCCC2)C2CCCCC2)CC1. Solvent: Cc1ccc(C)cc1. Base: KOAc. Reaction Temperature: 105 degrees centigrade. Reaction Concentration: 0.057 M. Palladium loading: 2.25 mol%. Ligand loading: 5 mol%. Base loading: 3 eq. What is the yield (%) and cost (US dollar per mol) of this reaction?","","-1,-1","[]"
"Here is a chemical reaction. Reactants are: Cn1cnc(C#N)c1, Fc1ccccc1Br. Product is: Cn1cnc(C#N)c1-c1ccccc1F. Reaction type is Pd catalyzed C-H arylation. The reaction conditions of this reaction are: Palladium Source: [PdCl(allyl)]2. Ligand: C1CCC(P(C2CCCCC2)C2CCCCC2)CC1. Solvent: Cc1ccc(C)cc1. Base: KOAc. Reaction Temperature: 120 degrees centigrade. Reaction Concentration: 0.057 M. Palladium loading: 2.25 mol%. Ligand loading: 5 mol%. Base loading: 3 eq. What is the yield (%) and cost (US dollar per mol) of this reaction?","","-1,-1","[]"
"Here is a chemical reaction. Reactants are: Cn1cnc(C#N)c1, Fc1ccccc1Br. Product is: Cn1cnc(C#N)c1-c1ccccc1F. Reaction type is Pd catalyzed C-H arylation. The reaction conditions of this reaction are: Palladium Source: [PdCl(allyl)]2. Ligand: C1CCC(P(C2CCCCC2)C2CCCCC2)CC1. Solvent: Cc1ccc(C)cc1. Base: KOAc. Reaction Temperature: 90 degrees centigrade. Reaction Concentration: 0.153 M. Palladium loading: 2.25 mol%. Ligand loading: 5 mol%. Base loading: 3 eq. What is the yield (%) and cost (US dollar per mol) of this reaction?","","-1,-1","[]"
"Here is a chemical reaction. Reactants are: Cn1cnc(C#N)c1, Fc1ccccc1Br. Product is: Cn1cnc(C#N)c1-c1ccccc1F. Reaction type is Pd catalyzed C-H arylation. The reaction conditions of this reaction are: Palladium Source: [PdCl(allyl)]2. Ligand: C1CCC(P(C2CCCCC2)C2CCCCC2)CC1. Solvent: Cc1ccc(C)cc1. Base: KOAc. Reaction Temperature: 105 degrees centigrade. Reaction Concentration: 0.153 M. Palladium loading: 2.25 mol%. Ligand loading: 5 mol%. Base loading: 3 eq. What is the yield (%) and cost (US dollar per mol) of this reaction?","","-1,-1","[]"
"Here is a chemical reaction. Reactants are: Cn1cnc(C#N)c1, Fc1ccccc1Br. Product is: Cn1cnc(C#N)c1-c1ccccc1F. Reaction type is Pd catalyzed C-H arylation. The reaction conditions of this reaction are: Palladium Source: [PdCl(allyl)]2. Ligand: C1CCC(P(C2CCCCC2)C2CCCCC2)CC1. Solvent: Cc1ccc(C)cc1. Base: KOAc. Reaction Temperature: 120 degrees centigrade. Reaction Concentration: 0.153 M. Palladium loading: 2.25 mol%. Ligand loading: 5 mol%. Base loading: 3 eq. What is the yield (%) and cost (US dollar per mol) of this reaction?","","-1,-1","[]"
"Here is a chemical reaction. Reactants are: Cn1cnc(C#N)c1, Fc1ccccc1Br. Product is: Cn1cnc(C#N)c1-c1ccccc1F. Reaction type is Pd catalyzed C-H arylation. The reaction conditions of this reaction are: Palladium Source: [PdCl(allyl)]2. Ligand: C1CCC(P(C2CCCCC2)C2CCCCC2)CC1. Solvent: CC(=O)N(C)C. Base: KOAc. Reaction Temperature: 90 degrees centigrade. Reaction Concentration: 0.1 M. Palladium loading: 2.25 mol%. Ligand loading: 5 mol%. Base loading: 3 eq. What is the yield (%) and cost (US dollar per mol) of this reaction?","","-1,-1","[]"
"Here is a chemical reaction. Reactants are: Cn1cnc(C#N)c1, Fc1ccccc1Br. Product is: Cn1cnc(C#N)c1-c1ccccc1F. Reaction type is Pd catalyzed C-H arylation. The reaction conditions of this reaction are: Palladium Source: [PdCl(allyl)]2. Ligand: C1CCC(P(C2CCCCC2)C2CCCCC2)CC1. Solvent: CC(=O)N(C)C. Base: KOAc. Reaction Temperature: 105 degrees centigrade. Reaction Concentration: 0.1 M. Palladium loading: 2.25 mol%. Ligand loading: 5 mol%. Base loading: 3 eq. What is the yield (%) and cost (US dollar per mol) of this reaction?","","-1,-1","[]"
"Here is a chemical reaction. Reactants are: Cn1cnc(C#N)c1, Fc1ccccc1Br. Product is: Cn1cnc(C#N)c1-c1ccccc1F. Reaction type is Pd catalyzed C-H arylation. The reaction conditions of this reaction are: Palladium Source: [PdCl(allyl)]2. Ligand: C1CCC(P(C2CCCCC2)C2CCCCC2)CC1. Solvent: CC(=O)N(C)C. Base: KOAc. Reaction Temperature: 120 degrees centigrade. Reaction Concentration: 0.1 M. Palladium loading: 2.25 mol%. Ligand loading: 5 mol%. Base loading: 3 eq. What is the yield (%) and cost (US dollar per mol) of this reaction?","","-1,-1","[]"
"Here is a chemical reaction. Reactants are: Cn1cnc(C#N)c1, Fc1ccccc1Br. Product is: Cn1cnc(C#N)c1-c1ccccc1F. Reaction type is Pd catalyzed C-H arylation. The reaction conditions of this reaction are: Palladium Source: [PdCl(allyl)]2. Ligand: C1CCC(P(C2CCCCC2)C2CCCCC2)CC1. Solvent: CC(=O)N(C)C. Base: KOAc. Reaction Temperature: 90 degrees centigrade. Reaction Concentration: 0.057 M. Palladium loading: 2.25 mol%. Ligand loading: 5 mol%. Base loading: 3 eq. What is the yield (%) and cost (US dollar per mol) of this reaction?","","-1,-1","[]"
"Here is a chemical reaction. Reactants are: Cn1cnc(C#N)c1, Fc1ccccc1Br. Product is: Cn1cnc(C#N)c1-c1ccccc1F. Reaction type is Pd catalyzed C-H arylation. The reaction conditions of this reaction are: Palladium Source: [PdCl(allyl)]2. Ligand: C1CCC(P(C2CCCCC2)C2CCCCC2)CC1. Solvent: CC(=O)N(C)C. Base: KOAc. Reaction Temperature: 105 degrees centigrade. Reaction Concentration: 0.057 M. Palladium loading: 2.25 mol%. Ligand loading: 5 mol%. Base loading: 3 eq. What is the yield (%) and cost (US dollar per mol) of this reaction?","","-1,-1","[]"
"Here is a chemical reaction. Reactants are: Cn1cnc(C#N)c1, Fc1ccccc1Br. Product is: Cn1cnc(C#N)c1-c1ccccc1F. Reaction type is Pd catalyzed C-H arylation. The reaction conditions of this reaction are: Palladium Source: [PdCl(allyl)]2. Ligand: C1CCC(P(C2CCCCC2)C2CCCCC2)CC1. Solvent: CC(=O)N(C)C. Base: KOAc. Reaction Temperature: 120 degrees centigrade. Reaction Concentration: 0.057 M. Palladium loading: 2.25 mol%. Ligand loading: 5 mol%. Base loading: 3 eq. What is the yield (%) and cost (US dollar per mol) of this reaction?","","-1,-1","[]"
"Here is a chemical reaction. Reactants are: Cn1cnc(C#N)c1, Fc1ccccc1Br. Product is: Cn1cnc(C#N)c1-c1ccccc1F. Reaction type is Pd catalyzed C-H arylation. The reaction conditions of this reaction are: Palladium Source: [PdCl(allyl)]2. Ligand: C1CCC(P(C2CCCCC2)C2CCCCC2)CC1. Solvent: CC(=O)N(C)C. Base: KOAc. Reaction Temperature: 90 degrees centigrade. Reaction Concentration: 0.153 M. Palladium loading: 2.25 mol%. Ligand loading: 5 mol%. Base loading: 3 eq. What is the yield (%) and cost (US dollar per mol) of this reaction?","","-1,-1","[]"
"Here is a chemical reaction. Reactants are: Cn1cnc(C#N)c1, Fc1ccccc1Br. Product is: Cn1cnc(C#N)c1-c1ccccc1F. Reaction type is Pd catalyzed C-H arylation. The reaction conditions of this reaction are: Palladium Source: [PdCl(allyl)]2. Ligand: C1CCC(P(C2CCCCC2)C2CCCCC2)CC1. Solvent: CC(=O)N(C)C. Base: KOAc. Reaction Temperature: 105 degrees centigrade. Reaction Concentration: 0.153 M. Palladium loading: 2.25 mol%. Ligand loading: 5 mol%. Base loading: 3 eq. What is the yield (%) and cost (US dollar per mol) of this reaction?","","-1,-1","[]"
"Here is a chemical reaction. Reactants are: Cn1cnc(C#N)c1, Fc1ccccc1Br. Product is: Cn1cnc(C#N)c1-c1ccccc1F. Reaction type is Pd catalyzed C-H arylation. The reaction conditions of this reaction are: Palladium Source: [PdCl(allyl)]2. Ligand: C1CCC(P(C2CCCCC2)C2CCCCC2)CC1. Solvent: CC(=O)N(C)C. Base: KOAc. Reaction Temperature: 120 degrees centigrade. Reaction Concentration: 0.153 M. Palladium loading: 2.25 mol%. Ligand loading: 5 mol%. Base loading: 3 eq. What is the yield (%) and cost (US dollar per mol) of this reaction?","","-1,-1","[]"
"Here is a chemical reaction. Reactants are: Cn1cnc(C#N)c1, Fc1ccccc1Br. Product is: Cn1cnc(C#N)c1-c1ccccc1F. Reaction type is Pd catalyzed C-H arylation. The reaction conditions of this reaction are: Palladium Source: [PdCl(allyl)]2. Ligand: C1CCC(P(C2CCCCC2)C2CCCCC2)CC1. Solvent: CCCCOC(C)=O. Base: CsOAc. Reaction Temperature: 90 degrees centigrade. Reaction Concentration: 0.1 M. Palladium loading: 2.25 mol%. Ligand loading: 5 mol%. Base loading: 3 eq. What is the yield (%) and cost (US dollar per mol) of this reaction?","","-1,-1","[]"
"Here is a chemical reaction. Reactants are: Cn1cnc(C#N)c1, Fc1ccccc1Br. Product is: Cn1cnc(C#N)c1-c1ccccc1F. Reaction type is Pd catalyzed C-H arylation. The reaction conditions of this reaction are: Palladium Source: [PdCl(allyl)]2. Ligand: C1CCC(P(C2CCCCC2)C2CCCCC2)CC1. Solvent: CCCCOC(C)=O. Base: CsOAc. Reaction Temperature: 105 degrees centigrade. Reaction Concentration: 0.1 M. Palladium loading: 2.25 mol%. Ligand loading: 5 mol%. Base loading: 3 eq. What is the yield (%) and cost (US dollar per mol) of this reaction?","","-1,-1","[]"
"Here is a chemical reaction. Reactants are: Cn1cnc(C#N)c1, Fc1ccccc1Br. Product is: Cn1cnc(C#N)c1-c1ccccc1F. Reaction type is Pd catalyzed C-H arylation. The reaction conditions of this reaction are: Palladium Source: [PdCl(allyl)]2. Ligand: C1CCC(P(C2CCCCC2)C2CCCCC2)CC1. Solvent: CCCCOC(C)=O. Base: CsOAc. Reaction Temperature: 120 degrees centigrade. Reaction Concentration: 0.1 M. Palladium loading: 2.25 mol%. Ligand loading: 5 mol%. Base loading: 3 eq. What is the yield (%) and cost (US dollar per mol) of this reaction?","","-1,-1","[]"
"Here is a chemical reaction. Reactants are: Cn1cnc(C#N)c1, Fc1ccccc1Br. Product is: Cn1cnc(C#N)c1-c1ccccc1F. Reaction type is Pd catalyzed C-H arylation. The reaction conditions of this reaction are: Palladium Source: [PdCl(allyl)]2. Ligand: C1CCC(P(C2CCCCC2)C2CCCCC2)CC1. Solvent: CCCCOC(C)=O. Base: CsOAc. Reaction Temperature: 90 degrees centigrade. Reaction Concentration: 0.057 M. Palladium loading: 2.25 mol%. Ligand loading: 5 mol%. Base loading: 3 eq. What is the yield (%) and cost (US dollar per mol) of this reaction?","","-1,-1","[]"
"Here is a chemical reaction. Reactants are: Cn1cnc(C#N)c1, Fc1ccccc1Br. Product is: Cn1cnc(C#N)c1-c1ccccc1F. Reaction type is Pd catalyzed C-H arylation. The reaction conditions of this reaction are: Palladium Source: [PdCl(allyl)]2. Ligand: C1CCC(P(C2CCCCC2)C2CCCCC2)CC1. Solvent: CCCCOC(C)=O. Base: CsOAc. Reaction Temperature: 105 degrees centigrade. Reaction Concentration: 0.057 M. Palladium loading: 2.25 mol%. Ligand loading: 5 mol%. Base loading: 3 eq. What is the yield (%) and cost (US dollar per mol) of this reaction?","","-1,-1","[]"
"Here is a chemical reaction. Reactants are: Cn1cnc(C#N)c1, Fc1ccccc1Br. Product is: Cn1cnc(C#N)c1-c1ccccc1F. Reaction type is Pd catalyzed C-H arylation. The reaction conditions of this reaction are: Palladium Source: [PdCl(allyl)]2. Ligand: C1CCC(P(C2CCCCC2)C2CCCCC2)CC1. Solvent: CCCCOC(C)=O. Base: CsOAc. Reaction Temperature: 120 degrees centigrade. Reaction Concentration: 0.057 M. Palladium loading: 2.25 mol%. Ligand loading: 5 mol%. Base loading: 3 eq. What is the yield (%) and cost (US dollar per mol) of this reaction?","","-1,-1","[]"
"Here is a chemical reaction. Reactants are: Cn1cnc(C#N)c1, Fc1ccccc1Br. Product is: Cn1cnc(C#N)c1-c1ccccc1F. Reaction type is Pd catalyzed C-H arylation. The reaction conditions of this reaction are: Palladium Source: [PdCl(allyl)]2. Ligand: C1CCC(P(C2CCCCC2)C2CCCCC2)CC1. Solvent: CCCCOC(C)=O. Base: CsOAc. Reaction Temperature: 90 degrees centigrade. Reaction Concentration: 0.153 M. Palladium loading: 2.25 mol%. Ligand loading: 5 mol%. Base loading: 3 eq. What is the yield (%) and cost (US dollar per mol) of this reaction?","","-1,-1","[]"
"Here is a chemical reaction. Reactants are: Cn1cnc(C#N)c1, Fc1ccccc1Br. Product is: Cn1cnc(C#N)c1-c1ccccc1F. Reaction type is Pd catalyzed C-H arylation. The reaction conditions of this reaction are: Palladium Source: [PdCl(allyl)]2. Ligand: C1CCC(P(C2CCCCC2)C2CCCCC2)CC1. Solvent: CCCCOC(C)=O. Base: CsOAc. Reaction Temperature: 105 degrees centigrade. Reaction Concentration: 0.153 M. Palladium loading: 2.25 mol%. Ligand loading: 5 mol%. Base loading: 3 eq. What is the yield (%) and cost (US dollar per mol) of this reaction?","","-1,-1","[]"
"Here is a chemical reaction. Reactants are: Cn1cnc(C#N)c1, Fc1ccccc1Br. Product is: Cn1cnc(C#N)c1-c1ccccc1F. Reaction type is Pd catalyzed C-H arylation. The reaction conditions of this reaction are: Palladium Source: [PdCl(allyl)]2. Ligand: C1CCC(P(C2CCCCC2)C2CCCCC2)CC1. Solvent: CCCCOC(C)=O. Base: CsOAc. Reaction Temperature: 120 degrees centigrade. Reaction Concentration: 0.153 M. Palladium loading: 2.25 mol%. Ligand loading: 5 mol%. Base loading: 3 eq. What is the yield (%) and cost (US dollar per mol) of this reaction?","","-1,-1","[]"
"Here is a chemical reaction. Reactants are: Cn1cnc(C#N)c1, Fc1ccccc1Br. Product is: Cn1cnc(C#N)c1-c1ccccc1F. Reaction type is Pd catalyzed C-H arylation. The reaction conditions of this reaction are: Palladium Source: [PdCl(allyl)]2. Ligand: C1CCC(P(C2CCCCC2)C2CCCCC2)CC1. Solvent: CCCC#N. Base: CsOAc. Reaction Temperature: 90 degrees centigrade. Reaction Concentration: 0.1 M. Palladium loading: 2.25 mol%. Ligand loading: 5 mol%. Base loading: 3 eq. What is the yield (%) and cost (US dollar per mol) of this reaction?","","-1,-1","[]"
"Here is a chemical reaction. Reactants are: Cn1cnc(C#N)c1, Fc1ccccc1Br. Product is: Cn1cnc(C#N)c1-c1ccccc1F. Reaction type is Pd catalyzed C-H arylation. The reaction conditions of this reaction are: Palladium Source: [PdCl(allyl)]2. Ligand: C1CCC(P(C2CCCCC2)C2CCCCC2)CC1. Solvent: CCCC#N. Base: CsOAc. Reaction Temperature: 105 degrees centigrade. Reaction Concentration: 0.1 M. Palladium loading: 2.25 mol%. Ligand loading: 5 mol%. Base loading: 3 eq. What is the yield (%) and cost (US dollar per mol) of this reaction?","","-1,-1","[]"
"Here is a chemical reaction. Reactants are: Cn1cnc(C#N)c1, Fc1ccccc1Br. Product is: Cn1cnc(C#N)c1-c1ccccc1F. Reaction type is Pd catalyzed C-H arylation. The reaction conditions of this reaction are: Palladium Source: [PdCl(allyl)]2. Ligand: C1CCC(P(C2CCCCC2)C2CCCCC2)CC1. Solvent: CCCC#N. Base: CsOAc. Reaction Temperature: 120 degrees centigrade. Reaction Concentration: 0.1 M. Palladium loading: 2.25 mol%. Ligand loading: 5 mol%. Base loading: 3 eq. What is the yield (%) and cost (US dollar per mol) of this reaction?","","-1,-1","[]"
"Here is a chemical reaction. Reactants are: Cn1cnc(C#N)c1, Fc1ccccc1Br. Product is: Cn1cnc(C#N)c1-c1ccccc1F. Reaction type is Pd catalyzed C-H arylation. The reaction conditions of this reaction are: Palladium Source: [PdCl(allyl)]2. Ligand: C1CCC(P(C2CCCCC2)C2CCCCC2)CC1. Solvent: CCCC#N. Base: CsOAc. Reaction Temperature: 90 degrees centigrade. Reaction Concentration: 0.057 M. Palladium loading: 2.25 mol%. Ligand loading: 5 mol%. Base loading: 3 eq. What is the yield (%) and cost (US dollar per mol) of this reaction?","","-1,-1","[]"
"Here is a chemical reaction. Reactants are: Cn1cnc(C#N)c1, Fc1ccccc1Br. Product is: Cn1cnc(C#N)c1-c1ccccc1F. Reaction type is Pd catalyzed C-H arylation. The reaction conditions of this reaction are: Palladium Source: [PdCl(allyl)]2. Ligand: C1CCC(P(C2CCCCC2)C2CCCCC2)CC1. Solvent: CCCC#N. Base: CsOAc. Reaction Temperature: 105 degrees centigrade. Reaction Concentration: 0.057 M. Palladium loading: 2.25 mol%. Ligand loading: 5 mol%. Base loading: 3 eq. What is the yield (%) and cost (US dollar per mol) of this reaction?","","-1,-1","[]"
"Here is a chemical reaction. Reactants are: Cn1cnc(C#N)c1, Fc1ccccc1Br. Product is: Cn1cnc(C#N)c1-c1ccccc1F. Reaction type is Pd catalyzed C-H arylation. The reaction conditions of this reaction are: Palladium Source: [PdCl(allyl)]2. Ligand: C1CCC(P(C2CCCCC2)C2CCCCC2)CC1. Solvent: CCCC#N. Base: CsOAc. Reaction Temperature: 120 degrees centigrade. Reaction Concentration: 0.057 M. Palladium loading: 2.25 mol%. Ligand loading: 5 mol%. Base loading: 3 eq. What is the yield (%) and cost (US dollar per mol) of this reaction?","","-1,-1","[]"
"Here is a chemical reaction. Reactants are: Cn1cnc(C#N)c1, Fc1ccccc1Br. Product is: Cn1cnc(C#N)c1-c1ccccc1F. Reaction type is Pd catalyzed C-H arylation. The reaction conditions of this reaction are: Palladium Source: [PdCl(allyl)]2. Ligand: C1CCC(P(C2CCCCC2)C2CCCCC2)CC1. Solvent: CCCC#N. Base: CsOAc. Reaction Temperature: 90 degrees centigrade. Reaction Concentration: 0.153 M. Palladium loading: 2.25 mol%. Ligand loading: 5 mol%. Base loading: 3 eq. What is the yield (%) and cost (US dollar per mol) of this reaction?","","-1,-1","[]"
"Here is a chemical reaction. Reactants are: Cn1cnc(C#N)c1, Fc1ccccc1Br. Product is: Cn1cnc(C#N)c1-c1ccccc1F. Reaction type is Pd catalyzed C-H arylation. The reaction conditions of this reaction are: Palladium Source: [PdCl(allyl)]2. Ligand: C1CCC(P(C2CCCCC2)C2CCCCC2)CC1. Solvent: CCCC#N. Base: CsOAc. Reaction Temperature: 105 degrees centigrade. Reaction Concentration: 0.153 M. Palladium loading: 2.25 mol%. Ligand loading: 5 mol%. Base loading: 3 eq. What is the yield (%) and cost (US dollar per mol) of this reaction?","","-1,-1","[]"
"Here is a chemical reaction. Reactants are: Cn1cnc(C#N)c1, Fc1ccccc1Br. Product is: Cn1cnc(C#N)c1-c1ccccc1F. Reaction type is Pd catalyzed C-H arylation. The reaction conditions of this reaction are: Palladium Source: [PdCl(allyl)]2. Ligand: C1CCC(P(C2CCCCC2)C2CCCCC2)CC1. Solvent: CCCC#N. Base: CsOAc. Reaction Temperature: 120 degrees centigrade. Reaction Concentration: 0.153 M. Palladium loading: 2.25 mol%. Ligand loading: 5 mol%. Base loading: 3 eq. What is the yield (%) and cost (US dollar per mol) of this reaction?","","-1,-1","[]"
"Here is a chemical reaction. Reactants are: Cn1cnc(C#N)c1, Fc1ccccc1Br. Product is: Cn1cnc(C#N)c1-c1ccccc1F. Reaction type is Pd catalyzed C-H arylation. The reaction conditions of this reaction are: Palladium Source: [PdCl(allyl)]2. Ligand: C1CCC(P(C2CCCCC2)C2CCCCC2)CC1. Solvent: Cc1ccc(C)cc1. Base: CsOAc. Reaction Temperature: 90 degrees centigrade. Reaction Concentration: 0.1 M. Palladium loading: 2.25 mol%. Ligand loading: 5 mol%. Base loading: 3 eq. What is the yield (%) and cost (US dollar per mol) of this reaction?","","-1,-1","[]"
"Here is a chemical reaction. Reactants are: Cn1cnc(C#N)c1, Fc1ccccc1Br. Product is: Cn1cnc(C#N)c1-c1ccccc1F. Reaction type is Pd catalyzed C-H arylation. The reaction conditions of this reaction are: Palladium Source: [PdCl(allyl)]2. Ligand: C1CCC(P(C2CCCCC2)C2CCCCC2)CC1. Solvent: Cc1ccc(C)cc1. Base: CsOAc. Reaction Temperature: 105 degrees centigrade. Reaction Concentration: 0.1 M. Palladium loading: 2.25 mol%. Ligand loading: 5 mol%. Base loading: 3 eq. What is the yield (%) and cost (US dollar per mol) of this reaction?","","-1,-1","[]"
"Here is a chemical reaction. Reactants are: Cn1cnc(C#N)c1, Fc1ccccc1Br. Product is: Cn1cnc(C#N)c1-c1ccccc1F. Reaction type is Pd catalyzed C-H arylation. The reaction conditions of this reaction are: Palladium Source: [PdCl(allyl)]2. Ligand: C1CCC(P(C2CCCCC2)C2CCCCC2)CC1. Solvent: Cc1ccc(C)cc1. Base: CsOAc. Reaction Temperature: 120 degrees centigrade. Reaction Concentration: 0.1 M. Palladium loading: 2.25 mol%. Ligand loading: 5 mol%. Base loading: 3 eq. What is the yield (%) and cost (US dollar per mol) of this reaction?","","-1,-1","[]"
"Here is a chemical reaction. Reactants are: Cn1cnc(C#N)c1, Fc1ccccc1Br. Product is: Cn1cnc(C#N)c1-c1ccccc1F. Reaction type is Pd catalyzed C-H arylation. The reaction conditions of this reaction are: Palladium Source: [PdCl(allyl)]2. Ligand: C1CCC(P(C2CCCCC2)C2CCCCC2)CC1. Solvent: Cc1ccc(C)cc1. Base: CsOAc. Reaction Temperature: 90 degrees centigrade. Reaction Concentration: 0.057 M. Palladium loading: 2.25 mol%. Ligand loading: 5 mol%. Base loading: 3 eq. What is the yield (%) and cost (US dollar per mol) of this reaction?","","-1,-1","[]"
"Here is a chemical reaction. Reactants are: Cn1cnc(C#N)c1, Fc1ccccc1Br. Product is: Cn1cnc(C#N)c1-c1ccccc1F. Reaction type is Pd catalyzed C-H arylation. The reaction conditions of this reaction are: Palladium Source: [PdCl(allyl)]2. Ligand: C1CCC(P(C2CCCCC2)C2CCCCC2)CC1. Solvent: Cc1ccc(C)cc1. Base: CsOAc. Reaction Temperature: 105 degrees centigrade. Reaction Concentration: 0.057 M. Palladium loading: 2.25 mol%. Ligand loading: 5 mol%. Base loading: 3 eq. What is the yield (%) and cost (US dollar per mol) of this reaction?","","-1,-1","[]"
"Here is a chemical reaction. Reactants are: Cn1cnc(C#N)c1, Fc1ccccc1Br. Product is: Cn1cnc(C#N)c1-c1ccccc1F. Reaction type is Pd catalyzed C-H arylation. The reaction conditions of this reaction are: Palladium Source: [PdCl(allyl)]2. Ligand: C1CCC(P(C2CCCCC2)C2CCCCC2)CC1. Solvent: Cc1ccc(C)cc1. Base: CsOAc. Reaction Temperature: 120 degrees centigrade. Reaction Concentration: 0.057 M. Palladium loading: 2.25 mol%. Ligand loading: 5 mol%. Base loading: 3 eq. What is the yield (%) and cost (US dollar per mol) of this reaction?","","-1,-1","[]"
"Here is a chemical reaction. Reactants are: Cn1cnc(C#N)c1, Fc1ccccc1Br. Product is: Cn1cnc(C#N)c1-c1ccccc1F. Reaction type is Pd catalyzed C-H arylation. The reaction conditions of this reaction are: Palladium Source: [PdCl(allyl)]2. Ligand: C1CCC(P(C2CCCCC2)C2CCCCC2)CC1. Solvent: Cc1ccc(C)cc1. Base: CsOAc. Reaction Temperature: 90 degrees centigrade. Reaction Concentration: 0.153 M. Palladium loading: 2.25 mol%. Ligand loading: 5 mol%. Base loading: 3 eq. What is the yield (%) and cost (US dollar per mol) of this reaction?","","-1,-1","[]"
"Here is a chemical reaction. Reactants are: Cn1cnc(C#N)c1, Fc1ccccc1Br. Product is: Cn1cnc(C#N)c1-c1ccccc1F. Reaction type is Pd catalyzed C-H arylation. The reaction conditions of this reaction are: Palladium Source: [PdCl(allyl)]2. Ligand: C1CCC(P(C2CCCCC2)C2CCCCC2)CC1. Solvent: Cc1ccc(C)cc1. Base: CsOAc. Reaction Temperature: 105 degrees centigrade. Reaction Concentration: 0.153 M. Palladium loading: 2.25 mol%. Ligand loading: 5 mol%. Base loading: 3 eq. What is the yield (%) and cost (US dollar per mol) of this reaction?","","-1,-1","[]"
"Here is a chemical reaction. Reactants are: Cn1cnc(C#N)c1, Fc1ccccc1Br. Product is: Cn1cnc(C#N)c1-c1ccccc1F. Reaction type is Pd catalyzed C-H arylation. The reaction conditions of this reaction are: Palladium Source: [PdCl(allyl)]2. Ligand: C1CCC(P(C2CCCCC2)C2CCCCC2)CC1. Solvent: Cc1ccc(C)cc1. Base: CsOAc. Reaction Temperature: 120 degrees centigrade. Reaction Concentration: 0.153 M. Palladium loading: 2.25 mol%. Ligand loading: 5 mol%. Base loading: 3 eq. What is the yield (%) and cost (US dollar per mol) of this reaction?","","-1,-1","[]"
"Here is a chemical reaction. Reactants are: Cn1cnc(C#N)c1, Fc1ccccc1Br. Product is: Cn1cnc(C#N)c1-c1ccccc1F. Reaction type is Pd catalyzed C-H arylation. The reaction conditions of this reaction are: Palladium Source: [PdCl(allyl)]2. Ligand: C1CCC(P(C2CCCCC2)C2CCCCC2)CC1. Solvent: CC(=O)N(C)C. Base: CsOAc. Reaction Temperature: 90 degrees centigrade. Reaction Concentration: 0.1 M. Palladium loading: 2.25 mol%. Ligand loading: 5 mol%. Base loading: 3 eq. What is the yield (%) and cost (US dollar per mol) of this reaction?","","-1,-1","[]"
"Here is a chemical reaction. Reactants are: Cn1cnc(C#N)c1, Fc1ccccc1Br. Product is: Cn1cnc(C#N)c1-c1ccccc1F. Reaction type is Pd catalyzed C-H arylation. The reaction conditions of this reaction are: Palladium Source: [PdCl(allyl)]2. Ligand: C1CCC(P(C2CCCCC2)C2CCCCC2)CC1. Solvent: CC(=O)N(C)C. Base: CsOAc. Reaction Temperature: 105 degrees centigrade. Reaction Concentration: 0.1 M. Palladium loading: 2.25 mol%. Ligand loading: 5 mol%. Base loading: 3 eq. What is the yield (%) and cost (US dollar per mol) of this reaction?","","-1,-1","[]"
"Here is a chemical reaction. Reactants are: Cn1cnc(C#N)c1, Fc1ccccc1Br. Product is: Cn1cnc(C#N)c1-c1ccccc1F. Reaction type is Pd catalyzed C-H arylation. The reaction conditions of this reaction are: Palladium Source: [PdCl(allyl)]2. Ligand: C1CCC(P(C2CCCCC2)C2CCCCC2)CC1. Solvent: CC(=O)N(C)C. Base: CsOAc. Reaction Temperature: 120 degrees centigrade. Reaction Concentration: 0.1 M. Palladium loading: 2.25 mol%. Ligand loading: 5 mol%. Base loading: 3 eq. What is the yield (%) and cost (US dollar per mol) of this reaction?","","-1,-1","[]"
"Here is a chemical reaction. Reactants are: Cn1cnc(C#N)c1, Fc1ccccc1Br. Product is: Cn1cnc(C#N)c1-c1ccccc1F. Reaction type is Pd catalyzed C-H arylation. The reaction conditions of this reaction are: Palladium Source: [PdCl(allyl)]2. Ligand: C1CCC(P(C2CCCCC2)C2CCCCC2)CC1. Solvent: CC(=O)N(C)C. Base: CsOAc. Reaction Temperature: 90 degrees centigrade. Reaction Concentration: 0.057 M. Palladium loading: 2.25 mol%. Ligand loading: 5 mol%. Base loading: 3 eq. What is the yield (%) and cost (US dollar per mol) of this reaction?","","-1,-1","[]"
"Here is a chemical reaction. Reactants are: Cn1cnc(C#N)c1, Fc1ccccc1Br. Product is: Cn1cnc(C#N)c1-c1ccccc1F. Reaction type is Pd catalyzed C-H arylation. The reaction conditions of this reaction are: Palladium Source: [PdCl(allyl)]2. Ligand: C1CCC(P(C2CCCCC2)C2CCCCC2)CC1. Solvent: CC(=O)N(C)C. Base: CsOAc. Reaction Temperature: 105 degrees centigrade. Reaction Concentration: 0.057 M. Palladium loading: 2.25 mol%. Ligand loading: 5 mol%. Base loading: 3 eq. What is the yield (%) and cost (US dollar per mol) of this reaction?","","-1,-1","[]"
"Here is a chemical reaction. Reactants are: Cn1cnc(C#N)c1, Fc1ccccc1Br. Product is: Cn1cnc(C#N)c1-c1ccccc1F. Reaction type is Pd catalyzed C-H arylation. The reaction conditions of this reaction are: Palladium Source: [PdCl(allyl)]2. Ligand: C1CCC(P(C2CCCCC2)C2CCCCC2)CC1. Solvent: CC(=O)N(C)C. Base: CsOAc. Reaction Temperature: 120 degrees centigrade. Reaction Concentration: 0.057 M. Palladium loading: 2.25 mol%. Ligand loading: 5 mol%. Base loading: 3 eq. What is the yield (%) and cost (US dollar per mol) of this reaction?","","-1,-1","[]"
"Here is a chemical reaction. Reactants are: Cn1cnc(C#N)c1, Fc1ccccc1Br. Product is: Cn1cnc(C#N)c1-c1ccccc1F. Reaction type is Pd catalyzed C-H arylation. The reaction conditions of this reaction are: Palladium Source: [PdCl(allyl)]2. Ligand: C1CCC(P(C2CCCCC2)C2CCCCC2)CC1. Solvent: CC(=O)N(C)C. Base: CsOAc. Reaction Temperature: 90 degrees centigrade. Reaction Concentration: 0.153 M. Palladium loading: 2.25 mol%. Ligand loading: 5 mol%. Base loading: 3 eq. What is the yield (%) and cost (US dollar per mol) of this reaction?","","-1,-1","[]"
"Here is a chemical reaction. Reactants are: Cn1cnc(C#N)c1, Fc1ccccc1Br. Product is: Cn1cnc(C#N)c1-c1ccccc1F. Reaction type is Pd catalyzed C-H arylation. The reaction conditions of this reaction are: Palladium Source: [PdCl(allyl)]2. Ligand: C1CCC(P(C2CCCCC2)C2CCCCC2)CC1. Solvent: CC(=O)N(C)C. Base: CsOAc. Reaction Temperature: 105 degrees centigrade. Reaction Concentration: 0.153 M. Palladium loading: 2.25 mol%. Ligand loading: 5 mol%. Base loading: 3 eq. What is the yield (%) and cost (US dollar per mol) of this reaction?","","-1,-1","[]"
"Here is a chemical reaction. Reactants are: Cn1cnc(C#N)c1, Fc1ccccc1Br. Product is: Cn1cnc(C#N)c1-c1ccccc1F. Reaction type is Pd catalyzed C-H arylation. The reaction conditions of this reaction are: Palladium Source: [PdCl(allyl)]2. Ligand: C1CCC(P(C2CCCCC2)C2CCCCC2)CC1. Solvent: CC(=O)N(C)C. Base: CsOAc. Reaction Temperature: 120 degrees centigrade. Reaction Concentration: 0.153 M. Palladium loading: 2.25 mol%. Ligand loading: 5 mol%. Base loading: 3 eq. What is the yield (%) and cost (US dollar per mol) of this reaction?","","-1,-1","[]"
"Here is a chemical reaction. Reactants are: Cn1cnc(C#N)c1, Fc1ccccc1Br. Product is: Cn1cnc(C#N)c1-c1ccccc1F. Reaction type is Pd catalyzed C-H arylation. The reaction conditions of this reaction are: Palladium Source: [PdCl(allyl)]2. Ligand: C1CCC(P(C2CCCCC2)C2CCCCC2)CC1. Solvent: CCCCOC(C)=O. Base: KOPiv. Reaction Temperature: 90 degrees centigrade. Reaction Concentration: 0.1 M. Palladium loading: 2.25 mol%. Ligand loading: 5 mol%. Base loading: 3 eq. What is the yield (%) and cost (US dollar per mol) of this reaction?","","-1,-1","[]"
"Here is a chemical reaction. Reactants are: Cn1cnc(C#N)c1, Fc1ccccc1Br. Product is: Cn1cnc(C#N)c1-c1ccccc1F. Reaction type is Pd catalyzed C-H arylation. The reaction conditions of this reaction are: Palladium Source: [PdCl(allyl)]2. Ligand: C1CCC(P(C2CCCCC2)C2CCCCC2)CC1. Solvent: CCCCOC(C)=O. Base: KOPiv. Reaction Temperature: 105 degrees centigrade. Reaction Concentration: 0.1 M. Palladium loading: 2.25 mol%. Ligand loading: 5 mol%. Base loading: 3 eq. What is the yield (%) and cost (US dollar per mol) of this reaction?","","-1,-1","[]"
"Here is a chemical reaction. Reactants are: Cn1cnc(C#N)c1, Fc1ccccc1Br. Product is: Cn1cnc(C#N)c1-c1ccccc1F. Reaction type is Pd catalyzed C-H arylation. The reaction conditions of this reaction are: Palladium Source: [PdCl(allyl)]2. Ligand: C1CCC(P(C2CCCCC2)C2CCCCC2)CC1. Solvent: CCCCOC(C)=O. Base: KOPiv. Reaction Temperature: 120 degrees centigrade. Reaction Concentration: 0.1 M. Palladium loading: 2.25 mol%. Ligand loading: 5 mol%. Base loading: 3 eq. What is the yield (%) and cost (US dollar per mol) of this reaction?","","-1,-1","[]"
"Here is a chemical reaction. Reactants are: Cn1cnc(C#N)c1, Fc1ccccc1Br. Product is: Cn1cnc(C#N)c1-c1ccccc1F. Reaction type is Pd catalyzed C-H arylation. The reaction conditions of this reaction are: Palladium Source: [PdCl(allyl)]2. Ligand: C1CCC(P(C2CCCCC2)C2CCCCC2)CC1. Solvent: CCCCOC(C)=O. Base: KOPiv. Reaction Temperature: 90 degrees centigrade. Reaction Concentration: 0.057 M. Palladium loading: 2.25 mol%. Ligand loading: 5 mol%. Base loading: 3 eq. What is the yield (%) and cost (US dollar per mol) of this reaction?","","-1,-1","[]"
"Here is a chemical reaction. Reactants are: Cn1cnc(C#N)c1, Fc1ccccc1Br. Product is: Cn1cnc(C#N)c1-c1ccccc1F. Reaction type is Pd catalyzed C-H arylation. The reaction conditions of this reaction are: Palladium Source: [PdCl(allyl)]2. Ligand: C1CCC(P(C2CCCCC2)C2CCCCC2)CC1. Solvent: CCCCOC(C)=O. Base: KOPiv. Reaction Temperature: 105 degrees centigrade. Reaction Concentration: 0.057 M. Palladium loading: 2.25 mol%. Ligand loading: 5 mol%. Base loading: 3 eq. What is the yield (%) and cost (US dollar per mol) of this reaction?","","-1,-1","[]"
"Here is a chemical reaction. Reactants are: Cn1cnc(C#N)c1, Fc1ccccc1Br. Product is: Cn1cnc(C#N)c1-c1ccccc1F. Reaction type is Pd catalyzed C-H arylation. The reaction conditions of this reaction are: Palladium Source: [PdCl(allyl)]2. Ligand: C1CCC(P(C2CCCCC2)C2CCCCC2)CC1. Solvent: CCCCOC(C)=O. Base: KOPiv. Reaction Temperature: 120 degrees centigrade. Reaction Concentration: 0.057 M. Palladium loading: 2.25 mol%. Ligand loading: 5 mol%. Base loading: 3 eq. What is the yield (%) and cost (US dollar per mol) of this reaction?","","-1,-1","[]"
"Here is a chemical reaction. Reactants are: Cn1cnc(C#N)c1, Fc1ccccc1Br. Product is: Cn1cnc(C#N)c1-c1ccccc1F. Reaction type is Pd catalyzed C-H arylation. The reaction conditions of this reaction are: Palladium Source: [PdCl(allyl)]2. Ligand: C1CCC(P(C2CCCCC2)C2CCCCC2)CC1. Solvent: CCCCOC(C)=O. Base: KOPiv. Reaction Temperature: 90 degrees centigrade. Reaction Concentration: 0.153 M. Palladium loading: 2.25 mol%. Ligand loading: 5 mol%. Base loading: 3 eq. What is the yield (%) and cost (US dollar per mol) of this reaction?","","-1,-1","[]"
"Here is a chemical reaction. Reactants are: Cn1cnc(C#N)c1, Fc1ccccc1Br. Product is: Cn1cnc(C#N)c1-c1ccccc1F. Reaction type is Pd catalyzed C-H arylation. The reaction conditions of this reaction are: Palladium Source: [PdCl(allyl)]2. Ligand: C1CCC(P(C2CCCCC2)C2CCCCC2)CC1. Solvent: CCCCOC(C)=O. Base: KOPiv. Reaction Temperature: 105 degrees centigrade. Reaction Concentration: 0.153 M. Palladium loading: 2.25 mol%. Ligand loading: 5 mol%. Base loading: 3 eq. What is the yield (%) and cost (US dollar per mol) of this reaction?","","-1,-1","[]"
"Here is a chemical reaction. Reactants are: Cn1cnc(C#N)c1, Fc1ccccc1Br. Product is: Cn1cnc(C#N)c1-c1ccccc1F. Reaction type is Pd catalyzed C-H arylation. The reaction conditions of this reaction are: Palladium Source: [PdCl(allyl)]2. Ligand: C1CCC(P(C2CCCCC2)C2CCCCC2)CC1. Solvent: CCCCOC(C)=O. Base: KOPiv. Reaction Temperature: 120 degrees centigrade. Reaction Concentration: 0.153 M. Palladium loading: 2.25 mol%. Ligand loading: 5 mol%. Base loading: 3 eq. What is the yield (%) and cost (US dollar per mol) of this reaction?","","-1,-1","[]"
"Here is a chemical reaction. Reactants are: Cn1cnc(C#N)c1, Fc1ccccc1Br. Product is: Cn1cnc(C#N)c1-c1ccccc1F. Reaction type is Pd catalyzed C-H arylation. The reaction conditions of this reaction are: Palladium Source: [PdCl(allyl)]2. Ligand: C1CCC(P(C2CCCCC2)C2CCCCC2)CC1. Solvent: CCCC#N. Base: KOPiv. Reaction Temperature: 90 degrees centigrade. Reaction Concentration: 0.1 M. Palladium loading: 2.25 mol%. Ligand loading: 5 mol%. Base loading: 3 eq. What is the yield (%) and cost (US dollar per mol) of this reaction?","","-1,-1","[]"
"Here is a chemical reaction. Reactants are: Cn1cnc(C#N)c1, Fc1ccccc1Br. Product is: Cn1cnc(C#N)c1-c1ccccc1F. Reaction type is Pd catalyzed C-H arylation. The reaction conditions of this reaction are: Palladium Source: [PdCl(allyl)]2. Ligand: C1CCC(P(C2CCCCC2)C2CCCCC2)CC1. Solvent: CCCC#N. Base: KOPiv. Reaction Temperature: 105 degrees centigrade. Reaction Concentration: 0.1 M. Palladium loading: 2.25 mol%. Ligand loading: 5 mol%. Base loading: 3 eq. What is the yield (%) and cost (US dollar per mol) of this reaction?","","-1,-1","[]"
"Here is a chemical reaction. Reactants are: Cn1cnc(C#N)c1, Fc1ccccc1Br. Product is: Cn1cnc(C#N)c1-c1ccccc1F. Reaction type is Pd catalyzed C-H arylation. The reaction conditions of this reaction are: Palladium Source: [PdCl(allyl)]2. Ligand: C1CCC(P(C2CCCCC2)C2CCCCC2)CC1. Solvent: CCCC#N. Base: KOPiv. Reaction Temperature: 120 degrees centigrade. Reaction Concentration: 0.1 M. Palladium loading: 2.25 mol%. Ligand loading: 5 mol%. Base loading: 3 eq. What is the yield (%) and cost (US dollar per mol) of this reaction?","","-1,-1","[]"
"Here is a chemical reaction. Reactants are: Cn1cnc(C#N)c1, Fc1ccccc1Br. Product is: Cn1cnc(C#N)c1-c1ccccc1F. Reaction type is Pd catalyzed C-H arylation. The reaction conditions of this reaction are: Palladium Source: [PdCl(allyl)]2. Ligand: C1CCC(P(C2CCCCC2)C2CCCCC2)CC1. Solvent: CCCC#N. Base: KOPiv. Reaction Temperature: 90 degrees centigrade. Reaction Concentration: 0.057 M. Palladium loading: 2.25 mol%. Ligand loading: 5 mol%. Base loading: 3 eq. What is the yield (%) and cost (US dollar per mol) of this reaction?","","-1,-1","[]"
"Here is a chemical reaction. Reactants are: Cn1cnc(C#N)c1, Fc1ccccc1Br. Product is: Cn1cnc(C#N)c1-c1ccccc1F. Reaction type is Pd catalyzed C-H arylation. The reaction conditions of this reaction are: Palladium Source: [PdCl(allyl)]2. Ligand: C1CCC(P(C2CCCCC2)C2CCCCC2)CC1. Solvent: CCCC#N. Base: KOPiv. Reaction Temperature: 105 degrees centigrade. Reaction Concentration: 0.057 M. Palladium loading: 2.25 mol%. Ligand loading: 5 mol%. Base loading: 3 eq. What is the yield (%) and cost (US dollar per mol) of this reaction?","","-1,-1","[]"
"Here is a chemical reaction. Reactants are: Cn1cnc(C#N)c1, Fc1ccccc1Br. Product is: Cn1cnc(C#N)c1-c1ccccc1F. Reaction type is Pd catalyzed C-H arylation. The reaction conditions of this reaction are: Palladium Source: [PdCl(allyl)]2. Ligand: C1CCC(P(C2CCCCC2)C2CCCCC2)CC1. Solvent: CCCC#N. Base: KOPiv. Reaction Temperature: 120 degrees centigrade. Reaction Concentration: 0.057 M. Palladium loading: 2.25 mol%. Ligand loading: 5 mol%. Base loading: 3 eq. What is the yield (%) and cost (US dollar per mol) of this reaction?","","-1,-1","[]"
"Here is a chemical reaction. Reactants are: Cn1cnc(C#N)c1, Fc1ccccc1Br. Product is: Cn1cnc(C#N)c1-c1ccccc1F. Reaction type is Pd catalyzed C-H arylation. The reaction conditions of this reaction are: Palladium Source: [PdCl(allyl)]2. Ligand: C1CCC(P(C2CCCCC2)C2CCCCC2)CC1. Solvent: CCCC#N. Base: KOPiv. Reaction Temperature: 90 degrees centigrade. Reaction Concentration: 0.153 M. Palladium loading: 2.25 mol%. Ligand loading: 5 mol%. Base loading: 3 eq. What is the yield (%) and cost (US dollar per mol) of this reaction?","","-1,-1","[]"
"Here is a chemical reaction. Reactants are: Cn1cnc(C#N)c1, Fc1ccccc1Br. Product is: Cn1cnc(C#N)c1-c1ccccc1F. Reaction type is Pd catalyzed C-H arylation. The reaction conditions of this reaction are: Palladium Source: [PdCl(allyl)]2. Ligand: C1CCC(P(C2CCCCC2)C2CCCCC2)CC1. Solvent: CCCC#N. Base: KOPiv. Reaction Temperature: 105 degrees centigrade. Reaction Concentration: 0.153 M. Palladium loading: 2.25 mol%. Ligand loading: 5 mol%. Base loading: 3 eq. What is the yield (%) and cost (US dollar per mol) of this reaction?","","-1,-1","[]"
"Here is a chemical reaction. Reactants are: Cn1cnc(C#N)c1, Fc1ccccc1Br. Product is: Cn1cnc(C#N)c1-c1ccccc1F. Reaction type is Pd catalyzed C-H arylation. The reaction conditions of this reaction are: Palladium Source: [PdCl(allyl)]2. Ligand: C1CCC(P(C2CCCCC2)C2CCCCC2)CC1. Solvent: CCCC#N. Base: KOPiv. Reaction Temperature: 120 degrees centigrade. Reaction Concentration: 0.153 M. Palladium loading: 2.25 mol%. Ligand loading: 5 mol%. Base loading: 3 eq. What is the yield (%) and cost (US dollar per mol) of this reaction?","","-1,-1","[]"
"Here is a chemical reaction. Reactants are: Cn1cnc(C#N)c1, Fc1ccccc1Br. Product is: Cn1cnc(C#N)c1-c1ccccc1F. Reaction type is Pd catalyzed C-H arylation. The reaction conditions of this reaction are: Palladium Source: [PdCl(allyl)]2. Ligand: C1CCC(P(C2CCCCC2)C2CCCCC2)CC1. Solvent: Cc1ccc(C)cc1. Base: KOPiv. Reaction Temperature: 90 degrees centigrade. Reaction Concentration: 0.1 M. Palladium loading: 2.25 mol%. Ligand loading: 5 mol%. Base loading: 3 eq. What is the yield (%) and cost (US dollar per mol) of this reaction?","","-1,-1","[]"
"Here is a chemical reaction. Reactants are: Cn1cnc(C#N)c1, Fc1ccccc1Br. Product is: Cn1cnc(C#N)c1-c1ccccc1F. Reaction type is Pd catalyzed C-H arylation. The reaction conditions of this reaction are: Palladium Source: [PdCl(allyl)]2. Ligand: C1CCC(P(C2CCCCC2)C2CCCCC2)CC1. Solvent: Cc1ccc(C)cc1. Base: KOPiv. Reaction Temperature: 105 degrees centigrade. Reaction Concentration: 0.1 M. Palladium loading: 2.25 mol%. Ligand loading: 5 mol%. Base loading: 3 eq. What is the yield (%) and cost (US dollar per mol) of this reaction?","","-1,-1","[]"
"Here is a chemical reaction. Reactants are: Cn1cnc(C#N)c1, Fc1ccccc1Br. Product is: Cn1cnc(C#N)c1-c1ccccc1F. Reaction type is Pd catalyzed C-H arylation. The reaction conditions of this reaction are: Palladium Source: [PdCl(allyl)]2. Ligand: C1CCC(P(C2CCCCC2)C2CCCCC2)CC1. Solvent: Cc1ccc(C)cc1. Base: KOPiv. Reaction Temperature: 120 degrees centigrade. Reaction Concentration: 0.1 M. Palladium loading: 2.25 mol%. Ligand loading: 5 mol%. Base loading: 3 eq. What is the yield (%) and cost (US dollar per mol) of this reaction?","","-1,-1","[]"
"Here is a chemical reaction. Reactants are: Cn1cnc(C#N)c1, Fc1ccccc1Br. Product is: Cn1cnc(C#N)c1-c1ccccc1F. Reaction type is Pd catalyzed C-H arylation. The reaction conditions of this reaction are: Palladium Source: [PdCl(allyl)]2. Ligand: C1CCC(P(C2CCCCC2)C2CCCCC2)CC1. Solvent: Cc1ccc(C)cc1. Base: KOPiv. Reaction Temperature: 90 degrees centigrade. Reaction Concentration: 0.057 M. Palladium loading: 2.25 mol%. Ligand loading: 5 mol%. Base loading: 3 eq. What is the yield (%) and cost (US dollar per mol) of this reaction?","","-1,-1","[]"
"Here is a chemical reaction. Reactants are: Cn1cnc(C#N)c1, Fc1ccccc1Br. Product is: Cn1cnc(C#N)c1-c1ccccc1F. Reaction type is Pd catalyzed C-H arylation. The reaction conditions of this reaction are: Palladium Source: [PdCl(allyl)]2. Ligand: C1CCC(P(C2CCCCC2)C2CCCCC2)CC1. Solvent: Cc1ccc(C)cc1. Base: KOPiv. Reaction Temperature: 105 degrees centigrade. Reaction Concentration: 0.057 M. Palladium loading: 2.25 mol%. Ligand loading: 5 mol%. Base loading: 3 eq. What is the yield (%) and cost (US dollar per mol) of this reaction?","","-1,-1","[]"
"Here is a chemical reaction. Reactants are: Cn1cnc(C#N)c1, Fc1ccccc1Br. Product is: Cn1cnc(C#N)c1-c1ccccc1F. Reaction type is Pd catalyzed C-H arylation. The reaction conditions of this reaction are: Palladium Source: [PdCl(allyl)]2. Ligand: C1CCC(P(C2CCCCC2)C2CCCCC2)CC1. Solvent: Cc1ccc(C)cc1. Base: KOPiv. Reaction Temperature: 120 degrees centigrade. Reaction Concentration: 0.057 M. Palladium loading: 2.25 mol%. Ligand loading: 5 mol%. Base loading: 3 eq. What is the yield (%) and cost (US dollar per mol) of this reaction?","","-1,-1","[]"
"Here is a chemical reaction. Reactants are: Cn1cnc(C#N)c1, Fc1ccccc1Br. Product is: Cn1cnc(C#N)c1-c1ccccc1F. Reaction type is Pd catalyzed C-H arylation. The reaction conditions of this reaction are: Palladium Source: [PdCl(allyl)]2. Ligand: C1CCC(P(C2CCCCC2)C2CCCCC2)CC1. Solvent: Cc1ccc(C)cc1. Base: KOPiv. Reaction Temperature: 90 degrees centigrade. Reaction Concentration: 0.153 M. Palladium loading: 2.25 mol%. Ligand loading: 5 mol%. Base loading: 3 eq. What is the yield (%) and cost (US dollar per mol) of this reaction?","","-1,-1","[]"
"Here is a chemical reaction. Reactants are: Cn1cnc(C#N)c1, Fc1ccccc1Br. Product is: Cn1cnc(C#N)c1-c1ccccc1F. Reaction type is Pd catalyzed C-H arylation. The reaction conditions of this reaction are: Palladium Source: [PdCl(allyl)]2. Ligand: C1CCC(P(C2CCCCC2)C2CCCCC2)CC1. Solvent: Cc1ccc(C)cc1. Base: KOPiv. Reaction Temperature: 105 degrees centigrade. Reaction Concentration: 0.153 M. Palladium loading: 2.25 mol%. Ligand loading: 5 mol%. Base loading: 3 eq. What is the yield (%) and cost (US dollar per mol) of this reaction?","","-1,-1","[]"
"Here is a chemical reaction. Reactants are: Cn1cnc(C#N)c1, Fc1ccccc1Br. Product is: Cn1cnc(C#N)c1-c1ccccc1F. Reaction type is Pd catalyzed C-H arylation. The reaction conditions of this reaction are: Palladium Source: [PdCl(allyl)]2. Ligand: C1CCC(P(C2CCCCC2)C2CCCCC2)CC1. Solvent: Cc1ccc(C)cc1. Base: KOPiv. Reaction Temperature: 120 degrees centigrade. Reaction Concentration: 0.153 M. Palladium loading: 2.25 mol%. Ligand loading: 5 mol%. Base loading: 3 eq. What is the yield (%) and cost (US dollar per mol) of this reaction?","","-1,-1","[]"
"Here is a chemical reaction. Reactants are: Cn1cnc(C#N)c1, Fc1ccccc1Br. Product is: Cn1cnc(C#N)c1-c1ccccc1F. Reaction type is Pd catalyzed C-H arylation. The reaction conditions of this reaction are: Palladium Source: [PdCl(allyl)]2. Ligand: C1CCC(P(C2CCCCC2)C2CCCCC2)CC1. Solvent: CC(=O)N(C)C. Base: KOPiv. Reaction Temperature: 90 degrees centigrade. Reaction Concentration: 0.1 M. Palladium loading: 2.25 mol%. Ligand loading: 5 mol%. Base loading: 3 eq. What is the yield (%) and cost (US dollar per mol) of this reaction?","","-1,-1","[]"
"Here is a chemical reaction. Reactants are: Cn1cnc(C#N)c1, Fc1ccccc1Br. Product is: Cn1cnc(C#N)c1-c1ccccc1F. Reaction type is Pd catalyzed C-H arylation. The reaction conditions of this reaction are: Palladium Source: [PdCl(allyl)]2. Ligand: C1CCC(P(C2CCCCC2)C2CCCCC2)CC1. Solvent: CC(=O)N(C)C. Base: KOPiv. Reaction Temperature: 105 degrees centigrade. Reaction Concentration: 0.1 M. Palladium loading: 2.25 mol%. Ligand loading: 5 mol%. Base loading: 3 eq. What is the yield (%) and cost (US dollar per mol) of this reaction?","","-1,-1","[]"
"Here is a chemical reaction. Reactants are: Cn1cnc(C#N)c1, Fc1ccccc1Br. Product is: Cn1cnc(C#N)c1-c1ccccc1F. Reaction type is Pd catalyzed C-H arylation. The reaction conditions of this reaction are: Palladium Source: [PdCl(allyl)]2. Ligand: C1CCC(P(C2CCCCC2)C2CCCCC2)CC1. Solvent: CC(=O)N(C)C. Base: KOPiv. Reaction Temperature: 120 degrees centigrade. Reaction Concentration: 0.1 M. Palladium loading: 2.25 mol%. Ligand loading: 5 mol%. Base loading: 3 eq. What is the yield (%) and cost (US dollar per mol) of this reaction?","","-1,-1","[]"
"Here is a chemical reaction. Reactants are: Cn1cnc(C#N)c1, Fc1ccccc1Br. Product is: Cn1cnc(C#N)c1-c1ccccc1F. Reaction type is Pd catalyzed C-H arylation. The reaction conditions of this reaction are: Palladium Source: [PdCl(allyl)]2. Ligand: C1CCC(P(C2CCCCC2)C2CCCCC2)CC1. Solvent: CC(=O)N(C)C. Base: KOPiv. Reaction Temperature: 90 degrees centigrade. Reaction Concentration: 0.057 M. Palladium loading: 2.25 mol%. Ligand loading: 5 mol%. Base loading: 3 eq. What is the yield (%) and cost (US dollar per mol) of this reaction?","","-1,-1","[]"
"Here is a chemical reaction. Reactants are: Cn1cnc(C#N)c1, Fc1ccccc1Br. Product is: Cn1cnc(C#N)c1-c1ccccc1F. Reaction type is Pd catalyzed C-H arylation. The reaction conditions of this reaction are: Palladium Source: [PdCl(allyl)]2. Ligand: C1CCC(P(C2CCCCC2)C2CCCCC2)CC1. Solvent: CC(=O)N(C)C. Base: KOPiv. Reaction Temperature: 105 degrees centigrade. Reaction Concentration: 0.057 M. Palladium loading: 2.25 mol%. Ligand loading: 5 mol%. Base loading: 3 eq. What is the yield (%) and cost (US dollar per mol) of this reaction?","","-1,-1","[]"
"Here is a chemical reaction. Reactants are: Cn1cnc(C#N)c1, Fc1ccccc1Br. Product is: Cn1cnc(C#N)c1-c1ccccc1F. Reaction type is Pd catalyzed C-H arylation. The reaction conditions of this reaction are: Palladium Source: [PdCl(allyl)]2. Ligand: C1CCC(P(C2CCCCC2)C2CCCCC2)CC1. Solvent: CC(=O)N(C)C. Base: KOPiv. Reaction Temperature: 120 degrees centigrade. Reaction Concentration: 0.057 M. Palladium loading: 2.25 mol%. Ligand loading: 5 mol%. Base loading: 3 eq. What is the yield (%) and cost (US dollar per mol) of this reaction?","","-1,-1","[]"
"Here is a chemical reaction. Reactants are: Cn1cnc(C#N)c1, Fc1ccccc1Br. Product is: Cn1cnc(C#N)c1-c1ccccc1F. Reaction type is Pd catalyzed C-H arylation. The reaction conditions of this reaction are: Palladium Source: [PdCl(allyl)]2. Ligand: C1CCC(P(C2CCCCC2)C2CCCCC2)CC1. Solvent: CC(=O)N(C)C. Base: KOPiv. Reaction Temperature: 90 degrees centigrade. Reaction Concentration: 0.153 M. Palladium loading: 2.25 mol%. Ligand loading: 5 mol%. Base loading: 3 eq. What is the yield (%) and cost (US dollar per mol) of this reaction?","","-1,-1","[]"
"Here is a chemical reaction. Reactants are: Cn1cnc(C#N)c1, Fc1ccccc1Br. Product is: Cn1cnc(C#N)c1-c1ccccc1F. Reaction type is Pd catalyzed C-H arylation. The reaction conditions of this reaction are: Palladium Source: [PdCl(allyl)]2. Ligand: C1CCC(P(C2CCCCC2)C2CCCCC2)CC1. Solvent: CC(=O)N(C)C. Base: KOPiv. Reaction Temperature: 105 degrees centigrade. Reaction Concentration: 0.153 M. Palladium loading: 2.25 mol%. Ligand loading: 5 mol%. Base loading: 3 eq. What is the yield (%) and cost (US dollar per mol) of this reaction?","","-1,-1","[]"
"Here is a chemical reaction. Reactants are: Cn1cnc(C#N)c1, Fc1ccccc1Br. Product is: Cn1cnc(C#N)c1-c1ccccc1F. Reaction type is Pd catalyzed C-H arylation. The reaction conditions of this reaction are: Palladium Source: [PdCl(allyl)]2. Ligand: C1CCC(P(C2CCCCC2)C2CCCCC2)CC1. Solvent: CC(=O)N(C)C. Base: KOPiv. Reaction Temperature: 120 degrees centigrade. Reaction Concentration: 0.153 M. Palladium loading: 2.25 mol%. Ligand loading: 5 mol%. Base loading: 3 eq. What is the yield (%) and cost (US dollar per mol) of this reaction?","","-1,-1","[]"
"Here is a chemical reaction. Reactants are: Cn1cnc(C#N)c1, Fc1ccccc1Br. Product is: Cn1cnc(C#N)c1-c1ccccc1F. Reaction type is Pd catalyzed C-H arylation. The reaction conditions of this reaction are: Palladium Source: [PdCl(allyl)]2. Ligand: C1CCC(P(C2CCCCC2)C2CCCCC2)CC1. Solvent: CCCCOC(C)=O. Base: CsOPiv. Reaction Temperature: 90 degrees centigrade. Reaction Concentration: 0.1 M. Palladium loading: 2.25 mol%. Ligand loading: 5 mol%. Base loading: 3 eq. What is the yield (%) and cost (US dollar per mol) of this reaction?","","-1,-1","[]"
"Here is a chemical reaction. Reactants are: Cn1cnc(C#N)c1, Fc1ccccc1Br. Product is: Cn1cnc(C#N)c1-c1ccccc1F. Reaction type is Pd catalyzed C-H arylation. The reaction conditions of this reaction are: Palladium Source: [PdCl(allyl)]2. Ligand: C1CCC(P(C2CCCCC2)C2CCCCC2)CC1. Solvent: CCCCOC(C)=O. Base: CsOPiv. Reaction Temperature: 105 degrees centigrade. Reaction Concentration: 0.1 M. Palladium loading: 2.25 mol%. Ligand loading: 5 mol%. Base loading: 3 eq. What is the yield (%) and cost (US dollar per mol) of this reaction?","","-1,-1","[]"
"Here is a chemical reaction. Reactants are: Cn1cnc(C#N)c1, Fc1ccccc1Br. Product is: Cn1cnc(C#N)c1-c1ccccc1F. Reaction type is Pd catalyzed C-H arylation. The reaction conditions of this reaction are: Palladium Source: [PdCl(allyl)]2. Ligand: C1CCC(P(C2CCCCC2)C2CCCCC2)CC1. Solvent: CCCCOC(C)=O. Base: CsOPiv. Reaction Temperature: 120 degrees centigrade. Reaction Concentration: 0.1 M. Palladium loading: 2.25 mol%. Ligand loading: 5 mol%. Base loading: 3 eq. What is the yield (%) and cost (US dollar per mol) of this reaction?","","-1,-1","[]"
"Here is a chemical reaction. Reactants are: Cn1cnc(C#N)c1, Fc1ccccc1Br. Product is: Cn1cnc(C#N)c1-c1ccccc1F. Reaction type is Pd catalyzed C-H arylation. The reaction conditions of this reaction are: Palladium Source: [PdCl(allyl)]2. Ligand: C1CCC(P(C2CCCCC2)C2CCCCC2)CC1. Solvent: CCCCOC(C)=O. Base: CsOPiv. Reaction Temperature: 90 degrees centigrade. Reaction Concentration: 0.057 M. Palladium loading: 2.25 mol%. Ligand loading: 5 mol%. Base loading: 3 eq. What is the yield (%) and cost (US dollar per mol) of this reaction?","","-1,-1","[]"
"Here is a chemical reaction. Reactants are: Cn1cnc(C#N)c1, Fc1ccccc1Br. Product is: Cn1cnc(C#N)c1-c1ccccc1F. Reaction type is Pd catalyzed C-H arylation. The reaction conditions of this reaction are: Palladium Source: [PdCl(allyl)]2. Ligand: C1CCC(P(C2CCCCC2)C2CCCCC2)CC1. Solvent: CCCCOC(C)=O. Base: CsOPiv. Reaction Temperature: 105 degrees centigrade. Reaction Concentration: 0.057 M. Palladium loading: 2.25 mol%. Ligand loading: 5 mol%. Base loading: 3 eq. What is the yield (%) and cost (US dollar per mol) of this reaction?","","-1,-1","[]"
"Here is a chemical reaction. Reactants are: Cn1cnc(C#N)c1, Fc1ccccc1Br. Product is: Cn1cnc(C#N)c1-c1ccccc1F. Reaction type is Pd catalyzed C-H arylation. The reaction conditions of this reaction are: Palladium Source: [PdCl(allyl)]2. Ligand: C1CCC(P(C2CCCCC2)C2CCCCC2)CC1. Solvent: CCCCOC(C)=O. Base: CsOPiv. Reaction Temperature: 120 degrees centigrade. Reaction Concentration: 0.057 M. Palladium loading: 2.25 mol%. Ligand loading: 5 mol%. Base loading: 3 eq. What is the yield (%) and cost (US dollar per mol) of this reaction?","","-1,-1","[]"
"Here is a chemical reaction. Reactants are: Cn1cnc(C#N)c1, Fc1ccccc1Br. Product is: Cn1cnc(C#N)c1-c1ccccc1F. Reaction type is Pd catalyzed C-H arylation. The reaction conditions of this reaction are: Palladium Source: [PdCl(allyl)]2. Ligand: C1CCC(P(C2CCCCC2)C2CCCCC2)CC1. Solvent: CCCCOC(C)=O. Base: CsOPiv. Reaction Temperature: 90 degrees centigrade. Reaction Concentration: 0.153 M. Palladium loading: 2.25 mol%. Ligand loading: 5 mol%. Base loading: 3 eq. What is the yield (%) and cost (US dollar per mol) of this reaction?","","-1,-1","[]"
"Here is a chemical reaction. Reactants are: Cn1cnc(C#N)c1, Fc1ccccc1Br. Product is: Cn1cnc(C#N)c1-c1ccccc1F. Reaction type is Pd catalyzed C-H arylation. The reaction conditions of this reaction are: Palladium Source: [PdCl(allyl)]2. Ligand: C1CCC(P(C2CCCCC2)C2CCCCC2)CC1. Solvent: CCCCOC(C)=O. Base: CsOPiv. Reaction Temperature: 105 degrees centigrade. Reaction Concentration: 0.153 M. Palladium loading: 2.25 mol%. Ligand loading: 5 mol%. Base loading: 3 eq. What is the yield (%) and cost (US dollar per mol) of this reaction?","","-1,-1","[]"
"Here is a chemical reaction. Reactants are: Cn1cnc(C#N)c1, Fc1ccccc1Br. Product is: Cn1cnc(C#N)c1-c1ccccc1F. Reaction type is Pd catalyzed C-H arylation. The reaction conditions of this reaction are: Palladium Source: [PdCl(allyl)]2. Ligand: C1CCC(P(C2CCCCC2)C2CCCCC2)CC1. Solvent: CCCCOC(C)=O. Base: CsOPiv. Reaction Temperature: 120 degrees centigrade. Reaction Concentration: 0.153 M. Palladium loading: 2.25 mol%. Ligand loading: 5 mol%. Base loading: 3 eq. What is the yield (%) and cost (US dollar per mol) of this reaction?","","-1,-1","[]"
"Here is a chemical reaction. Reactants are: Cn1cnc(C#N)c1, Fc1ccccc1Br. Product is: Cn1cnc(C#N)c1-c1ccccc1F. Reaction type is Pd catalyzed C-H arylation. The reaction conditions of this reaction are: Palladium Source: [PdCl(allyl)]2. Ligand: C1CCC(P(C2CCCCC2)C2CCCCC2)CC1. Solvent: CCCC#N. Base: CsOPiv. Reaction Temperature: 90 degrees centigrade. Reaction Concentration: 0.1 M. Palladium loading: 2.25 mol%. Ligand loading: 5 mol%. Base loading: 3 eq. What is the yield (%) and cost (US dollar per mol) of this reaction?","","-1,-1","[]"
"Here is a chemical reaction. Reactants are: Cn1cnc(C#N)c1, Fc1ccccc1Br. Product is: Cn1cnc(C#N)c1-c1ccccc1F. Reaction type is Pd catalyzed C-H arylation. The reaction conditions of this reaction are: Palladium Source: [PdCl(allyl)]2. Ligand: C1CCC(P(C2CCCCC2)C2CCCCC2)CC1. Solvent: CCCC#N. Base: CsOPiv. Reaction Temperature: 105 degrees centigrade. Reaction Concentration: 0.1 M. Palladium loading: 2.25 mol%. Ligand loading: 5 mol%. Base loading: 3 eq. What is the yield (%) and cost (US dollar per mol) of this reaction?","","-1,-1","[]"
"Here is a chemical reaction. Reactants are: Cn1cnc(C#N)c1, Fc1ccccc1Br. Product is: Cn1cnc(C#N)c1-c1ccccc1F. Reaction type is Pd catalyzed C-H arylation. The reaction conditions of this reaction are: Palladium Source: [PdCl(allyl)]2. Ligand: C1CCC(P(C2CCCCC2)C2CCCCC2)CC1. Solvent: CCCC#N. Base: CsOPiv. Reaction Temperature: 120 degrees centigrade. Reaction Concentration: 0.1 M. Palladium loading: 2.25 mol%. Ligand loading: 5 mol%. Base loading: 3 eq. What is the yield (%) and cost (US dollar per mol) of this reaction?","","-1,-1","[]"
"Here is a chemical reaction. Reactants are: Cn1cnc(C#N)c1, Fc1ccccc1Br. Product is: Cn1cnc(C#N)c1-c1ccccc1F. Reaction type is Pd catalyzed C-H arylation. The reaction conditions of this reaction are: Palladium Source: [PdCl(allyl)]2. Ligand: C1CCC(P(C2CCCCC2)C2CCCCC2)CC1. Solvent: CCCC#N. Base: CsOPiv. Reaction Temperature: 90 degrees centigrade. Reaction Concentration: 0.057 M. Palladium loading: 2.25 mol%. Ligand loading: 5 mol%. Base loading: 3 eq. What is the yield (%) and cost (US dollar per mol) of this reaction?","","-1,-1","[]"
"Here is a chemical reaction. Reactants are: Cn1cnc(C#N)c1, Fc1ccccc1Br. Product is: Cn1cnc(C#N)c1-c1ccccc1F. Reaction type is Pd catalyzed C-H arylation. The reaction conditions of this reaction are: Palladium Source: [PdCl(allyl)]2. Ligand: C1CCC(P(C2CCCCC2)C2CCCCC2)CC1. Solvent: CCCC#N. Base: CsOPiv. Reaction Temperature: 105 degrees centigrade. Reaction Concentration: 0.057 M. Palladium loading: 2.25 mol%. Ligand loading: 5 mol%. Base loading: 3 eq. What is the yield (%) and cost (US dollar per mol) of this reaction?","","-1,-1","[]"
"Here is a chemical reaction. Reactants are: Cn1cnc(C#N)c1, Fc1ccccc1Br. Product is: Cn1cnc(C#N)c1-c1ccccc1F. Reaction type is Pd catalyzed C-H arylation. The reaction conditions of this reaction are: Palladium Source: [PdCl(allyl)]2. Ligand: C1CCC(P(C2CCCCC2)C2CCCCC2)CC1. Solvent: CCCC#N. Base: CsOPiv. Reaction Temperature: 120 degrees centigrade. Reaction Concentration: 0.057 M. Palladium loading: 2.25 mol%. Ligand loading: 5 mol%. Base loading: 3 eq. What is the yield (%) and cost (US dollar per mol) of this reaction?","","-1,-1","[]"
"Here is a chemical reaction. Reactants are: Cn1cnc(C#N)c1, Fc1ccccc1Br. Product is: Cn1cnc(C#N)c1-c1ccccc1F. Reaction type is Pd catalyzed C-H arylation. The reaction conditions of this reaction are: Palladium Source: [PdCl(allyl)]2. Ligand: C1CCC(P(C2CCCCC2)C2CCCCC2)CC1. Solvent: CCCC#N. Base: CsOPiv. Reaction Temperature: 90 degrees centigrade. Reaction Concentration: 0.153 M. Palladium loading: 2.25 mol%. Ligand loading: 5 mol%. Base loading: 3 eq. What is the yield (%) and cost (US dollar per mol) of this reaction?","","-1,-1","[]"
"Here is a chemical reaction. Reactants are: Cn1cnc(C#N)c1, Fc1ccccc1Br. Product is: Cn1cnc(C#N)c1-c1ccccc1F. Reaction type is Pd catalyzed C-H arylation. The reaction conditions of this reaction are: Palladium Source: [PdCl(allyl)]2. Ligand: C1CCC(P(C2CCCCC2)C2CCCCC2)CC1. Solvent: CCCC#N. Base: CsOPiv. Reaction Temperature: 105 degrees centigrade. Reaction Concentration: 0.153 M. Palladium loading: 2.25 mol%. Ligand loading: 5 mol%. Base loading: 3 eq. What is the yield (%) and cost (US dollar per mol) of this reaction?","","-1,-1","[]"
"Here is a chemical reaction. Reactants are: Cn1cnc(C#N)c1, Fc1ccccc1Br. Product is: Cn1cnc(C#N)c1-c1ccccc1F. Reaction type is Pd catalyzed C-H arylation. The reaction conditions of this reaction are: Palladium Source: [PdCl(allyl)]2. Ligand: C1CCC(P(C2CCCCC2)C2CCCCC2)CC1. Solvent: CCCC#N. Base: CsOPiv. Reaction Temperature: 120 degrees centigrade. Reaction Concentration: 0.153 M. Palladium loading: 2.25 mol%. Ligand loading: 5 mol%. Base loading: 3 eq. What is the yield (%) and cost (US dollar per mol) of this reaction?","","-1,-1","[]"
"Here is a chemical reaction. Reactants are: Cn1cnc(C#N)c1, Fc1ccccc1Br. Product is: Cn1cnc(C#N)c1-c1ccccc1F. Reaction type is Pd catalyzed C-H arylation. The reaction conditions of this reaction are: Palladium Source: [PdCl(allyl)]2. Ligand: C1CCC(P(C2CCCCC2)C2CCCCC2)CC1. Solvent: Cc1ccc(C)cc1. Base: CsOPiv. Reaction Temperature: 90 degrees centigrade. Reaction Concentration: 0.1 M. Palladium loading: 2.25 mol%. Ligand loading: 5 mol%. Base loading: 3 eq. What is the yield (%) and cost (US dollar per mol) of this reaction?","","-1,-1","[]"
"Here is a chemical reaction. Reactants are: Cn1cnc(C#N)c1, Fc1ccccc1Br. Product is: Cn1cnc(C#N)c1-c1ccccc1F. Reaction type is Pd catalyzed C-H arylation. The reaction conditions of this reaction are: Palladium Source: [PdCl(allyl)]2. Ligand: C1CCC(P(C2CCCCC2)C2CCCCC2)CC1. Solvent: Cc1ccc(C)cc1. Base: CsOPiv. Reaction Temperature: 105 degrees centigrade. Reaction Concentration: 0.1 M. Palladium loading: 2.25 mol%. Ligand loading: 5 mol%. Base loading: 3 eq. What is the yield (%) and cost (US dollar per mol) of this reaction?","","-1,-1","[]"
"Here is a chemical reaction. Reactants are: Cn1cnc(C#N)c1, Fc1ccccc1Br. Product is: Cn1cnc(C#N)c1-c1ccccc1F. Reaction type is Pd catalyzed C-H arylation. The reaction conditions of this reaction are: Palladium Source: [PdCl(allyl)]2. Ligand: C1CCC(P(C2CCCCC2)C2CCCCC2)CC1. Solvent: Cc1ccc(C)cc1. Base: CsOPiv. Reaction Temperature: 120 degrees centigrade. Reaction Concentration: 0.1 M. Palladium loading: 2.25 mol%. Ligand loading: 5 mol%. Base loading: 3 eq. What is the yield (%) and cost (US dollar per mol) of this reaction?","","-1,-1","[]"
"Here is a chemical reaction. Reactants are: Cn1cnc(C#N)c1, Fc1ccccc1Br. Product is: Cn1cnc(C#N)c1-c1ccccc1F. Reaction type is Pd catalyzed C-H arylation. The reaction conditions of this reaction are: Palladium Source: [PdCl(allyl)]2. Ligand: C1CCC(P(C2CCCCC2)C2CCCCC2)CC1. Solvent: Cc1ccc(C)cc1. Base: CsOPiv. Reaction Temperature: 90 degrees centigrade. Reaction Concentration: 0.057 M. Palladium loading: 2.25 mol%. Ligand loading: 5 mol%. Base loading: 3 eq. What is the yield (%) and cost (US dollar per mol) of this reaction?","","-1,-1","[]"
"Here is a chemical reaction. Reactants are: Cn1cnc(C#N)c1, Fc1ccccc1Br. Product is: Cn1cnc(C#N)c1-c1ccccc1F. Reaction type is Pd catalyzed C-H arylation. The reaction conditions of this reaction are: Palladium Source: [PdCl(allyl)]2. Ligand: C1CCC(P(C2CCCCC2)C2CCCCC2)CC1. Solvent: Cc1ccc(C)cc1. Base: CsOPiv. Reaction Temperature: 105 degrees centigrade. Reaction Concentration: 0.057 M. Palladium loading: 2.25 mol%. Ligand loading: 5 mol%. Base loading: 3 eq. What is the yield (%) and cost (US dollar per mol) of this reaction?","","-1,-1","[]"
"Here is a chemical reaction. Reactants are: Cn1cnc(C#N)c1, Fc1ccccc1Br. Product is: Cn1cnc(C#N)c1-c1ccccc1F. Reaction type is Pd catalyzed C-H arylation. The reaction conditions of this reaction are: Palladium Source: [PdCl(allyl)]2. Ligand: C1CCC(P(C2CCCCC2)C2CCCCC2)CC1. Solvent: Cc1ccc(C)cc1. Base: CsOPiv. Reaction Temperature: 120 degrees centigrade. Reaction Concentration: 0.057 M. Palladium loading: 2.25 mol%. Ligand loading: 5 mol%. Base loading: 3 eq. What is the yield (%) and cost (US dollar per mol) of this reaction?","","-1,-1","[]"
"Here is a chemical reaction. Reactants are: Cn1cnc(C#N)c1, Fc1ccccc1Br. Product is: Cn1cnc(C#N)c1-c1ccccc1F. Reaction type is Pd catalyzed C-H arylation. The reaction conditions of this reaction are: Palladium Source: [PdCl(allyl)]2. Ligand: C1CCC(P(C2CCCCC2)C2CCCCC2)CC1. Solvent: Cc1ccc(C)cc1. Base: CsOPiv. Reaction Temperature: 90 degrees centigrade. Reaction Concentration: 0.153 M. Palladium loading: 2.25 mol%. Ligand loading: 5 mol%. Base loading: 3 eq. What is the yield (%) and cost (US dollar per mol) of this reaction?","","-1,-1","[]"
"Here is a chemical reaction. Reactants are: Cn1cnc(C#N)c1, Fc1ccccc1Br. Product is: Cn1cnc(C#N)c1-c1ccccc1F. Reaction type is Pd catalyzed C-H arylation. The reaction conditions of this reaction are: Palladium Source: [PdCl(allyl)]2. Ligand: C1CCC(P(C2CCCCC2)C2CCCCC2)CC1. Solvent: Cc1ccc(C)cc1. Base: CsOPiv. Reaction Temperature: 105 degrees centigrade. Reaction Concentration: 0.153 M. Palladium loading: 2.25 mol%. Ligand loading: 5 mol%. Base loading: 3 eq. What is the yield (%) and cost (US dollar per mol) of this reaction?","","-1,-1","[]"
"Here is a chemical reaction. Reactants are: Cn1cnc(C#N)c1, Fc1ccccc1Br. Product is: Cn1cnc(C#N)c1-c1ccccc1F. Reaction type is Pd catalyzed C-H arylation. The reaction conditions of this reaction are: Palladium Source: [PdCl(allyl)]2. Ligand: C1CCC(P(C2CCCCC2)C2CCCCC2)CC1. Solvent: Cc1ccc(C)cc1. Base: CsOPiv. Reaction Temperature: 120 degrees centigrade. Reaction Concentration: 0.153 M. Palladium loading: 2.25 mol%. Ligand loading: 5 mol%. Base loading: 3 eq. What is the yield (%) and cost (US dollar per mol) of this reaction?","","-1,-1","[]"
"Here is a chemical reaction. Reactants are: Cn1cnc(C#N)c1, Fc1ccccc1Br. Product is: Cn1cnc(C#N)c1-c1ccccc1F. Reaction type is Pd catalyzed C-H arylation. The reaction conditions of this reaction are: Palladium Source: [PdCl(allyl)]2. Ligand: C1CCC(P(C2CCCCC2)C2CCCCC2)CC1. Solvent: CC(=O)N(C)C. Base: CsOPiv. Reaction Temperature: 90 degrees centigrade. Reaction Concentration: 0.1 M. Palladium loading: 2.25 mol%. Ligand loading: 5 mol%. Base loading: 3 eq. What is the yield (%) and cost (US dollar per mol) of this reaction?","","-1,-1","[]"
"Here is a chemical reaction. Reactants are: Cn1cnc(C#N)c1, Fc1ccccc1Br. Product is: Cn1cnc(C#N)c1-c1ccccc1F. Reaction type is Pd catalyzed C-H arylation. The reaction conditions of this reaction are: Palladium Source: [PdCl(allyl)]2. Ligand: C1CCC(P(C2CCCCC2)C2CCCCC2)CC1. Solvent: CC(=O)N(C)C. Base: CsOPiv. Reaction Temperature: 105 degrees centigrade. Reaction Concentration: 0.1 M. Palladium loading: 2.25 mol%. Ligand loading: 5 mol%. Base loading: 3 eq. What is the yield (%) and cost (US dollar per mol) of this reaction?","","-1,-1","[]"
"Here is a chemical reaction. Reactants are: Cn1cnc(C#N)c1, Fc1ccccc1Br. Product is: Cn1cnc(C#N)c1-c1ccccc1F. Reaction type is Pd catalyzed C-H arylation. The reaction conditions of this reaction are: Palladium Source: [PdCl(allyl)]2. Ligand: C1CCC(P(C2CCCCC2)C2CCCCC2)CC1. Solvent: CC(=O)N(C)C. Base: CsOPiv. Reaction Temperature: 120 degrees centigrade. Reaction Concentration: 0.1 M. Palladium loading: 2.25 mol%. Ligand loading: 5 mol%. Base loading: 3 eq. What is the yield (%) and cost (US dollar per mol) of this reaction?","","-1,-1","[]"
"Here is a chemical reaction. Reactants are: Cn1cnc(C#N)c1, Fc1ccccc1Br. Product is: Cn1cnc(C#N)c1-c1ccccc1F. Reaction type is Pd catalyzed C-H arylation. The reaction conditions of this reaction are: Palladium Source: [PdCl(allyl)]2. Ligand: C1CCC(P(C2CCCCC2)C2CCCCC2)CC1. Solvent: CC(=O)N(C)C. Base: CsOPiv. Reaction Temperature: 90 degrees centigrade. Reaction Concentration: 0.057 M. Palladium loading: 2.25 mol%. Ligand loading: 5 mol%. Base loading: 3 eq. What is the yield (%) and cost (US dollar per mol) of this reaction?","","-1,-1","[]"
"Here is a chemical reaction. Reactants are: Cn1cnc(C#N)c1, Fc1ccccc1Br. Product is: Cn1cnc(C#N)c1-c1ccccc1F. Reaction type is Pd catalyzed C-H arylation. The reaction conditions of this reaction are: Palladium Source: [PdCl(allyl)]2. Ligand: C1CCC(P(C2CCCCC2)C2CCCCC2)CC1. Solvent: CC(=O)N(C)C. Base: CsOPiv. Reaction Temperature: 105 degrees centigrade. Reaction Concentration: 0.057 M. Palladium loading: 2.25 mol%. Ligand loading: 5 mol%. Base loading: 3 eq. What is the yield (%) and cost (US dollar per mol) of this reaction?","","-1,-1","[]"
"Here is a chemical reaction. Reactants are: Cn1cnc(C#N)c1, Fc1ccccc1Br. Product is: Cn1cnc(C#N)c1-c1ccccc1F. Reaction type is Pd catalyzed C-H arylation. The reaction conditions of this reaction are: Palladium Source: [PdCl(allyl)]2. Ligand: C1CCC(P(C2CCCCC2)C2CCCCC2)CC1. Solvent: CC(=O)N(C)C. Base: CsOPiv. Reaction Temperature: 120 degrees centigrade. Reaction Concentration: 0.057 M. Palladium loading: 2.25 mol%. Ligand loading: 5 mol%. Base loading: 3 eq. What is the yield (%) and cost (US dollar per mol) of this reaction?","","-1,-1","[]"
"Here is a chemical reaction. Reactants are: Cn1cnc(C#N)c1, Fc1ccccc1Br. Product is: Cn1cnc(C#N)c1-c1ccccc1F. Reaction type is Pd catalyzed C-H arylation. The reaction conditions of this reaction are: Palladium Source: [PdCl(allyl)]2. Ligand: C1CCC(P(C2CCCCC2)C2CCCCC2)CC1. Solvent: CC(=O)N(C)C. Base: CsOPiv. Reaction Temperature: 90 degrees centigrade. Reaction Concentration: 0.153 M. Palladium loading: 2.25 mol%. Ligand loading: 5 mol%. Base loading: 3 eq. What is the yield (%) and cost (US dollar per mol) of this reaction?","","-1,-1","[]"
"Here is a chemical reaction. Reactants are: Cn1cnc(C#N)c1, Fc1ccccc1Br. Product is: Cn1cnc(C#N)c1-c1ccccc1F. Reaction type is Pd catalyzed C-H arylation. The reaction conditions of this reaction are: Palladium Source: [PdCl(allyl)]2. Ligand: C1CCC(P(C2CCCCC2)C2CCCCC2)CC1. Solvent: CC(=O)N(C)C. Base: CsOPiv. Reaction Temperature: 105 degrees centigrade. Reaction Concentration: 0.153 M. Palladium loading: 2.25 mol%. Ligand loading: 5 mol%. Base loading: 3 eq. What is the yield (%) and cost (US dollar per mol) of this reaction?","","-1,-1","[]"
"Here is a chemical reaction. Reactants are: Cn1cnc(C#N)c1, Fc1ccccc1Br. Product is: Cn1cnc(C#N)c1-c1ccccc1F. Reaction type is Pd catalyzed C-H arylation. The reaction conditions of this reaction are: Palladium Source: [PdCl(allyl)]2. Ligand: C1CCC(P(C2CCCCC2)C2CCCCC2)CC1. Solvent: CC(=O)N(C)C. Base: CsOPiv. Reaction Temperature: 120 degrees centigrade. Reaction Concentration: 0.153 M. Palladium loading: 2.25 mol%. Ligand loading: 5 mol%. Base loading: 3 eq. What is the yield (%) and cost (US dollar per mol) of this reaction?","","-1,-1","[]"
"Here is a chemical reaction. Reactants are: Cn1cnc(C#N)c1, Fc1ccccc1Br. Product is: Cn1cnc(C#N)c1-c1ccccc1F. Reaction type is Pd catalyzed C-H arylation. The reaction conditions of this reaction are: Palladium Source: [PdCl(allyl)]2. Ligand: c1ccc(P(c2ccccc2)c2ccccc2)cc1. Solvent: CCCCOC(C)=O. Base: KOAc. Reaction Temperature: 90 degrees centigrade. Reaction Concentration: 0.1 M. Palladium loading: 2.25 mol%. Ligand loading: 5 mol%. Base loading: 3 eq. What is the yield (%) and cost (US dollar per mol) of this reaction?","","-1,-1","[]"
"Here is a chemical reaction. Reactants are: Cn1cnc(C#N)c1, Fc1ccccc1Br. Product is: Cn1cnc(C#N)c1-c1ccccc1F. Reaction type is Pd catalyzed C-H arylation. The reaction conditions of this reaction are: Palladium Source: [PdCl(allyl)]2. Ligand: c1ccc(P(c2ccccc2)c2ccccc2)cc1. Solvent: CCCCOC(C)=O. Base: KOAc. Reaction Temperature: 105 degrees centigrade. Reaction Concentration: 0.1 M. Palladium loading: 2.25 mol%. Ligand loading: 5 mol%. Base loading: 3 eq. What is the yield (%) and cost (US dollar per mol) of this reaction?","","-1,-1","[]"
"Here is a chemical reaction. Reactants are: Cn1cnc(C#N)c1, Fc1ccccc1Br. Product is: Cn1cnc(C#N)c1-c1ccccc1F. Reaction type is Pd catalyzed C-H arylation. The reaction conditions of this reaction are: Palladium Source: [PdCl(allyl)]2. Ligand: c1ccc(P(c2ccccc2)c2ccccc2)cc1. Solvent: CCCCOC(C)=O. Base: KOAc. Reaction Temperature: 120 degrees centigrade. Reaction Concentration: 0.1 M. Palladium loading: 2.25 mol%. Ligand loading: 5 mol%. Base loading: 3 eq. What is the yield (%) and cost (US dollar per mol) of this reaction?","","-1,-1","[]"
"Here is a chemical reaction. Reactants are: Cn1cnc(C#N)c1, Fc1ccccc1Br. Product is: Cn1cnc(C#N)c1-c1ccccc1F. Reaction type is Pd catalyzed C-H arylation. The reaction conditions of this reaction are: Palladium Source: [PdCl(allyl)]2. Ligand: c1ccc(P(c2ccccc2)c2ccccc2)cc1. Solvent: CCCCOC(C)=O. Base: KOAc. Reaction Temperature: 90 degrees centigrade. Reaction Concentration: 0.057 M. Palladium loading: 2.25 mol%. Ligand loading: 5 mol%. Base loading: 3 eq. What is the yield (%) and cost (US dollar per mol) of this reaction?","","-1,-1","[]"
"Here is a chemical reaction. Reactants are: Cn1cnc(C#N)c1, Fc1ccccc1Br. Product is: Cn1cnc(C#N)c1-c1ccccc1F. Reaction type is Pd catalyzed C-H arylation. The reaction conditions of this reaction are: Palladium Source: [PdCl(allyl)]2. Ligand: c1ccc(P(c2ccccc2)c2ccccc2)cc1. Solvent: CCCCOC(C)=O. Base: KOAc. Reaction Temperature: 105 degrees centigrade. Reaction Concentration: 0.057 M. Palladium loading: 2.25 mol%. Ligand loading: 5 mol%. Base loading: 3 eq. What is the yield (%) and cost (US dollar per mol) of this reaction?","","-1,-1","[]"
"Here is a chemical reaction. Reactants are: Cn1cnc(C#N)c1, Fc1ccccc1Br. Product is: Cn1cnc(C#N)c1-c1ccccc1F. Reaction type is Pd catalyzed C-H arylation. The reaction conditions of this reaction are: Palladium Source: [PdCl(allyl)]2. Ligand: c1ccc(P(c2ccccc2)c2ccccc2)cc1. Solvent: CCCCOC(C)=O. Base: KOAc. Reaction Temperature: 120 degrees centigrade. Reaction Concentration: 0.057 M. Palladium loading: 2.25 mol%. Ligand loading: 5 mol%. Base loading: 3 eq. What is the yield (%) and cost (US dollar per mol) of this reaction?","","-1,-1","[]"
"Here is a chemical reaction. Reactants are: Cn1cnc(C#N)c1, Fc1ccccc1Br. Product is: Cn1cnc(C#N)c1-c1ccccc1F. Reaction type is Pd catalyzed C-H arylation. The reaction conditions of this reaction are: Palladium Source: [PdCl(allyl)]2. Ligand: c1ccc(P(c2ccccc2)c2ccccc2)cc1. Solvent: CCCCOC(C)=O. Base: KOAc. Reaction Temperature: 90 degrees centigrade. Reaction Concentration: 0.153 M. Palladium loading: 2.25 mol%. Ligand loading: 5 mol%. Base loading: 3 eq. What is the yield (%) and cost (US dollar per mol) of this reaction?","","-1,-1","[]"
"Here is a chemical reaction. Reactants are: Cn1cnc(C#N)c1, Fc1ccccc1Br. Product is: Cn1cnc(C#N)c1-c1ccccc1F. Reaction type is Pd catalyzed C-H arylation. The reaction conditions of this reaction are: Palladium Source: [PdCl(allyl)]2. Ligand: c1ccc(P(c2ccccc2)c2ccccc2)cc1. Solvent: CCCCOC(C)=O. Base: KOAc. Reaction Temperature: 105 degrees centigrade. Reaction Concentration: 0.153 M. Palladium loading: 2.25 mol%. Ligand loading: 5 mol%. Base loading: 3 eq. What is the yield (%) and cost (US dollar per mol) of this reaction?","","-1,-1","[]"
"Here is a chemical reaction. Reactants are: Cn1cnc(C#N)c1, Fc1ccccc1Br. Product is: Cn1cnc(C#N)c1-c1ccccc1F. Reaction type is Pd catalyzed C-H arylation. The reaction conditions of this reaction are: Palladium Source: [PdCl(allyl)]2. Ligand: c1ccc(P(c2ccccc2)c2ccccc2)cc1. Solvent: CCCCOC(C)=O. Base: KOAc. Reaction Temperature: 120 degrees centigrade. Reaction Concentration: 0.153 M. Palladium loading: 2.25 mol%. Ligand loading: 5 mol%. Base loading: 3 eq. What is the yield (%) and cost (US dollar per mol) of this reaction?","","-1,-1","[]"
"Here is a chemical reaction. Reactants are: Cn1cnc(C#N)c1, Fc1ccccc1Br. Product is: Cn1cnc(C#N)c1-c1ccccc1F. Reaction type is Pd catalyzed C-H arylation. The reaction conditions of this reaction are: Palladium Source: [PdCl(allyl)]2. Ligand: c1ccc(P(c2ccccc2)c2ccccc2)cc1. Solvent: CCCC#N. Base: KOAc. Reaction Temperature: 90 degrees centigrade. Reaction Concentration: 0.1 M. Palladium loading: 2.25 mol%. Ligand loading: 5 mol%. Base loading: 3 eq. What is the yield (%) and cost (US dollar per mol) of this reaction?","","-1,-1","[]"
"Here is a chemical reaction. Reactants are: Cn1cnc(C#N)c1, Fc1ccccc1Br. Product is: Cn1cnc(C#N)c1-c1ccccc1F. Reaction type is Pd catalyzed C-H arylation. The reaction conditions of this reaction are: Palladium Source: [PdCl(allyl)]2. Ligand: c1ccc(P(c2ccccc2)c2ccccc2)cc1. Solvent: CCCC#N. Base: KOAc. Reaction Temperature: 105 degrees centigrade. Reaction Concentration: 0.1 M. Palladium loading: 2.25 mol%. Ligand loading: 5 mol%. Base loading: 3 eq. What is the yield (%) and cost (US dollar per mol) of this reaction?","","-1,-1","[]"
"Here is a chemical reaction. Reactants are: Cn1cnc(C#N)c1, Fc1ccccc1Br. Product is: Cn1cnc(C#N)c1-c1ccccc1F. Reaction type is Pd catalyzed C-H arylation. The reaction conditions of this reaction are: Palladium Source: [PdCl(allyl)]2. Ligand: c1ccc(P(c2ccccc2)c2ccccc2)cc1. Solvent: CCCC#N. Base: KOAc. Reaction Temperature: 120 degrees centigrade. Reaction Concentration: 0.1 M. Palladium loading: 2.25 mol%. Ligand loading: 5 mol%. Base loading: 3 eq. What is the yield (%) and cost (US dollar per mol) of this reaction?","","-1,-1","[]"
"Here is a chemical reaction. Reactants are: Cn1cnc(C#N)c1, Fc1ccccc1Br. Product is: Cn1cnc(C#N)c1-c1ccccc1F. Reaction type is Pd catalyzed C-H arylation. The reaction conditions of this reaction are: Palladium Source: [PdCl(allyl)]2. Ligand: c1ccc(P(c2ccccc2)c2ccccc2)cc1. Solvent: CCCC#N. Base: KOAc. Reaction Temperature: 90 degrees centigrade. Reaction Concentration: 0.057 M. Palladium loading: 2.25 mol%. Ligand loading: 5 mol%. Base loading: 3 eq. What is the yield (%) and cost (US dollar per mol) of this reaction?","","-1,-1","[]"
"Here is a chemical reaction. Reactants are: Cn1cnc(C#N)c1, Fc1ccccc1Br. Product is: Cn1cnc(C#N)c1-c1ccccc1F. Reaction type is Pd catalyzed C-H arylation. The reaction conditions of this reaction are: Palladium Source: [PdCl(allyl)]2. Ligand: c1ccc(P(c2ccccc2)c2ccccc2)cc1. Solvent: CCCC#N. Base: KOAc. Reaction Temperature: 105 degrees centigrade. Reaction Concentration: 0.057 M. Palladium loading: 2.25 mol%. Ligand loading: 5 mol%. Base loading: 3 eq. What is the yield (%) and cost (US dollar per mol) of this reaction?","","-1,-1","[]"
"Here is a chemical reaction. Reactants are: Cn1cnc(C#N)c1, Fc1ccccc1Br. Product is: Cn1cnc(C#N)c1-c1ccccc1F. Reaction type is Pd catalyzed C-H arylation. The reaction conditions of this reaction are: Palladium Source: [PdCl(allyl)]2. Ligand: c1ccc(P(c2ccccc2)c2ccccc2)cc1. Solvent: CCCC#N. Base: KOAc. Reaction Temperature: 120 degrees centigrade. Reaction Concentration: 0.057 M. Palladium loading: 2.25 mol%. Ligand loading: 5 mol%. Base loading: 3 eq. What is the yield (%) and cost (US dollar per mol) of this reaction?","","-1,-1","[]"
"Here is a chemical reaction. Reactants are: Cn1cnc(C#N)c1, Fc1ccccc1Br. Product is: Cn1cnc(C#N)c1-c1ccccc1F. Reaction type is Pd catalyzed C-H arylation. The reaction conditions of this reaction are: Palladium Source: [PdCl(allyl)]2. Ligand: c1ccc(P(c2ccccc2)c2ccccc2)cc1. Solvent: CCCC#N. Base: KOAc. Reaction Temperature: 90 degrees centigrade. Reaction Concentration: 0.153 M. Palladium loading: 2.25 mol%. Ligand loading: 5 mol%. Base loading: 3 eq. What is the yield (%) and cost (US dollar per mol) of this reaction?","","-1,-1","[]"
"Here is a chemical reaction. Reactants are: Cn1cnc(C#N)c1, Fc1ccccc1Br. Product is: Cn1cnc(C#N)c1-c1ccccc1F. Reaction type is Pd catalyzed C-H arylation. The reaction conditions of this reaction are: Palladium Source: [PdCl(allyl)]2. Ligand: c1ccc(P(c2ccccc2)c2ccccc2)cc1. Solvent: CCCC#N. Base: KOAc. Reaction Temperature: 105 degrees centigrade. Reaction Concentration: 0.153 M. Palladium loading: 2.25 mol%. Ligand loading: 5 mol%. Base loading: 3 eq. What is the yield (%) and cost (US dollar per mol) of this reaction?","","-1,-1","[]"
"Here is a chemical reaction. Reactants are: Cn1cnc(C#N)c1, Fc1ccccc1Br. Product is: Cn1cnc(C#N)c1-c1ccccc1F. Reaction type is Pd catalyzed C-H arylation. The reaction conditions of this reaction are: Palladium Source: [PdCl(allyl)]2. Ligand: c1ccc(P(c2ccccc2)c2ccccc2)cc1. Solvent: CCCC#N. Base: KOAc. Reaction Temperature: 120 degrees centigrade. Reaction Concentration: 0.153 M. Palladium loading: 2.25 mol%. Ligand loading: 5 mol%. Base loading: 3 eq. What is the yield (%) and cost (US dollar per mol) of this reaction?","","-1,-1","[]"
"Here is a chemical reaction. Reactants are: Cn1cnc(C#N)c1, Fc1ccccc1Br. Product is: Cn1cnc(C#N)c1-c1ccccc1F. Reaction type is Pd catalyzed C-H arylation. The reaction conditions of this reaction are: Palladium Source: [PdCl(allyl)]2. Ligand: c1ccc(P(c2ccccc2)c2ccccc2)cc1. Solvent: Cc1ccc(C)cc1. Base: KOAc. Reaction Temperature: 90 degrees centigrade. Reaction Concentration: 0.1 M. Palladium loading: 2.25 mol%. Ligand loading: 5 mol%. Base loading: 3 eq. What is the yield (%) and cost (US dollar per mol) of this reaction?","","-1,-1","[]"
"Here is a chemical reaction. Reactants are: Cn1cnc(C#N)c1, Fc1ccccc1Br. Product is: Cn1cnc(C#N)c1-c1ccccc1F. Reaction type is Pd catalyzed C-H arylation. The reaction conditions of this reaction are: Palladium Source: [PdCl(allyl)]2. Ligand: c1ccc(P(c2ccccc2)c2ccccc2)cc1. Solvent: Cc1ccc(C)cc1. Base: KOAc. Reaction Temperature: 105 degrees centigrade. Reaction Concentration: 0.1 M. Palladium loading: 2.25 mol%. Ligand loading: 5 mol%. Base loading: 3 eq. What is the yield (%) and cost (US dollar per mol) of this reaction?","","-1,-1","[]"
"Here is a chemical reaction. Reactants are: Cn1cnc(C#N)c1, Fc1ccccc1Br. Product is: Cn1cnc(C#N)c1-c1ccccc1F. Reaction type is Pd catalyzed C-H arylation. The reaction conditions of this reaction are: Palladium Source: [PdCl(allyl)]2. Ligand: c1ccc(P(c2ccccc2)c2ccccc2)cc1. Solvent: Cc1ccc(C)cc1. Base: KOAc. Reaction Temperature: 120 degrees centigrade. Reaction Concentration: 0.1 M. Palladium loading: 2.25 mol%. Ligand loading: 5 mol%. Base loading: 3 eq. What is the yield (%) and cost (US dollar per mol) of this reaction?","","-1,-1","[]"
"Here is a chemical reaction. Reactants are: Cn1cnc(C#N)c1, Fc1ccccc1Br. Product is: Cn1cnc(C#N)c1-c1ccccc1F. Reaction type is Pd catalyzed C-H arylation. The reaction conditions of this reaction are: Palladium Source: [PdCl(allyl)]2. Ligand: c1ccc(P(c2ccccc2)c2ccccc2)cc1. Solvent: Cc1ccc(C)cc1. Base: KOAc. Reaction Temperature: 90 degrees centigrade. Reaction Concentration: 0.057 M. Palladium loading: 2.25 mol%. Ligand loading: 5 mol%. Base loading: 3 eq. What is the yield (%) and cost (US dollar per mol) of this reaction?","","-1,-1","[]"
"Here is a chemical reaction. Reactants are: Cn1cnc(C#N)c1, Fc1ccccc1Br. Product is: Cn1cnc(C#N)c1-c1ccccc1F. Reaction type is Pd catalyzed C-H arylation. The reaction conditions of this reaction are: Palladium Source: [PdCl(allyl)]2. Ligand: c1ccc(P(c2ccccc2)c2ccccc2)cc1. Solvent: Cc1ccc(C)cc1. Base: KOAc. Reaction Temperature: 105 degrees centigrade. Reaction Concentration: 0.057 M. Palladium loading: 2.25 mol%. Ligand loading: 5 mol%. Base loading: 3 eq. What is the yield (%) and cost (US dollar per mol) of this reaction?","","-1,-1","[]"
"Here is a chemical reaction. Reactants are: Cn1cnc(C#N)c1, Fc1ccccc1Br. Product is: Cn1cnc(C#N)c1-c1ccccc1F. Reaction type is Pd catalyzed C-H arylation. The reaction conditions of this reaction are: Palladium Source: [PdCl(allyl)]2. Ligand: c1ccc(P(c2ccccc2)c2ccccc2)cc1. Solvent: Cc1ccc(C)cc1. Base: KOAc. Reaction Temperature: 120 degrees centigrade. Reaction Concentration: 0.057 M. Palladium loading: 2.25 mol%. Ligand loading: 5 mol%. Base loading: 3 eq. What is the yield (%) and cost (US dollar per mol) of this reaction?","","-1,-1","[]"
"Here is a chemical reaction. Reactants are: Cn1cnc(C#N)c1, Fc1ccccc1Br. Product is: Cn1cnc(C#N)c1-c1ccccc1F. Reaction type is Pd catalyzed C-H arylation. The reaction conditions of this reaction are: Palladium Source: [PdCl(allyl)]2. Ligand: c1ccc(P(c2ccccc2)c2ccccc2)cc1. Solvent: Cc1ccc(C)cc1. Base: KOAc. Reaction Temperature: 90 degrees centigrade. Reaction Concentration: 0.153 M. Palladium loading: 2.25 mol%. Ligand loading: 5 mol%. Base loading: 3 eq. What is the yield (%) and cost (US dollar per mol) of this reaction?","","-1,-1","[]"
"Here is a chemical reaction. Reactants are: Cn1cnc(C#N)c1, Fc1ccccc1Br. Product is: Cn1cnc(C#N)c1-c1ccccc1F. Reaction type is Pd catalyzed C-H arylation. The reaction conditions of this reaction are: Palladium Source: [PdCl(allyl)]2. Ligand: c1ccc(P(c2ccccc2)c2ccccc2)cc1. Solvent: Cc1ccc(C)cc1. Base: KOAc. Reaction Temperature: 105 degrees centigrade. Reaction Concentration: 0.153 M. Palladium loading: 2.25 mol%. Ligand loading: 5 mol%. Base loading: 3 eq. What is the yield (%) and cost (US dollar per mol) of this reaction?","","-1,-1","[]"
"Here is a chemical reaction. Reactants are: Cn1cnc(C#N)c1, Fc1ccccc1Br. Product is: Cn1cnc(C#N)c1-c1ccccc1F. Reaction type is Pd catalyzed C-H arylation. The reaction conditions of this reaction are: Palladium Source: [PdCl(allyl)]2. Ligand: c1ccc(P(c2ccccc2)c2ccccc2)cc1. Solvent: Cc1ccc(C)cc1. Base: KOAc. Reaction Temperature: 120 degrees centigrade. Reaction Concentration: 0.153 M. Palladium loading: 2.25 mol%. Ligand loading: 5 mol%. Base loading: 3 eq. What is the yield (%) and cost (US dollar per mol) of this reaction?","","-1,-1","[]"
"Here is a chemical reaction. Reactants are: Cn1cnc(C#N)c1, Fc1ccccc1Br. Product is: Cn1cnc(C#N)c1-c1ccccc1F. Reaction type is Pd catalyzed C-H arylation. The reaction conditions of this reaction are: Palladium Source: [PdCl(allyl)]2. Ligand: c1ccc(P(c2ccccc2)c2ccccc2)cc1. Solvent: CC(=O)N(C)C. Base: KOAc. Reaction Temperature: 90 degrees centigrade. Reaction Concentration: 0.1 M. Palladium loading: 2.25 mol%. Ligand loading: 5 mol%. Base loading: 3 eq. What is the yield (%) and cost (US dollar per mol) of this reaction?","","-1,-1","[]"
"Here is a chemical reaction. Reactants are: Cn1cnc(C#N)c1, Fc1ccccc1Br. Product is: Cn1cnc(C#N)c1-c1ccccc1F. Reaction type is Pd catalyzed C-H arylation. The reaction conditions of this reaction are: Palladium Source: [PdCl(allyl)]2. Ligand: c1ccc(P(c2ccccc2)c2ccccc2)cc1. Solvent: CC(=O)N(C)C. Base: KOAc. Reaction Temperature: 105 degrees centigrade. Reaction Concentration: 0.1 M. Palladium loading: 2.25 mol%. Ligand loading: 5 mol%. Base loading: 3 eq. What is the yield (%) and cost (US dollar per mol) of this reaction?","","-1,-1","[]"
"Here is a chemical reaction. Reactants are: Cn1cnc(C#N)c1, Fc1ccccc1Br. Product is: Cn1cnc(C#N)c1-c1ccccc1F. Reaction type is Pd catalyzed C-H arylation. The reaction conditions of this reaction are: Palladium Source: [PdCl(allyl)]2. Ligand: c1ccc(P(c2ccccc2)c2ccccc2)cc1. Solvent: CC(=O)N(C)C. Base: KOAc. Reaction Temperature: 120 degrees centigrade. Reaction Concentration: 0.1 M. Palladium loading: 2.25 mol%. Ligand loading: 5 mol%. Base loading: 3 eq. What is the yield (%) and cost (US dollar per mol) of this reaction?","","-1,-1","[]"
"Here is a chemical reaction. Reactants are: Cn1cnc(C#N)c1, Fc1ccccc1Br. Product is: Cn1cnc(C#N)c1-c1ccccc1F. Reaction type is Pd catalyzed C-H arylation. The reaction conditions of this reaction are: Palladium Source: [PdCl(allyl)]2. Ligand: c1ccc(P(c2ccccc2)c2ccccc2)cc1. Solvent: CC(=O)N(C)C. Base: KOAc. Reaction Temperature: 90 degrees centigrade. Reaction Concentration: 0.057 M. Palladium loading: 2.25 mol%. Ligand loading: 5 mol%. Base loading: 3 eq. What is the yield (%) and cost (US dollar per mol) of this reaction?","","-1,-1","[]"
"Here is a chemical reaction. Reactants are: Cn1cnc(C#N)c1, Fc1ccccc1Br. Product is: Cn1cnc(C#N)c1-c1ccccc1F. Reaction type is Pd catalyzed C-H arylation. The reaction conditions of this reaction are: Palladium Source: [PdCl(allyl)]2. Ligand: c1ccc(P(c2ccccc2)c2ccccc2)cc1. Solvent: CC(=O)N(C)C. Base: KOAc. Reaction Temperature: 105 degrees centigrade. Reaction Concentration: 0.057 M. Palladium loading: 2.25 mol%. Ligand loading: 5 mol%. Base loading: 3 eq. What is the yield (%) and cost (US dollar per mol) of this reaction?","","-1,-1","[]"
"Here is a chemical reaction. Reactants are: Cn1cnc(C#N)c1, Fc1ccccc1Br. Product is: Cn1cnc(C#N)c1-c1ccccc1F. Reaction type is Pd catalyzed C-H arylation. The reaction conditions of this reaction are: Palladium Source: [PdCl(allyl)]2. Ligand: c1ccc(P(c2ccccc2)c2ccccc2)cc1. Solvent: CC(=O)N(C)C. Base: KOAc. Reaction Temperature: 120 degrees centigrade. Reaction Concentration: 0.057 M. Palladium loading: 2.25 mol%. Ligand loading: 5 mol%. Base loading: 3 eq. What is the yield (%) and cost (US dollar per mol) of this reaction?","","-1,-1","[]"
"Here is a chemical reaction. Reactants are: Cn1cnc(C#N)c1, Fc1ccccc1Br. Product is: Cn1cnc(C#N)c1-c1ccccc1F. Reaction type is Pd catalyzed C-H arylation. The reaction conditions of this reaction are: Palladium Source: [PdCl(allyl)]2. Ligand: c1ccc(P(c2ccccc2)c2ccccc2)cc1. Solvent: CC(=O)N(C)C. Base: KOAc. Reaction Temperature: 90 degrees centigrade. Reaction Concentration: 0.153 M. Palladium loading: 2.25 mol%. Ligand loading: 5 mol%. Base loading: 3 eq. What is the yield (%) and cost (US dollar per mol) of this reaction?","","-1,-1","[]"
"Here is a chemical reaction. Reactants are: Cn1cnc(C#N)c1, Fc1ccccc1Br. Product is: Cn1cnc(C#N)c1-c1ccccc1F. Reaction type is Pd catalyzed C-H arylation. The reaction conditions of this reaction are: Palladium Source: [PdCl(allyl)]2. Ligand: c1ccc(P(c2ccccc2)c2ccccc2)cc1. Solvent: CC(=O)N(C)C. Base: KOAc. Reaction Temperature: 105 degrees centigrade. Reaction Concentration: 0.153 M. Palladium loading: 2.25 mol%. Ligand loading: 5 mol%. Base loading: 3 eq. What is the yield (%) and cost (US dollar per mol) of this reaction?","","-1,-1","[]"
"Here is a chemical reaction. Reactants are: Cn1cnc(C#N)c1, Fc1ccccc1Br. Product is: Cn1cnc(C#N)c1-c1ccccc1F. Reaction type is Pd catalyzed C-H arylation. The reaction conditions of this reaction are: Palladium Source: [PdCl(allyl)]2. Ligand: c1ccc(P(c2ccccc2)c2ccccc2)cc1. Solvent: CC(=O)N(C)C. Base: KOAc. Reaction Temperature: 120 degrees centigrade. Reaction Concentration: 0.153 M. Palladium loading: 2.25 mol%. Ligand loading: 5 mol%. Base loading: 3 eq. What is the yield (%) and cost (US dollar per mol) of this reaction?","","-1,-1","[]"
"Here is a chemical reaction. Reactants are: Cn1cnc(C#N)c1, Fc1ccccc1Br. Product is: Cn1cnc(C#N)c1-c1ccccc1F. Reaction type is Pd catalyzed C-H arylation. The reaction conditions of this reaction are: Palladium Source: [PdCl(allyl)]2. Ligand: c1ccc(P(c2ccccc2)c2ccccc2)cc1. Solvent: CCCCOC(C)=O. Base: CsOAc. Reaction Temperature: 90 degrees centigrade. Reaction Concentration: 0.1 M. Palladium loading: 2.25 mol%. Ligand loading: 5 mol%. Base loading: 3 eq. What is the yield (%) and cost (US dollar per mol) of this reaction?","","-1,-1","[]"
"Here is a chemical reaction. Reactants are: Cn1cnc(C#N)c1, Fc1ccccc1Br. Product is: Cn1cnc(C#N)c1-c1ccccc1F. Reaction type is Pd catalyzed C-H arylation. The reaction conditions of this reaction are: Palladium Source: [PdCl(allyl)]2. Ligand: c1ccc(P(c2ccccc2)c2ccccc2)cc1. Solvent: CCCCOC(C)=O. Base: CsOAc. Reaction Temperature: 105 degrees centigrade. Reaction Concentration: 0.1 M. Palladium loading: 2.25 mol%. Ligand loading: 5 mol%. Base loading: 3 eq. What is the yield (%) and cost (US dollar per mol) of this reaction?","","-1,-1","[]"
"Here is a chemical reaction. Reactants are: Cn1cnc(C#N)c1, Fc1ccccc1Br. Product is: Cn1cnc(C#N)c1-c1ccccc1F. Reaction type is Pd catalyzed C-H arylation. The reaction conditions of this reaction are: Palladium Source: [PdCl(allyl)]2. Ligand: c1ccc(P(c2ccccc2)c2ccccc2)cc1. Solvent: CCCCOC(C)=O. Base: CsOAc. Reaction Temperature: 120 degrees centigrade. Reaction Concentration: 0.1 M. Palladium loading: 2.25 mol%. Ligand loading: 5 mol%. Base loading: 3 eq. What is the yield (%) and cost (US dollar per mol) of this reaction?","","-1,-1","[]"
"Here is a chemical reaction. Reactants are: Cn1cnc(C#N)c1, Fc1ccccc1Br. Product is: Cn1cnc(C#N)c1-c1ccccc1F. Reaction type is Pd catalyzed C-H arylation. The reaction conditions of this reaction are: Palladium Source: [PdCl(allyl)]2. Ligand: c1ccc(P(c2ccccc2)c2ccccc2)cc1. Solvent: CCCCOC(C)=O. Base: CsOAc. Reaction Temperature: 90 degrees centigrade. Reaction Concentration: 0.057 M. Palladium loading: 2.25 mol%. Ligand loading: 5 mol%. Base loading: 3 eq. What is the yield (%) and cost (US dollar per mol) of this reaction?","","-1,-1","[]"
"Here is a chemical reaction. Reactants are: Cn1cnc(C#N)c1, Fc1ccccc1Br. Product is: Cn1cnc(C#N)c1-c1ccccc1F. Reaction type is Pd catalyzed C-H arylation. The reaction conditions of this reaction are: Palladium Source: [PdCl(allyl)]2. Ligand: c1ccc(P(c2ccccc2)c2ccccc2)cc1. Solvent: CCCCOC(C)=O. Base: CsOAc. Reaction Temperature: 105 degrees centigrade. Reaction Concentration: 0.057 M. Palladium loading: 2.25 mol%. Ligand loading: 5 mol%. Base loading: 3 eq. What is the yield (%) and cost (US dollar per mol) of this reaction?","","-1,-1","[]"
"Here is a chemical reaction. Reactants are: Cn1cnc(C#N)c1, Fc1ccccc1Br. Product is: Cn1cnc(C#N)c1-c1ccccc1F. Reaction type is Pd catalyzed C-H arylation. The reaction conditions of this reaction are: Palladium Source: [PdCl(allyl)]2. Ligand: c1ccc(P(c2ccccc2)c2ccccc2)cc1. Solvent: CCCCOC(C)=O. Base: CsOAc. Reaction Temperature: 120 degrees centigrade. Reaction Concentration: 0.057 M. Palladium loading: 2.25 mol%. Ligand loading: 5 mol%. Base loading: 3 eq. What is the yield (%) and cost (US dollar per mol) of this reaction?","","-1,-1","[]"
"Here is a chemical reaction. Reactants are: Cn1cnc(C#N)c1, Fc1ccccc1Br. Product is: Cn1cnc(C#N)c1-c1ccccc1F. Reaction type is Pd catalyzed C-H arylation. The reaction conditions of this reaction are: Palladium Source: [PdCl(allyl)]2. Ligand: c1ccc(P(c2ccccc2)c2ccccc2)cc1. Solvent: CCCCOC(C)=O. Base: CsOAc. Reaction Temperature: 90 degrees centigrade. Reaction Concentration: 0.153 M. Palladium loading: 2.25 mol%. Ligand loading: 5 mol%. Base loading: 3 eq. What is the yield (%) and cost (US dollar per mol) of this reaction?","","-1,-1","[]"
"Here is a chemical reaction. Reactants are: Cn1cnc(C#N)c1, Fc1ccccc1Br. Product is: Cn1cnc(C#N)c1-c1ccccc1F. Reaction type is Pd catalyzed C-H arylation. The reaction conditions of this reaction are: Palladium Source: [PdCl(allyl)]2. Ligand: c1ccc(P(c2ccccc2)c2ccccc2)cc1. Solvent: CCCCOC(C)=O. Base: CsOAc. Reaction Temperature: 105 degrees centigrade. Reaction Concentration: 0.153 M. Palladium loading: 2.25 mol%. Ligand loading: 5 mol%. Base loading: 3 eq. What is the yield (%) and cost (US dollar per mol) of this reaction?","","-1,-1","[]"
"Here is a chemical reaction. Reactants are: Cn1cnc(C#N)c1, Fc1ccccc1Br. Product is: Cn1cnc(C#N)c1-c1ccccc1F. Reaction type is Pd catalyzed C-H arylation. The reaction conditions of this reaction are: Palladium Source: [PdCl(allyl)]2. Ligand: c1ccc(P(c2ccccc2)c2ccccc2)cc1. Solvent: CCCCOC(C)=O. Base: CsOAc. Reaction Temperature: 120 degrees centigrade. Reaction Concentration: 0.153 M. Palladium loading: 2.25 mol%. Ligand loading: 5 mol%. Base loading: 3 eq. What is the yield (%) and cost (US dollar per mol) of this reaction?","","-1,-1","[]"
"Here is a chemical reaction. Reactants are: Cn1cnc(C#N)c1, Fc1ccccc1Br. Product is: Cn1cnc(C#N)c1-c1ccccc1F. Reaction type is Pd catalyzed C-H arylation. The reaction conditions of this reaction are: Palladium Source: [PdCl(allyl)]2. Ligand: c1ccc(P(c2ccccc2)c2ccccc2)cc1. Solvent: CCCC#N. Base: CsOAc. Reaction Temperature: 90 degrees centigrade. Reaction Concentration: 0.1 M. Palladium loading: 2.25 mol%. Ligand loading: 5 mol%. Base loading: 3 eq. What is the yield (%) and cost (US dollar per mol) of this reaction?","","-1,-1","[]"
"Here is a chemical reaction. Reactants are: Cn1cnc(C#N)c1, Fc1ccccc1Br. Product is: Cn1cnc(C#N)c1-c1ccccc1F. Reaction type is Pd catalyzed C-H arylation. The reaction conditions of this reaction are: Palladium Source: [PdCl(allyl)]2. Ligand: c1ccc(P(c2ccccc2)c2ccccc2)cc1. Solvent: CCCC#N. Base: CsOAc. Reaction Temperature: 105 degrees centigrade. Reaction Concentration: 0.1 M. Palladium loading: 2.25 mol%. Ligand loading: 5 mol%. Base loading: 3 eq. What is the yield (%) and cost (US dollar per mol) of this reaction?","","-1,-1","[]"
"Here is a chemical reaction. Reactants are: Cn1cnc(C#N)c1, Fc1ccccc1Br. Product is: Cn1cnc(C#N)c1-c1ccccc1F. Reaction type is Pd catalyzed C-H arylation. The reaction conditions of this reaction are: Palladium Source: [PdCl(allyl)]2. Ligand: c1ccc(P(c2ccccc2)c2ccccc2)cc1. Solvent: CCCC#N. Base: CsOAc. Reaction Temperature: 120 degrees centigrade. Reaction Concentration: 0.1 M. Palladium loading: 2.25 mol%. Ligand loading: 5 mol%. Base loading: 3 eq. What is the yield (%) and cost (US dollar per mol) of this reaction?","","-1,-1","[]"
"Here is a chemical reaction. Reactants are: Cn1cnc(C#N)c1, Fc1ccccc1Br. Product is: Cn1cnc(C#N)c1-c1ccccc1F. Reaction type is Pd catalyzed C-H arylation. The reaction conditions of this reaction are: Palladium Source: [PdCl(allyl)]2. Ligand: c1ccc(P(c2ccccc2)c2ccccc2)cc1. Solvent: CCCC#N. Base: CsOAc. Reaction Temperature: 90 degrees centigrade. Reaction Concentration: 0.057 M. Palladium loading: 2.25 mol%. Ligand loading: 5 mol%. Base loading: 3 eq. What is the yield (%) and cost (US dollar per mol) of this reaction?","","-1,-1","[]"
"Here is a chemical reaction. Reactants are: Cn1cnc(C#N)c1, Fc1ccccc1Br. Product is: Cn1cnc(C#N)c1-c1ccccc1F. Reaction type is Pd catalyzed C-H arylation. The reaction conditions of this reaction are: Palladium Source: [PdCl(allyl)]2. Ligand: c1ccc(P(c2ccccc2)c2ccccc2)cc1. Solvent: CCCC#N. Base: CsOAc. Reaction Temperature: 105 degrees centigrade. Reaction Concentration: 0.057 M. Palladium loading: 2.25 mol%. Ligand loading: 5 mol%. Base loading: 3 eq. What is the yield (%) and cost (US dollar per mol) of this reaction?","","-1,-1","[]"
"Here is a chemical reaction. Reactants are: Cn1cnc(C#N)c1, Fc1ccccc1Br. Product is: Cn1cnc(C#N)c1-c1ccccc1F. Reaction type is Pd catalyzed C-H arylation. The reaction conditions of this reaction are: Palladium Source: [PdCl(allyl)]2. Ligand: c1ccc(P(c2ccccc2)c2ccccc2)cc1. Solvent: CCCC#N. Base: CsOAc. Reaction Temperature: 120 degrees centigrade. Reaction Concentration: 0.057 M. Palladium loading: 2.25 mol%. Ligand loading: 5 mol%. Base loading: 3 eq. What is the yield (%) and cost (US dollar per mol) of this reaction?","","-1,-1","[]"
"Here is a chemical reaction. Reactants are: Cn1cnc(C#N)c1, Fc1ccccc1Br. Product is: Cn1cnc(C#N)c1-c1ccccc1F. Reaction type is Pd catalyzed C-H arylation. The reaction conditions of this reaction are: Palladium Source: [PdCl(allyl)]2. Ligand: c1ccc(P(c2ccccc2)c2ccccc2)cc1. Solvent: CCCC#N. Base: CsOAc. Reaction Temperature: 90 degrees centigrade. Reaction Concentration: 0.153 M. Palladium loading: 2.25 mol%. Ligand loading: 5 mol%. Base loading: 3 eq. What is the yield (%) and cost (US dollar per mol) of this reaction?","","-1,-1","[]"
"Here is a chemical reaction. Reactants are: Cn1cnc(C#N)c1, Fc1ccccc1Br. Product is: Cn1cnc(C#N)c1-c1ccccc1F. Reaction type is Pd catalyzed C-H arylation. The reaction conditions of this reaction are: Palladium Source: [PdCl(allyl)]2. Ligand: c1ccc(P(c2ccccc2)c2ccccc2)cc1. Solvent: CCCC#N. Base: CsOAc. Reaction Temperature: 105 degrees centigrade. Reaction Concentration: 0.153 M. Palladium loading: 2.25 mol%. Ligand loading: 5 mol%. Base loading: 3 eq. What is the yield (%) and cost (US dollar per mol) of this reaction?","","-1,-1","[]"
"Here is a chemical reaction. Reactants are: Cn1cnc(C#N)c1, Fc1ccccc1Br. Product is: Cn1cnc(C#N)c1-c1ccccc1F. Reaction type is Pd catalyzed C-H arylation. The reaction conditions of this reaction are: Palladium Source: [PdCl(allyl)]2. Ligand: c1ccc(P(c2ccccc2)c2ccccc2)cc1. Solvent: CCCC#N. Base: CsOAc. Reaction Temperature: 120 degrees centigrade. Reaction Concentration: 0.153 M. Palladium loading: 2.25 mol%. Ligand loading: 5 mol%. Base loading: 3 eq. What is the yield (%) and cost (US dollar per mol) of this reaction?","","-1,-1","[]"
"Here is a chemical reaction. Reactants are: Cn1cnc(C#N)c1, Fc1ccccc1Br. Product is: Cn1cnc(C#N)c1-c1ccccc1F. Reaction type is Pd catalyzed C-H arylation. The reaction conditions of this reaction are: Palladium Source: [PdCl(allyl)]2. Ligand: c1ccc(P(c2ccccc2)c2ccccc2)cc1. Solvent: Cc1ccc(C)cc1. Base: CsOAc. Reaction Temperature: 90 degrees centigrade. Reaction Concentration: 0.1 M. Palladium loading: 2.25 mol%. Ligand loading: 5 mol%. Base loading: 3 eq. What is the yield (%) and cost (US dollar per mol) of this reaction?","","-1,-1","[]"
"Here is a chemical reaction. Reactants are: Cn1cnc(C#N)c1, Fc1ccccc1Br. Product is: Cn1cnc(C#N)c1-c1ccccc1F. Reaction type is Pd catalyzed C-H arylation. The reaction conditions of this reaction are: Palladium Source: [PdCl(allyl)]2. Ligand: c1ccc(P(c2ccccc2)c2ccccc2)cc1. Solvent: Cc1ccc(C)cc1. Base: CsOAc. Reaction Temperature: 105 degrees centigrade. Reaction Concentration: 0.1 M. Palladium loading: 2.25 mol%. Ligand loading: 5 mol%. Base loading: 3 eq. What is the yield (%) and cost (US dollar per mol) of this reaction?","","-1,-1","[]"
"Here is a chemical reaction. Reactants are: Cn1cnc(C#N)c1, Fc1ccccc1Br. Product is: Cn1cnc(C#N)c1-c1ccccc1F. Reaction type is Pd catalyzed C-H arylation. The reaction conditions of this reaction are: Palladium Source: [PdCl(allyl)]2. Ligand: c1ccc(P(c2ccccc2)c2ccccc2)cc1. Solvent: Cc1ccc(C)cc1. Base: CsOAc. Reaction Temperature: 120 degrees centigrade. Reaction Concentration: 0.1 M. Palladium loading: 2.25 mol%. Ligand loading: 5 mol%. Base loading: 3 eq. What is the yield (%) and cost (US dollar per mol) of this reaction?","","-1,-1","[]"
"Here is a chemical reaction. Reactants are: Cn1cnc(C#N)c1, Fc1ccccc1Br. Product is: Cn1cnc(C#N)c1-c1ccccc1F. Reaction type is Pd catalyzed C-H arylation. The reaction conditions of this reaction are: Palladium Source: [PdCl(allyl)]2. Ligand: c1ccc(P(c2ccccc2)c2ccccc2)cc1. Solvent: Cc1ccc(C)cc1. Base: CsOAc. Reaction Temperature: 90 degrees centigrade. Reaction Concentration: 0.057 M. Palladium loading: 2.25 mol%. Ligand loading: 5 mol%. Base loading: 3 eq. What is the yield (%) and cost (US dollar per mol) of this reaction?","","-1,-1","[]"
"Here is a chemical reaction. Reactants are: Cn1cnc(C#N)c1, Fc1ccccc1Br. Product is: Cn1cnc(C#N)c1-c1ccccc1F. Reaction type is Pd catalyzed C-H arylation. The reaction conditions of this reaction are: Palladium Source: [PdCl(allyl)]2. Ligand: c1ccc(P(c2ccccc2)c2ccccc2)cc1. Solvent: Cc1ccc(C)cc1. Base: CsOAc. Reaction Temperature: 105 degrees centigrade. Reaction Concentration: 0.057 M. Palladium loading: 2.25 mol%. Ligand loading: 5 mol%. Base loading: 3 eq. What is the yield (%) and cost (US dollar per mol) of this reaction?","","-1,-1","[]"
"Here is a chemical reaction. Reactants are: Cn1cnc(C#N)c1, Fc1ccccc1Br. Product is: Cn1cnc(C#N)c1-c1ccccc1F. Reaction type is Pd catalyzed C-H arylation. The reaction conditions of this reaction are: Palladium Source: [PdCl(allyl)]2. Ligand: c1ccc(P(c2ccccc2)c2ccccc2)cc1. Solvent: Cc1ccc(C)cc1. Base: CsOAc. Reaction Temperature: 120 degrees centigrade. Reaction Concentration: 0.057 M. Palladium loading: 2.25 mol%. Ligand loading: 5 mol%. Base loading: 3 eq. What is the yield (%) and cost (US dollar per mol) of this reaction?","","-1,-1","[]"
"Here is a chemical reaction. Reactants are: Cn1cnc(C#N)c1, Fc1ccccc1Br. Product is: Cn1cnc(C#N)c1-c1ccccc1F. Reaction type is Pd catalyzed C-H arylation. The reaction conditions of this reaction are: Palladium Source: [PdCl(allyl)]2. Ligand: c1ccc(P(c2ccccc2)c2ccccc2)cc1. Solvent: Cc1ccc(C)cc1. Base: CsOAc. Reaction Temperature: 90 degrees centigrade. Reaction Concentration: 0.153 M. Palladium loading: 2.25 mol%. Ligand loading: 5 mol%. Base loading: 3 eq. What is the yield (%) and cost (US dollar per mol) of this reaction?","","-1,-1","[]"
"Here is a chemical reaction. Reactants are: Cn1cnc(C#N)c1, Fc1ccccc1Br. Product is: Cn1cnc(C#N)c1-c1ccccc1F. Reaction type is Pd catalyzed C-H arylation. The reaction conditions of this reaction are: Palladium Source: [PdCl(allyl)]2. Ligand: c1ccc(P(c2ccccc2)c2ccccc2)cc1. Solvent: Cc1ccc(C)cc1. Base: CsOAc. Reaction Temperature: 105 degrees centigrade. Reaction Concentration: 0.153 M. Palladium loading: 2.25 mol%. Ligand loading: 5 mol%. Base loading: 3 eq. What is the yield (%) and cost (US dollar per mol) of this reaction?","","-1,-1","[]"
"Here is a chemical reaction. Reactants are: Cn1cnc(C#N)c1, Fc1ccccc1Br. Product is: Cn1cnc(C#N)c1-c1ccccc1F. Reaction type is Pd catalyzed C-H arylation. The reaction conditions of this reaction are: Palladium Source: [PdCl(allyl)]2. Ligand: c1ccc(P(c2ccccc2)c2ccccc2)cc1. Solvent: Cc1ccc(C)cc1. Base: CsOAc. Reaction Temperature: 120 degrees centigrade. Reaction Concentration: 0.153 M. Palladium loading: 2.25 mol%. Ligand loading: 5 mol%. Base loading: 3 eq. What is the yield (%) and cost (US dollar per mol) of this reaction?","","-1,-1","[]"
"Here is a chemical reaction. Reactants are: Cn1cnc(C#N)c1, Fc1ccccc1Br. Product is: Cn1cnc(C#N)c1-c1ccccc1F. Reaction type is Pd catalyzed C-H arylation. The reaction conditions of this reaction are: Palladium Source: [PdCl(allyl)]2. Ligand: c1ccc(P(c2ccccc2)c2ccccc2)cc1. Solvent: CC(=O)N(C)C. Base: CsOAc. Reaction Temperature: 90 degrees centigrade. Reaction Concentration: 0.1 M. Palladium loading: 2.25 mol%. Ligand loading: 5 mol%. Base loading: 3 eq. What is the yield (%) and cost (US dollar per mol) of this reaction?","","-1,-1","[]"
"Here is a chemical reaction. Reactants are: Cn1cnc(C#N)c1, Fc1ccccc1Br. Product is: Cn1cnc(C#N)c1-c1ccccc1F. Reaction type is Pd catalyzed C-H arylation. The reaction conditions of this reaction are: Palladium Source: [PdCl(allyl)]2. Ligand: c1ccc(P(c2ccccc2)c2ccccc2)cc1. Solvent: CC(=O)N(C)C. Base: CsOAc. Reaction Temperature: 105 degrees centigrade. Reaction Concentration: 0.1 M. Palladium loading: 2.25 mol%. Ligand loading: 5 mol%. Base loading: 3 eq. What is the yield (%) and cost (US dollar per mol) of this reaction?","","-1,-1","[]"
"Here is a chemical reaction. Reactants are: Cn1cnc(C#N)c1, Fc1ccccc1Br. Product is: Cn1cnc(C#N)c1-c1ccccc1F. Reaction type is Pd catalyzed C-H arylation. The reaction conditions of this reaction are: Palladium Source: [PdCl(allyl)]2. Ligand: c1ccc(P(c2ccccc2)c2ccccc2)cc1. Solvent: CC(=O)N(C)C. Base: CsOAc. Reaction Temperature: 120 degrees centigrade. Reaction Concentration: 0.1 M. Palladium loading: 2.25 mol%. Ligand loading: 5 mol%. Base loading: 3 eq. What is the yield (%) and cost (US dollar per mol) of this reaction?","","-1,-1","[]"
"Here is a chemical reaction. Reactants are: Cn1cnc(C#N)c1, Fc1ccccc1Br. Product is: Cn1cnc(C#N)c1-c1ccccc1F. Reaction type is Pd catalyzed C-H arylation. The reaction conditions of this reaction are: Palladium Source: [PdCl(allyl)]2. Ligand: c1ccc(P(c2ccccc2)c2ccccc2)cc1. Solvent: CC(=O)N(C)C. Base: CsOAc. Reaction Temperature: 90 degrees centigrade. Reaction Concentration: 0.057 M. Palladium loading: 2.25 mol%. Ligand loading: 5 mol%. Base loading: 3 eq. What is the yield (%) and cost (US dollar per mol) of this reaction?","","-1,-1","[]"
"Here is a chemical reaction. Reactants are: Cn1cnc(C#N)c1, Fc1ccccc1Br. Product is: Cn1cnc(C#N)c1-c1ccccc1F. Reaction type is Pd catalyzed C-H arylation. The reaction conditions of this reaction are: Palladium Source: [PdCl(allyl)]2. Ligand: c1ccc(P(c2ccccc2)c2ccccc2)cc1. Solvent: CC(=O)N(C)C. Base: CsOAc. Reaction Temperature: 105 degrees centigrade. Reaction Concentration: 0.057 M. Palladium loading: 2.25 mol%. Ligand loading: 5 mol%. Base loading: 3 eq. What is the yield (%) and cost (US dollar per mol) of this reaction?","","-1,-1","[]"
"Here is a chemical reaction. Reactants are: Cn1cnc(C#N)c1, Fc1ccccc1Br. Product is: Cn1cnc(C#N)c1-c1ccccc1F. Reaction type is Pd catalyzed C-H arylation. The reaction conditions of this reaction are: Palladium Source: [PdCl(allyl)]2. Ligand: c1ccc(P(c2ccccc2)c2ccccc2)cc1. Solvent: CC(=O)N(C)C. Base: CsOAc. Reaction Temperature: 120 degrees centigrade. Reaction Concentration: 0.057 M. Palladium loading: 2.25 mol%. Ligand loading: 5 mol%. Base loading: 3 eq. What is the yield (%) and cost (US dollar per mol) of this reaction?","","-1,-1","[]"
"Here is a chemical reaction. Reactants are: Cn1cnc(C#N)c1, Fc1ccccc1Br. Product is: Cn1cnc(C#N)c1-c1ccccc1F. Reaction type is Pd catalyzed C-H arylation. The reaction conditions of this reaction are: Palladium Source: [PdCl(allyl)]2. Ligand: c1ccc(P(c2ccccc2)c2ccccc2)cc1. Solvent: CC(=O)N(C)C. Base: CsOAc. Reaction Temperature: 90 degrees centigrade. Reaction Concentration: 0.153 M. Palladium loading: 2.25 mol%. Ligand loading: 5 mol%. Base loading: 3 eq. What is the yield (%) and cost (US dollar per mol) of this reaction?","","-1,-1","[]"
"Here is a chemical reaction. Reactants are: Cn1cnc(C#N)c1, Fc1ccccc1Br. Product is: Cn1cnc(C#N)c1-c1ccccc1F. Reaction type is Pd catalyzed C-H arylation. The reaction conditions of this reaction are: Palladium Source: [PdCl(allyl)]2. Ligand: c1ccc(P(c2ccccc2)c2ccccc2)cc1. Solvent: CC(=O)N(C)C. Base: CsOAc. Reaction Temperature: 105 degrees centigrade. Reaction Concentration: 0.153 M. Palladium loading: 2.25 mol%. Ligand loading: 5 mol%. Base loading: 3 eq. What is the yield (%) and cost (US dollar per mol) of this reaction?","","-1,-1","[]"
"Here is a chemical reaction. Reactants are: Cn1cnc(C#N)c1, Fc1ccccc1Br. Product is: Cn1cnc(C#N)c1-c1ccccc1F. Reaction type is Pd catalyzed C-H arylation. The reaction conditions of this reaction are: Palladium Source: [PdCl(allyl)]2. Ligand: c1ccc(P(c2ccccc2)c2ccccc2)cc1. Solvent: CC(=O)N(C)C. Base: CsOAc. Reaction Temperature: 120 degrees centigrade. Reaction Concentration: 0.153 M. Palladium loading: 2.25 mol%. Ligand loading: 5 mol%. Base loading: 3 eq. What is the yield (%) and cost (US dollar per mol) of this reaction?","","-1,-1","[]"
"Here is a chemical reaction. Reactants are: Cn1cnc(C#N)c1, Fc1ccccc1Br. Product is: Cn1cnc(C#N)c1-c1ccccc1F. Reaction type is Pd catalyzed C-H arylation. The reaction conditions of this reaction are: Palladium Source: [PdCl(allyl)]2. Ligand: c1ccc(P(c2ccccc2)c2ccccc2)cc1. Solvent: CCCCOC(C)=O. Base: KOPiv. Reaction Temperature: 90 degrees centigrade. Reaction Concentration: 0.1 M. Palladium loading: 2.25 mol%. Ligand loading: 5 mol%. Base loading: 3 eq. What is the yield (%) and cost (US dollar per mol) of this reaction?","","-1,-1","[]"
"Here is a chemical reaction. Reactants are: Cn1cnc(C#N)c1, Fc1ccccc1Br. Product is: Cn1cnc(C#N)c1-c1ccccc1F. Reaction type is Pd catalyzed C-H arylation. The reaction conditions of this reaction are: Palladium Source: [PdCl(allyl)]2. Ligand: c1ccc(P(c2ccccc2)c2ccccc2)cc1. Solvent: CCCCOC(C)=O. Base: KOPiv. Reaction Temperature: 105 degrees centigrade. Reaction Concentration: 0.1 M. Palladium loading: 2.25 mol%. Ligand loading: 5 mol%. Base loading: 3 eq. What is the yield (%) and cost (US dollar per mol) of this reaction?","","-1,-1","[]"
"Here is a chemical reaction. Reactants are: Cn1cnc(C#N)c1, Fc1ccccc1Br. Product is: Cn1cnc(C#N)c1-c1ccccc1F. Reaction type is Pd catalyzed C-H arylation. The reaction conditions of this reaction are: Palladium Source: [PdCl(allyl)]2. Ligand: c1ccc(P(c2ccccc2)c2ccccc2)cc1. Solvent: CCCCOC(C)=O. Base: KOPiv. Reaction Temperature: 120 degrees centigrade. Reaction Concentration: 0.1 M. Palladium loading: 2.25 mol%. Ligand loading: 5 mol%. Base loading: 3 eq. What is the yield (%) and cost (US dollar per mol) of this reaction?","","-1,-1","[]"
"Here is a chemical reaction. Reactants are: Cn1cnc(C#N)c1, Fc1ccccc1Br. Product is: Cn1cnc(C#N)c1-c1ccccc1F. Reaction type is Pd catalyzed C-H arylation. The reaction conditions of this reaction are: Palladium Source: [PdCl(allyl)]2. Ligand: c1ccc(P(c2ccccc2)c2ccccc2)cc1. Solvent: CCCCOC(C)=O. Base: KOPiv. Reaction Temperature: 90 degrees centigrade. Reaction Concentration: 0.057 M. Palladium loading: 2.25 mol%. Ligand loading: 5 mol%. Base loading: 3 eq. What is the yield (%) and cost (US dollar per mol) of this reaction?","","-1,-1","[]"
"Here is a chemical reaction. Reactants are: Cn1cnc(C#N)c1, Fc1ccccc1Br. Product is: Cn1cnc(C#N)c1-c1ccccc1F. Reaction type is Pd catalyzed C-H arylation. The reaction conditions of this reaction are: Palladium Source: [PdCl(allyl)]2. Ligand: c1ccc(P(c2ccccc2)c2ccccc2)cc1. Solvent: CCCCOC(C)=O. Base: KOPiv. Reaction Temperature: 105 degrees centigrade. Reaction Concentration: 0.057 M. Palladium loading: 2.25 mol%. Ligand loading: 5 mol%. Base loading: 3 eq. What is the yield (%) and cost (US dollar per mol) of this reaction?","","-1,-1","[]"
"Here is a chemical reaction. Reactants are: Cn1cnc(C#N)c1, Fc1ccccc1Br. Product is: Cn1cnc(C#N)c1-c1ccccc1F. Reaction type is Pd catalyzed C-H arylation. The reaction conditions of this reaction are: Palladium Source: [PdCl(allyl)]2. Ligand: c1ccc(P(c2ccccc2)c2ccccc2)cc1. Solvent: CCCCOC(C)=O. Base: KOPiv. Reaction Temperature: 120 degrees centigrade. Reaction Concentration: 0.057 M. Palladium loading: 2.25 mol%. Ligand loading: 5 mol%. Base loading: 3 eq. What is the yield (%) and cost (US dollar per mol) of this reaction?","","-1,-1","[]"
"Here is a chemical reaction. Reactants are: Cn1cnc(C#N)c1, Fc1ccccc1Br. Product is: Cn1cnc(C#N)c1-c1ccccc1F. Reaction type is Pd catalyzed C-H arylation. The reaction conditions of this reaction are: Palladium Source: [PdCl(allyl)]2. Ligand: c1ccc(P(c2ccccc2)c2ccccc2)cc1. Solvent: CCCCOC(C)=O. Base: KOPiv. Reaction Temperature: 90 degrees centigrade. Reaction Concentration: 0.153 M. Palladium loading: 2.25 mol%. Ligand loading: 5 mol%. Base loading: 3 eq. What is the yield (%) and cost (US dollar per mol) of this reaction?","","-1,-1","[]"
"Here is a chemical reaction. Reactants are: Cn1cnc(C#N)c1, Fc1ccccc1Br. Product is: Cn1cnc(C#N)c1-c1ccccc1F. Reaction type is Pd catalyzed C-H arylation. The reaction conditions of this reaction are: Palladium Source: [PdCl(allyl)]2. Ligand: c1ccc(P(c2ccccc2)c2ccccc2)cc1. Solvent: CCCCOC(C)=O. Base: KOPiv. Reaction Temperature: 105 degrees centigrade. Reaction Concentration: 0.153 M. Palladium loading: 2.25 mol%. Ligand loading: 5 mol%. Base loading: 3 eq. What is the yield (%) and cost (US dollar per mol) of this reaction?","","-1,-1","[]"
"Here is a chemical reaction. Reactants are: Cn1cnc(C#N)c1, Fc1ccccc1Br. Product is: Cn1cnc(C#N)c1-c1ccccc1F. Reaction type is Pd catalyzed C-H arylation. The reaction conditions of this reaction are: Palladium Source: [PdCl(allyl)]2. Ligand: c1ccc(P(c2ccccc2)c2ccccc2)cc1. Solvent: CCCCOC(C)=O. Base: KOPiv. Reaction Temperature: 120 degrees centigrade. Reaction Concentration: 0.153 M. Palladium loading: 2.25 mol%. Ligand loading: 5 mol%. Base loading: 3 eq. What is the yield (%) and cost (US dollar per mol) of this reaction?","","-1,-1","[]"
"Here is a chemical reaction. Reactants are: Cn1cnc(C#N)c1, Fc1ccccc1Br. Product is: Cn1cnc(C#N)c1-c1ccccc1F. Reaction type is Pd catalyzed C-H arylation. The reaction conditions of this reaction are: Palladium Source: [PdCl(allyl)]2. Ligand: c1ccc(P(c2ccccc2)c2ccccc2)cc1. Solvent: CCCC#N. Base: KOPiv. Reaction Temperature: 90 degrees centigrade. Reaction Concentration: 0.1 M. Palladium loading: 2.25 mol%. Ligand loading: 5 mol%. Base loading: 3 eq. What is the yield (%) and cost (US dollar per mol) of this reaction?","","-1,-1","[]"
"Here is a chemical reaction. Reactants are: Cn1cnc(C#N)c1, Fc1ccccc1Br. Product is: Cn1cnc(C#N)c1-c1ccccc1F. Reaction type is Pd catalyzed C-H arylation. The reaction conditions of this reaction are: Palladium Source: [PdCl(allyl)]2. Ligand: c1ccc(P(c2ccccc2)c2ccccc2)cc1. Solvent: CCCC#N. Base: KOPiv. Reaction Temperature: 105 degrees centigrade. Reaction Concentration: 0.1 M. Palladium loading: 2.25 mol%. Ligand loading: 5 mol%. Base loading: 3 eq. What is the yield (%) and cost (US dollar per mol) of this reaction?","","-1,-1","[]"
"Here is a chemical reaction. Reactants are: Cn1cnc(C#N)c1, Fc1ccccc1Br. Product is: Cn1cnc(C#N)c1-c1ccccc1F. Reaction type is Pd catalyzed C-H arylation. The reaction conditions of this reaction are: Palladium Source: [PdCl(allyl)]2. Ligand: c1ccc(P(c2ccccc2)c2ccccc2)cc1. Solvent: CCCC#N. Base: KOPiv. Reaction Temperature: 120 degrees centigrade. Reaction Concentration: 0.1 M. Palladium loading: 2.25 mol%. Ligand loading: 5 mol%. Base loading: 3 eq. What is the yield (%) and cost (US dollar per mol) of this reaction?","","-1,-1","[]"
"Here is a chemical reaction. Reactants are: Cn1cnc(C#N)c1, Fc1ccccc1Br. Product is: Cn1cnc(C#N)c1-c1ccccc1F. Reaction type is Pd catalyzed C-H arylation. The reaction conditions of this reaction are: Palladium Source: [PdCl(allyl)]2. Ligand: c1ccc(P(c2ccccc2)c2ccccc2)cc1. Solvent: CCCC#N. Base: KOPiv. Reaction Temperature: 90 degrees centigrade. Reaction Concentration: 0.057 M. Palladium loading: 2.25 mol%. Ligand loading: 5 mol%. Base loading: 3 eq. What is the yield (%) and cost (US dollar per mol) of this reaction?","","-1,-1","[]"
"Here is a chemical reaction. Reactants are: Cn1cnc(C#N)c1, Fc1ccccc1Br. Product is: Cn1cnc(C#N)c1-c1ccccc1F. Reaction type is Pd catalyzed C-H arylation. The reaction conditions of this reaction are: Palladium Source: [PdCl(allyl)]2. Ligand: c1ccc(P(c2ccccc2)c2ccccc2)cc1. Solvent: CCCC#N. Base: KOPiv. Reaction Temperature: 105 degrees centigrade. Reaction Concentration: 0.057 M. Palladium loading: 2.25 mol%. Ligand loading: 5 mol%. Base loading: 3 eq. What is the yield (%) and cost (US dollar per mol) of this reaction?","","-1,-1","[]"
"Here is a chemical reaction. Reactants are: Cn1cnc(C#N)c1, Fc1ccccc1Br. Product is: Cn1cnc(C#N)c1-c1ccccc1F. Reaction type is Pd catalyzed C-H arylation. The reaction conditions of this reaction are: Palladium Source: [PdCl(allyl)]2. Ligand: c1ccc(P(c2ccccc2)c2ccccc2)cc1. Solvent: CCCC#N. Base: KOPiv. Reaction Temperature: 120 degrees centigrade. Reaction Concentration: 0.057 M. Palladium loading: 2.25 mol%. Ligand loading: 5 mol%. Base loading: 3 eq. What is the yield (%) and cost (US dollar per mol) of this reaction?","","-1,-1","[]"
"Here is a chemical reaction. Reactants are: Cn1cnc(C#N)c1, Fc1ccccc1Br. Product is: Cn1cnc(C#N)c1-c1ccccc1F. Reaction type is Pd catalyzed C-H arylation. The reaction conditions of this reaction are: Palladium Source: [PdCl(allyl)]2. Ligand: c1ccc(P(c2ccccc2)c2ccccc2)cc1. Solvent: CCCC#N. Base: KOPiv. Reaction Temperature: 90 degrees centigrade. Reaction Concentration: 0.153 M. Palladium loading: 2.25 mol%. Ligand loading: 5 mol%. Base loading: 3 eq. What is the yield (%) and cost (US dollar per mol) of this reaction?","","-1,-1","[]"
"Here is a chemical reaction. Reactants are: Cn1cnc(C#N)c1, Fc1ccccc1Br. Product is: Cn1cnc(C#N)c1-c1ccccc1F. Reaction type is Pd catalyzed C-H arylation. The reaction conditions of this reaction are: Palladium Source: [PdCl(allyl)]2. Ligand: c1ccc(P(c2ccccc2)c2ccccc2)cc1. Solvent: CCCC#N. Base: KOPiv. Reaction Temperature: 105 degrees centigrade. Reaction Concentration: 0.153 M. Palladium loading: 2.25 mol%. Ligand loading: 5 mol%. Base loading: 3 eq. What is the yield (%) and cost (US dollar per mol) of this reaction?","","-1,-1","[]"
"Here is a chemical reaction. Reactants are: Cn1cnc(C#N)c1, Fc1ccccc1Br. Product is: Cn1cnc(C#N)c1-c1ccccc1F. Reaction type is Pd catalyzed C-H arylation. The reaction conditions of this reaction are: Palladium Source: [PdCl(allyl)]2. Ligand: c1ccc(P(c2ccccc2)c2ccccc2)cc1. Solvent: CCCC#N. Base: KOPiv. Reaction Temperature: 120 degrees centigrade. Reaction Concentration: 0.153 M. Palladium loading: 2.25 mol%. Ligand loading: 5 mol%. Base loading: 3 eq. What is the yield (%) and cost (US dollar per mol) of this reaction?","","-1,-1","[]"
"Here is a chemical reaction. Reactants are: Cn1cnc(C#N)c1, Fc1ccccc1Br. Product is: Cn1cnc(C#N)c1-c1ccccc1F. Reaction type is Pd catalyzed C-H arylation. The reaction conditions of this reaction are: Palladium Source: [PdCl(allyl)]2. Ligand: c1ccc(P(c2ccccc2)c2ccccc2)cc1. Solvent: Cc1ccc(C)cc1. Base: KOPiv. Reaction Temperature: 90 degrees centigrade. Reaction Concentration: 0.1 M. Palladium loading: 2.25 mol%. Ligand loading: 5 mol%. Base loading: 3 eq. What is the yield (%) and cost (US dollar per mol) of this reaction?","","-1,-1","[]"
"Here is a chemical reaction. Reactants are: Cn1cnc(C#N)c1, Fc1ccccc1Br. Product is: Cn1cnc(C#N)c1-c1ccccc1F. Reaction type is Pd catalyzed C-H arylation. The reaction conditions of this reaction are: Palladium Source: [PdCl(allyl)]2. Ligand: c1ccc(P(c2ccccc2)c2ccccc2)cc1. Solvent: Cc1ccc(C)cc1. Base: KOPiv. Reaction Temperature: 105 degrees centigrade. Reaction Concentration: 0.1 M. Palladium loading: 2.25 mol%. Ligand loading: 5 mol%. Base loading: 3 eq. What is the yield (%) and cost (US dollar per mol) of this reaction?","","-1,-1","[]"
"Here is a chemical reaction. Reactants are: Cn1cnc(C#N)c1, Fc1ccccc1Br. Product is: Cn1cnc(C#N)c1-c1ccccc1F. Reaction type is Pd catalyzed C-H arylation. The reaction conditions of this reaction are: Palladium Source: [PdCl(allyl)]2. Ligand: c1ccc(P(c2ccccc2)c2ccccc2)cc1. Solvent: Cc1ccc(C)cc1. Base: KOPiv. Reaction Temperature: 120 degrees centigrade. Reaction Concentration: 0.1 M. Palladium loading: 2.25 mol%. Ligand loading: 5 mol%. Base loading: 3 eq. What is the yield (%) and cost (US dollar per mol) of this reaction?","","-1,-1","[]"
"Here is a chemical reaction. Reactants are: Cn1cnc(C#N)c1, Fc1ccccc1Br. Product is: Cn1cnc(C#N)c1-c1ccccc1F. Reaction type is Pd catalyzed C-H arylation. The reaction conditions of this reaction are: Palladium Source: [PdCl(allyl)]2. Ligand: c1ccc(P(c2ccccc2)c2ccccc2)cc1. Solvent: Cc1ccc(C)cc1. Base: KOPiv. Reaction Temperature: 90 degrees centigrade. Reaction Concentration: 0.057 M. Palladium loading: 2.25 mol%. Ligand loading: 5 mol%. Base loading: 3 eq. What is the yield (%) and cost (US dollar per mol) of this reaction?","","-1,-1","[]"
"Here is a chemical reaction. Reactants are: Cn1cnc(C#N)c1, Fc1ccccc1Br. Product is: Cn1cnc(C#N)c1-c1ccccc1F. Reaction type is Pd catalyzed C-H arylation. The reaction conditions of this reaction are: Palladium Source: [PdCl(allyl)]2. Ligand: c1ccc(P(c2ccccc2)c2ccccc2)cc1. Solvent: Cc1ccc(C)cc1. Base: KOPiv. Reaction Temperature: 105 degrees centigrade. Reaction Concentration: 0.057 M. Palladium loading: 2.25 mol%. Ligand loading: 5 mol%. Base loading: 3 eq. What is the yield (%) and cost (US dollar per mol) of this reaction?","","-1,-1","[]"
"Here is a chemical reaction. Reactants are: Cn1cnc(C#N)c1, Fc1ccccc1Br. Product is: Cn1cnc(C#N)c1-c1ccccc1F. Reaction type is Pd catalyzed C-H arylation. The reaction conditions of this reaction are: Palladium Source: [PdCl(allyl)]2. Ligand: c1ccc(P(c2ccccc2)c2ccccc2)cc1. Solvent: Cc1ccc(C)cc1. Base: KOPiv. Reaction Temperature: 120 degrees centigrade. Reaction Concentration: 0.057 M. Palladium loading: 2.25 mol%. Ligand loading: 5 mol%. Base loading: 3 eq. What is the yield (%) and cost (US dollar per mol) of this reaction?","","-1,-1","[]"
"Here is a chemical reaction. Reactants are: Cn1cnc(C#N)c1, Fc1ccccc1Br. Product is: Cn1cnc(C#N)c1-c1ccccc1F. Reaction type is Pd catalyzed C-H arylation. The reaction conditions of this reaction are: Palladium Source: [PdCl(allyl)]2. Ligand: c1ccc(P(c2ccccc2)c2ccccc2)cc1. Solvent: Cc1ccc(C)cc1. Base: KOPiv. Reaction Temperature: 90 degrees centigrade. Reaction Concentration: 0.153 M. Palladium loading: 2.25 mol%. Ligand loading: 5 mol%. Base loading: 3 eq. What is the yield (%) and cost (US dollar per mol) of this reaction?","","-1,-1","[]"
"Here is a chemical reaction. Reactants are: Cn1cnc(C#N)c1, Fc1ccccc1Br. Product is: Cn1cnc(C#N)c1-c1ccccc1F. Reaction type is Pd catalyzed C-H arylation. The reaction conditions of this reaction are: Palladium Source: [PdCl(allyl)]2. Ligand: c1ccc(P(c2ccccc2)c2ccccc2)cc1. Solvent: Cc1ccc(C)cc1. Base: KOPiv. Reaction Temperature: 105 degrees centigrade. Reaction Concentration: 0.153 M. Palladium loading: 2.25 mol%. Ligand loading: 5 mol%. Base loading: 3 eq. What is the yield (%) and cost (US dollar per mol) of this reaction?","","-1,-1","[]"
"Here is a chemical reaction. Reactants are: Cn1cnc(C#N)c1, Fc1ccccc1Br. Product is: Cn1cnc(C#N)c1-c1ccccc1F. Reaction type is Pd catalyzed C-H arylation. The reaction conditions of this reaction are: Palladium Source: [PdCl(allyl)]2. Ligand: c1ccc(P(c2ccccc2)c2ccccc2)cc1. Solvent: Cc1ccc(C)cc1. Base: KOPiv. Reaction Temperature: 120 degrees centigrade. Reaction Concentration: 0.153 M. Palladium loading: 2.25 mol%. Ligand loading: 5 mol%. Base loading: 3 eq. What is the yield (%) and cost (US dollar per mol) of this reaction?","","-1,-1","[]"
"Here is a chemical reaction. Reactants are: Cn1cnc(C#N)c1, Fc1ccccc1Br. Product is: Cn1cnc(C#N)c1-c1ccccc1F. Reaction type is Pd catalyzed C-H arylation. The reaction conditions of this reaction are: Palladium Source: [PdCl(allyl)]2. Ligand: c1ccc(P(c2ccccc2)c2ccccc2)cc1. Solvent: CC(=O)N(C)C. Base: KOPiv. Reaction Temperature: 90 degrees centigrade. Reaction Concentration: 0.1 M. Palladium loading: 2.25 mol%. Ligand loading: 5 mol%. Base loading: 3 eq. What is the yield (%) and cost (US dollar per mol) of this reaction?","","-1,-1","[]"
"Here is a chemical reaction. Reactants are: Cn1cnc(C#N)c1, Fc1ccccc1Br. Product is: Cn1cnc(C#N)c1-c1ccccc1F. Reaction type is Pd catalyzed C-H arylation. The reaction conditions of this reaction are: Palladium Source: [PdCl(allyl)]2. Ligand: c1ccc(P(c2ccccc2)c2ccccc2)cc1. Solvent: CC(=O)N(C)C. Base: KOPiv. Reaction Temperature: 105 degrees centigrade. Reaction Concentration: 0.1 M. Palladium loading: 2.25 mol%. Ligand loading: 5 mol%. Base loading: 3 eq. What is the yield (%) and cost (US dollar per mol) of this reaction?","","-1,-1","[]"
"Here is a chemical reaction. Reactants are: Cn1cnc(C#N)c1, Fc1ccccc1Br. Product is: Cn1cnc(C#N)c1-c1ccccc1F. Reaction type is Pd catalyzed C-H arylation. The reaction conditions of this reaction are: Palladium Source: [PdCl(allyl)]2. Ligand: c1ccc(P(c2ccccc2)c2ccccc2)cc1. Solvent: CC(=O)N(C)C. Base: KOPiv. Reaction Temperature: 120 degrees centigrade. Reaction Concentration: 0.1 M. Palladium loading: 2.25 mol%. Ligand loading: 5 mol%. Base loading: 3 eq. What is the yield (%) and cost (US dollar per mol) of this reaction?","","-1,-1","[]"
"Here is a chemical reaction. Reactants are: Cn1cnc(C#N)c1, Fc1ccccc1Br. Product is: Cn1cnc(C#N)c1-c1ccccc1F. Reaction type is Pd catalyzed C-H arylation. The reaction conditions of this reaction are: Palladium Source: [PdCl(allyl)]2. Ligand: c1ccc(P(c2ccccc2)c2ccccc2)cc1. Solvent: CC(=O)N(C)C. Base: KOPiv. Reaction Temperature: 90 degrees centigrade. Reaction Concentration: 0.057 M. Palladium loading: 2.25 mol%. Ligand loading: 5 mol%. Base loading: 3 eq. What is the yield (%) and cost (US dollar per mol) of this reaction?","","-1,-1","[]"
"Here is a chemical reaction. Reactants are: Cn1cnc(C#N)c1, Fc1ccccc1Br. Product is: Cn1cnc(C#N)c1-c1ccccc1F. Reaction type is Pd catalyzed C-H arylation. The reaction conditions of this reaction are: Palladium Source: [PdCl(allyl)]2. Ligand: c1ccc(P(c2ccccc2)c2ccccc2)cc1. Solvent: CC(=O)N(C)C. Base: KOPiv. Reaction Temperature: 105 degrees centigrade. Reaction Concentration: 0.057 M. Palladium loading: 2.25 mol%. Ligand loading: 5 mol%. Base loading: 3 eq. What is the yield (%) and cost (US dollar per mol) of this reaction?","","-1,-1","[]"
"Here is a chemical reaction. Reactants are: Cn1cnc(C#N)c1, Fc1ccccc1Br. Product is: Cn1cnc(C#N)c1-c1ccccc1F. Reaction type is Pd catalyzed C-H arylation. The reaction conditions of this reaction are: Palladium Source: [PdCl(allyl)]2. Ligand: c1ccc(P(c2ccccc2)c2ccccc2)cc1. Solvent: CC(=O)N(C)C. Base: KOPiv. Reaction Temperature: 120 degrees centigrade. Reaction Concentration: 0.057 M. Palladium loading: 2.25 mol%. Ligand loading: 5 mol%. Base loading: 3 eq. What is the yield (%) and cost (US dollar per mol) of this reaction?","","-1,-1","[]"
"Here is a chemical reaction. Reactants are: Cn1cnc(C#N)c1, Fc1ccccc1Br. Product is: Cn1cnc(C#N)c1-c1ccccc1F. Reaction type is Pd catalyzed C-H arylation. The reaction conditions of this reaction are: Palladium Source: [PdCl(allyl)]2. Ligand: c1ccc(P(c2ccccc2)c2ccccc2)cc1. Solvent: CC(=O)N(C)C. Base: KOPiv. Reaction Temperature: 90 degrees centigrade. Reaction Concentration: 0.153 M. Palladium loading: 2.25 mol%. Ligand loading: 5 mol%. Base loading: 3 eq. What is the yield (%) and cost (US dollar per mol) of this reaction?","","-1,-1","[]"
"Here is a chemical reaction. Reactants are: Cn1cnc(C#N)c1, Fc1ccccc1Br. Product is: Cn1cnc(C#N)c1-c1ccccc1F. Reaction type is Pd catalyzed C-H arylation. The reaction conditions of this reaction are: Palladium Source: [PdCl(allyl)]2. Ligand: c1ccc(P(c2ccccc2)c2ccccc2)cc1. Solvent: CC(=O)N(C)C. Base: KOPiv. Reaction Temperature: 105 degrees centigrade. Reaction Concentration: 0.153 M. Palladium loading: 2.25 mol%. Ligand loading: 5 mol%. Base loading: 3 eq. What is the yield (%) and cost (US dollar per mol) of this reaction?","","-1,-1","[]"
"Here is a chemical reaction. Reactants are: Cn1cnc(C#N)c1, Fc1ccccc1Br. Product is: Cn1cnc(C#N)c1-c1ccccc1F. Reaction type is Pd catalyzed C-H arylation. The reaction conditions of this reaction are: Palladium Source: [PdCl(allyl)]2. Ligand: c1ccc(P(c2ccccc2)c2ccccc2)cc1. Solvent: CC(=O)N(C)C. Base: KOPiv. Reaction Temperature: 120 degrees centigrade. Reaction Concentration: 0.153 M. Palladium loading: 2.25 mol%. Ligand loading: 5 mol%. Base loading: 3 eq. What is the yield (%) and cost (US dollar per mol) of this reaction?","","-1,-1","[]"
"Here is a chemical reaction. Reactants are: Cn1cnc(C#N)c1, Fc1ccccc1Br. Product is: Cn1cnc(C#N)c1-c1ccccc1F. Reaction type is Pd catalyzed C-H arylation. The reaction conditions of this reaction are: Palladium Source: [PdCl(allyl)]2. Ligand: c1ccc(P(c2ccccc2)c2ccccc2)cc1. Solvent: CCCCOC(C)=O. Base: CsOPiv. Reaction Temperature: 90 degrees centigrade. Reaction Concentration: 0.1 M. Palladium loading: 2.25 mol%. Ligand loading: 5 mol%. Base loading: 3 eq. What is the yield (%) and cost (US dollar per mol) of this reaction?","","-1,-1","[]"
"Here is a chemical reaction. Reactants are: Cn1cnc(C#N)c1, Fc1ccccc1Br. Product is: Cn1cnc(C#N)c1-c1ccccc1F. Reaction type is Pd catalyzed C-H arylation. The reaction conditions of this reaction are: Palladium Source: [PdCl(allyl)]2. Ligand: c1ccc(P(c2ccccc2)c2ccccc2)cc1. Solvent: CCCCOC(C)=O. Base: CsOPiv. Reaction Temperature: 105 degrees centigrade. Reaction Concentration: 0.1 M. Palladium loading: 2.25 mol%. Ligand loading: 5 mol%. Base loading: 3 eq. What is the yield (%) and cost (US dollar per mol) of this reaction?","","-1,-1","[]"
"Here is a chemical reaction. Reactants are: Cn1cnc(C#N)c1, Fc1ccccc1Br. Product is: Cn1cnc(C#N)c1-c1ccccc1F. Reaction type is Pd catalyzed C-H arylation. The reaction conditions of this reaction are: Palladium Source: [PdCl(allyl)]2. Ligand: c1ccc(P(c2ccccc2)c2ccccc2)cc1. Solvent: CCCCOC(C)=O. Base: CsOPiv. Reaction Temperature: 120 degrees centigrade. Reaction Concentration: 0.1 M. Palladium loading: 2.25 mol%. Ligand loading: 5 mol%. Base loading: 3 eq. What is the yield (%) and cost (US dollar per mol) of this reaction?","","-1,-1","[]"
"Here is a chemical reaction. Reactants are: Cn1cnc(C#N)c1, Fc1ccccc1Br. Product is: Cn1cnc(C#N)c1-c1ccccc1F. Reaction type is Pd catalyzed C-H arylation. The reaction conditions of this reaction are: Palladium Source: [PdCl(allyl)]2. Ligand: c1ccc(P(c2ccccc2)c2ccccc2)cc1. Solvent: CCCCOC(C)=O. Base: CsOPiv. Reaction Temperature: 90 degrees centigrade. Reaction Concentration: 0.057 M. Palladium loading: 2.25 mol%. Ligand loading: 5 mol%. Base loading: 3 eq. What is the yield (%) and cost (US dollar per mol) of this reaction?","","-1,-1","[]"
"Here is a chemical reaction. Reactants are: Cn1cnc(C#N)c1, Fc1ccccc1Br. Product is: Cn1cnc(C#N)c1-c1ccccc1F. Reaction type is Pd catalyzed C-H arylation. The reaction conditions of this reaction are: Palladium Source: [PdCl(allyl)]2. Ligand: c1ccc(P(c2ccccc2)c2ccccc2)cc1. Solvent: CCCCOC(C)=O. Base: CsOPiv. Reaction Temperature: 105 degrees centigrade. Reaction Concentration: 0.057 M. Palladium loading: 2.25 mol%. Ligand loading: 5 mol%. Base loading: 3 eq. What is the yield (%) and cost (US dollar per mol) of this reaction?","","-1,-1","[]"
"Here is a chemical reaction. Reactants are: Cn1cnc(C#N)c1, Fc1ccccc1Br. Product is: Cn1cnc(C#N)c1-c1ccccc1F. Reaction type is Pd catalyzed C-H arylation. The reaction conditions of this reaction are: Palladium Source: [PdCl(allyl)]2. Ligand: c1ccc(P(c2ccccc2)c2ccccc2)cc1. Solvent: CCCCOC(C)=O. Base: CsOPiv. Reaction Temperature: 120 degrees centigrade. Reaction Concentration: 0.057 M. Palladium loading: 2.25 mol%. Ligand loading: 5 mol%. Base loading: 3 eq. What is the yield (%) and cost (US dollar per mol) of this reaction?","","-1,-1","[]"
"Here is a chemical reaction. Reactants are: Cn1cnc(C#N)c1, Fc1ccccc1Br. Product is: Cn1cnc(C#N)c1-c1ccccc1F. Reaction type is Pd catalyzed C-H arylation. The reaction conditions of this reaction are: Palladium Source: [PdCl(allyl)]2. Ligand: c1ccc(P(c2ccccc2)c2ccccc2)cc1. Solvent: CCCCOC(C)=O. Base: CsOPiv. Reaction Temperature: 90 degrees centigrade. Reaction Concentration: 0.153 M. Palladium loading: 2.25 mol%. Ligand loading: 5 mol%. Base loading: 3 eq. What is the yield (%) and cost (US dollar per mol) of this reaction?","","-1,-1","[]"
"Here is a chemical reaction. Reactants are: Cn1cnc(C#N)c1, Fc1ccccc1Br. Product is: Cn1cnc(C#N)c1-c1ccccc1F. Reaction type is Pd catalyzed C-H arylation. The reaction conditions of this reaction are: Palladium Source: [PdCl(allyl)]2. Ligand: c1ccc(P(c2ccccc2)c2ccccc2)cc1. Solvent: CCCCOC(C)=O. Base: CsOPiv. Reaction Temperature: 105 degrees centigrade. Reaction Concentration: 0.153 M. Palladium loading: 2.25 mol%. Ligand loading: 5 mol%. Base loading: 3 eq. What is the yield (%) and cost (US dollar per mol) of this reaction?","","-1,-1","[]"
"Here is a chemical reaction. Reactants are: Cn1cnc(C#N)c1, Fc1ccccc1Br. Product is: Cn1cnc(C#N)c1-c1ccccc1F. Reaction type is Pd catalyzed C-H arylation. The reaction conditions of this reaction are: Palladium Source: [PdCl(allyl)]2. Ligand: c1ccc(P(c2ccccc2)c2ccccc2)cc1. Solvent: CCCCOC(C)=O. Base: CsOPiv. Reaction Temperature: 120 degrees centigrade. Reaction Concentration: 0.153 M. Palladium loading: 2.25 mol%. Ligand loading: 5 mol%. Base loading: 3 eq. What is the yield (%) and cost (US dollar per mol) of this reaction?","","-1,-1","[]"
"Here is a chemical reaction. Reactants are: Cn1cnc(C#N)c1, Fc1ccccc1Br. Product is: Cn1cnc(C#N)c1-c1ccccc1F. Reaction type is Pd catalyzed C-H arylation. The reaction conditions of this reaction are: Palladium Source: [PdCl(allyl)]2. Ligand: c1ccc(P(c2ccccc2)c2ccccc2)cc1. Solvent: CCCC#N. Base: CsOPiv. Reaction Temperature: 90 degrees centigrade. Reaction Concentration: 0.1 M. Palladium loading: 2.25 mol%. Ligand loading: 5 mol%. Base loading: 3 eq. What is the yield (%) and cost (US dollar per mol) of this reaction?","","-1,-1","[]"
"Here is a chemical reaction. Reactants are: Cn1cnc(C#N)c1, Fc1ccccc1Br. Product is: Cn1cnc(C#N)c1-c1ccccc1F. Reaction type is Pd catalyzed C-H arylation. The reaction conditions of this reaction are: Palladium Source: [PdCl(allyl)]2. Ligand: c1ccc(P(c2ccccc2)c2ccccc2)cc1. Solvent: CCCC#N. Base: CsOPiv. Reaction Temperature: 105 degrees centigrade. Reaction Concentration: 0.1 M. Palladium loading: 2.25 mol%. Ligand loading: 5 mol%. Base loading: 3 eq. What is the yield (%) and cost (US dollar per mol) of this reaction?","","-1,-1","[]"
"Here is a chemical reaction. Reactants are: Cn1cnc(C#N)c1, Fc1ccccc1Br. Product is: Cn1cnc(C#N)c1-c1ccccc1F. Reaction type is Pd catalyzed C-H arylation. The reaction conditions of this reaction are: Palladium Source: [PdCl(allyl)]2. Ligand: c1ccc(P(c2ccccc2)c2ccccc2)cc1. Solvent: CCCC#N. Base: CsOPiv. Reaction Temperature: 120 degrees centigrade. Reaction Concentration: 0.1 M. Palladium loading: 2.25 mol%. Ligand loading: 5 mol%. Base loading: 3 eq. What is the yield (%) and cost (US dollar per mol) of this reaction?","","-1,-1","[]"
"Here is a chemical reaction. Reactants are: Cn1cnc(C#N)c1, Fc1ccccc1Br. Product is: Cn1cnc(C#N)c1-c1ccccc1F. Reaction type is Pd catalyzed C-H arylation. The reaction conditions of this reaction are: Palladium Source: [PdCl(allyl)]2. Ligand: c1ccc(P(c2ccccc2)c2ccccc2)cc1. Solvent: CCCC#N. Base: CsOPiv. Reaction Temperature: 90 degrees centigrade. Reaction Concentration: 0.057 M. Palladium loading: 2.25 mol%. Ligand loading: 5 mol%. Base loading: 3 eq. What is the yield (%) and cost (US dollar per mol) of this reaction?","","-1,-1","[]"
"Here is a chemical reaction. Reactants are: Cn1cnc(C#N)c1, Fc1ccccc1Br. Product is: Cn1cnc(C#N)c1-c1ccccc1F. Reaction type is Pd catalyzed C-H arylation. The reaction conditions of this reaction are: Palladium Source: [PdCl(allyl)]2. Ligand: c1ccc(P(c2ccccc2)c2ccccc2)cc1. Solvent: CCCC#N. Base: CsOPiv. Reaction Temperature: 105 degrees centigrade. Reaction Concentration: 0.057 M. Palladium loading: 2.25 mol%. Ligand loading: 5 mol%. Base loading: 3 eq. What is the yield (%) and cost (US dollar per mol) of this reaction?","","-1,-1","[]"
"Here is a chemical reaction. Reactants are: Cn1cnc(C#N)c1, Fc1ccccc1Br. Product is: Cn1cnc(C#N)c1-c1ccccc1F. Reaction type is Pd catalyzed C-H arylation. The reaction conditions of this reaction are: Palladium Source: [PdCl(allyl)]2. Ligand: c1ccc(P(c2ccccc2)c2ccccc2)cc1. Solvent: CCCC#N. Base: CsOPiv. Reaction Temperature: 120 degrees centigrade. Reaction Concentration: 0.057 M. Palladium loading: 2.25 mol%. Ligand loading: 5 mol%. Base loading: 3 eq. What is the yield (%) and cost (US dollar per mol) of this reaction?","","-1,-1","[]"
"Here is a chemical reaction. Reactants are: Cn1cnc(C#N)c1, Fc1ccccc1Br. Product is: Cn1cnc(C#N)c1-c1ccccc1F. Reaction type is Pd catalyzed C-H arylation. The reaction conditions of this reaction are: Palladium Source: [PdCl(allyl)]2. Ligand: c1ccc(P(c2ccccc2)c2ccccc2)cc1. Solvent: CCCC#N. Base: CsOPiv. Reaction Temperature: 90 degrees centigrade. Reaction Concentration: 0.153 M. Palladium loading: 2.25 mol%. Ligand loading: 5 mol%. Base loading: 3 eq. What is the yield (%) and cost (US dollar per mol) of this reaction?","","-1,-1","[]"
"Here is a chemical reaction. Reactants are: Cn1cnc(C#N)c1, Fc1ccccc1Br. Product is: Cn1cnc(C#N)c1-c1ccccc1F. Reaction type is Pd catalyzed C-H arylation. The reaction conditions of this reaction are: Palladium Source: [PdCl(allyl)]2. Ligand: c1ccc(P(c2ccccc2)c2ccccc2)cc1. Solvent: CCCC#N. Base: CsOPiv. Reaction Temperature: 105 degrees centigrade. Reaction Concentration: 0.153 M. Palladium loading: 2.25 mol%. Ligand loading: 5 mol%. Base loading: 3 eq. What is the yield (%) and cost (US dollar per mol) of this reaction?","","-1,-1","[]"
"Here is a chemical reaction. Reactants are: Cn1cnc(C#N)c1, Fc1ccccc1Br. Product is: Cn1cnc(C#N)c1-c1ccccc1F. Reaction type is Pd catalyzed C-H arylation. The reaction conditions of this reaction are: Palladium Source: [PdCl(allyl)]2. Ligand: c1ccc(P(c2ccccc2)c2ccccc2)cc1. Solvent: CCCC#N. Base: CsOPiv. Reaction Temperature: 120 degrees centigrade. Reaction Concentration: 0.153 M. Palladium loading: 2.25 mol%. Ligand loading: 5 mol%. Base loading: 3 eq. What is the yield (%) and cost (US dollar per mol) of this reaction?","","-1,-1","[]"
"Here is a chemical reaction. Reactants are: Cn1cnc(C#N)c1, Fc1ccccc1Br. Product is: Cn1cnc(C#N)c1-c1ccccc1F. Reaction type is Pd catalyzed C-H arylation. The reaction conditions of this reaction are: Palladium Source: [PdCl(allyl)]2. Ligand: c1ccc(P(c2ccccc2)c2ccccc2)cc1. Solvent: Cc1ccc(C)cc1. Base: CsOPiv. Reaction Temperature: 90 degrees centigrade. Reaction Concentration: 0.1 M. Palladium loading: 2.25 mol%. Ligand loading: 5 mol%. Base loading: 3 eq. What is the yield (%) and cost (US dollar per mol) of this reaction?","","-1,-1","[]"
"Here is a chemical reaction. Reactants are: Cn1cnc(C#N)c1, Fc1ccccc1Br. Product is: Cn1cnc(C#N)c1-c1ccccc1F. Reaction type is Pd catalyzed C-H arylation. The reaction conditions of this reaction are: Palladium Source: [PdCl(allyl)]2. Ligand: c1ccc(P(c2ccccc2)c2ccccc2)cc1. Solvent: Cc1ccc(C)cc1. Base: CsOPiv. Reaction Temperature: 105 degrees centigrade. Reaction Concentration: 0.1 M. Palladium loading: 2.25 mol%. Ligand loading: 5 mol%. Base loading: 3 eq. What is the yield (%) and cost (US dollar per mol) of this reaction?","","-1,-1","[]"
"Here is a chemical reaction. Reactants are: Cn1cnc(C#N)c1, Fc1ccccc1Br. Product is: Cn1cnc(C#N)c1-c1ccccc1F. Reaction type is Pd catalyzed C-H arylation. The reaction conditions of this reaction are: Palladium Source: [PdCl(allyl)]2. Ligand: c1ccc(P(c2ccccc2)c2ccccc2)cc1. Solvent: Cc1ccc(C)cc1. Base: CsOPiv. Reaction Temperature: 120 degrees centigrade. Reaction Concentration: 0.1 M. Palladium loading: 2.25 mol%. Ligand loading: 5 mol%. Base loading: 3 eq. What is the yield (%) and cost (US dollar per mol) of this reaction?","","-1,-1","[]"
"Here is a chemical reaction. Reactants are: Cn1cnc(C#N)c1, Fc1ccccc1Br. Product is: Cn1cnc(C#N)c1-c1ccccc1F. Reaction type is Pd catalyzed C-H arylation. The reaction conditions of this reaction are: Palladium Source: [PdCl(allyl)]2. Ligand: c1ccc(P(c2ccccc2)c2ccccc2)cc1. Solvent: Cc1ccc(C)cc1. Base: CsOPiv. Reaction Temperature: 90 degrees centigrade. Reaction Concentration: 0.057 M. Palladium loading: 2.25 mol%. Ligand loading: 5 mol%. Base loading: 3 eq. What is the yield (%) and cost (US dollar per mol) of this reaction?","","-1,-1","[]"
"Here is a chemical reaction. Reactants are: Cn1cnc(C#N)c1, Fc1ccccc1Br. Product is: Cn1cnc(C#N)c1-c1ccccc1F. Reaction type is Pd catalyzed C-H arylation. The reaction conditions of this reaction are: Palladium Source: [PdCl(allyl)]2. Ligand: c1ccc(P(c2ccccc2)c2ccccc2)cc1. Solvent: Cc1ccc(C)cc1. Base: CsOPiv. Reaction Temperature: 105 degrees centigrade. Reaction Concentration: 0.057 M. Palladium loading: 2.25 mol%. Ligand loading: 5 mol%. Base loading: 3 eq. What is the yield (%) and cost (US dollar per mol) of this reaction?","","-1,-1","[]"
"Here is a chemical reaction. Reactants are: Cn1cnc(C#N)c1, Fc1ccccc1Br. Product is: Cn1cnc(C#N)c1-c1ccccc1F. Reaction type is Pd catalyzed C-H arylation. The reaction conditions of this reaction are: Palladium Source: [PdCl(allyl)]2. Ligand: c1ccc(P(c2ccccc2)c2ccccc2)cc1. Solvent: Cc1ccc(C)cc1. Base: CsOPiv. Reaction Temperature: 120 degrees centigrade. Reaction Concentration: 0.057 M. Palladium loading: 2.25 mol%. Ligand loading: 5 mol%. Base loading: 3 eq. What is the yield (%) and cost (US dollar per mol) of this reaction?","","-1,-1","[]"
"Here is a chemical reaction. Reactants are: Cn1cnc(C#N)c1, Fc1ccccc1Br. Product is: Cn1cnc(C#N)c1-c1ccccc1F. Reaction type is Pd catalyzed C-H arylation. The reaction conditions of this reaction are: Palladium Source: [PdCl(allyl)]2. Ligand: c1ccc(P(c2ccccc2)c2ccccc2)cc1. Solvent: Cc1ccc(C)cc1. Base: CsOPiv. Reaction Temperature: 90 degrees centigrade. Reaction Concentration: 0.153 M. Palladium loading: 2.25 mol%. Ligand loading: 5 mol%. Base loading: 3 eq. What is the yield (%) and cost (US dollar per mol) of this reaction?","","-1,-1","[]"
"Here is a chemical reaction. Reactants are: Cn1cnc(C#N)c1, Fc1ccccc1Br. Product is: Cn1cnc(C#N)c1-c1ccccc1F. Reaction type is Pd catalyzed C-H arylation. The reaction conditions of this reaction are: Palladium Source: [PdCl(allyl)]2. Ligand: c1ccc(P(c2ccccc2)c2ccccc2)cc1. Solvent: Cc1ccc(C)cc1. Base: CsOPiv. Reaction Temperature: 105 degrees centigrade. Reaction Concentration: 0.153 M. Palladium loading: 2.25 mol%. Ligand loading: 5 mol%. Base loading: 3 eq. What is the yield (%) and cost (US dollar per mol) of this reaction?","","-1,-1","[]"
"Here is a chemical reaction. Reactants are: Cn1cnc(C#N)c1, Fc1ccccc1Br. Product is: Cn1cnc(C#N)c1-c1ccccc1F. Reaction type is Pd catalyzed C-H arylation. The reaction conditions of this reaction are: Palladium Source: [PdCl(allyl)]2. Ligand: c1ccc(P(c2ccccc2)c2ccccc2)cc1. Solvent: Cc1ccc(C)cc1. Base: CsOPiv. Reaction Temperature: 120 degrees centigrade. Reaction Concentration: 0.153 M. Palladium loading: 2.25 mol%. Ligand loading: 5 mol%. Base loading: 3 eq. What is the yield (%) and cost (US dollar per mol) of this reaction?","","-1,-1","[]"
"Here is a chemical reaction. Reactants are: Cn1cnc(C#N)c1, Fc1ccccc1Br. Product is: Cn1cnc(C#N)c1-c1ccccc1F. Reaction type is Pd catalyzed C-H arylation. The reaction conditions of this reaction are: Palladium Source: [PdCl(allyl)]2. Ligand: c1ccc(P(c2ccccc2)c2ccccc2)cc1. Solvent: CC(=O)N(C)C. Base: CsOPiv. Reaction Temperature: 90 degrees centigrade. Reaction Concentration: 0.1 M. Palladium loading: 2.25 mol%. Ligand loading: 5 mol%. Base loading: 3 eq. What is the yield (%) and cost (US dollar per mol) of this reaction?","","-1,-1","[]"
"Here is a chemical reaction. Reactants are: Cn1cnc(C#N)c1, Fc1ccccc1Br. Product is: Cn1cnc(C#N)c1-c1ccccc1F. Reaction type is Pd catalyzed C-H arylation. The reaction conditions of this reaction are: Palladium Source: [PdCl(allyl)]2. Ligand: c1ccc(P(c2ccccc2)c2ccccc2)cc1. Solvent: CC(=O)N(C)C. Base: CsOPiv. Reaction Temperature: 105 degrees centigrade. Reaction Concentration: 0.1 M. Palladium loading: 2.25 mol%. Ligand loading: 5 mol%. Base loading: 3 eq. What is the yield (%) and cost (US dollar per mol) of this reaction?","","-1,-1","[]"
"Here is a chemical reaction. Reactants are: Cn1cnc(C#N)c1, Fc1ccccc1Br. Product is: Cn1cnc(C#N)c1-c1ccccc1F. Reaction type is Pd catalyzed C-H arylation. The reaction conditions of this reaction are: Palladium Source: [PdCl(allyl)]2. Ligand: c1ccc(P(c2ccccc2)c2ccccc2)cc1. Solvent: CC(=O)N(C)C. Base: CsOPiv. Reaction Temperature: 120 degrees centigrade. Reaction Concentration: 0.1 M. Palladium loading: 2.25 mol%. Ligand loading: 5 mol%. Base loading: 3 eq. What is the yield (%) and cost (US dollar per mol) of this reaction?","","-1,-1","[]"
"Here is a chemical reaction. Reactants are: Cn1cnc(C#N)c1, Fc1ccccc1Br. Product is: Cn1cnc(C#N)c1-c1ccccc1F. Reaction type is Pd catalyzed C-H arylation. The reaction conditions of this reaction are: Palladium Source: [PdCl(allyl)]2. Ligand: c1ccc(P(c2ccccc2)c2ccccc2)cc1. Solvent: CC(=O)N(C)C. Base: CsOPiv. Reaction Temperature: 90 degrees centigrade. Reaction Concentration: 0.057 M. Palladium loading: 2.25 mol%. Ligand loading: 5 mol%. Base loading: 3 eq. What is the yield (%) and cost (US dollar per mol) of this reaction?","","-1,-1","[]"
"Here is a chemical reaction. Reactants are: Cn1cnc(C#N)c1, Fc1ccccc1Br. Product is: Cn1cnc(C#N)c1-c1ccccc1F. Reaction type is Pd catalyzed C-H arylation. The reaction conditions of this reaction are: Palladium Source: [PdCl(allyl)]2. Ligand: c1ccc(P(c2ccccc2)c2ccccc2)cc1. Solvent: CC(=O)N(C)C. Base: CsOPiv. Reaction Temperature: 105 degrees centigrade. Reaction Concentration: 0.057 M. Palladium loading: 2.25 mol%. Ligand loading: 5 mol%. Base loading: 3 eq. What is the yield (%) and cost (US dollar per mol) of this reaction?","","-1,-1","[]"
"Here is a chemical reaction. Reactants are: Cn1cnc(C#N)c1, Fc1ccccc1Br. Product is: Cn1cnc(C#N)c1-c1ccccc1F. Reaction type is Pd catalyzed C-H arylation. The reaction conditions of this reaction are: Palladium Source: [PdCl(allyl)]2. Ligand: c1ccc(P(c2ccccc2)c2ccccc2)cc1. Solvent: CC(=O)N(C)C. Base: CsOPiv. Reaction Temperature: 120 degrees centigrade. Reaction Concentration: 0.057 M. Palladium loading: 2.25 mol%. Ligand loading: 5 mol%. Base loading: 3 eq. What is the yield (%) and cost (US dollar per mol) of this reaction?","","-1,-1","[]"
"Here is a chemical reaction. Reactants are: Cn1cnc(C#N)c1, Fc1ccccc1Br. Product is: Cn1cnc(C#N)c1-c1ccccc1F. Reaction type is Pd catalyzed C-H arylation. The reaction conditions of this reaction are: Palladium Source: [PdCl(allyl)]2. Ligand: c1ccc(P(c2ccccc2)c2ccccc2)cc1. Solvent: CC(=O)N(C)C. Base: CsOPiv. Reaction Temperature: 90 degrees centigrade. Reaction Concentration: 0.153 M. Palladium loading: 2.25 mol%. Ligand loading: 5 mol%. Base loading: 3 eq. What is the yield (%) and cost (US dollar per mol) of this reaction?","","-1,-1","[]"
"Here is a chemical reaction. Reactants are: Cn1cnc(C#N)c1, Fc1ccccc1Br. Product is: Cn1cnc(C#N)c1-c1ccccc1F. Reaction type is Pd catalyzed C-H arylation. The reaction conditions of this reaction are: Palladium Source: [PdCl(allyl)]2. Ligand: c1ccc(P(c2ccccc2)c2ccccc2)cc1. Solvent: CC(=O)N(C)C. Base: CsOPiv. Reaction Temperature: 105 degrees centigrade. Reaction Concentration: 0.153 M. Palladium loading: 2.25 mol%. Ligand loading: 5 mol%. Base loading: 3 eq. What is the yield (%) and cost (US dollar per mol) of this reaction?","","-1,-1","[]"
"Here is a chemical reaction. Reactants are: Cn1cnc(C#N)c1, Fc1ccccc1Br. Product is: Cn1cnc(C#N)c1-c1ccccc1F. Reaction type is Pd catalyzed C-H arylation. The reaction conditions of this reaction are: Palladium Source: [PdCl(allyl)]2. Ligand: c1ccc(P(c2ccccc2)c2ccccc2)cc1. Solvent: CC(=O)N(C)C. Base: CsOPiv. Reaction Temperature: 120 degrees centigrade. Reaction Concentration: 0.153 M. Palladium loading: 2.25 mol%. Ligand loading: 5 mol%. Base loading: 3 eq. What is the yield (%) and cost (US dollar per mol) of this reaction?","","-1,-1","[]"
"Here is a chemical reaction. Reactants are: Cn1cnc(C#N)c1, Fc1ccccc1Br. Product is: Cn1cnc(C#N)c1-c1ccccc1F. Reaction type is Pd catalyzed C-H arylation. The reaction conditions of this reaction are: Palladium Source: [PdCl(allyl)]2. Ligand: CC(C)c1cc(C(C)C)c(-c2ccccc2P(C2CCCCC2)C2CCCCC2)c(C(C)C)c1. Solvent: CCCCOC(C)=O. Base: KOAc. Reaction Temperature: 90 degrees centigrade. Reaction Concentration: 0.1 M. Palladium loading: 2.25 mol%. Ligand loading: 5 mol%. Base loading: 3 eq. What is the yield (%) and cost (US dollar per mol) of this reaction?","","-1,-1","[]"
"Here is a chemical reaction. Reactants are: Cn1cnc(C#N)c1, Fc1ccccc1Br. Product is: Cn1cnc(C#N)c1-c1ccccc1F. Reaction type is Pd catalyzed C-H arylation. The reaction conditions of this reaction are: Palladium Source: [PdCl(allyl)]2. Ligand: CC(C)c1cc(C(C)C)c(-c2ccccc2P(C2CCCCC2)C2CCCCC2)c(C(C)C)c1. Solvent: CCCCOC(C)=O. Base: KOAc. Reaction Temperature: 105 degrees centigrade. Reaction Concentration: 0.1 M. Palladium loading: 2.25 mol%. Ligand loading: 5 mol%. Base loading: 3 eq. What is the yield (%) and cost (US dollar per mol) of this reaction?","","-1,-1","[]"
"Here is a chemical reaction. Reactants are: Cn1cnc(C#N)c1, Fc1ccccc1Br. Product is: Cn1cnc(C#N)c1-c1ccccc1F. Reaction type is Pd catalyzed C-H arylation. The reaction conditions of this reaction are: Palladium Source: [PdCl(allyl)]2. Ligand: CC(C)c1cc(C(C)C)c(-c2ccccc2P(C2CCCCC2)C2CCCCC2)c(C(C)C)c1. Solvent: CCCCOC(C)=O. Base: KOAc. Reaction Temperature: 120 degrees centigrade. Reaction Concentration: 0.1 M. Palladium loading: 2.25 mol%. Ligand loading: 5 mol%. Base loading: 3 eq. What is the yield (%) and cost (US dollar per mol) of this reaction?","","-1,-1","[]"
"Here is a chemical reaction. Reactants are: Cn1cnc(C#N)c1, Fc1ccccc1Br. Product is: Cn1cnc(C#N)c1-c1ccccc1F. Reaction type is Pd catalyzed C-H arylation. The reaction conditions of this reaction are: Palladium Source: [PdCl(allyl)]2. Ligand: CC(C)c1cc(C(C)C)c(-c2ccccc2P(C2CCCCC2)C2CCCCC2)c(C(C)C)c1. Solvent: CCCCOC(C)=O. Base: KOAc. Reaction Temperature: 90 degrees centigrade. Reaction Concentration: 0.057 M. Palladium loading: 2.25 mol%. Ligand loading: 5 mol%. Base loading: 3 eq. What is the yield (%) and cost (US dollar per mol) of this reaction?","","-1,-1","[]"
"Here is a chemical reaction. Reactants are: Cn1cnc(C#N)c1, Fc1ccccc1Br. Product is: Cn1cnc(C#N)c1-c1ccccc1F. Reaction type is Pd catalyzed C-H arylation. The reaction conditions of this reaction are: Palladium Source: [PdCl(allyl)]2. Ligand: CC(C)c1cc(C(C)C)c(-c2ccccc2P(C2CCCCC2)C2CCCCC2)c(C(C)C)c1. Solvent: CCCCOC(C)=O. Base: KOAc. Reaction Temperature: 105 degrees centigrade. Reaction Concentration: 0.057 M. Palladium loading: 2.25 mol%. Ligand loading: 5 mol%. Base loading: 3 eq. What is the yield (%) and cost (US dollar per mol) of this reaction?","","-1,-1","[]"
"Here is a chemical reaction. Reactants are: Cn1cnc(C#N)c1, Fc1ccccc1Br. Product is: Cn1cnc(C#N)c1-c1ccccc1F. Reaction type is Pd catalyzed C-H arylation. The reaction conditions of this reaction are: Palladium Source: [PdCl(allyl)]2. Ligand: CC(C)c1cc(C(C)C)c(-c2ccccc2P(C2CCCCC2)C2CCCCC2)c(C(C)C)c1. Solvent: CCCCOC(C)=O. Base: KOAc. Reaction Temperature: 120 degrees centigrade. Reaction Concentration: 0.057 M. Palladium loading: 2.25 mol%. Ligand loading: 5 mol%. Base loading: 3 eq. What is the yield (%) and cost (US dollar per mol) of this reaction?","","-1,-1","[]"
"Here is a chemical reaction. Reactants are: Cn1cnc(C#N)c1, Fc1ccccc1Br. Product is: Cn1cnc(C#N)c1-c1ccccc1F. Reaction type is Pd catalyzed C-H arylation. The reaction conditions of this reaction are: Palladium Source: [PdCl(allyl)]2. Ligand: CC(C)c1cc(C(C)C)c(-c2ccccc2P(C2CCCCC2)C2CCCCC2)c(C(C)C)c1. Solvent: CCCCOC(C)=O. Base: KOAc. Reaction Temperature: 90 degrees centigrade. Reaction Concentration: 0.153 M. Palladium loading: 2.25 mol%. Ligand loading: 5 mol%. Base loading: 3 eq. What is the yield (%) and cost (US dollar per mol) of this reaction?","","-1,-1","[]"
"Here is a chemical reaction. Reactants are: Cn1cnc(C#N)c1, Fc1ccccc1Br. Product is: Cn1cnc(C#N)c1-c1ccccc1F. Reaction type is Pd catalyzed C-H arylation. The reaction conditions of this reaction are: Palladium Source: [PdCl(allyl)]2. Ligand: CC(C)c1cc(C(C)C)c(-c2ccccc2P(C2CCCCC2)C2CCCCC2)c(C(C)C)c1. Solvent: CCCCOC(C)=O. Base: KOAc. Reaction Temperature: 105 degrees centigrade. Reaction Concentration: 0.153 M. Palladium loading: 2.25 mol%. Ligand loading: 5 mol%. Base loading: 3 eq. What is the yield (%) and cost (US dollar per mol) of this reaction?","","-1,-1","[]"
"Here is a chemical reaction. Reactants are: Cn1cnc(C#N)c1, Fc1ccccc1Br. Product is: Cn1cnc(C#N)c1-c1ccccc1F. Reaction type is Pd catalyzed C-H arylation. The reaction conditions of this reaction are: Palladium Source: [PdCl(allyl)]2. Ligand: CC(C)c1cc(C(C)C)c(-c2ccccc2P(C2CCCCC2)C2CCCCC2)c(C(C)C)c1. Solvent: CCCCOC(C)=O. Base: KOAc. Reaction Temperature: 120 degrees centigrade. Reaction Concentration: 0.153 M. Palladium loading: 2.25 mol%. Ligand loading: 5 mol%. Base loading: 3 eq. What is the yield (%) and cost (US dollar per mol) of this reaction?","","-1,-1","[]"
"Here is a chemical reaction. Reactants are: Cn1cnc(C#N)c1, Fc1ccccc1Br. Product is: Cn1cnc(C#N)c1-c1ccccc1F. Reaction type is Pd catalyzed C-H arylation. The reaction conditions of this reaction are: Palladium Source: [PdCl(allyl)]2. Ligand: CC(C)c1cc(C(C)C)c(-c2ccccc2P(C2CCCCC2)C2CCCCC2)c(C(C)C)c1. Solvent: CCCC#N. Base: KOAc. Reaction Temperature: 90 degrees centigrade. Reaction Concentration: 0.1 M. Palladium loading: 2.25 mol%. Ligand loading: 5 mol%. Base loading: 3 eq. What is the yield (%) and cost (US dollar per mol) of this reaction?","","-1,-1","[]"
"Here is a chemical reaction. Reactants are: Cn1cnc(C#N)c1, Fc1ccccc1Br. Product is: Cn1cnc(C#N)c1-c1ccccc1F. Reaction type is Pd catalyzed C-H arylation. The reaction conditions of this reaction are: Palladium Source: [PdCl(allyl)]2. Ligand: CC(C)c1cc(C(C)C)c(-c2ccccc2P(C2CCCCC2)C2CCCCC2)c(C(C)C)c1. Solvent: CCCC#N. Base: KOAc. Reaction Temperature: 105 degrees centigrade. Reaction Concentration: 0.1 M. Palladium loading: 2.25 mol%. Ligand loading: 5 mol%. Base loading: 3 eq. What is the yield (%) and cost (US dollar per mol) of this reaction?","","-1,-1","[]"
"Here is a chemical reaction. Reactants are: Cn1cnc(C#N)c1, Fc1ccccc1Br. Product is: Cn1cnc(C#N)c1-c1ccccc1F. Reaction type is Pd catalyzed C-H arylation. The reaction conditions of this reaction are: Palladium Source: [PdCl(allyl)]2. Ligand: CC(C)c1cc(C(C)C)c(-c2ccccc2P(C2CCCCC2)C2CCCCC2)c(C(C)C)c1. Solvent: CCCC#N. Base: KOAc. Reaction Temperature: 120 degrees centigrade. Reaction Concentration: 0.1 M. Palladium loading: 2.25 mol%. Ligand loading: 5 mol%. Base loading: 3 eq. What is the yield (%) and cost (US dollar per mol) of this reaction?","","-1,-1","[]"
"Here is a chemical reaction. Reactants are: Cn1cnc(C#N)c1, Fc1ccccc1Br. Product is: Cn1cnc(C#N)c1-c1ccccc1F. Reaction type is Pd catalyzed C-H arylation. The reaction conditions of this reaction are: Palladium Source: [PdCl(allyl)]2. Ligand: CC(C)c1cc(C(C)C)c(-c2ccccc2P(C2CCCCC2)C2CCCCC2)c(C(C)C)c1. Solvent: CCCC#N. Base: KOAc. Reaction Temperature: 90 degrees centigrade. Reaction Concentration: 0.057 M. Palladium loading: 2.25 mol%. Ligand loading: 5 mol%. Base loading: 3 eq. What is the yield (%) and cost (US dollar per mol) of this reaction?","","-1,-1","[]"
"Here is a chemical reaction. Reactants are: Cn1cnc(C#N)c1, Fc1ccccc1Br. Product is: Cn1cnc(C#N)c1-c1ccccc1F. Reaction type is Pd catalyzed C-H arylation. The reaction conditions of this reaction are: Palladium Source: [PdCl(allyl)]2. Ligand: CC(C)c1cc(C(C)C)c(-c2ccccc2P(C2CCCCC2)C2CCCCC2)c(C(C)C)c1. Solvent: CCCC#N. Base: KOAc. Reaction Temperature: 105 degrees centigrade. Reaction Concentration: 0.057 M. Palladium loading: 2.25 mol%. Ligand loading: 5 mol%. Base loading: 3 eq. What is the yield (%) and cost (US dollar per mol) of this reaction?","","-1,-1","[]"
"Here is a chemical reaction. Reactants are: Cn1cnc(C#N)c1, Fc1ccccc1Br. Product is: Cn1cnc(C#N)c1-c1ccccc1F. Reaction type is Pd catalyzed C-H arylation. The reaction conditions of this reaction are: Palladium Source: [PdCl(allyl)]2. Ligand: CC(C)c1cc(C(C)C)c(-c2ccccc2P(C2CCCCC2)C2CCCCC2)c(C(C)C)c1. Solvent: CCCC#N. Base: KOAc. Reaction Temperature: 120 degrees centigrade. Reaction Concentration: 0.057 M. Palladium loading: 2.25 mol%. Ligand loading: 5 mol%. Base loading: 3 eq. What is the yield (%) and cost (US dollar per mol) of this reaction?","","-1,-1","[]"
"Here is a chemical reaction. Reactants are: Cn1cnc(C#N)c1, Fc1ccccc1Br. Product is: Cn1cnc(C#N)c1-c1ccccc1F. Reaction type is Pd catalyzed C-H arylation. The reaction conditions of this reaction are: Palladium Source: [PdCl(allyl)]2. Ligand: CC(C)c1cc(C(C)C)c(-c2ccccc2P(C2CCCCC2)C2CCCCC2)c(C(C)C)c1. Solvent: CCCC#N. Base: KOAc. Reaction Temperature: 90 degrees centigrade. Reaction Concentration: 0.153 M. Palladium loading: 2.25 mol%. Ligand loading: 5 mol%. Base loading: 3 eq. What is the yield (%) and cost (US dollar per mol) of this reaction?","","-1,-1","[]"
"Here is a chemical reaction. Reactants are: Cn1cnc(C#N)c1, Fc1ccccc1Br. Product is: Cn1cnc(C#N)c1-c1ccccc1F. Reaction type is Pd catalyzed C-H arylation. The reaction conditions of this reaction are: Palladium Source: [PdCl(allyl)]2. Ligand: CC(C)c1cc(C(C)C)c(-c2ccccc2P(C2CCCCC2)C2CCCCC2)c(C(C)C)c1. Solvent: CCCC#N. Base: KOAc. Reaction Temperature: 105 degrees centigrade. Reaction Concentration: 0.153 M. Palladium loading: 2.25 mol%. Ligand loading: 5 mol%. Base loading: 3 eq. What is the yield (%) and cost (US dollar per mol) of this reaction?","","-1,-1","[]"
"Here is a chemical reaction. Reactants are: Cn1cnc(C#N)c1, Fc1ccccc1Br. Product is: Cn1cnc(C#N)c1-c1ccccc1F. Reaction type is Pd catalyzed C-H arylation. The reaction conditions of this reaction are: Palladium Source: [PdCl(allyl)]2. Ligand: CC(C)c1cc(C(C)C)c(-c2ccccc2P(C2CCCCC2)C2CCCCC2)c(C(C)C)c1. Solvent: CCCC#N. Base: KOAc. Reaction Temperature: 120 degrees centigrade. Reaction Concentration: 0.153 M. Palladium loading: 2.25 mol%. Ligand loading: 5 mol%. Base loading: 3 eq. What is the yield (%) and cost (US dollar per mol) of this reaction?","","-1,-1","[]"
"Here is a chemical reaction. Reactants are: Cn1cnc(C#N)c1, Fc1ccccc1Br. Product is: Cn1cnc(C#N)c1-c1ccccc1F. Reaction type is Pd catalyzed C-H arylation. The reaction conditions of this reaction are: Palladium Source: [PdCl(allyl)]2. Ligand: CC(C)c1cc(C(C)C)c(-c2ccccc2P(C2CCCCC2)C2CCCCC2)c(C(C)C)c1. Solvent: Cc1ccc(C)cc1. Base: KOAc. Reaction Temperature: 90 degrees centigrade. Reaction Concentration: 0.1 M. Palladium loading: 2.25 mol%. Ligand loading: 5 mol%. Base loading: 3 eq. What is the yield (%) and cost (US dollar per mol) of this reaction?","","-1,-1","[]"
"Here is a chemical reaction. Reactants are: Cn1cnc(C#N)c1, Fc1ccccc1Br. Product is: Cn1cnc(C#N)c1-c1ccccc1F. Reaction type is Pd catalyzed C-H arylation. The reaction conditions of this reaction are: Palladium Source: [PdCl(allyl)]2. Ligand: CC(C)c1cc(C(C)C)c(-c2ccccc2P(C2CCCCC2)C2CCCCC2)c(C(C)C)c1. Solvent: Cc1ccc(C)cc1. Base: KOAc. Reaction Temperature: 105 degrees centigrade. Reaction Concentration: 0.1 M. Palladium loading: 2.25 mol%. Ligand loading: 5 mol%. Base loading: 3 eq. What is the yield (%) and cost (US dollar per mol) of this reaction?","","-1,-1","[]"
"Here is a chemical reaction. Reactants are: Cn1cnc(C#N)c1, Fc1ccccc1Br. Product is: Cn1cnc(C#N)c1-c1ccccc1F. Reaction type is Pd catalyzed C-H arylation. The reaction conditions of this reaction are: Palladium Source: [PdCl(allyl)]2. Ligand: CC(C)c1cc(C(C)C)c(-c2ccccc2P(C2CCCCC2)C2CCCCC2)c(C(C)C)c1. Solvent: Cc1ccc(C)cc1. Base: KOAc. Reaction Temperature: 120 degrees centigrade. Reaction Concentration: 0.1 M. Palladium loading: 2.25 mol%. Ligand loading: 5 mol%. Base loading: 3 eq. What is the yield (%) and cost (US dollar per mol) of this reaction?","","-1,-1","[]"
"Here is a chemical reaction. Reactants are: Cn1cnc(C#N)c1, Fc1ccccc1Br. Product is: Cn1cnc(C#N)c1-c1ccccc1F. Reaction type is Pd catalyzed C-H arylation. The reaction conditions of this reaction are: Palladium Source: [PdCl(allyl)]2. Ligand: CC(C)c1cc(C(C)C)c(-c2ccccc2P(C2CCCCC2)C2CCCCC2)c(C(C)C)c1. Solvent: Cc1ccc(C)cc1. Base: KOAc. Reaction Temperature: 90 degrees centigrade. Reaction Concentration: 0.057 M. Palladium loading: 2.25 mol%. Ligand loading: 5 mol%. Base loading: 3 eq. What is the yield (%) and cost (US dollar per mol) of this reaction?","","-1,-1","[]"
"Here is a chemical reaction. Reactants are: Cn1cnc(C#N)c1, Fc1ccccc1Br. Product is: Cn1cnc(C#N)c1-c1ccccc1F. Reaction type is Pd catalyzed C-H arylation. The reaction conditions of this reaction are: Palladium Source: [PdCl(allyl)]2. Ligand: CC(C)c1cc(C(C)C)c(-c2ccccc2P(C2CCCCC2)C2CCCCC2)c(C(C)C)c1. Solvent: Cc1ccc(C)cc1. Base: KOAc. Reaction Temperature: 105 degrees centigrade. Reaction Concentration: 0.057 M. Palladium loading: 2.25 mol%. Ligand loading: 5 mol%. Base loading: 3 eq. What is the yield (%) and cost (US dollar per mol) of this reaction?","","-1,-1","[]"
"Here is a chemical reaction. Reactants are: Cn1cnc(C#N)c1, Fc1ccccc1Br. Product is: Cn1cnc(C#N)c1-c1ccccc1F. Reaction type is Pd catalyzed C-H arylation. The reaction conditions of this reaction are: Palladium Source: [PdCl(allyl)]2. Ligand: CC(C)c1cc(C(C)C)c(-c2ccccc2P(C2CCCCC2)C2CCCCC2)c(C(C)C)c1. Solvent: Cc1ccc(C)cc1. Base: KOAc. Reaction Temperature: 120 degrees centigrade. Reaction Concentration: 0.057 M. Palladium loading: 2.25 mol%. Ligand loading: 5 mol%. Base loading: 3 eq. What is the yield (%) and cost (US dollar per mol) of this reaction?","","-1,-1","[]"
"Here is a chemical reaction. Reactants are: Cn1cnc(C#N)c1, Fc1ccccc1Br. Product is: Cn1cnc(C#N)c1-c1ccccc1F. Reaction type is Pd catalyzed C-H arylation. The reaction conditions of this reaction are: Palladium Source: [PdCl(allyl)]2. Ligand: CC(C)c1cc(C(C)C)c(-c2ccccc2P(C2CCCCC2)C2CCCCC2)c(C(C)C)c1. Solvent: Cc1ccc(C)cc1. Base: KOAc. Reaction Temperature: 90 degrees centigrade. Reaction Concentration: 0.153 M. Palladium loading: 2.25 mol%. Ligand loading: 5 mol%. Base loading: 3 eq. What is the yield (%) and cost (US dollar per mol) of this reaction?","","-1,-1","[]"
"Here is a chemical reaction. Reactants are: Cn1cnc(C#N)c1, Fc1ccccc1Br. Product is: Cn1cnc(C#N)c1-c1ccccc1F. Reaction type is Pd catalyzed C-H arylation. The reaction conditions of this reaction are: Palladium Source: [PdCl(allyl)]2. Ligand: CC(C)c1cc(C(C)C)c(-c2ccccc2P(C2CCCCC2)C2CCCCC2)c(C(C)C)c1. Solvent: Cc1ccc(C)cc1. Base: KOAc. Reaction Temperature: 105 degrees centigrade. Reaction Concentration: 0.153 M. Palladium loading: 2.25 mol%. Ligand loading: 5 mol%. Base loading: 3 eq. What is the yield (%) and cost (US dollar per mol) of this reaction?","","-1,-1","[]"
"Here is a chemical reaction. Reactants are: Cn1cnc(C#N)c1, Fc1ccccc1Br. Product is: Cn1cnc(C#N)c1-c1ccccc1F. Reaction type is Pd catalyzed C-H arylation. The reaction conditions of this reaction are: Palladium Source: [PdCl(allyl)]2. Ligand: CC(C)c1cc(C(C)C)c(-c2ccccc2P(C2CCCCC2)C2CCCCC2)c(C(C)C)c1. Solvent: Cc1ccc(C)cc1. Base: KOAc. Reaction Temperature: 120 degrees centigrade. Reaction Concentration: 0.153 M. Palladium loading: 2.25 mol%. Ligand loading: 5 mol%. Base loading: 3 eq. What is the yield (%) and cost (US dollar per mol) of this reaction?","","-1,-1","[]"
"Here is a chemical reaction. Reactants are: Cn1cnc(C#N)c1, Fc1ccccc1Br. Product is: Cn1cnc(C#N)c1-c1ccccc1F. Reaction type is Pd catalyzed C-H arylation. The reaction conditions of this reaction are: Palladium Source: [PdCl(allyl)]2. Ligand: CC(C)c1cc(C(C)C)c(-c2ccccc2P(C2CCCCC2)C2CCCCC2)c(C(C)C)c1. Solvent: CC(=O)N(C)C. Base: KOAc. Reaction Temperature: 90 degrees centigrade. Reaction Concentration: 0.1 M. Palladium loading: 2.25 mol%. Ligand loading: 5 mol%. Base loading: 3 eq. What is the yield (%) and cost (US dollar per mol) of this reaction?","","-1,-1","[]"
"Here is a chemical reaction. Reactants are: Cn1cnc(C#N)c1, Fc1ccccc1Br. Product is: Cn1cnc(C#N)c1-c1ccccc1F. Reaction type is Pd catalyzed C-H arylation. The reaction conditions of this reaction are: Palladium Source: [PdCl(allyl)]2. Ligand: CC(C)c1cc(C(C)C)c(-c2ccccc2P(C2CCCCC2)C2CCCCC2)c(C(C)C)c1. Solvent: CC(=O)N(C)C. Base: KOAc. Reaction Temperature: 105 degrees centigrade. Reaction Concentration: 0.1 M. Palladium loading: 2.25 mol%. Ligand loading: 5 mol%. Base loading: 3 eq. What is the yield (%) and cost (US dollar per mol) of this reaction?","","-1,-1","[]"
"Here is a chemical reaction. Reactants are: Cn1cnc(C#N)c1, Fc1ccccc1Br. Product is: Cn1cnc(C#N)c1-c1ccccc1F. Reaction type is Pd catalyzed C-H arylation. The reaction conditions of this reaction are: Palladium Source: [PdCl(allyl)]2. Ligand: CC(C)c1cc(C(C)C)c(-c2ccccc2P(C2CCCCC2)C2CCCCC2)c(C(C)C)c1. Solvent: CC(=O)N(C)C. Base: KOAc. Reaction Temperature: 120 degrees centigrade. Reaction Concentration: 0.1 M. Palladium loading: 2.25 mol%. Ligand loading: 5 mol%. Base loading: 3 eq. What is the yield (%) and cost (US dollar per mol) of this reaction?","","-1,-1","[]"
"Here is a chemical reaction. Reactants are: Cn1cnc(C#N)c1, Fc1ccccc1Br. Product is: Cn1cnc(C#N)c1-c1ccccc1F. Reaction type is Pd catalyzed C-H arylation. The reaction conditions of this reaction are: Palladium Source: [PdCl(allyl)]2. Ligand: CC(C)c1cc(C(C)C)c(-c2ccccc2P(C2CCCCC2)C2CCCCC2)c(C(C)C)c1. Solvent: CC(=O)N(C)C. Base: KOAc. Reaction Temperature: 90 degrees centigrade. Reaction Concentration: 0.057 M. Palladium loading: 2.25 mol%. Ligand loading: 5 mol%. Base loading: 3 eq. What is the yield (%) and cost (US dollar per mol) of this reaction?","","-1,-1","[]"
"Here is a chemical reaction. Reactants are: Cn1cnc(C#N)c1, Fc1ccccc1Br. Product is: Cn1cnc(C#N)c1-c1ccccc1F. Reaction type is Pd catalyzed C-H arylation. The reaction conditions of this reaction are: Palladium Source: [PdCl(allyl)]2. Ligand: CC(C)c1cc(C(C)C)c(-c2ccccc2P(C2CCCCC2)C2CCCCC2)c(C(C)C)c1. Solvent: CC(=O)N(C)C. Base: KOAc. Reaction Temperature: 105 degrees centigrade. Reaction Concentration: 0.057 M. Palladium loading: 2.25 mol%. Ligand loading: 5 mol%. Base loading: 3 eq. What is the yield (%) and cost (US dollar per mol) of this reaction?","","-1,-1","[]"
"Here is a chemical reaction. Reactants are: Cn1cnc(C#N)c1, Fc1ccccc1Br. Product is: Cn1cnc(C#N)c1-c1ccccc1F. Reaction type is Pd catalyzed C-H arylation. The reaction conditions of this reaction are: Palladium Source: [PdCl(allyl)]2. Ligand: CC(C)c1cc(C(C)C)c(-c2ccccc2P(C2CCCCC2)C2CCCCC2)c(C(C)C)c1. Solvent: CC(=O)N(C)C. Base: KOAc. Reaction Temperature: 120 degrees centigrade. Reaction Concentration: 0.057 M. Palladium loading: 2.25 mol%. Ligand loading: 5 mol%. Base loading: 3 eq. What is the yield (%) and cost (US dollar per mol) of this reaction?","","-1,-1","[]"
"Here is a chemical reaction. Reactants are: Cn1cnc(C#N)c1, Fc1ccccc1Br. Product is: Cn1cnc(C#N)c1-c1ccccc1F. Reaction type is Pd catalyzed C-H arylation. The reaction conditions of this reaction are: Palladium Source: [PdCl(allyl)]2. Ligand: CC(C)c1cc(C(C)C)c(-c2ccccc2P(C2CCCCC2)C2CCCCC2)c(C(C)C)c1. Solvent: CC(=O)N(C)C. Base: KOAc. Reaction Temperature: 90 degrees centigrade. Reaction Concentration: 0.153 M. Palladium loading: 2.25 mol%. Ligand loading: 5 mol%. Base loading: 3 eq. What is the yield (%) and cost (US dollar per mol) of this reaction?","","-1,-1","[]"
"Here is a chemical reaction. Reactants are: Cn1cnc(C#N)c1, Fc1ccccc1Br. Product is: Cn1cnc(C#N)c1-c1ccccc1F. Reaction type is Pd catalyzed C-H arylation. The reaction conditions of this reaction are: Palladium Source: [PdCl(allyl)]2. Ligand: CC(C)c1cc(C(C)C)c(-c2ccccc2P(C2CCCCC2)C2CCCCC2)c(C(C)C)c1. Solvent: CC(=O)N(C)C. Base: KOAc. Reaction Temperature: 105 degrees centigrade. Reaction Concentration: 0.153 M. Palladium loading: 2.25 mol%. Ligand loading: 5 mol%. Base loading: 3 eq. What is the yield (%) and cost (US dollar per mol) of this reaction?","","-1,-1","[]"
"Here is a chemical reaction. Reactants are: Cn1cnc(C#N)c1, Fc1ccccc1Br. Product is: Cn1cnc(C#N)c1-c1ccccc1F. Reaction type is Pd catalyzed C-H arylation. The reaction conditions of this reaction are: Palladium Source: [PdCl(allyl)]2. Ligand: CC(C)c1cc(C(C)C)c(-c2ccccc2P(C2CCCCC2)C2CCCCC2)c(C(C)C)c1. Solvent: CC(=O)N(C)C. Base: KOAc. Reaction Temperature: 120 degrees centigrade. Reaction Concentration: 0.153 M. Palladium loading: 2.25 mol%. Ligand loading: 5 mol%. Base loading: 3 eq. What is the yield (%) and cost (US dollar per mol) of this reaction?","","-1,-1","[]"
"Here is a chemical reaction. Reactants are: Cn1cnc(C#N)c1, Fc1ccccc1Br. Product is: Cn1cnc(C#N)c1-c1ccccc1F. Reaction type is Pd catalyzed C-H arylation. The reaction conditions of this reaction are: Palladium Source: [PdCl(allyl)]2. Ligand: CC(C)c1cc(C(C)C)c(-c2ccccc2P(C2CCCCC2)C2CCCCC2)c(C(C)C)c1. Solvent: CCCCOC(C)=O. Base: CsOAc. Reaction Temperature: 90 degrees centigrade. Reaction Concentration: 0.1 M. Palladium loading: 2.25 mol%. Ligand loading: 5 mol%. Base loading: 3 eq. What is the yield (%) and cost (US dollar per mol) of this reaction?","","-1,-1","[]"
"Here is a chemical reaction. Reactants are: Cn1cnc(C#N)c1, Fc1ccccc1Br. Product is: Cn1cnc(C#N)c1-c1ccccc1F. Reaction type is Pd catalyzed C-H arylation. The reaction conditions of this reaction are: Palladium Source: [PdCl(allyl)]2. Ligand: CC(C)c1cc(C(C)C)c(-c2ccccc2P(C2CCCCC2)C2CCCCC2)c(C(C)C)c1. Solvent: CCCCOC(C)=O. Base: CsOAc. Reaction Temperature: 105 degrees centigrade. Reaction Concentration: 0.1 M. Palladium loading: 2.25 mol%. Ligand loading: 5 mol%. Base loading: 3 eq. What is the yield (%) and cost (US dollar per mol) of this reaction?","","-1,-1","[]"
"Here is a chemical reaction. Reactants are: Cn1cnc(C#N)c1, Fc1ccccc1Br. Product is: Cn1cnc(C#N)c1-c1ccccc1F. Reaction type is Pd catalyzed C-H arylation. The reaction conditions of this reaction are: Palladium Source: [PdCl(allyl)]2. Ligand: CC(C)c1cc(C(C)C)c(-c2ccccc2P(C2CCCCC2)C2CCCCC2)c(C(C)C)c1. Solvent: CCCCOC(C)=O. Base: CsOAc. Reaction Temperature: 120 degrees centigrade. Reaction Concentration: 0.1 M. Palladium loading: 2.25 mol%. Ligand loading: 5 mol%. Base loading: 3 eq. What is the yield (%) and cost (US dollar per mol) of this reaction?","","-1,-1","[]"
"Here is a chemical reaction. Reactants are: Cn1cnc(C#N)c1, Fc1ccccc1Br. Product is: Cn1cnc(C#N)c1-c1ccccc1F. Reaction type is Pd catalyzed C-H arylation. The reaction conditions of this reaction are: Palladium Source: [PdCl(allyl)]2. Ligand: CC(C)c1cc(C(C)C)c(-c2ccccc2P(C2CCCCC2)C2CCCCC2)c(C(C)C)c1. Solvent: CCCCOC(C)=O. Base: CsOAc. Reaction Temperature: 90 degrees centigrade. Reaction Concentration: 0.057 M. Palladium loading: 2.25 mol%. Ligand loading: 5 mol%. Base loading: 3 eq. What is the yield (%) and cost (US dollar per mol) of this reaction?","","-1,-1","[]"
"Here is a chemical reaction. Reactants are: Cn1cnc(C#N)c1, Fc1ccccc1Br. Product is: Cn1cnc(C#N)c1-c1ccccc1F. Reaction type is Pd catalyzed C-H arylation. The reaction conditions of this reaction are: Palladium Source: [PdCl(allyl)]2. Ligand: CC(C)c1cc(C(C)C)c(-c2ccccc2P(C2CCCCC2)C2CCCCC2)c(C(C)C)c1. Solvent: CCCCOC(C)=O. Base: CsOAc. Reaction Temperature: 105 degrees centigrade. Reaction Concentration: 0.057 M. Palladium loading: 2.25 mol%. Ligand loading: 5 mol%. Base loading: 3 eq. What is the yield (%) and cost (US dollar per mol) of this reaction?","","-1,-1","[]"
"Here is a chemical reaction. Reactants are: Cn1cnc(C#N)c1, Fc1ccccc1Br. Product is: Cn1cnc(C#N)c1-c1ccccc1F. Reaction type is Pd catalyzed C-H arylation. The reaction conditions of this reaction are: Palladium Source: [PdCl(allyl)]2. Ligand: CC(C)c1cc(C(C)C)c(-c2ccccc2P(C2CCCCC2)C2CCCCC2)c(C(C)C)c1. Solvent: CCCCOC(C)=O. Base: CsOAc. Reaction Temperature: 120 degrees centigrade. Reaction Concentration: 0.057 M. Palladium loading: 2.25 mol%. Ligand loading: 5 mol%. Base loading: 3 eq. What is the yield (%) and cost (US dollar per mol) of this reaction?","","-1,-1","[]"
"Here is a chemical reaction. Reactants are: Cn1cnc(C#N)c1, Fc1ccccc1Br. Product is: Cn1cnc(C#N)c1-c1ccccc1F. Reaction type is Pd catalyzed C-H arylation. The reaction conditions of this reaction are: Palladium Source: [PdCl(allyl)]2. Ligand: CC(C)c1cc(C(C)C)c(-c2ccccc2P(C2CCCCC2)C2CCCCC2)c(C(C)C)c1. Solvent: CCCCOC(C)=O. Base: CsOAc. Reaction Temperature: 90 degrees centigrade. Reaction Concentration: 0.153 M. Palladium loading: 2.25 mol%. Ligand loading: 5 mol%. Base loading: 3 eq. What is the yield (%) and cost (US dollar per mol) of this reaction?","","-1,-1","[]"
"Here is a chemical reaction. Reactants are: Cn1cnc(C#N)c1, Fc1ccccc1Br. Product is: Cn1cnc(C#N)c1-c1ccccc1F. Reaction type is Pd catalyzed C-H arylation. The reaction conditions of this reaction are: Palladium Source: [PdCl(allyl)]2. Ligand: CC(C)c1cc(C(C)C)c(-c2ccccc2P(C2CCCCC2)C2CCCCC2)c(C(C)C)c1. Solvent: CCCCOC(C)=O. Base: CsOAc. Reaction Temperature: 105 degrees centigrade. Reaction Concentration: 0.153 M. Palladium loading: 2.25 mol%. Ligand loading: 5 mol%. Base loading: 3 eq. What is the yield (%) and cost (US dollar per mol) of this reaction?","","-1,-1","[]"
"Here is a chemical reaction. Reactants are: Cn1cnc(C#N)c1, Fc1ccccc1Br. Product is: Cn1cnc(C#N)c1-c1ccccc1F. Reaction type is Pd catalyzed C-H arylation. The reaction conditions of this reaction are: Palladium Source: [PdCl(allyl)]2. Ligand: CC(C)c1cc(C(C)C)c(-c2ccccc2P(C2CCCCC2)C2CCCCC2)c(C(C)C)c1. Solvent: CCCCOC(C)=O. Base: CsOAc. Reaction Temperature: 120 degrees centigrade. Reaction Concentration: 0.153 M. Palladium loading: 2.25 mol%. Ligand loading: 5 mol%. Base loading: 3 eq. What is the yield (%) and cost (US dollar per mol) of this reaction?","","-1,-1","[]"
"Here is a chemical reaction. Reactants are: Cn1cnc(C#N)c1, Fc1ccccc1Br. Product is: Cn1cnc(C#N)c1-c1ccccc1F. Reaction type is Pd catalyzed C-H arylation. The reaction conditions of this reaction are: Palladium Source: [PdCl(allyl)]2. Ligand: CC(C)c1cc(C(C)C)c(-c2ccccc2P(C2CCCCC2)C2CCCCC2)c(C(C)C)c1. Solvent: CCCC#N. Base: CsOAc. Reaction Temperature: 90 degrees centigrade. Reaction Concentration: 0.1 M. Palladium loading: 2.25 mol%. Ligand loading: 5 mol%. Base loading: 3 eq. What is the yield (%) and cost (US dollar per mol) of this reaction?","","-1,-1","[]"
"Here is a chemical reaction. Reactants are: Cn1cnc(C#N)c1, Fc1ccccc1Br. Product is: Cn1cnc(C#N)c1-c1ccccc1F. Reaction type is Pd catalyzed C-H arylation. The reaction conditions of this reaction are: Palladium Source: [PdCl(allyl)]2. Ligand: CC(C)c1cc(C(C)C)c(-c2ccccc2P(C2CCCCC2)C2CCCCC2)c(C(C)C)c1. Solvent: CCCC#N. Base: CsOAc. Reaction Temperature: 105 degrees centigrade. Reaction Concentration: 0.1 M. Palladium loading: 2.25 mol%. Ligand loading: 5 mol%. Base loading: 3 eq. What is the yield (%) and cost (US dollar per mol) of this reaction?","","-1,-1","[]"
"Here is a chemical reaction. Reactants are: Cn1cnc(C#N)c1, Fc1ccccc1Br. Product is: Cn1cnc(C#N)c1-c1ccccc1F. Reaction type is Pd catalyzed C-H arylation. The reaction conditions of this reaction are: Palladium Source: [PdCl(allyl)]2. Ligand: CC(C)c1cc(C(C)C)c(-c2ccccc2P(C2CCCCC2)C2CCCCC2)c(C(C)C)c1. Solvent: CCCC#N. Base: CsOAc. Reaction Temperature: 120 degrees centigrade. Reaction Concentration: 0.1 M. Palladium loading: 2.25 mol%. Ligand loading: 5 mol%. Base loading: 3 eq. What is the yield (%) and cost (US dollar per mol) of this reaction?","","-1,-1","[]"
"Here is a chemical reaction. Reactants are: Cn1cnc(C#N)c1, Fc1ccccc1Br. Product is: Cn1cnc(C#N)c1-c1ccccc1F. Reaction type is Pd catalyzed C-H arylation. The reaction conditions of this reaction are: Palladium Source: [PdCl(allyl)]2. Ligand: CC(C)c1cc(C(C)C)c(-c2ccccc2P(C2CCCCC2)C2CCCCC2)c(C(C)C)c1. Solvent: CCCC#N. Base: CsOAc. Reaction Temperature: 90 degrees centigrade. Reaction Concentration: 0.057 M. Palladium loading: 2.25 mol%. Ligand loading: 5 mol%. Base loading: 3 eq. What is the yield (%) and cost (US dollar per mol) of this reaction?","","-1,-1","[]"
"Here is a chemical reaction. Reactants are: Cn1cnc(C#N)c1, Fc1ccccc1Br. Product is: Cn1cnc(C#N)c1-c1ccccc1F. Reaction type is Pd catalyzed C-H arylation. The reaction conditions of this reaction are: Palladium Source: [PdCl(allyl)]2. Ligand: CC(C)c1cc(C(C)C)c(-c2ccccc2P(C2CCCCC2)C2CCCCC2)c(C(C)C)c1. Solvent: CCCC#N. Base: CsOAc. Reaction Temperature: 105 degrees centigrade. Reaction Concentration: 0.057 M. Palladium loading: 2.25 mol%. Ligand loading: 5 mol%. Base loading: 3 eq. What is the yield (%) and cost (US dollar per mol) of this reaction?","","-1,-1","[]"
"Here is a chemical reaction. Reactants are: Cn1cnc(C#N)c1, Fc1ccccc1Br. Product is: Cn1cnc(C#N)c1-c1ccccc1F. Reaction type is Pd catalyzed C-H arylation. The reaction conditions of this reaction are: Palladium Source: [PdCl(allyl)]2. Ligand: CC(C)c1cc(C(C)C)c(-c2ccccc2P(C2CCCCC2)C2CCCCC2)c(C(C)C)c1. Solvent: CCCC#N. Base: CsOAc. Reaction Temperature: 120 degrees centigrade. Reaction Concentration: 0.057 M. Palladium loading: 2.25 mol%. Ligand loading: 5 mol%. Base loading: 3 eq. What is the yield (%) and cost (US dollar per mol) of this reaction?","","-1,-1","[]"
"Here is a chemical reaction. Reactants are: Cn1cnc(C#N)c1, Fc1ccccc1Br. Product is: Cn1cnc(C#N)c1-c1ccccc1F. Reaction type is Pd catalyzed C-H arylation. The reaction conditions of this reaction are: Palladium Source: [PdCl(allyl)]2. Ligand: CC(C)c1cc(C(C)C)c(-c2ccccc2P(C2CCCCC2)C2CCCCC2)c(C(C)C)c1. Solvent: CCCC#N. Base: CsOAc. Reaction Temperature: 90 degrees centigrade. Reaction Concentration: 0.153 M. Palladium loading: 2.25 mol%. Ligand loading: 5 mol%. Base loading: 3 eq. What is the yield (%) and cost (US dollar per mol) of this reaction?","","-1,-1","[]"
"Here is a chemical reaction. Reactants are: Cn1cnc(C#N)c1, Fc1ccccc1Br. Product is: Cn1cnc(C#N)c1-c1ccccc1F. Reaction type is Pd catalyzed C-H arylation. The reaction conditions of this reaction are: Palladium Source: [PdCl(allyl)]2. Ligand: CC(C)c1cc(C(C)C)c(-c2ccccc2P(C2CCCCC2)C2CCCCC2)c(C(C)C)c1. Solvent: CCCC#N. Base: CsOAc. Reaction Temperature: 105 degrees centigrade. Reaction Concentration: 0.153 M. Palladium loading: 2.25 mol%. Ligand loading: 5 mol%. Base loading: 3 eq. What is the yield (%) and cost (US dollar per mol) of this reaction?","","-1,-1","[]"
"Here is a chemical reaction. Reactants are: Cn1cnc(C#N)c1, Fc1ccccc1Br. Product is: Cn1cnc(C#N)c1-c1ccccc1F. Reaction type is Pd catalyzed C-H arylation. The reaction conditions of this reaction are: Palladium Source: [PdCl(allyl)]2. Ligand: CC(C)c1cc(C(C)C)c(-c2ccccc2P(C2CCCCC2)C2CCCCC2)c(C(C)C)c1. Solvent: CCCC#N. Base: CsOAc. Reaction Temperature: 120 degrees centigrade. Reaction Concentration: 0.153 M. Palladium loading: 2.25 mol%. Ligand loading: 5 mol%. Base loading: 3 eq. What is the yield (%) and cost (US dollar per mol) of this reaction?","","-1,-1","[]"
"Here is a chemical reaction. Reactants are: Cn1cnc(C#N)c1, Fc1ccccc1Br. Product is: Cn1cnc(C#N)c1-c1ccccc1F. Reaction type is Pd catalyzed C-H arylation. The reaction conditions of this reaction are: Palladium Source: [PdCl(allyl)]2. Ligand: CC(C)c1cc(C(C)C)c(-c2ccccc2P(C2CCCCC2)C2CCCCC2)c(C(C)C)c1. Solvent: Cc1ccc(C)cc1. Base: CsOAc. Reaction Temperature: 90 degrees centigrade. Reaction Concentration: 0.1 M. Palladium loading: 2.25 mol%. Ligand loading: 5 mol%. Base loading: 3 eq. What is the yield (%) and cost (US dollar per mol) of this reaction?","","-1,-1","[]"
"Here is a chemical reaction. Reactants are: Cn1cnc(C#N)c1, Fc1ccccc1Br. Product is: Cn1cnc(C#N)c1-c1ccccc1F. Reaction type is Pd catalyzed C-H arylation. The reaction conditions of this reaction are: Palladium Source: [PdCl(allyl)]2. Ligand: CC(C)c1cc(C(C)C)c(-c2ccccc2P(C2CCCCC2)C2CCCCC2)c(C(C)C)c1. Solvent: Cc1ccc(C)cc1. Base: CsOAc. Reaction Temperature: 105 degrees centigrade. Reaction Concentration: 0.1 M. Palladium loading: 2.25 mol%. Ligand loading: 5 mol%. Base loading: 3 eq. What is the yield (%) and cost (US dollar per mol) of this reaction?","","-1,-1","[]"
"Here is a chemical reaction. Reactants are: Cn1cnc(C#N)c1, Fc1ccccc1Br. Product is: Cn1cnc(C#N)c1-c1ccccc1F. Reaction type is Pd catalyzed C-H arylation. The reaction conditions of this reaction are: Palladium Source: [PdCl(allyl)]2. Ligand: CC(C)c1cc(C(C)C)c(-c2ccccc2P(C2CCCCC2)C2CCCCC2)c(C(C)C)c1. Solvent: Cc1ccc(C)cc1. Base: CsOAc. Reaction Temperature: 120 degrees centigrade. Reaction Concentration: 0.1 M. Palladium loading: 2.25 mol%. Ligand loading: 5 mol%. Base loading: 3 eq. What is the yield (%) and cost (US dollar per mol) of this reaction?","","-1,-1","[]"
"Here is a chemical reaction. Reactants are: Cn1cnc(C#N)c1, Fc1ccccc1Br. Product is: Cn1cnc(C#N)c1-c1ccccc1F. Reaction type is Pd catalyzed C-H arylation. The reaction conditions of this reaction are: Palladium Source: [PdCl(allyl)]2. Ligand: CC(C)c1cc(C(C)C)c(-c2ccccc2P(C2CCCCC2)C2CCCCC2)c(C(C)C)c1. Solvent: Cc1ccc(C)cc1. Base: CsOAc. Reaction Temperature: 90 degrees centigrade. Reaction Concentration: 0.057 M. Palladium loading: 2.25 mol%. Ligand loading: 5 mol%. Base loading: 3 eq. What is the yield (%) and cost (US dollar per mol) of this reaction?","","-1,-1","[]"
"Here is a chemical reaction. Reactants are: Cn1cnc(C#N)c1, Fc1ccccc1Br. Product is: Cn1cnc(C#N)c1-c1ccccc1F. Reaction type is Pd catalyzed C-H arylation. The reaction conditions of this reaction are: Palladium Source: [PdCl(allyl)]2. Ligand: CC(C)c1cc(C(C)C)c(-c2ccccc2P(C2CCCCC2)C2CCCCC2)c(C(C)C)c1. Solvent: Cc1ccc(C)cc1. Base: CsOAc. Reaction Temperature: 105 degrees centigrade. Reaction Concentration: 0.057 M. Palladium loading: 2.25 mol%. Ligand loading: 5 mol%. Base loading: 3 eq. What is the yield (%) and cost (US dollar per mol) of this reaction?","","-1,-1","[]"
"Here is a chemical reaction. Reactants are: Cn1cnc(C#N)c1, Fc1ccccc1Br. Product is: Cn1cnc(C#N)c1-c1ccccc1F. Reaction type is Pd catalyzed C-H arylation. The reaction conditions of this reaction are: Palladium Source: [PdCl(allyl)]2. Ligand: CC(C)c1cc(C(C)C)c(-c2ccccc2P(C2CCCCC2)C2CCCCC2)c(C(C)C)c1. Solvent: Cc1ccc(C)cc1. Base: CsOAc. Reaction Temperature: 120 degrees centigrade. Reaction Concentration: 0.057 M. Palladium loading: 2.25 mol%. Ligand loading: 5 mol%. Base loading: 3 eq. What is the yield (%) and cost (US dollar per mol) of this reaction?","","-1,-1","[]"
"Here is a chemical reaction. Reactants are: Cn1cnc(C#N)c1, Fc1ccccc1Br. Product is: Cn1cnc(C#N)c1-c1ccccc1F. Reaction type is Pd catalyzed C-H arylation. The reaction conditions of this reaction are: Palladium Source: [PdCl(allyl)]2. Ligand: CC(C)c1cc(C(C)C)c(-c2ccccc2P(C2CCCCC2)C2CCCCC2)c(C(C)C)c1. Solvent: Cc1ccc(C)cc1. Base: CsOAc. Reaction Temperature: 90 degrees centigrade. Reaction Concentration: 0.153 M. Palladium loading: 2.25 mol%. Ligand loading: 5 mol%. Base loading: 3 eq. What is the yield (%) and cost (US dollar per mol) of this reaction?","","-1,-1","[]"
"Here is a chemical reaction. Reactants are: Cn1cnc(C#N)c1, Fc1ccccc1Br. Product is: Cn1cnc(C#N)c1-c1ccccc1F. Reaction type is Pd catalyzed C-H arylation. The reaction conditions of this reaction are: Palladium Source: [PdCl(allyl)]2. Ligand: CC(C)c1cc(C(C)C)c(-c2ccccc2P(C2CCCCC2)C2CCCCC2)c(C(C)C)c1. Solvent: Cc1ccc(C)cc1. Base: CsOAc. Reaction Temperature: 105 degrees centigrade. Reaction Concentration: 0.153 M. Palladium loading: 2.25 mol%. Ligand loading: 5 mol%. Base loading: 3 eq. What is the yield (%) and cost (US dollar per mol) of this reaction?","","-1,-1","[]"
"Here is a chemical reaction. Reactants are: Cn1cnc(C#N)c1, Fc1ccccc1Br. Product is: Cn1cnc(C#N)c1-c1ccccc1F. Reaction type is Pd catalyzed C-H arylation. The reaction conditions of this reaction are: Palladium Source: [PdCl(allyl)]2. Ligand: CC(C)c1cc(C(C)C)c(-c2ccccc2P(C2CCCCC2)C2CCCCC2)c(C(C)C)c1. Solvent: Cc1ccc(C)cc1. Base: CsOAc. Reaction Temperature: 120 degrees centigrade. Reaction Concentration: 0.153 M. Palladium loading: 2.25 mol%. Ligand loading: 5 mol%. Base loading: 3 eq. What is the yield (%) and cost (US dollar per mol) of this reaction?","","-1,-1","[]"
"Here is a chemical reaction. Reactants are: Cn1cnc(C#N)c1, Fc1ccccc1Br. Product is: Cn1cnc(C#N)c1-c1ccccc1F. Reaction type is Pd catalyzed C-H arylation. The reaction conditions of this reaction are: Palladium Source: [PdCl(allyl)]2. Ligand: CC(C)c1cc(C(C)C)c(-c2ccccc2P(C2CCCCC2)C2CCCCC2)c(C(C)C)c1. Solvent: CC(=O)N(C)C. Base: CsOAc. Reaction Temperature: 90 degrees centigrade. Reaction Concentration: 0.1 M. Palladium loading: 2.25 mol%. Ligand loading: 5 mol%. Base loading: 3 eq. What is the yield (%) and cost (US dollar per mol) of this reaction?","","-1,-1","[]"
"Here is a chemical reaction. Reactants are: Cn1cnc(C#N)c1, Fc1ccccc1Br. Product is: Cn1cnc(C#N)c1-c1ccccc1F. Reaction type is Pd catalyzed C-H arylation. The reaction conditions of this reaction are: Palladium Source: [PdCl(allyl)]2. Ligand: CC(C)c1cc(C(C)C)c(-c2ccccc2P(C2CCCCC2)C2CCCCC2)c(C(C)C)c1. Solvent: CC(=O)N(C)C. Base: CsOAc. Reaction Temperature: 105 degrees centigrade. Reaction Concentration: 0.1 M. Palladium loading: 2.25 mol%. Ligand loading: 5 mol%. Base loading: 3 eq. What is the yield (%) and cost (US dollar per mol) of this reaction?","","-1,-1","[]"
"Here is a chemical reaction. Reactants are: Cn1cnc(C#N)c1, Fc1ccccc1Br. Product is: Cn1cnc(C#N)c1-c1ccccc1F. Reaction type is Pd catalyzed C-H arylation. The reaction conditions of this reaction are: Palladium Source: [PdCl(allyl)]2. Ligand: CC(C)c1cc(C(C)C)c(-c2ccccc2P(C2CCCCC2)C2CCCCC2)c(C(C)C)c1. Solvent: CC(=O)N(C)C. Base: CsOAc. Reaction Temperature: 120 degrees centigrade. Reaction Concentration: 0.1 M. Palladium loading: 2.25 mol%. Ligand loading: 5 mol%. Base loading: 3 eq. What is the yield (%) and cost (US dollar per mol) of this reaction?","","-1,-1","[]"
"Here is a chemical reaction. Reactants are: Cn1cnc(C#N)c1, Fc1ccccc1Br. Product is: Cn1cnc(C#N)c1-c1ccccc1F. Reaction type is Pd catalyzed C-H arylation. The reaction conditions of this reaction are: Palladium Source: [PdCl(allyl)]2. Ligand: CC(C)c1cc(C(C)C)c(-c2ccccc2P(C2CCCCC2)C2CCCCC2)c(C(C)C)c1. Solvent: CC(=O)N(C)C. Base: CsOAc. Reaction Temperature: 90 degrees centigrade. Reaction Concentration: 0.057 M. Palladium loading: 2.25 mol%. Ligand loading: 5 mol%. Base loading: 3 eq. What is the yield (%) and cost (US dollar per mol) of this reaction?","","-1,-1","[]"
"Here is a chemical reaction. Reactants are: Cn1cnc(C#N)c1, Fc1ccccc1Br. Product is: Cn1cnc(C#N)c1-c1ccccc1F. Reaction type is Pd catalyzed C-H arylation. The reaction conditions of this reaction are: Palladium Source: [PdCl(allyl)]2. Ligand: CC(C)c1cc(C(C)C)c(-c2ccccc2P(C2CCCCC2)C2CCCCC2)c(C(C)C)c1. Solvent: CC(=O)N(C)C. Base: CsOAc. Reaction Temperature: 105 degrees centigrade. Reaction Concentration: 0.057 M. Palladium loading: 2.25 mol%. Ligand loading: 5 mol%. Base loading: 3 eq. What is the yield (%) and cost (US dollar per mol) of this reaction?","","-1,-1","[]"
"Here is a chemical reaction. Reactants are: Cn1cnc(C#N)c1, Fc1ccccc1Br. Product is: Cn1cnc(C#N)c1-c1ccccc1F. Reaction type is Pd catalyzed C-H arylation. The reaction conditions of this reaction are: Palladium Source: [PdCl(allyl)]2. Ligand: CC(C)c1cc(C(C)C)c(-c2ccccc2P(C2CCCCC2)C2CCCCC2)c(C(C)C)c1. Solvent: CC(=O)N(C)C. Base: CsOAc. Reaction Temperature: 120 degrees centigrade. Reaction Concentration: 0.057 M. Palladium loading: 2.25 mol%. Ligand loading: 5 mol%. Base loading: 3 eq. What is the yield (%) and cost (US dollar per mol) of this reaction?","","-1,-1","[]"
"Here is a chemical reaction. Reactants are: Cn1cnc(C#N)c1, Fc1ccccc1Br. Product is: Cn1cnc(C#N)c1-c1ccccc1F. Reaction type is Pd catalyzed C-H arylation. The reaction conditions of this reaction are: Palladium Source: [PdCl(allyl)]2. Ligand: CC(C)c1cc(C(C)C)c(-c2ccccc2P(C2CCCCC2)C2CCCCC2)c(C(C)C)c1. Solvent: CC(=O)N(C)C. Base: CsOAc. Reaction Temperature: 90 degrees centigrade. Reaction Concentration: 0.153 M. Palladium loading: 2.25 mol%. Ligand loading: 5 mol%. Base loading: 3 eq. What is the yield (%) and cost (US dollar per mol) of this reaction?","","-1,-1","[]"
"Here is a chemical reaction. Reactants are: Cn1cnc(C#N)c1, Fc1ccccc1Br. Product is: Cn1cnc(C#N)c1-c1ccccc1F. Reaction type is Pd catalyzed C-H arylation. The reaction conditions of this reaction are: Palladium Source: [PdCl(allyl)]2. Ligand: CC(C)c1cc(C(C)C)c(-c2ccccc2P(C2CCCCC2)C2CCCCC2)c(C(C)C)c1. Solvent: CC(=O)N(C)C. Base: CsOAc. Reaction Temperature: 105 degrees centigrade. Reaction Concentration: 0.153 M. Palladium loading: 2.25 mol%. Ligand loading: 5 mol%. Base loading: 3 eq. What is the yield (%) and cost (US dollar per mol) of this reaction?","","-1,-1","[]"
"Here is a chemical reaction. Reactants are: Cn1cnc(C#N)c1, Fc1ccccc1Br. Product is: Cn1cnc(C#N)c1-c1ccccc1F. Reaction type is Pd catalyzed C-H arylation. The reaction conditions of this reaction are: Palladium Source: [PdCl(allyl)]2. Ligand: CC(C)c1cc(C(C)C)c(-c2ccccc2P(C2CCCCC2)C2CCCCC2)c(C(C)C)c1. Solvent: CC(=O)N(C)C. Base: CsOAc. Reaction Temperature: 120 degrees centigrade. Reaction Concentration: 0.153 M. Palladium loading: 2.25 mol%. Ligand loading: 5 mol%. Base loading: 3 eq. What is the yield (%) and cost (US dollar per mol) of this reaction?","","-1,-1","[]"
"Here is a chemical reaction. Reactants are: Cn1cnc(C#N)c1, Fc1ccccc1Br. Product is: Cn1cnc(C#N)c1-c1ccccc1F. Reaction type is Pd catalyzed C-H arylation. The reaction conditions of this reaction are: Palladium Source: [PdCl(allyl)]2. Ligand: CC(C)c1cc(C(C)C)c(-c2ccccc2P(C2CCCCC2)C2CCCCC2)c(C(C)C)c1. Solvent: CCCCOC(C)=O. Base: KOPiv. Reaction Temperature: 90 degrees centigrade. Reaction Concentration: 0.1 M. Palladium loading: 2.25 mol%. Ligand loading: 5 mol%. Base loading: 3 eq. What is the yield (%) and cost (US dollar per mol) of this reaction?","","-1,-1","[]"
"Here is a chemical reaction. Reactants are: Cn1cnc(C#N)c1, Fc1ccccc1Br. Product is: Cn1cnc(C#N)c1-c1ccccc1F. Reaction type is Pd catalyzed C-H arylation. The reaction conditions of this reaction are: Palladium Source: [PdCl(allyl)]2. Ligand: CC(C)c1cc(C(C)C)c(-c2ccccc2P(C2CCCCC2)C2CCCCC2)c(C(C)C)c1. Solvent: CCCCOC(C)=O. Base: KOPiv. Reaction Temperature: 105 degrees centigrade. Reaction Concentration: 0.1 M. Palladium loading: 2.25 mol%. Ligand loading: 5 mol%. Base loading: 3 eq. What is the yield (%) and cost (US dollar per mol) of this reaction?","","-1,-1","[]"
"Here is a chemical reaction. Reactants are: Cn1cnc(C#N)c1, Fc1ccccc1Br. Product is: Cn1cnc(C#N)c1-c1ccccc1F. Reaction type is Pd catalyzed C-H arylation. The reaction conditions of this reaction are: Palladium Source: [PdCl(allyl)]2. Ligand: CC(C)c1cc(C(C)C)c(-c2ccccc2P(C2CCCCC2)C2CCCCC2)c(C(C)C)c1. Solvent: CCCCOC(C)=O. Base: KOPiv. Reaction Temperature: 120 degrees centigrade. Reaction Concentration: 0.1 M. Palladium loading: 2.25 mol%. Ligand loading: 5 mol%. Base loading: 3 eq. What is the yield (%) and cost (US dollar per mol) of this reaction?","","-1,-1","[]"
"Here is a chemical reaction. Reactants are: Cn1cnc(C#N)c1, Fc1ccccc1Br. Product is: Cn1cnc(C#N)c1-c1ccccc1F. Reaction type is Pd catalyzed C-H arylation. The reaction conditions of this reaction are: Palladium Source: [PdCl(allyl)]2. Ligand: CC(C)c1cc(C(C)C)c(-c2ccccc2P(C2CCCCC2)C2CCCCC2)c(C(C)C)c1. Solvent: CCCCOC(C)=O. Base: KOPiv. Reaction Temperature: 90 degrees centigrade. Reaction Concentration: 0.057 M. Palladium loading: 2.25 mol%. Ligand loading: 5 mol%. Base loading: 3 eq. What is the yield (%) and cost (US dollar per mol) of this reaction?","","-1,-1","[]"
"Here is a chemical reaction. Reactants are: Cn1cnc(C#N)c1, Fc1ccccc1Br. Product is: Cn1cnc(C#N)c1-c1ccccc1F. Reaction type is Pd catalyzed C-H arylation. The reaction conditions of this reaction are: Palladium Source: [PdCl(allyl)]2. Ligand: CC(C)c1cc(C(C)C)c(-c2ccccc2P(C2CCCCC2)C2CCCCC2)c(C(C)C)c1. Solvent: CCCCOC(C)=O. Base: KOPiv. Reaction Temperature: 105 degrees centigrade. Reaction Concentration: 0.057 M. Palladium loading: 2.25 mol%. Ligand loading: 5 mol%. Base loading: 3 eq. What is the yield (%) and cost (US dollar per mol) of this reaction?","","-1,-1","[]"
"Here is a chemical reaction. Reactants are: Cn1cnc(C#N)c1, Fc1ccccc1Br. Product is: Cn1cnc(C#N)c1-c1ccccc1F. Reaction type is Pd catalyzed C-H arylation. The reaction conditions of this reaction are: Palladium Source: [PdCl(allyl)]2. Ligand: CC(C)c1cc(C(C)C)c(-c2ccccc2P(C2CCCCC2)C2CCCCC2)c(C(C)C)c1. Solvent: CCCCOC(C)=O. Base: KOPiv. Reaction Temperature: 120 degrees centigrade. Reaction Concentration: 0.057 M. Palladium loading: 2.25 mol%. Ligand loading: 5 mol%. Base loading: 3 eq. What is the yield (%) and cost (US dollar per mol) of this reaction?","","-1,-1","[]"
"Here is a chemical reaction. Reactants are: Cn1cnc(C#N)c1, Fc1ccccc1Br. Product is: Cn1cnc(C#N)c1-c1ccccc1F. Reaction type is Pd catalyzed C-H arylation. The reaction conditions of this reaction are: Palladium Source: [PdCl(allyl)]2. Ligand: CC(C)c1cc(C(C)C)c(-c2ccccc2P(C2CCCCC2)C2CCCCC2)c(C(C)C)c1. Solvent: CCCCOC(C)=O. Base: KOPiv. Reaction Temperature: 90 degrees centigrade. Reaction Concentration: 0.153 M. Palladium loading: 2.25 mol%. Ligand loading: 5 mol%. Base loading: 3 eq. What is the yield (%) and cost (US dollar per mol) of this reaction?","","-1,-1","[]"
"Here is a chemical reaction. Reactants are: Cn1cnc(C#N)c1, Fc1ccccc1Br. Product is: Cn1cnc(C#N)c1-c1ccccc1F. Reaction type is Pd catalyzed C-H arylation. The reaction conditions of this reaction are: Palladium Source: [PdCl(allyl)]2. Ligand: CC(C)c1cc(C(C)C)c(-c2ccccc2P(C2CCCCC2)C2CCCCC2)c(C(C)C)c1. Solvent: CCCCOC(C)=O. Base: KOPiv. Reaction Temperature: 105 degrees centigrade. Reaction Concentration: 0.153 M. Palladium loading: 2.25 mol%. Ligand loading: 5 mol%. Base loading: 3 eq. What is the yield (%) and cost (US dollar per mol) of this reaction?","","-1,-1","[]"
"Here is a chemical reaction. Reactants are: Cn1cnc(C#N)c1, Fc1ccccc1Br. Product is: Cn1cnc(C#N)c1-c1ccccc1F. Reaction type is Pd catalyzed C-H arylation. The reaction conditions of this reaction are: Palladium Source: [PdCl(allyl)]2. Ligand: CC(C)c1cc(C(C)C)c(-c2ccccc2P(C2CCCCC2)C2CCCCC2)c(C(C)C)c1. Solvent: CCCCOC(C)=O. Base: KOPiv. Reaction Temperature: 120 degrees centigrade. Reaction Concentration: 0.153 M. Palladium loading: 2.25 mol%. Ligand loading: 5 mol%. Base loading: 3 eq. What is the yield (%) and cost (US dollar per mol) of this reaction?","","-1,-1","[]"
"Here is a chemical reaction. Reactants are: Cn1cnc(C#N)c1, Fc1ccccc1Br. Product is: Cn1cnc(C#N)c1-c1ccccc1F. Reaction type is Pd catalyzed C-H arylation. The reaction conditions of this reaction are: Palladium Source: [PdCl(allyl)]2. Ligand: CC(C)c1cc(C(C)C)c(-c2ccccc2P(C2CCCCC2)C2CCCCC2)c(C(C)C)c1. Solvent: CCCC#N. Base: KOPiv. Reaction Temperature: 90 degrees centigrade. Reaction Concentration: 0.1 M. Palladium loading: 2.25 mol%. Ligand loading: 5 mol%. Base loading: 3 eq. What is the yield (%) and cost (US dollar per mol) of this reaction?","","-1,-1","[]"
"Here is a chemical reaction. Reactants are: Cn1cnc(C#N)c1, Fc1ccccc1Br. Product is: Cn1cnc(C#N)c1-c1ccccc1F. Reaction type is Pd catalyzed C-H arylation. The reaction conditions of this reaction are: Palladium Source: [PdCl(allyl)]2. Ligand: CC(C)c1cc(C(C)C)c(-c2ccccc2P(C2CCCCC2)C2CCCCC2)c(C(C)C)c1. Solvent: CCCC#N. Base: KOPiv. Reaction Temperature: 105 degrees centigrade. Reaction Concentration: 0.1 M. Palladium loading: 2.25 mol%. Ligand loading: 5 mol%. Base loading: 3 eq. What is the yield (%) and cost (US dollar per mol) of this reaction?","","-1,-1","[]"
"Here is a chemical reaction. Reactants are: Cn1cnc(C#N)c1, Fc1ccccc1Br. Product is: Cn1cnc(C#N)c1-c1ccccc1F. Reaction type is Pd catalyzed C-H arylation. The reaction conditions of this reaction are: Palladium Source: [PdCl(allyl)]2. Ligand: CC(C)c1cc(C(C)C)c(-c2ccccc2P(C2CCCCC2)C2CCCCC2)c(C(C)C)c1. Solvent: CCCC#N. Base: KOPiv. Reaction Temperature: 120 degrees centigrade. Reaction Concentration: 0.1 M. Palladium loading: 2.25 mol%. Ligand loading: 5 mol%. Base loading: 3 eq. What is the yield (%) and cost (US dollar per mol) of this reaction?","","-1,-1","[]"
"Here is a chemical reaction. Reactants are: Cn1cnc(C#N)c1, Fc1ccccc1Br. Product is: Cn1cnc(C#N)c1-c1ccccc1F. Reaction type is Pd catalyzed C-H arylation. The reaction conditions of this reaction are: Palladium Source: [PdCl(allyl)]2. Ligand: CC(C)c1cc(C(C)C)c(-c2ccccc2P(C2CCCCC2)C2CCCCC2)c(C(C)C)c1. Solvent: CCCC#N. Base: KOPiv. Reaction Temperature: 90 degrees centigrade. Reaction Concentration: 0.057 M. Palladium loading: 2.25 mol%. Ligand loading: 5 mol%. Base loading: 3 eq. What is the yield (%) and cost (US dollar per mol) of this reaction?","","-1,-1","[]"
"Here is a chemical reaction. Reactants are: Cn1cnc(C#N)c1, Fc1ccccc1Br. Product is: Cn1cnc(C#N)c1-c1ccccc1F. Reaction type is Pd catalyzed C-H arylation. The reaction conditions of this reaction are: Palladium Source: [PdCl(allyl)]2. Ligand: CC(C)c1cc(C(C)C)c(-c2ccccc2P(C2CCCCC2)C2CCCCC2)c(C(C)C)c1. Solvent: CCCC#N. Base: KOPiv. Reaction Temperature: 105 degrees centigrade. Reaction Concentration: 0.057 M. Palladium loading: 2.25 mol%. Ligand loading: 5 mol%. Base loading: 3 eq. What is the yield (%) and cost (US dollar per mol) of this reaction?","","-1,-1","[]"
"Here is a chemical reaction. Reactants are: Cn1cnc(C#N)c1, Fc1ccccc1Br. Product is: Cn1cnc(C#N)c1-c1ccccc1F. Reaction type is Pd catalyzed C-H arylation. The reaction conditions of this reaction are: Palladium Source: [PdCl(allyl)]2. Ligand: CC(C)c1cc(C(C)C)c(-c2ccccc2P(C2CCCCC2)C2CCCCC2)c(C(C)C)c1. Solvent: CCCC#N. Base: KOPiv. Reaction Temperature: 120 degrees centigrade. Reaction Concentration: 0.057 M. Palladium loading: 2.25 mol%. Ligand loading: 5 mol%. Base loading: 3 eq. What is the yield (%) and cost (US dollar per mol) of this reaction?","","-1,-1","[]"
"Here is a chemical reaction. Reactants are: Cn1cnc(C#N)c1, Fc1ccccc1Br. Product is: Cn1cnc(C#N)c1-c1ccccc1F. Reaction type is Pd catalyzed C-H arylation. The reaction conditions of this reaction are: Palladium Source: [PdCl(allyl)]2. Ligand: CC(C)c1cc(C(C)C)c(-c2ccccc2P(C2CCCCC2)C2CCCCC2)c(C(C)C)c1. Solvent: CCCC#N. Base: KOPiv. Reaction Temperature: 90 degrees centigrade. Reaction Concentration: 0.153 M. Palladium loading: 2.25 mol%. Ligand loading: 5 mol%. Base loading: 3 eq. What is the yield (%) and cost (US dollar per mol) of this reaction?","","-1,-1","[]"
"Here is a chemical reaction. Reactants are: Cn1cnc(C#N)c1, Fc1ccccc1Br. Product is: Cn1cnc(C#N)c1-c1ccccc1F. Reaction type is Pd catalyzed C-H arylation. The reaction conditions of this reaction are: Palladium Source: [PdCl(allyl)]2. Ligand: CC(C)c1cc(C(C)C)c(-c2ccccc2P(C2CCCCC2)C2CCCCC2)c(C(C)C)c1. Solvent: CCCC#N. Base: KOPiv. Reaction Temperature: 105 degrees centigrade. Reaction Concentration: 0.153 M. Palladium loading: 2.25 mol%. Ligand loading: 5 mol%. Base loading: 3 eq. What is the yield (%) and cost (US dollar per mol) of this reaction?","","-1,-1","[]"
"Here is a chemical reaction. Reactants are: Cn1cnc(C#N)c1, Fc1ccccc1Br. Product is: Cn1cnc(C#N)c1-c1ccccc1F. Reaction type is Pd catalyzed C-H arylation. The reaction conditions of this reaction are: Palladium Source: [PdCl(allyl)]2. Ligand: CC(C)c1cc(C(C)C)c(-c2ccccc2P(C2CCCCC2)C2CCCCC2)c(C(C)C)c1. Solvent: CCCC#N. Base: KOPiv. Reaction Temperature: 120 degrees centigrade. Reaction Concentration: 0.153 M. Palladium loading: 2.25 mol%. Ligand loading: 5 mol%. Base loading: 3 eq. What is the yield (%) and cost (US dollar per mol) of this reaction?","","-1,-1","[]"
"Here is a chemical reaction. Reactants are: Cn1cnc(C#N)c1, Fc1ccccc1Br. Product is: Cn1cnc(C#N)c1-c1ccccc1F. Reaction type is Pd catalyzed C-H arylation. The reaction conditions of this reaction are: Palladium Source: [PdCl(allyl)]2. Ligand: CC(C)c1cc(C(C)C)c(-c2ccccc2P(C2CCCCC2)C2CCCCC2)c(C(C)C)c1. Solvent: Cc1ccc(C)cc1. Base: KOPiv. Reaction Temperature: 90 degrees centigrade. Reaction Concentration: 0.1 M. Palladium loading: 2.25 mol%. Ligand loading: 5 mol%. Base loading: 3 eq. What is the yield (%) and cost (US dollar per mol) of this reaction?","","-1,-1","[]"
"Here is a chemical reaction. Reactants are: Cn1cnc(C#N)c1, Fc1ccccc1Br. Product is: Cn1cnc(C#N)c1-c1ccccc1F. Reaction type is Pd catalyzed C-H arylation. The reaction conditions of this reaction are: Palladium Source: [PdCl(allyl)]2. Ligand: CC(C)c1cc(C(C)C)c(-c2ccccc2P(C2CCCCC2)C2CCCCC2)c(C(C)C)c1. Solvent: Cc1ccc(C)cc1. Base: KOPiv. Reaction Temperature: 105 degrees centigrade. Reaction Concentration: 0.1 M. Palladium loading: 2.25 mol%. Ligand loading: 5 mol%. Base loading: 3 eq. What is the yield (%) and cost (US dollar per mol) of this reaction?","","-1,-1","[]"
"Here is a chemical reaction. Reactants are: Cn1cnc(C#N)c1, Fc1ccccc1Br. Product is: Cn1cnc(C#N)c1-c1ccccc1F. Reaction type is Pd catalyzed C-H arylation. The reaction conditions of this reaction are: Palladium Source: [PdCl(allyl)]2. Ligand: CC(C)c1cc(C(C)C)c(-c2ccccc2P(C2CCCCC2)C2CCCCC2)c(C(C)C)c1. Solvent: Cc1ccc(C)cc1. Base: KOPiv. Reaction Temperature: 120 degrees centigrade. Reaction Concentration: 0.1 M. Palladium loading: 2.25 mol%. Ligand loading: 5 mol%. Base loading: 3 eq. What is the yield (%) and cost (US dollar per mol) of this reaction?","","-1,-1","[]"
"Here is a chemical reaction. Reactants are: Cn1cnc(C#N)c1, Fc1ccccc1Br. Product is: Cn1cnc(C#N)c1-c1ccccc1F. Reaction type is Pd catalyzed C-H arylation. The reaction conditions of this reaction are: Palladium Source: [PdCl(allyl)]2. Ligand: CC(C)c1cc(C(C)C)c(-c2ccccc2P(C2CCCCC2)C2CCCCC2)c(C(C)C)c1. Solvent: Cc1ccc(C)cc1. Base: KOPiv. Reaction Temperature: 90 degrees centigrade. Reaction Concentration: 0.057 M. Palladium loading: 2.25 mol%. Ligand loading: 5 mol%. Base loading: 3 eq. What is the yield (%) and cost (US dollar per mol) of this reaction?","","-1,-1","[]"
"Here is a chemical reaction. Reactants are: Cn1cnc(C#N)c1, Fc1ccccc1Br. Product is: Cn1cnc(C#N)c1-c1ccccc1F. Reaction type is Pd catalyzed C-H arylation. The reaction conditions of this reaction are: Palladium Source: [PdCl(allyl)]2. Ligand: CC(C)c1cc(C(C)C)c(-c2ccccc2P(C2CCCCC2)C2CCCCC2)c(C(C)C)c1. Solvent: Cc1ccc(C)cc1. Base: KOPiv. Reaction Temperature: 105 degrees centigrade. Reaction Concentration: 0.057 M. Palladium loading: 2.25 mol%. Ligand loading: 5 mol%. Base loading: 3 eq. What is the yield (%) and cost (US dollar per mol) of this reaction?","","-1,-1","[]"
"Here is a chemical reaction. Reactants are: Cn1cnc(C#N)c1, Fc1ccccc1Br. Product is: Cn1cnc(C#N)c1-c1ccccc1F. Reaction type is Pd catalyzed C-H arylation. The reaction conditions of this reaction are: Palladium Source: [PdCl(allyl)]2. Ligand: CC(C)c1cc(C(C)C)c(-c2ccccc2P(C2CCCCC2)C2CCCCC2)c(C(C)C)c1. Solvent: Cc1ccc(C)cc1. Base: KOPiv. Reaction Temperature: 120 degrees centigrade. Reaction Concentration: 0.057 M. Palladium loading: 2.25 mol%. Ligand loading: 5 mol%. Base loading: 3 eq. What is the yield (%) and cost (US dollar per mol) of this reaction?","","-1,-1","[]"
"Here is a chemical reaction. Reactants are: Cn1cnc(C#N)c1, Fc1ccccc1Br. Product is: Cn1cnc(C#N)c1-c1ccccc1F. Reaction type is Pd catalyzed C-H arylation. The reaction conditions of this reaction are: Palladium Source: [PdCl(allyl)]2. Ligand: CC(C)c1cc(C(C)C)c(-c2ccccc2P(C2CCCCC2)C2CCCCC2)c(C(C)C)c1. Solvent: Cc1ccc(C)cc1. Base: KOPiv. Reaction Temperature: 90 degrees centigrade. Reaction Concentration: 0.153 M. Palladium loading: 2.25 mol%. Ligand loading: 5 mol%. Base loading: 3 eq. What is the yield (%) and cost (US dollar per mol) of this reaction?","","-1,-1","[]"
"Here is a chemical reaction. Reactants are: Cn1cnc(C#N)c1, Fc1ccccc1Br. Product is: Cn1cnc(C#N)c1-c1ccccc1F. Reaction type is Pd catalyzed C-H arylation. The reaction conditions of this reaction are: Palladium Source: [PdCl(allyl)]2. Ligand: CC(C)c1cc(C(C)C)c(-c2ccccc2P(C2CCCCC2)C2CCCCC2)c(C(C)C)c1. Solvent: Cc1ccc(C)cc1. Base: KOPiv. Reaction Temperature: 105 degrees centigrade. Reaction Concentration: 0.153 M. Palladium loading: 2.25 mol%. Ligand loading: 5 mol%. Base loading: 3 eq. What is the yield (%) and cost (US dollar per mol) of this reaction?","","-1,-1","[]"
"Here is a chemical reaction. Reactants are: Cn1cnc(C#N)c1, Fc1ccccc1Br. Product is: Cn1cnc(C#N)c1-c1ccccc1F. Reaction type is Pd catalyzed C-H arylation. The reaction conditions of this reaction are: Palladium Source: [PdCl(allyl)]2. Ligand: CC(C)c1cc(C(C)C)c(-c2ccccc2P(C2CCCCC2)C2CCCCC2)c(C(C)C)c1. Solvent: Cc1ccc(C)cc1. Base: KOPiv. Reaction Temperature: 120 degrees centigrade. Reaction Concentration: 0.153 M. Palladium loading: 2.25 mol%. Ligand loading: 5 mol%. Base loading: 3 eq. What is the yield (%) and cost (US dollar per mol) of this reaction?","","-1,-1","[]"
"Here is a chemical reaction. Reactants are: Cn1cnc(C#N)c1, Fc1ccccc1Br. Product is: Cn1cnc(C#N)c1-c1ccccc1F. Reaction type is Pd catalyzed C-H arylation. The reaction conditions of this reaction are: Palladium Source: [PdCl(allyl)]2. Ligand: CC(C)c1cc(C(C)C)c(-c2ccccc2P(C2CCCCC2)C2CCCCC2)c(C(C)C)c1. Solvent: CC(=O)N(C)C. Base: KOPiv. Reaction Temperature: 90 degrees centigrade. Reaction Concentration: 0.1 M. Palladium loading: 2.25 mol%. Ligand loading: 5 mol%. Base loading: 3 eq. What is the yield (%) and cost (US dollar per mol) of this reaction?","","-1,-1","[]"
"Here is a chemical reaction. Reactants are: Cn1cnc(C#N)c1, Fc1ccccc1Br. Product is: Cn1cnc(C#N)c1-c1ccccc1F. Reaction type is Pd catalyzed C-H arylation. The reaction conditions of this reaction are: Palladium Source: [PdCl(allyl)]2. Ligand: CC(C)c1cc(C(C)C)c(-c2ccccc2P(C2CCCCC2)C2CCCCC2)c(C(C)C)c1. Solvent: CC(=O)N(C)C. Base: KOPiv. Reaction Temperature: 105 degrees centigrade. Reaction Concentration: 0.1 M. Palladium loading: 2.25 mol%. Ligand loading: 5 mol%. Base loading: 3 eq. What is the yield (%) and cost (US dollar per mol) of this reaction?","","-1,-1","[]"
"Here is a chemical reaction. Reactants are: Cn1cnc(C#N)c1, Fc1ccccc1Br. Product is: Cn1cnc(C#N)c1-c1ccccc1F. Reaction type is Pd catalyzed C-H arylation. The reaction conditions of this reaction are: Palladium Source: [PdCl(allyl)]2. Ligand: CC(C)c1cc(C(C)C)c(-c2ccccc2P(C2CCCCC2)C2CCCCC2)c(C(C)C)c1. Solvent: CC(=O)N(C)C. Base: KOPiv. Reaction Temperature: 120 degrees centigrade. Reaction Concentration: 0.1 M. Palladium loading: 2.25 mol%. Ligand loading: 5 mol%. Base loading: 3 eq. What is the yield (%) and cost (US dollar per mol) of this reaction?","","-1,-1","[]"
"Here is a chemical reaction. Reactants are: Cn1cnc(C#N)c1, Fc1ccccc1Br. Product is: Cn1cnc(C#N)c1-c1ccccc1F. Reaction type is Pd catalyzed C-H arylation. The reaction conditions of this reaction are: Palladium Source: [PdCl(allyl)]2. Ligand: CC(C)c1cc(C(C)C)c(-c2ccccc2P(C2CCCCC2)C2CCCCC2)c(C(C)C)c1. Solvent: CC(=O)N(C)C. Base: KOPiv. Reaction Temperature: 90 degrees centigrade. Reaction Concentration: 0.057 M. Palladium loading: 2.25 mol%. Ligand loading: 5 mol%. Base loading: 3 eq. What is the yield (%) and cost (US dollar per mol) of this reaction?","","-1,-1","[]"
"Here is a chemical reaction. Reactants are: Cn1cnc(C#N)c1, Fc1ccccc1Br. Product is: Cn1cnc(C#N)c1-c1ccccc1F. Reaction type is Pd catalyzed C-H arylation. The reaction conditions of this reaction are: Palladium Source: [PdCl(allyl)]2. Ligand: CC(C)c1cc(C(C)C)c(-c2ccccc2P(C2CCCCC2)C2CCCCC2)c(C(C)C)c1. Solvent: CC(=O)N(C)C. Base: KOPiv. Reaction Temperature: 105 degrees centigrade. Reaction Concentration: 0.057 M. Palladium loading: 2.25 mol%. Ligand loading: 5 mol%. Base loading: 3 eq. What is the yield (%) and cost (US dollar per mol) of this reaction?","","-1,-1","[]"
"Here is a chemical reaction. Reactants are: Cn1cnc(C#N)c1, Fc1ccccc1Br. Product is: Cn1cnc(C#N)c1-c1ccccc1F. Reaction type is Pd catalyzed C-H arylation. The reaction conditions of this reaction are: Palladium Source: [PdCl(allyl)]2. Ligand: CC(C)c1cc(C(C)C)c(-c2ccccc2P(C2CCCCC2)C2CCCCC2)c(C(C)C)c1. Solvent: CC(=O)N(C)C. Base: KOPiv. Reaction Temperature: 120 degrees centigrade. Reaction Concentration: 0.057 M. Palladium loading: 2.25 mol%. Ligand loading: 5 mol%. Base loading: 3 eq. What is the yield (%) and cost (US dollar per mol) of this reaction?","","-1,-1","[]"
"Here is a chemical reaction. Reactants are: Cn1cnc(C#N)c1, Fc1ccccc1Br. Product is: Cn1cnc(C#N)c1-c1ccccc1F. Reaction type is Pd catalyzed C-H arylation. The reaction conditions of this reaction are: Palladium Source: [PdCl(allyl)]2. Ligand: CC(C)c1cc(C(C)C)c(-c2ccccc2P(C2CCCCC2)C2CCCCC2)c(C(C)C)c1. Solvent: CC(=O)N(C)C. Base: KOPiv. Reaction Temperature: 90 degrees centigrade. Reaction Concentration: 0.153 M. Palladium loading: 2.25 mol%. Ligand loading: 5 mol%. Base loading: 3 eq. What is the yield (%) and cost (US dollar per mol) of this reaction?","","-1,-1","[]"
"Here is a chemical reaction. Reactants are: Cn1cnc(C#N)c1, Fc1ccccc1Br. Product is: Cn1cnc(C#N)c1-c1ccccc1F. Reaction type is Pd catalyzed C-H arylation. The reaction conditions of this reaction are: Palladium Source: [PdCl(allyl)]2. Ligand: CC(C)c1cc(C(C)C)c(-c2ccccc2P(C2CCCCC2)C2CCCCC2)c(C(C)C)c1. Solvent: CC(=O)N(C)C. Base: KOPiv. Reaction Temperature: 105 degrees centigrade. Reaction Concentration: 0.153 M. Palladium loading: 2.25 mol%. Ligand loading: 5 mol%. Base loading: 3 eq. What is the yield (%) and cost (US dollar per mol) of this reaction?","","-1,-1","[]"
"Here is a chemical reaction. Reactants are: Cn1cnc(C#N)c1, Fc1ccccc1Br. Product is: Cn1cnc(C#N)c1-c1ccccc1F. Reaction type is Pd catalyzed C-H arylation. The reaction conditions of this reaction are: Palladium Source: [PdCl(allyl)]2. Ligand: CC(C)c1cc(C(C)C)c(-c2ccccc2P(C2CCCCC2)C2CCCCC2)c(C(C)C)c1. Solvent: CC(=O)N(C)C. Base: KOPiv. Reaction Temperature: 120 degrees centigrade. Reaction Concentration: 0.153 M. Palladium loading: 2.25 mol%. Ligand loading: 5 mol%. Base loading: 3 eq. What is the yield (%) and cost (US dollar per mol) of this reaction?","","-1,-1","[]"
"Here is a chemical reaction. Reactants are: Cn1cnc(C#N)c1, Fc1ccccc1Br. Product is: Cn1cnc(C#N)c1-c1ccccc1F. Reaction type is Pd catalyzed C-H arylation. The reaction conditions of this reaction are: Palladium Source: [PdCl(allyl)]2. Ligand: CC(C)c1cc(C(C)C)c(-c2ccccc2P(C2CCCCC2)C2CCCCC2)c(C(C)C)c1. Solvent: CCCCOC(C)=O. Base: CsOPiv. Reaction Temperature: 90 degrees centigrade. Reaction Concentration: 0.1 M. Palladium loading: 2.25 mol%. Ligand loading: 5 mol%. Base loading: 3 eq. What is the yield (%) and cost (US dollar per mol) of this reaction?","","-1,-1","[]"
"Here is a chemical reaction. Reactants are: Cn1cnc(C#N)c1, Fc1ccccc1Br. Product is: Cn1cnc(C#N)c1-c1ccccc1F. Reaction type is Pd catalyzed C-H arylation. The reaction conditions of this reaction are: Palladium Source: [PdCl(allyl)]2. Ligand: CC(C)c1cc(C(C)C)c(-c2ccccc2P(C2CCCCC2)C2CCCCC2)c(C(C)C)c1. Solvent: CCCCOC(C)=O. Base: CsOPiv. Reaction Temperature: 105 degrees centigrade. Reaction Concentration: 0.1 M. Palladium loading: 2.25 mol%. Ligand loading: 5 mol%. Base loading: 3 eq. What is the yield (%) and cost (US dollar per mol) of this reaction?","","-1,-1","[]"
"Here is a chemical reaction. Reactants are: Cn1cnc(C#N)c1, Fc1ccccc1Br. Product is: Cn1cnc(C#N)c1-c1ccccc1F. Reaction type is Pd catalyzed C-H arylation. The reaction conditions of this reaction are: Palladium Source: [PdCl(allyl)]2. Ligand: CC(C)c1cc(C(C)C)c(-c2ccccc2P(C2CCCCC2)C2CCCCC2)c(C(C)C)c1. Solvent: CCCCOC(C)=O. Base: CsOPiv. Reaction Temperature: 120 degrees centigrade. Reaction Concentration: 0.1 M. Palladium loading: 2.25 mol%. Ligand loading: 5 mol%. Base loading: 3 eq. What is the yield (%) and cost (US dollar per mol) of this reaction?","","-1,-1","[]"
"Here is a chemical reaction. Reactants are: Cn1cnc(C#N)c1, Fc1ccccc1Br. Product is: Cn1cnc(C#N)c1-c1ccccc1F. Reaction type is Pd catalyzed C-H arylation. The reaction conditions of this reaction are: Palladium Source: [PdCl(allyl)]2. Ligand: CC(C)c1cc(C(C)C)c(-c2ccccc2P(C2CCCCC2)C2CCCCC2)c(C(C)C)c1. Solvent: CCCCOC(C)=O. Base: CsOPiv. Reaction Temperature: 90 degrees centigrade. Reaction Concentration: 0.057 M. Palladium loading: 2.25 mol%. Ligand loading: 5 mol%. Base loading: 3 eq. What is the yield (%) and cost (US dollar per mol) of this reaction?","","-1,-1","[]"
"Here is a chemical reaction. Reactants are: Cn1cnc(C#N)c1, Fc1ccccc1Br. Product is: Cn1cnc(C#N)c1-c1ccccc1F. Reaction type is Pd catalyzed C-H arylation. The reaction conditions of this reaction are: Palladium Source: [PdCl(allyl)]2. Ligand: CC(C)c1cc(C(C)C)c(-c2ccccc2P(C2CCCCC2)C2CCCCC2)c(C(C)C)c1. Solvent: CCCCOC(C)=O. Base: CsOPiv. Reaction Temperature: 105 degrees centigrade. Reaction Concentration: 0.057 M. Palladium loading: 2.25 mol%. Ligand loading: 5 mol%. Base loading: 3 eq. What is the yield (%) and cost (US dollar per mol) of this reaction?","","-1,-1","[]"
"Here is a chemical reaction. Reactants are: Cn1cnc(C#N)c1, Fc1ccccc1Br. Product is: Cn1cnc(C#N)c1-c1ccccc1F. Reaction type is Pd catalyzed C-H arylation. The reaction conditions of this reaction are: Palladium Source: [PdCl(allyl)]2. Ligand: CC(C)c1cc(C(C)C)c(-c2ccccc2P(C2CCCCC2)C2CCCCC2)c(C(C)C)c1. Solvent: CCCCOC(C)=O. Base: CsOPiv. Reaction Temperature: 120 degrees centigrade. Reaction Concentration: 0.057 M. Palladium loading: 2.25 mol%. Ligand loading: 5 mol%. Base loading: 3 eq. What is the yield (%) and cost (US dollar per mol) of this reaction?","","-1,-1","[]"
"Here is a chemical reaction. Reactants are: Cn1cnc(C#N)c1, Fc1ccccc1Br. Product is: Cn1cnc(C#N)c1-c1ccccc1F. Reaction type is Pd catalyzed C-H arylation. The reaction conditions of this reaction are: Palladium Source: [PdCl(allyl)]2. Ligand: CC(C)c1cc(C(C)C)c(-c2ccccc2P(C2CCCCC2)C2CCCCC2)c(C(C)C)c1. Solvent: CCCCOC(C)=O. Base: CsOPiv. Reaction Temperature: 90 degrees centigrade. Reaction Concentration: 0.153 M. Palladium loading: 2.25 mol%. Ligand loading: 5 mol%. Base loading: 3 eq. What is the yield (%) and cost (US dollar per mol) of this reaction?","","-1,-1","[]"
"Here is a chemical reaction. Reactants are: Cn1cnc(C#N)c1, Fc1ccccc1Br. Product is: Cn1cnc(C#N)c1-c1ccccc1F. Reaction type is Pd catalyzed C-H arylation. The reaction conditions of this reaction are: Palladium Source: [PdCl(allyl)]2. Ligand: CC(C)c1cc(C(C)C)c(-c2ccccc2P(C2CCCCC2)C2CCCCC2)c(C(C)C)c1. Solvent: CCCCOC(C)=O. Base: CsOPiv. Reaction Temperature: 105 degrees centigrade. Reaction Concentration: 0.153 M. Palladium loading: 2.25 mol%. Ligand loading: 5 mol%. Base loading: 3 eq. What is the yield (%) and cost (US dollar per mol) of this reaction?","","-1,-1","[]"
"Here is a chemical reaction. Reactants are: Cn1cnc(C#N)c1, Fc1ccccc1Br. Product is: Cn1cnc(C#N)c1-c1ccccc1F. Reaction type is Pd catalyzed C-H arylation. The reaction conditions of this reaction are: Palladium Source: [PdCl(allyl)]2. Ligand: CC(C)c1cc(C(C)C)c(-c2ccccc2P(C2CCCCC2)C2CCCCC2)c(C(C)C)c1. Solvent: CCCCOC(C)=O. Base: CsOPiv. Reaction Temperature: 120 degrees centigrade. Reaction Concentration: 0.153 M. Palladium loading: 2.25 mol%. Ligand loading: 5 mol%. Base loading: 3 eq. What is the yield (%) and cost (US dollar per mol) of this reaction?","","-1,-1","[]"
"Here is a chemical reaction. Reactants are: Cn1cnc(C#N)c1, Fc1ccccc1Br. Product is: Cn1cnc(C#N)c1-c1ccccc1F. Reaction type is Pd catalyzed C-H arylation. The reaction conditions of this reaction are: Palladium Source: [PdCl(allyl)]2. Ligand: CC(C)c1cc(C(C)C)c(-c2ccccc2P(C2CCCCC2)C2CCCCC2)c(C(C)C)c1. Solvent: CCCC#N. Base: CsOPiv. Reaction Temperature: 90 degrees centigrade. Reaction Concentration: 0.1 M. Palladium loading: 2.25 mol%. Ligand loading: 5 mol%. Base loading: 3 eq. What is the yield (%) and cost (US dollar per mol) of this reaction?","","-1,-1","[]"
"Here is a chemical reaction. Reactants are: Cn1cnc(C#N)c1, Fc1ccccc1Br. Product is: Cn1cnc(C#N)c1-c1ccccc1F. Reaction type is Pd catalyzed C-H arylation. The reaction conditions of this reaction are: Palladium Source: [PdCl(allyl)]2. Ligand: CC(C)c1cc(C(C)C)c(-c2ccccc2P(C2CCCCC2)C2CCCCC2)c(C(C)C)c1. Solvent: CCCC#N. Base: CsOPiv. Reaction Temperature: 105 degrees centigrade. Reaction Concentration: 0.1 M. Palladium loading: 2.25 mol%. Ligand loading: 5 mol%. Base loading: 3 eq. What is the yield (%) and cost (US dollar per mol) of this reaction?","","-1,-1","[]"
"Here is a chemical reaction. Reactants are: Cn1cnc(C#N)c1, Fc1ccccc1Br. Product is: Cn1cnc(C#N)c1-c1ccccc1F. Reaction type is Pd catalyzed C-H arylation. The reaction conditions of this reaction are: Palladium Source: [PdCl(allyl)]2. Ligand: CC(C)c1cc(C(C)C)c(-c2ccccc2P(C2CCCCC2)C2CCCCC2)c(C(C)C)c1. Solvent: CCCC#N. Base: CsOPiv. Reaction Temperature: 120 degrees centigrade. Reaction Concentration: 0.1 M. Palladium loading: 2.25 mol%. Ligand loading: 5 mol%. Base loading: 3 eq. What is the yield (%) and cost (US dollar per mol) of this reaction?","","-1,-1","[]"
"Here is a chemical reaction. Reactants are: Cn1cnc(C#N)c1, Fc1ccccc1Br. Product is: Cn1cnc(C#N)c1-c1ccccc1F. Reaction type is Pd catalyzed C-H arylation. The reaction conditions of this reaction are: Palladium Source: [PdCl(allyl)]2. Ligand: CC(C)c1cc(C(C)C)c(-c2ccccc2P(C2CCCCC2)C2CCCCC2)c(C(C)C)c1. Solvent: CCCC#N. Base: CsOPiv. Reaction Temperature: 90 degrees centigrade. Reaction Concentration: 0.057 M. Palladium loading: 2.25 mol%. Ligand loading: 5 mol%. Base loading: 3 eq. What is the yield (%) and cost (US dollar per mol) of this reaction?","","-1,-1","[]"
"Here is a chemical reaction. Reactants are: Cn1cnc(C#N)c1, Fc1ccccc1Br. Product is: Cn1cnc(C#N)c1-c1ccccc1F. Reaction type is Pd catalyzed C-H arylation. The reaction conditions of this reaction are: Palladium Source: [PdCl(allyl)]2. Ligand: CC(C)c1cc(C(C)C)c(-c2ccccc2P(C2CCCCC2)C2CCCCC2)c(C(C)C)c1. Solvent: CCCC#N. Base: CsOPiv. Reaction Temperature: 105 degrees centigrade. Reaction Concentration: 0.057 M. Palladium loading: 2.25 mol%. Ligand loading: 5 mol%. Base loading: 3 eq. What is the yield (%) and cost (US dollar per mol) of this reaction?","","-1,-1","[]"
"Here is a chemical reaction. Reactants are: Cn1cnc(C#N)c1, Fc1ccccc1Br. Product is: Cn1cnc(C#N)c1-c1ccccc1F. Reaction type is Pd catalyzed C-H arylation. The reaction conditions of this reaction are: Palladium Source: [PdCl(allyl)]2. Ligand: CC(C)c1cc(C(C)C)c(-c2ccccc2P(C2CCCCC2)C2CCCCC2)c(C(C)C)c1. Solvent: CCCC#N. Base: CsOPiv. Reaction Temperature: 120 degrees centigrade. Reaction Concentration: 0.057 M. Palladium loading: 2.25 mol%. Ligand loading: 5 mol%. Base loading: 3 eq. What is the yield (%) and cost (US dollar per mol) of this reaction?","","-1,-1","[]"
"Here is a chemical reaction. Reactants are: Cn1cnc(C#N)c1, Fc1ccccc1Br. Product is: Cn1cnc(C#N)c1-c1ccccc1F. Reaction type is Pd catalyzed C-H arylation. The reaction conditions of this reaction are: Palladium Source: [PdCl(allyl)]2. Ligand: CC(C)c1cc(C(C)C)c(-c2ccccc2P(C2CCCCC2)C2CCCCC2)c(C(C)C)c1. Solvent: CCCC#N. Base: CsOPiv. Reaction Temperature: 90 degrees centigrade. Reaction Concentration: 0.153 M. Palladium loading: 2.25 mol%. Ligand loading: 5 mol%. Base loading: 3 eq. What is the yield (%) and cost (US dollar per mol) of this reaction?","","-1,-1","[]"
"Here is a chemical reaction. Reactants are: Cn1cnc(C#N)c1, Fc1ccccc1Br. Product is: Cn1cnc(C#N)c1-c1ccccc1F. Reaction type is Pd catalyzed C-H arylation. The reaction conditions of this reaction are: Palladium Source: [PdCl(allyl)]2. Ligand: CC(C)c1cc(C(C)C)c(-c2ccccc2P(C2CCCCC2)C2CCCCC2)c(C(C)C)c1. Solvent: CCCC#N. Base: CsOPiv. Reaction Temperature: 105 degrees centigrade. Reaction Concentration: 0.153 M. Palladium loading: 2.25 mol%. Ligand loading: 5 mol%. Base loading: 3 eq. What is the yield (%) and cost (US dollar per mol) of this reaction?","","-1,-1","[]"
"Here is a chemical reaction. Reactants are: Cn1cnc(C#N)c1, Fc1ccccc1Br. Product is: Cn1cnc(C#N)c1-c1ccccc1F. Reaction type is Pd catalyzed C-H arylation. The reaction conditions of this reaction are: Palladium Source: [PdCl(allyl)]2. Ligand: CC(C)c1cc(C(C)C)c(-c2ccccc2P(C2CCCCC2)C2CCCCC2)c(C(C)C)c1. Solvent: CCCC#N. Base: CsOPiv. Reaction Temperature: 120 degrees centigrade. Reaction Concentration: 0.153 M. Palladium loading: 2.25 mol%. Ligand loading: 5 mol%. Base loading: 3 eq. What is the yield (%) and cost (US dollar per mol) of this reaction?","","-1,-1","[]"
"Here is a chemical reaction. Reactants are: Cn1cnc(C#N)c1, Fc1ccccc1Br. Product is: Cn1cnc(C#N)c1-c1ccccc1F. Reaction type is Pd catalyzed C-H arylation. The reaction conditions of this reaction are: Palladium Source: [PdCl(allyl)]2. Ligand: CC(C)c1cc(C(C)C)c(-c2ccccc2P(C2CCCCC2)C2CCCCC2)c(C(C)C)c1. Solvent: Cc1ccc(C)cc1. Base: CsOPiv. Reaction Temperature: 90 degrees centigrade. Reaction Concentration: 0.1 M. Palladium loading: 2.25 mol%. Ligand loading: 5 mol%. Base loading: 3 eq. What is the yield (%) and cost (US dollar per mol) of this reaction?","","-1,-1","[]"
"Here is a chemical reaction. Reactants are: Cn1cnc(C#N)c1, Fc1ccccc1Br. Product is: Cn1cnc(C#N)c1-c1ccccc1F. Reaction type is Pd catalyzed C-H arylation. The reaction conditions of this reaction are: Palladium Source: [PdCl(allyl)]2. Ligand: CC(C)c1cc(C(C)C)c(-c2ccccc2P(C2CCCCC2)C2CCCCC2)c(C(C)C)c1. Solvent: Cc1ccc(C)cc1. Base: CsOPiv. Reaction Temperature: 105 degrees centigrade. Reaction Concentration: 0.1 M. Palladium loading: 2.25 mol%. Ligand loading: 5 mol%. Base loading: 3 eq. What is the yield (%) and cost (US dollar per mol) of this reaction?","","-1,-1","[]"
"Here is a chemical reaction. Reactants are: Cn1cnc(C#N)c1, Fc1ccccc1Br. Product is: Cn1cnc(C#N)c1-c1ccccc1F. Reaction type is Pd catalyzed C-H arylation. The reaction conditions of this reaction are: Palladium Source: [PdCl(allyl)]2. Ligand: CC(C)c1cc(C(C)C)c(-c2ccccc2P(C2CCCCC2)C2CCCCC2)c(C(C)C)c1. Solvent: Cc1ccc(C)cc1. Base: CsOPiv. Reaction Temperature: 120 degrees centigrade. Reaction Concentration: 0.1 M. Palladium loading: 2.25 mol%. Ligand loading: 5 mol%. Base loading: 3 eq. What is the yield (%) and cost (US dollar per mol) of this reaction?","","-1,-1","[]"
"Here is a chemical reaction. Reactants are: Cn1cnc(C#N)c1, Fc1ccccc1Br. Product is: Cn1cnc(C#N)c1-c1ccccc1F. Reaction type is Pd catalyzed C-H arylation. The reaction conditions of this reaction are: Palladium Source: [PdCl(allyl)]2. Ligand: CC(C)c1cc(C(C)C)c(-c2ccccc2P(C2CCCCC2)C2CCCCC2)c(C(C)C)c1. Solvent: Cc1ccc(C)cc1. Base: CsOPiv. Reaction Temperature: 90 degrees centigrade. Reaction Concentration: 0.057 M. Palladium loading: 2.25 mol%. Ligand loading: 5 mol%. Base loading: 3 eq. What is the yield (%) and cost (US dollar per mol) of this reaction?","","-1,-1","[]"
"Here is a chemical reaction. Reactants are: Cn1cnc(C#N)c1, Fc1ccccc1Br. Product is: Cn1cnc(C#N)c1-c1ccccc1F. Reaction type is Pd catalyzed C-H arylation. The reaction conditions of this reaction are: Palladium Source: [PdCl(allyl)]2. Ligand: CC(C)c1cc(C(C)C)c(-c2ccccc2P(C2CCCCC2)C2CCCCC2)c(C(C)C)c1. Solvent: Cc1ccc(C)cc1. Base: CsOPiv. Reaction Temperature: 105 degrees centigrade. Reaction Concentration: 0.057 M. Palladium loading: 2.25 mol%. Ligand loading: 5 mol%. Base loading: 3 eq. What is the yield (%) and cost (US dollar per mol) of this reaction?","","-1,-1","[]"
"Here is a chemical reaction. Reactants are: Cn1cnc(C#N)c1, Fc1ccccc1Br. Product is: Cn1cnc(C#N)c1-c1ccccc1F. Reaction type is Pd catalyzed C-H arylation. The reaction conditions of this reaction are: Palladium Source: [PdCl(allyl)]2. Ligand: CC(C)c1cc(C(C)C)c(-c2ccccc2P(C2CCCCC2)C2CCCCC2)c(C(C)C)c1. Solvent: Cc1ccc(C)cc1. Base: CsOPiv. Reaction Temperature: 120 degrees centigrade. Reaction Concentration: 0.057 M. Palladium loading: 2.25 mol%. Ligand loading: 5 mol%. Base loading: 3 eq. What is the yield (%) and cost (US dollar per mol) of this reaction?","","-1,-1","[]"
"Here is a chemical reaction. Reactants are: Cn1cnc(C#N)c1, Fc1ccccc1Br. Product is: Cn1cnc(C#N)c1-c1ccccc1F. Reaction type is Pd catalyzed C-H arylation. The reaction conditions of this reaction are: Palladium Source: [PdCl(allyl)]2. Ligand: CC(C)c1cc(C(C)C)c(-c2ccccc2P(C2CCCCC2)C2CCCCC2)c(C(C)C)c1. Solvent: Cc1ccc(C)cc1. Base: CsOPiv. Reaction Temperature: 90 degrees centigrade. Reaction Concentration: 0.153 M. Palladium loading: 2.25 mol%. Ligand loading: 5 mol%. Base loading: 3 eq. What is the yield (%) and cost (US dollar per mol) of this reaction?","","-1,-1","[]"
"Here is a chemical reaction. Reactants are: Cn1cnc(C#N)c1, Fc1ccccc1Br. Product is: Cn1cnc(C#N)c1-c1ccccc1F. Reaction type is Pd catalyzed C-H arylation. The reaction conditions of this reaction are: Palladium Source: [PdCl(allyl)]2. Ligand: CC(C)c1cc(C(C)C)c(-c2ccccc2P(C2CCCCC2)C2CCCCC2)c(C(C)C)c1. Solvent: Cc1ccc(C)cc1. Base: CsOPiv. Reaction Temperature: 105 degrees centigrade. Reaction Concentration: 0.153 M. Palladium loading: 2.25 mol%. Ligand loading: 5 mol%. Base loading: 3 eq. What is the yield (%) and cost (US dollar per mol) of this reaction?","","-1,-1","[]"
"Here is a chemical reaction. Reactants are: Cn1cnc(C#N)c1, Fc1ccccc1Br. Product is: Cn1cnc(C#N)c1-c1ccccc1F. Reaction type is Pd catalyzed C-H arylation. The reaction conditions of this reaction are: Palladium Source: [PdCl(allyl)]2. Ligand: CC(C)c1cc(C(C)C)c(-c2ccccc2P(C2CCCCC2)C2CCCCC2)c(C(C)C)c1. Solvent: Cc1ccc(C)cc1. Base: CsOPiv. Reaction Temperature: 120 degrees centigrade. Reaction Concentration: 0.153 M. Palladium loading: 2.25 mol%. Ligand loading: 5 mol%. Base loading: 3 eq. What is the yield (%) and cost (US dollar per mol) of this reaction?","","-1,-1","[]"
"Here is a chemical reaction. Reactants are: Cn1cnc(C#N)c1, Fc1ccccc1Br. Product is: Cn1cnc(C#N)c1-c1ccccc1F. Reaction type is Pd catalyzed C-H arylation. The reaction conditions of this reaction are: Palladium Source: [PdCl(allyl)]2. Ligand: CC(C)c1cc(C(C)C)c(-c2ccccc2P(C2CCCCC2)C2CCCCC2)c(C(C)C)c1. Solvent: CC(=O)N(C)C. Base: CsOPiv. Reaction Temperature: 90 degrees centigrade. Reaction Concentration: 0.1 M. Palladium loading: 2.25 mol%. Ligand loading: 5 mol%. Base loading: 3 eq. What is the yield (%) and cost (US dollar per mol) of this reaction?","","-1,-1","[]"
"Here is a chemical reaction. Reactants are: Cn1cnc(C#N)c1, Fc1ccccc1Br. Product is: Cn1cnc(C#N)c1-c1ccccc1F. Reaction type is Pd catalyzed C-H arylation. The reaction conditions of this reaction are: Palladium Source: [PdCl(allyl)]2. Ligand: CC(C)c1cc(C(C)C)c(-c2ccccc2P(C2CCCCC2)C2CCCCC2)c(C(C)C)c1. Solvent: CC(=O)N(C)C. Base: CsOPiv. Reaction Temperature: 105 degrees centigrade. Reaction Concentration: 0.1 M. Palladium loading: 2.25 mol%. Ligand loading: 5 mol%. Base loading: 3 eq. What is the yield (%) and cost (US dollar per mol) of this reaction?","","-1,-1","[]"
"Here is a chemical reaction. Reactants are: Cn1cnc(C#N)c1, Fc1ccccc1Br. Product is: Cn1cnc(C#N)c1-c1ccccc1F. Reaction type is Pd catalyzed C-H arylation. The reaction conditions of this reaction are: Palladium Source: [PdCl(allyl)]2. Ligand: CC(C)c1cc(C(C)C)c(-c2ccccc2P(C2CCCCC2)C2CCCCC2)c(C(C)C)c1. Solvent: CC(=O)N(C)C. Base: CsOPiv. Reaction Temperature: 120 degrees centigrade. Reaction Concentration: 0.1 M. Palladium loading: 2.25 mol%. Ligand loading: 5 mol%. Base loading: 3 eq. What is the yield (%) and cost (US dollar per mol) of this reaction?","","-1,-1","[]"
"Here is a chemical reaction. Reactants are: Cn1cnc(C#N)c1, Fc1ccccc1Br. Product is: Cn1cnc(C#N)c1-c1ccccc1F. Reaction type is Pd catalyzed C-H arylation. The reaction conditions of this reaction are: Palladium Source: [PdCl(allyl)]2. Ligand: CC(C)c1cc(C(C)C)c(-c2ccccc2P(C2CCCCC2)C2CCCCC2)c(C(C)C)c1. Solvent: CC(=O)N(C)C. Base: CsOPiv. Reaction Temperature: 90 degrees centigrade. Reaction Concentration: 0.057 M. Palladium loading: 2.25 mol%. Ligand loading: 5 mol%. Base loading: 3 eq. What is the yield (%) and cost (US dollar per mol) of this reaction?","","-1,-1","[]"
"Here is a chemical reaction. Reactants are: Cn1cnc(C#N)c1, Fc1ccccc1Br. Product is: Cn1cnc(C#N)c1-c1ccccc1F. Reaction type is Pd catalyzed C-H arylation. The reaction conditions of this reaction are: Palladium Source: [PdCl(allyl)]2. Ligand: CC(C)c1cc(C(C)C)c(-c2ccccc2P(C2CCCCC2)C2CCCCC2)c(C(C)C)c1. Solvent: CC(=O)N(C)C. Base: CsOPiv. Reaction Temperature: 105 degrees centigrade. Reaction Concentration: 0.057 M. Palladium loading: 2.25 mol%. Ligand loading: 5 mol%. Base loading: 3 eq. What is the yield (%) and cost (US dollar per mol) of this reaction?","","-1,-1","[]"
"Here is a chemical reaction. Reactants are: Cn1cnc(C#N)c1, Fc1ccccc1Br. Product is: Cn1cnc(C#N)c1-c1ccccc1F. Reaction type is Pd catalyzed C-H arylation. The reaction conditions of this reaction are: Palladium Source: [PdCl(allyl)]2. Ligand: CC(C)c1cc(C(C)C)c(-c2ccccc2P(C2CCCCC2)C2CCCCC2)c(C(C)C)c1. Solvent: CC(=O)N(C)C. Base: CsOPiv. Reaction Temperature: 120 degrees centigrade. Reaction Concentration: 0.057 M. Palladium loading: 2.25 mol%. Ligand loading: 5 mol%. Base loading: 3 eq. What is the yield (%) and cost (US dollar per mol) of this reaction?","","-1,-1","[]"
"Here is a chemical reaction. Reactants are: Cn1cnc(C#N)c1, Fc1ccccc1Br. Product is: Cn1cnc(C#N)c1-c1ccccc1F. Reaction type is Pd catalyzed C-H arylation. The reaction conditions of this reaction are: Palladium Source: [PdCl(allyl)]2. Ligand: CC(C)c1cc(C(C)C)c(-c2ccccc2P(C2CCCCC2)C2CCCCC2)c(C(C)C)c1. Solvent: CC(=O)N(C)C. Base: CsOPiv. Reaction Temperature: 90 degrees centigrade. Reaction Concentration: 0.153 M. Palladium loading: 2.25 mol%. Ligand loading: 5 mol%. Base loading: 3 eq. What is the yield (%) and cost (US dollar per mol) of this reaction?","","-1,-1","[]"
"Here is a chemical reaction. Reactants are: Cn1cnc(C#N)c1, Fc1ccccc1Br. Product is: Cn1cnc(C#N)c1-c1ccccc1F. Reaction type is Pd catalyzed C-H arylation. The reaction conditions of this reaction are: Palladium Source: [PdCl(allyl)]2. Ligand: CC(C)c1cc(C(C)C)c(-c2ccccc2P(C2CCCCC2)C2CCCCC2)c(C(C)C)c1. Solvent: CC(=O)N(C)C. Base: CsOPiv. Reaction Temperature: 105 degrees centigrade. Reaction Concentration: 0.153 M. Palladium loading: 2.25 mol%. Ligand loading: 5 mol%. Base loading: 3 eq. What is the yield (%) and cost (US dollar per mol) of this reaction?","","-1,-1","[]"
"Here is a chemical reaction. Reactants are: Cn1cnc(C#N)c1, Fc1ccccc1Br. Product is: Cn1cnc(C#N)c1-c1ccccc1F. Reaction type is Pd catalyzed C-H arylation. The reaction conditions of this reaction are: Palladium Source: [PdCl(allyl)]2. Ligand: CC(C)c1cc(C(C)C)c(-c2ccccc2P(C2CCCCC2)C2CCCCC2)c(C(C)C)c1. Solvent: CC(=O)N(C)C. Base: CsOPiv. Reaction Temperature: 120 degrees centigrade. Reaction Concentration: 0.153 M. Palladium loading: 2.25 mol%. Ligand loading: 5 mol%. Base loading: 3 eq. What is the yield (%) and cost (US dollar per mol) of this reaction?","","-1,-1","[]"
"Here is a chemical reaction. Reactants are: Cn1cnc(C#N)c1, Fc1ccccc1Br. Product is: Cn1cnc(C#N)c1-c1ccccc1F. Reaction type is Pd catalyzed C-H arylation. The reaction conditions of this reaction are: Palladium Source: [PdCl(allyl)]2. Ligand: CC(C)Oc1cccc(OC(C)C)c1P(C1CCCCC1)C1CCCCC1. Solvent: CCCCOC(C)=O. Base: KOAc. Reaction Temperature: 90 degrees centigrade. Reaction Concentration: 0.1 M. Palladium loading: 2.25 mol%. Ligand loading: 5 mol%. Base loading: 3 eq. What is the yield (%) and cost (US dollar per mol) of this reaction?","","-1,-1","[]"
"Here is a chemical reaction. Reactants are: Cn1cnc(C#N)c1, Fc1ccccc1Br. Product is: Cn1cnc(C#N)c1-c1ccccc1F. Reaction type is Pd catalyzed C-H arylation. The reaction conditions of this reaction are: Palladium Source: [PdCl(allyl)]2. Ligand: CC(C)Oc1cccc(OC(C)C)c1P(C1CCCCC1)C1CCCCC1. Solvent: CCCCOC(C)=O. Base: KOAc. Reaction Temperature: 105 degrees centigrade. Reaction Concentration: 0.1 M. Palladium loading: 2.25 mol%. Ligand loading: 5 mol%. Base loading: 3 eq. What is the yield (%) and cost (US dollar per mol) of this reaction?","","-1,-1","[]"
"Here is a chemical reaction. Reactants are: Cn1cnc(C#N)c1, Fc1ccccc1Br. Product is: Cn1cnc(C#N)c1-c1ccccc1F. Reaction type is Pd catalyzed C-H arylation. The reaction conditions of this reaction are: Palladium Source: [PdCl(allyl)]2. Ligand: CC(C)Oc1cccc(OC(C)C)c1P(C1CCCCC1)C1CCCCC1. Solvent: CCCCOC(C)=O. Base: KOAc. Reaction Temperature: 120 degrees centigrade. Reaction Concentration: 0.1 M. Palladium loading: 2.25 mol%. Ligand loading: 5 mol%. Base loading: 3 eq. What is the yield (%) and cost (US dollar per mol) of this reaction?","","-1,-1","[]"
"Here is a chemical reaction. Reactants are: Cn1cnc(C#N)c1, Fc1ccccc1Br. Product is: Cn1cnc(C#N)c1-c1ccccc1F. Reaction type is Pd catalyzed C-H arylation. The reaction conditions of this reaction are: Palladium Source: [PdCl(allyl)]2. Ligand: CC(C)Oc1cccc(OC(C)C)c1P(C1CCCCC1)C1CCCCC1. Solvent: CCCCOC(C)=O. Base: KOAc. Reaction Temperature: 90 degrees centigrade. Reaction Concentration: 0.057 M. Palladium loading: 2.25 mol%. Ligand loading: 5 mol%. Base loading: 3 eq. What is the yield (%) and cost (US dollar per mol) of this reaction?","","-1,-1","[]"
"Here is a chemical reaction. Reactants are: Cn1cnc(C#N)c1, Fc1ccccc1Br. Product is: Cn1cnc(C#N)c1-c1ccccc1F. Reaction type is Pd catalyzed C-H arylation. The reaction conditions of this reaction are: Palladium Source: [PdCl(allyl)]2. Ligand: CC(C)Oc1cccc(OC(C)C)c1P(C1CCCCC1)C1CCCCC1. Solvent: CCCCOC(C)=O. Base: KOAc. Reaction Temperature: 105 degrees centigrade. Reaction Concentration: 0.057 M. Palladium loading: 2.25 mol%. Ligand loading: 5 mol%. Base loading: 3 eq. What is the yield (%) and cost (US dollar per mol) of this reaction?","","-1,-1","[]"
"Here is a chemical reaction. Reactants are: Cn1cnc(C#N)c1, Fc1ccccc1Br. Product is: Cn1cnc(C#N)c1-c1ccccc1F. Reaction type is Pd catalyzed C-H arylation. The reaction conditions of this reaction are: Palladium Source: [PdCl(allyl)]2. Ligand: CC(C)Oc1cccc(OC(C)C)c1P(C1CCCCC1)C1CCCCC1. Solvent: CCCCOC(C)=O. Base: KOAc. Reaction Temperature: 120 degrees centigrade. Reaction Concentration: 0.057 M. Palladium loading: 2.25 mol%. Ligand loading: 5 mol%. Base loading: 3 eq. What is the yield (%) and cost (US dollar per mol) of this reaction?","","-1,-1","[]"
"Here is a chemical reaction. Reactants are: Cn1cnc(C#N)c1, Fc1ccccc1Br. Product is: Cn1cnc(C#N)c1-c1ccccc1F. Reaction type is Pd catalyzed C-H arylation. The reaction conditions of this reaction are: Palladium Source: [PdCl(allyl)]2. Ligand: CC(C)Oc1cccc(OC(C)C)c1P(C1CCCCC1)C1CCCCC1. Solvent: CCCCOC(C)=O. Base: KOAc. Reaction Temperature: 90 degrees centigrade. Reaction Concentration: 0.153 M. Palladium loading: 2.25 mol%. Ligand loading: 5 mol%. Base loading: 3 eq. What is the yield (%) and cost (US dollar per mol) of this reaction?","","-1,-1","[]"
"Here is a chemical reaction. Reactants are: Cn1cnc(C#N)c1, Fc1ccccc1Br. Product is: Cn1cnc(C#N)c1-c1ccccc1F. Reaction type is Pd catalyzed C-H arylation. The reaction conditions of this reaction are: Palladium Source: [PdCl(allyl)]2. Ligand: CC(C)Oc1cccc(OC(C)C)c1P(C1CCCCC1)C1CCCCC1. Solvent: CCCCOC(C)=O. Base: KOAc. Reaction Temperature: 105 degrees centigrade. Reaction Concentration: 0.153 M. Palladium loading: 2.25 mol%. Ligand loading: 5 mol%. Base loading: 3 eq. What is the yield (%) and cost (US dollar per mol) of this reaction?","","-1,-1","[]"
"Here is a chemical reaction. Reactants are: Cn1cnc(C#N)c1, Fc1ccccc1Br. Product is: Cn1cnc(C#N)c1-c1ccccc1F. Reaction type is Pd catalyzed C-H arylation. The reaction conditions of this reaction are: Palladium Source: [PdCl(allyl)]2. Ligand: CC(C)Oc1cccc(OC(C)C)c1P(C1CCCCC1)C1CCCCC1. Solvent: CCCCOC(C)=O. Base: KOAc. Reaction Temperature: 120 degrees centigrade. Reaction Concentration: 0.153 M. Palladium loading: 2.25 mol%. Ligand loading: 5 mol%. Base loading: 3 eq. What is the yield (%) and cost (US dollar per mol) of this reaction?","","-1,-1","[]"
"Here is a chemical reaction. Reactants are: Cn1cnc(C#N)c1, Fc1ccccc1Br. Product is: Cn1cnc(C#N)c1-c1ccccc1F. Reaction type is Pd catalyzed C-H arylation. The reaction conditions of this reaction are: Palladium Source: [PdCl(allyl)]2. Ligand: CC(C)Oc1cccc(OC(C)C)c1P(C1CCCCC1)C1CCCCC1. Solvent: CCCC#N. Base: KOAc. Reaction Temperature: 90 degrees centigrade. Reaction Concentration: 0.1 M. Palladium loading: 2.25 mol%. Ligand loading: 5 mol%. Base loading: 3 eq. What is the yield (%) and cost (US dollar per mol) of this reaction?","","-1,-1","[]"
"Here is a chemical reaction. Reactants are: Cn1cnc(C#N)c1, Fc1ccccc1Br. Product is: Cn1cnc(C#N)c1-c1ccccc1F. Reaction type is Pd catalyzed C-H arylation. The reaction conditions of this reaction are: Palladium Source: [PdCl(allyl)]2. Ligand: CC(C)Oc1cccc(OC(C)C)c1P(C1CCCCC1)C1CCCCC1. Solvent: CCCC#N. Base: KOAc. Reaction Temperature: 105 degrees centigrade. Reaction Concentration: 0.1 M. Palladium loading: 2.25 mol%. Ligand loading: 5 mol%. Base loading: 3 eq. What is the yield (%) and cost (US dollar per mol) of this reaction?","","-1,-1","[]"
"Here is a chemical reaction. Reactants are: Cn1cnc(C#N)c1, Fc1ccccc1Br. Product is: Cn1cnc(C#N)c1-c1ccccc1F. Reaction type is Pd catalyzed C-H arylation. The reaction conditions of this reaction are: Palladium Source: [PdCl(allyl)]2. Ligand: CC(C)Oc1cccc(OC(C)C)c1P(C1CCCCC1)C1CCCCC1. Solvent: CCCC#N. Base: KOAc. Reaction Temperature: 120 degrees centigrade. Reaction Concentration: 0.1 M. Palladium loading: 2.25 mol%. Ligand loading: 5 mol%. Base loading: 3 eq. What is the yield (%) and cost (US dollar per mol) of this reaction?","","-1,-1","[]"
"Here is a chemical reaction. Reactants are: Cn1cnc(C#N)c1, Fc1ccccc1Br. Product is: Cn1cnc(C#N)c1-c1ccccc1F. Reaction type is Pd catalyzed C-H arylation. The reaction conditions of this reaction are: Palladium Source: [PdCl(allyl)]2. Ligand: CC(C)Oc1cccc(OC(C)C)c1P(C1CCCCC1)C1CCCCC1. Solvent: CCCC#N. Base: KOAc. Reaction Temperature: 90 degrees centigrade. Reaction Concentration: 0.057 M. Palladium loading: 2.25 mol%. Ligand loading: 5 mol%. Base loading: 3 eq. What is the yield (%) and cost (US dollar per mol) of this reaction?","","-1,-1","[]"
"Here is a chemical reaction. Reactants are: Cn1cnc(C#N)c1, Fc1ccccc1Br. Product is: Cn1cnc(C#N)c1-c1ccccc1F. Reaction type is Pd catalyzed C-H arylation. The reaction conditions of this reaction are: Palladium Source: [PdCl(allyl)]2. Ligand: CC(C)Oc1cccc(OC(C)C)c1P(C1CCCCC1)C1CCCCC1. Solvent: CCCC#N. Base: KOAc. Reaction Temperature: 105 degrees centigrade. Reaction Concentration: 0.057 M. Palladium loading: 2.25 mol%. Ligand loading: 5 mol%. Base loading: 3 eq. What is the yield (%) and cost (US dollar per mol) of this reaction?","","-1,-1","[]"
"Here is a chemical reaction. Reactants are: Cn1cnc(C#N)c1, Fc1ccccc1Br. Product is: Cn1cnc(C#N)c1-c1ccccc1F. Reaction type is Pd catalyzed C-H arylation. The reaction conditions of this reaction are: Palladium Source: [PdCl(allyl)]2. Ligand: CC(C)Oc1cccc(OC(C)C)c1P(C1CCCCC1)C1CCCCC1. Solvent: CCCC#N. Base: KOAc. Reaction Temperature: 120 degrees centigrade. Reaction Concentration: 0.057 M. Palladium loading: 2.25 mol%. Ligand loading: 5 mol%. Base loading: 3 eq. What is the yield (%) and cost (US dollar per mol) of this reaction?","","-1,-1","[]"
"Here is a chemical reaction. Reactants are: Cn1cnc(C#N)c1, Fc1ccccc1Br. Product is: Cn1cnc(C#N)c1-c1ccccc1F. Reaction type is Pd catalyzed C-H arylation. The reaction conditions of this reaction are: Palladium Source: [PdCl(allyl)]2. Ligand: CC(C)Oc1cccc(OC(C)C)c1P(C1CCCCC1)C1CCCCC1. Solvent: CCCC#N. Base: KOAc. Reaction Temperature: 90 degrees centigrade. Reaction Concentration: 0.153 M. Palladium loading: 2.25 mol%. Ligand loading: 5 mol%. Base loading: 3 eq. What is the yield (%) and cost (US dollar per mol) of this reaction?","","-1,-1","[]"
"Here is a chemical reaction. Reactants are: Cn1cnc(C#N)c1, Fc1ccccc1Br. Product is: Cn1cnc(C#N)c1-c1ccccc1F. Reaction type is Pd catalyzed C-H arylation. The reaction conditions of this reaction are: Palladium Source: [PdCl(allyl)]2. Ligand: CC(C)Oc1cccc(OC(C)C)c1P(C1CCCCC1)C1CCCCC1. Solvent: CCCC#N. Base: KOAc. Reaction Temperature: 105 degrees centigrade. Reaction Concentration: 0.153 M. Palladium loading: 2.25 mol%. Ligand loading: 5 mol%. Base loading: 3 eq. What is the yield (%) and cost (US dollar per mol) of this reaction?","","-1,-1","[]"
"Here is a chemical reaction. Reactants are: Cn1cnc(C#N)c1, Fc1ccccc1Br. Product is: Cn1cnc(C#N)c1-c1ccccc1F. Reaction type is Pd catalyzed C-H arylation. The reaction conditions of this reaction are: Palladium Source: [PdCl(allyl)]2. Ligand: CC(C)Oc1cccc(OC(C)C)c1P(C1CCCCC1)C1CCCCC1. Solvent: CCCC#N. Base: KOAc. Reaction Temperature: 120 degrees centigrade. Reaction Concentration: 0.153 M. Palladium loading: 2.25 mol%. Ligand loading: 5 mol%. Base loading: 3 eq. What is the yield (%) and cost (US dollar per mol) of this reaction?","","-1,-1","[]"
"Here is a chemical reaction. Reactants are: Cn1cnc(C#N)c1, Fc1ccccc1Br. Product is: Cn1cnc(C#N)c1-c1ccccc1F. Reaction type is Pd catalyzed C-H arylation. The reaction conditions of this reaction are: Palladium Source: [PdCl(allyl)]2. Ligand: CC(C)Oc1cccc(OC(C)C)c1P(C1CCCCC1)C1CCCCC1. Solvent: Cc1ccc(C)cc1. Base: KOAc. Reaction Temperature: 90 degrees centigrade. Reaction Concentration: 0.1 M. Palladium loading: 2.25 mol%. Ligand loading: 5 mol%. Base loading: 3 eq. What is the yield (%) and cost (US dollar per mol) of this reaction?","","-1,-1","[]"
"Here is a chemical reaction. Reactants are: Cn1cnc(C#N)c1, Fc1ccccc1Br. Product is: Cn1cnc(C#N)c1-c1ccccc1F. Reaction type is Pd catalyzed C-H arylation. The reaction conditions of this reaction are: Palladium Source: [PdCl(allyl)]2. Ligand: CC(C)Oc1cccc(OC(C)C)c1P(C1CCCCC1)C1CCCCC1. Solvent: Cc1ccc(C)cc1. Base: KOAc. Reaction Temperature: 105 degrees centigrade. Reaction Concentration: 0.1 M. Palladium loading: 2.25 mol%. Ligand loading: 5 mol%. Base loading: 3 eq. What is the yield (%) and cost (US dollar per mol) of this reaction?","","-1,-1","[]"
"Here is a chemical reaction. Reactants are: Cn1cnc(C#N)c1, Fc1ccccc1Br. Product is: Cn1cnc(C#N)c1-c1ccccc1F. Reaction type is Pd catalyzed C-H arylation. The reaction conditions of this reaction are: Palladium Source: [PdCl(allyl)]2. Ligand: CC(C)Oc1cccc(OC(C)C)c1P(C1CCCCC1)C1CCCCC1. Solvent: Cc1ccc(C)cc1. Base: KOAc. Reaction Temperature: 120 degrees centigrade. Reaction Concentration: 0.1 M. Palladium loading: 2.25 mol%. Ligand loading: 5 mol%. Base loading: 3 eq. What is the yield (%) and cost (US dollar per mol) of this reaction?","","-1,-1","[]"
"Here is a chemical reaction. Reactants are: Cn1cnc(C#N)c1, Fc1ccccc1Br. Product is: Cn1cnc(C#N)c1-c1ccccc1F. Reaction type is Pd catalyzed C-H arylation. The reaction conditions of this reaction are: Palladium Source: [PdCl(allyl)]2. Ligand: CC(C)Oc1cccc(OC(C)C)c1P(C1CCCCC1)C1CCCCC1. Solvent: Cc1ccc(C)cc1. Base: KOAc. Reaction Temperature: 90 degrees centigrade. Reaction Concentration: 0.057 M. Palladium loading: 2.25 mol%. Ligand loading: 5 mol%. Base loading: 3 eq. What is the yield (%) and cost (US dollar per mol) of this reaction?","","-1,-1","[]"
"Here is a chemical reaction. Reactants are: Cn1cnc(C#N)c1, Fc1ccccc1Br. Product is: Cn1cnc(C#N)c1-c1ccccc1F. Reaction type is Pd catalyzed C-H arylation. The reaction conditions of this reaction are: Palladium Source: [PdCl(allyl)]2. Ligand: CC(C)Oc1cccc(OC(C)C)c1P(C1CCCCC1)C1CCCCC1. Solvent: Cc1ccc(C)cc1. Base: KOAc. Reaction Temperature: 105 degrees centigrade. Reaction Concentration: 0.057 M. Palladium loading: 2.25 mol%. Ligand loading: 5 mol%. Base loading: 3 eq. What is the yield (%) and cost (US dollar per mol) of this reaction?","","-1,-1","[]"
"Here is a chemical reaction. Reactants are: Cn1cnc(C#N)c1, Fc1ccccc1Br. Product is: Cn1cnc(C#N)c1-c1ccccc1F. Reaction type is Pd catalyzed C-H arylation. The reaction conditions of this reaction are: Palladium Source: [PdCl(allyl)]2. Ligand: CC(C)Oc1cccc(OC(C)C)c1P(C1CCCCC1)C1CCCCC1. Solvent: Cc1ccc(C)cc1. Base: KOAc. Reaction Temperature: 120 degrees centigrade. Reaction Concentration: 0.057 M. Palladium loading: 2.25 mol%. Ligand loading: 5 mol%. Base loading: 3 eq. What is the yield (%) and cost (US dollar per mol) of this reaction?","","-1,-1","[]"
"Here is a chemical reaction. Reactants are: Cn1cnc(C#N)c1, Fc1ccccc1Br. Product is: Cn1cnc(C#N)c1-c1ccccc1F. Reaction type is Pd catalyzed C-H arylation. The reaction conditions of this reaction are: Palladium Source: [PdCl(allyl)]2. Ligand: CC(C)Oc1cccc(OC(C)C)c1P(C1CCCCC1)C1CCCCC1. Solvent: Cc1ccc(C)cc1. Base: KOAc. Reaction Temperature: 90 degrees centigrade. Reaction Concentration: 0.153 M. Palladium loading: 2.25 mol%. Ligand loading: 5 mol%. Base loading: 3 eq. What is the yield (%) and cost (US dollar per mol) of this reaction?","","-1,-1","[]"
"Here is a chemical reaction. Reactants are: Cn1cnc(C#N)c1, Fc1ccccc1Br. Product is: Cn1cnc(C#N)c1-c1ccccc1F. Reaction type is Pd catalyzed C-H arylation. The reaction conditions of this reaction are: Palladium Source: [PdCl(allyl)]2. Ligand: CC(C)Oc1cccc(OC(C)C)c1P(C1CCCCC1)C1CCCCC1. Solvent: Cc1ccc(C)cc1. Base: KOAc. Reaction Temperature: 105 degrees centigrade. Reaction Concentration: 0.153 M. Palladium loading: 2.25 mol%. Ligand loading: 5 mol%. Base loading: 3 eq. What is the yield (%) and cost (US dollar per mol) of this reaction?","","-1,-1","[]"
"Here is a chemical reaction. Reactants are: Cn1cnc(C#N)c1, Fc1ccccc1Br. Product is: Cn1cnc(C#N)c1-c1ccccc1F. Reaction type is Pd catalyzed C-H arylation. The reaction conditions of this reaction are: Palladium Source: [PdCl(allyl)]2. Ligand: CC(C)Oc1cccc(OC(C)C)c1P(C1CCCCC1)C1CCCCC1. Solvent: Cc1ccc(C)cc1. Base: KOAc. Reaction Temperature: 120 degrees centigrade. Reaction Concentration: 0.153 M. Palladium loading: 2.25 mol%. Ligand loading: 5 mol%. Base loading: 3 eq. What is the yield (%) and cost (US dollar per mol) of this reaction?","","-1,-1","[]"
"Here is a chemical reaction. Reactants are: Cn1cnc(C#N)c1, Fc1ccccc1Br. Product is: Cn1cnc(C#N)c1-c1ccccc1F. Reaction type is Pd catalyzed C-H arylation. The reaction conditions of this reaction are: Palladium Source: [PdCl(allyl)]2. Ligand: CC(C)Oc1cccc(OC(C)C)c1P(C1CCCCC1)C1CCCCC1. Solvent: CC(=O)N(C)C. Base: KOAc. Reaction Temperature: 90 degrees centigrade. Reaction Concentration: 0.1 M. Palladium loading: 2.25 mol%. Ligand loading: 5 mol%. Base loading: 3 eq. What is the yield (%) and cost (US dollar per mol) of this reaction?","","-1,-1","[]"
"Here is a chemical reaction. Reactants are: Cn1cnc(C#N)c1, Fc1ccccc1Br. Product is: Cn1cnc(C#N)c1-c1ccccc1F. Reaction type is Pd catalyzed C-H arylation. The reaction conditions of this reaction are: Palladium Source: [PdCl(allyl)]2. Ligand: CC(C)Oc1cccc(OC(C)C)c1P(C1CCCCC1)C1CCCCC1. Solvent: CC(=O)N(C)C. Base: KOAc. Reaction Temperature: 105 degrees centigrade. Reaction Concentration: 0.1 M. Palladium loading: 2.25 mol%. Ligand loading: 5 mol%. Base loading: 3 eq. What is the yield (%) and cost (US dollar per mol) of this reaction?","","-1,-1","[]"
"Here is a chemical reaction. Reactants are: Cn1cnc(C#N)c1, Fc1ccccc1Br. Product is: Cn1cnc(C#N)c1-c1ccccc1F. Reaction type is Pd catalyzed C-H arylation. The reaction conditions of this reaction are: Palladium Source: [PdCl(allyl)]2. Ligand: CC(C)Oc1cccc(OC(C)C)c1P(C1CCCCC1)C1CCCCC1. Solvent: CC(=O)N(C)C. Base: KOAc. Reaction Temperature: 120 degrees centigrade. Reaction Concentration: 0.1 M. Palladium loading: 2.25 mol%. Ligand loading: 5 mol%. Base loading: 3 eq. What is the yield (%) and cost (US dollar per mol) of this reaction?","","-1,-1","[]"
"Here is a chemical reaction. Reactants are: Cn1cnc(C#N)c1, Fc1ccccc1Br. Product is: Cn1cnc(C#N)c1-c1ccccc1F. Reaction type is Pd catalyzed C-H arylation. The reaction conditions of this reaction are: Palladium Source: [PdCl(allyl)]2. Ligand: CC(C)Oc1cccc(OC(C)C)c1P(C1CCCCC1)C1CCCCC1. Solvent: CC(=O)N(C)C. Base: KOAc. Reaction Temperature: 90 degrees centigrade. Reaction Concentration: 0.057 M. Palladium loading: 2.25 mol%. Ligand loading: 5 mol%. Base loading: 3 eq. What is the yield (%) and cost (US dollar per mol) of this reaction?","","-1,-1","[]"
"Here is a chemical reaction. Reactants are: Cn1cnc(C#N)c1, Fc1ccccc1Br. Product is: Cn1cnc(C#N)c1-c1ccccc1F. Reaction type is Pd catalyzed C-H arylation. The reaction conditions of this reaction are: Palladium Source: [PdCl(allyl)]2. Ligand: CC(C)Oc1cccc(OC(C)C)c1P(C1CCCCC1)C1CCCCC1. Solvent: CC(=O)N(C)C. Base: KOAc. Reaction Temperature: 105 degrees centigrade. Reaction Concentration: 0.057 M. Palladium loading: 2.25 mol%. Ligand loading: 5 mol%. Base loading: 3 eq. What is the yield (%) and cost (US dollar per mol) of this reaction?","","-1,-1","[]"
"Here is a chemical reaction. Reactants are: Cn1cnc(C#N)c1, Fc1ccccc1Br. Product is: Cn1cnc(C#N)c1-c1ccccc1F. Reaction type is Pd catalyzed C-H arylation. The reaction conditions of this reaction are: Palladium Source: [PdCl(allyl)]2. Ligand: CC(C)Oc1cccc(OC(C)C)c1P(C1CCCCC1)C1CCCCC1. Solvent: CC(=O)N(C)C. Base: KOAc. Reaction Temperature: 120 degrees centigrade. Reaction Concentration: 0.057 M. Palladium loading: 2.25 mol%. Ligand loading: 5 mol%. Base loading: 3 eq. What is the yield (%) and cost (US dollar per mol) of this reaction?","","-1,-1","[]"
"Here is a chemical reaction. Reactants are: Cn1cnc(C#N)c1, Fc1ccccc1Br. Product is: Cn1cnc(C#N)c1-c1ccccc1F. Reaction type is Pd catalyzed C-H arylation. The reaction conditions of this reaction are: Palladium Source: [PdCl(allyl)]2. Ligand: CC(C)Oc1cccc(OC(C)C)c1P(C1CCCCC1)C1CCCCC1. Solvent: CC(=O)N(C)C. Base: KOAc. Reaction Temperature: 90 degrees centigrade. Reaction Concentration: 0.153 M. Palladium loading: 2.25 mol%. Ligand loading: 5 mol%. Base loading: 3 eq. What is the yield (%) and cost (US dollar per mol) of this reaction?","","-1,-1","[]"
"Here is a chemical reaction. Reactants are: Cn1cnc(C#N)c1, Fc1ccccc1Br. Product is: Cn1cnc(C#N)c1-c1ccccc1F. Reaction type is Pd catalyzed C-H arylation. The reaction conditions of this reaction are: Palladium Source: [PdCl(allyl)]2. Ligand: CC(C)Oc1cccc(OC(C)C)c1P(C1CCCCC1)C1CCCCC1. Solvent: CC(=O)N(C)C. Base: KOAc. Reaction Temperature: 105 degrees centigrade. Reaction Concentration: 0.153 M. Palladium loading: 2.25 mol%. Ligand loading: 5 mol%. Base loading: 3 eq. What is the yield (%) and cost (US dollar per mol) of this reaction?","","-1,-1","[]"
"Here is a chemical reaction. Reactants are: Cn1cnc(C#N)c1, Fc1ccccc1Br. Product is: Cn1cnc(C#N)c1-c1ccccc1F. Reaction type is Pd catalyzed C-H arylation. The reaction conditions of this reaction are: Palladium Source: [PdCl(allyl)]2. Ligand: CC(C)Oc1cccc(OC(C)C)c1P(C1CCCCC1)C1CCCCC1. Solvent: CC(=O)N(C)C. Base: KOAc. Reaction Temperature: 120 degrees centigrade. Reaction Concentration: 0.153 M. Palladium loading: 2.25 mol%. Ligand loading: 5 mol%. Base loading: 3 eq. What is the yield (%) and cost (US dollar per mol) of this reaction?","","-1,-1","[]"
"Here is a chemical reaction. Reactants are: Cn1cnc(C#N)c1, Fc1ccccc1Br. Product is: Cn1cnc(C#N)c1-c1ccccc1F. Reaction type is Pd catalyzed C-H arylation. The reaction conditions of this reaction are: Palladium Source: [PdCl(allyl)]2. Ligand: CC(C)Oc1cccc(OC(C)C)c1P(C1CCCCC1)C1CCCCC1. Solvent: CCCCOC(C)=O. Base: CsOAc. Reaction Temperature: 90 degrees centigrade. Reaction Concentration: 0.1 M. Palladium loading: 2.25 mol%. Ligand loading: 5 mol%. Base loading: 3 eq. What is the yield (%) and cost (US dollar per mol) of this reaction?","","-1,-1","[]"
"Here is a chemical reaction. Reactants are: Cn1cnc(C#N)c1, Fc1ccccc1Br. Product is: Cn1cnc(C#N)c1-c1ccccc1F. Reaction type is Pd catalyzed C-H arylation. The reaction conditions of this reaction are: Palladium Source: [PdCl(allyl)]2. Ligand: CC(C)Oc1cccc(OC(C)C)c1P(C1CCCCC1)C1CCCCC1. Solvent: CCCCOC(C)=O. Base: CsOAc. Reaction Temperature: 105 degrees centigrade. Reaction Concentration: 0.1 M. Palladium loading: 2.25 mol%. Ligand loading: 5 mol%. Base loading: 3 eq. What is the yield (%) and cost (US dollar per mol) of this reaction?","","-1,-1","[]"
"Here is a chemical reaction. Reactants are: Cn1cnc(C#N)c1, Fc1ccccc1Br. Product is: Cn1cnc(C#N)c1-c1ccccc1F. Reaction type is Pd catalyzed C-H arylation. The reaction conditions of this reaction are: Palladium Source: [PdCl(allyl)]2. Ligand: CC(C)Oc1cccc(OC(C)C)c1P(C1CCCCC1)C1CCCCC1. Solvent: CCCCOC(C)=O. Base: CsOAc. Reaction Temperature: 120 degrees centigrade. Reaction Concentration: 0.1 M. Palladium loading: 2.25 mol%. Ligand loading: 5 mol%. Base loading: 3 eq. What is the yield (%) and cost (US dollar per mol) of this reaction?","","-1,-1","[]"
"Here is a chemical reaction. Reactants are: Cn1cnc(C#N)c1, Fc1ccccc1Br. Product is: Cn1cnc(C#N)c1-c1ccccc1F. Reaction type is Pd catalyzed C-H arylation. The reaction conditions of this reaction are: Palladium Source: [PdCl(allyl)]2. Ligand: CC(C)Oc1cccc(OC(C)C)c1P(C1CCCCC1)C1CCCCC1. Solvent: CCCCOC(C)=O. Base: CsOAc. Reaction Temperature: 90 degrees centigrade. Reaction Concentration: 0.057 M. Palladium loading: 2.25 mol%. Ligand loading: 5 mol%. Base loading: 3 eq. What is the yield (%) and cost (US dollar per mol) of this reaction?","","-1,-1","[]"
"Here is a chemical reaction. Reactants are: Cn1cnc(C#N)c1, Fc1ccccc1Br. Product is: Cn1cnc(C#N)c1-c1ccccc1F. Reaction type is Pd catalyzed C-H arylation. The reaction conditions of this reaction are: Palladium Source: [PdCl(allyl)]2. Ligand: CC(C)Oc1cccc(OC(C)C)c1P(C1CCCCC1)C1CCCCC1. Solvent: CCCCOC(C)=O. Base: CsOAc. Reaction Temperature: 105 degrees centigrade. Reaction Concentration: 0.057 M. Palladium loading: 2.25 mol%. Ligand loading: 5 mol%. Base loading: 3 eq. What is the yield (%) and cost (US dollar per mol) of this reaction?","","-1,-1","[]"
"Here is a chemical reaction. Reactants are: Cn1cnc(C#N)c1, Fc1ccccc1Br. Product is: Cn1cnc(C#N)c1-c1ccccc1F. Reaction type is Pd catalyzed C-H arylation. The reaction conditions of this reaction are: Palladium Source: [PdCl(allyl)]2. Ligand: CC(C)Oc1cccc(OC(C)C)c1P(C1CCCCC1)C1CCCCC1. Solvent: CCCCOC(C)=O. Base: CsOAc. Reaction Temperature: 120 degrees centigrade. Reaction Concentration: 0.057 M. Palladium loading: 2.25 mol%. Ligand loading: 5 mol%. Base loading: 3 eq. What is the yield (%) and cost (US dollar per mol) of this reaction?","","-1,-1","[]"
"Here is a chemical reaction. Reactants are: Cn1cnc(C#N)c1, Fc1ccccc1Br. Product is: Cn1cnc(C#N)c1-c1ccccc1F. Reaction type is Pd catalyzed C-H arylation. The reaction conditions of this reaction are: Palladium Source: [PdCl(allyl)]2. Ligand: CC(C)Oc1cccc(OC(C)C)c1P(C1CCCCC1)C1CCCCC1. Solvent: CCCCOC(C)=O. Base: CsOAc. Reaction Temperature: 90 degrees centigrade. Reaction Concentration: 0.153 M. Palladium loading: 2.25 mol%. Ligand loading: 5 mol%. Base loading: 3 eq. What is the yield (%) and cost (US dollar per mol) of this reaction?","","-1,-1","[]"
"Here is a chemical reaction. Reactants are: Cn1cnc(C#N)c1, Fc1ccccc1Br. Product is: Cn1cnc(C#N)c1-c1ccccc1F. Reaction type is Pd catalyzed C-H arylation. The reaction conditions of this reaction are: Palladium Source: [PdCl(allyl)]2. Ligand: CC(C)Oc1cccc(OC(C)C)c1P(C1CCCCC1)C1CCCCC1. Solvent: CCCCOC(C)=O. Base: CsOAc. Reaction Temperature: 105 degrees centigrade. Reaction Concentration: 0.153 M. Palladium loading: 2.25 mol%. Ligand loading: 5 mol%. Base loading: 3 eq. What is the yield (%) and cost (US dollar per mol) of this reaction?","","-1,-1","[]"
"Here is a chemical reaction. Reactants are: Cn1cnc(C#N)c1, Fc1ccccc1Br. Product is: Cn1cnc(C#N)c1-c1ccccc1F. Reaction type is Pd catalyzed C-H arylation. The reaction conditions of this reaction are: Palladium Source: [PdCl(allyl)]2. Ligand: CC(C)Oc1cccc(OC(C)C)c1P(C1CCCCC1)C1CCCCC1. Solvent: CCCCOC(C)=O. Base: CsOAc. Reaction Temperature: 120 degrees centigrade. Reaction Concentration: 0.153 M. Palladium loading: 2.25 mol%. Ligand loading: 5 mol%. Base loading: 3 eq. What is the yield (%) and cost (US dollar per mol) of this reaction?","","-1,-1","[]"
"Here is a chemical reaction. Reactants are: Cn1cnc(C#N)c1, Fc1ccccc1Br. Product is: Cn1cnc(C#N)c1-c1ccccc1F. Reaction type is Pd catalyzed C-H arylation. The reaction conditions of this reaction are: Palladium Source: [PdCl(allyl)]2. Ligand: CC(C)Oc1cccc(OC(C)C)c1P(C1CCCCC1)C1CCCCC1. Solvent: CCCC#N. Base: CsOAc. Reaction Temperature: 90 degrees centigrade. Reaction Concentration: 0.1 M. Palladium loading: 2.25 mol%. Ligand loading: 5 mol%. Base loading: 3 eq. What is the yield (%) and cost (US dollar per mol) of this reaction?","","-1,-1","[]"
"Here is a chemical reaction. Reactants are: Cn1cnc(C#N)c1, Fc1ccccc1Br. Product is: Cn1cnc(C#N)c1-c1ccccc1F. Reaction type is Pd catalyzed C-H arylation. The reaction conditions of this reaction are: Palladium Source: [PdCl(allyl)]2. Ligand: CC(C)Oc1cccc(OC(C)C)c1P(C1CCCCC1)C1CCCCC1. Solvent: CCCC#N. Base: CsOAc. Reaction Temperature: 105 degrees centigrade. Reaction Concentration: 0.1 M. Palladium loading: 2.25 mol%. Ligand loading: 5 mol%. Base loading: 3 eq. What is the yield (%) and cost (US dollar per mol) of this reaction?","","-1,-1","[]"
"Here is a chemical reaction. Reactants are: Cn1cnc(C#N)c1, Fc1ccccc1Br. Product is: Cn1cnc(C#N)c1-c1ccccc1F. Reaction type is Pd catalyzed C-H arylation. The reaction conditions of this reaction are: Palladium Source: [PdCl(allyl)]2. Ligand: CC(C)Oc1cccc(OC(C)C)c1P(C1CCCCC1)C1CCCCC1. Solvent: CCCC#N. Base: CsOAc. Reaction Temperature: 120 degrees centigrade. Reaction Concentration: 0.1 M. Palladium loading: 2.25 mol%. Ligand loading: 5 mol%. Base loading: 3 eq. What is the yield (%) and cost (US dollar per mol) of this reaction?","","-1,-1","[]"
"Here is a chemical reaction. Reactants are: Cn1cnc(C#N)c1, Fc1ccccc1Br. Product is: Cn1cnc(C#N)c1-c1ccccc1F. Reaction type is Pd catalyzed C-H arylation. The reaction conditions of this reaction are: Palladium Source: [PdCl(allyl)]2. Ligand: CC(C)Oc1cccc(OC(C)C)c1P(C1CCCCC1)C1CCCCC1. Solvent: CCCC#N. Base: CsOAc. Reaction Temperature: 90 degrees centigrade. Reaction Concentration: 0.057 M. Palladium loading: 2.25 mol%. Ligand loading: 5 mol%. Base loading: 3 eq. What is the yield (%) and cost (US dollar per mol) of this reaction?","","-1,-1","[]"
"Here is a chemical reaction. Reactants are: Cn1cnc(C#N)c1, Fc1ccccc1Br. Product is: Cn1cnc(C#N)c1-c1ccccc1F. Reaction type is Pd catalyzed C-H arylation. The reaction conditions of this reaction are: Palladium Source: [PdCl(allyl)]2. Ligand: CC(C)Oc1cccc(OC(C)C)c1P(C1CCCCC1)C1CCCCC1. Solvent: CCCC#N. Base: CsOAc. Reaction Temperature: 105 degrees centigrade. Reaction Concentration: 0.057 M. Palladium loading: 2.25 mol%. Ligand loading: 5 mol%. Base loading: 3 eq. What is the yield (%) and cost (US dollar per mol) of this reaction?","","-1,-1","[]"
"Here is a chemical reaction. Reactants are: Cn1cnc(C#N)c1, Fc1ccccc1Br. Product is: Cn1cnc(C#N)c1-c1ccccc1F. Reaction type is Pd catalyzed C-H arylation. The reaction conditions of this reaction are: Palladium Source: [PdCl(allyl)]2. Ligand: CC(C)Oc1cccc(OC(C)C)c1P(C1CCCCC1)C1CCCCC1. Solvent: CCCC#N. Base: CsOAc. Reaction Temperature: 120 degrees centigrade. Reaction Concentration: 0.057 M. Palladium loading: 2.25 mol%. Ligand loading: 5 mol%. Base loading: 3 eq. What is the yield (%) and cost (US dollar per mol) of this reaction?","","-1,-1","[]"
"Here is a chemical reaction. Reactants are: Cn1cnc(C#N)c1, Fc1ccccc1Br. Product is: Cn1cnc(C#N)c1-c1ccccc1F. Reaction type is Pd catalyzed C-H arylation. The reaction conditions of this reaction are: Palladium Source: [PdCl(allyl)]2. Ligand: CC(C)Oc1cccc(OC(C)C)c1P(C1CCCCC1)C1CCCCC1. Solvent: CCCC#N. Base: CsOAc. Reaction Temperature: 90 degrees centigrade. Reaction Concentration: 0.153 M. Palladium loading: 2.25 mol%. Ligand loading: 5 mol%. Base loading: 3 eq. What is the yield (%) and cost (US dollar per mol) of this reaction?","","-1,-1","[]"
"Here is a chemical reaction. Reactants are: Cn1cnc(C#N)c1, Fc1ccccc1Br. Product is: Cn1cnc(C#N)c1-c1ccccc1F. Reaction type is Pd catalyzed C-H arylation. The reaction conditions of this reaction are: Palladium Source: [PdCl(allyl)]2. Ligand: CC(C)Oc1cccc(OC(C)C)c1P(C1CCCCC1)C1CCCCC1. Solvent: CCCC#N. Base: CsOAc. Reaction Temperature: 105 degrees centigrade. Reaction Concentration: 0.153 M. Palladium loading: 2.25 mol%. Ligand loading: 5 mol%. Base loading: 3 eq. What is the yield (%) and cost (US dollar per mol) of this reaction?","","-1,-1","[]"
"Here is a chemical reaction. Reactants are: Cn1cnc(C#N)c1, Fc1ccccc1Br. Product is: Cn1cnc(C#N)c1-c1ccccc1F. Reaction type is Pd catalyzed C-H arylation. The reaction conditions of this reaction are: Palladium Source: [PdCl(allyl)]2. Ligand: CC(C)Oc1cccc(OC(C)C)c1P(C1CCCCC1)C1CCCCC1. Solvent: CCCC#N. Base: CsOAc. Reaction Temperature: 120 degrees centigrade. Reaction Concentration: 0.153 M. Palladium loading: 2.25 mol%. Ligand loading: 5 mol%. Base loading: 3 eq. What is the yield (%) and cost (US dollar per mol) of this reaction?","","-1,-1","[]"
"Here is a chemical reaction. Reactants are: Cn1cnc(C#N)c1, Fc1ccccc1Br. Product is: Cn1cnc(C#N)c1-c1ccccc1F. Reaction type is Pd catalyzed C-H arylation. The reaction conditions of this reaction are: Palladium Source: [PdCl(allyl)]2. Ligand: CC(C)Oc1cccc(OC(C)C)c1P(C1CCCCC1)C1CCCCC1. Solvent: Cc1ccc(C)cc1. Base: CsOAc. Reaction Temperature: 90 degrees centigrade. Reaction Concentration: 0.1 M. Palladium loading: 2.25 mol%. Ligand loading: 5 mol%. Base loading: 3 eq. What is the yield (%) and cost (US dollar per mol) of this reaction?","","-1,-1","[]"
"Here is a chemical reaction. Reactants are: Cn1cnc(C#N)c1, Fc1ccccc1Br. Product is: Cn1cnc(C#N)c1-c1ccccc1F. Reaction type is Pd catalyzed C-H arylation. The reaction conditions of this reaction are: Palladium Source: [PdCl(allyl)]2. Ligand: CC(C)Oc1cccc(OC(C)C)c1P(C1CCCCC1)C1CCCCC1. Solvent: Cc1ccc(C)cc1. Base: CsOAc. Reaction Temperature: 105 degrees centigrade. Reaction Concentration: 0.1 M. Palladium loading: 2.25 mol%. Ligand loading: 5 mol%. Base loading: 3 eq. What is the yield (%) and cost (US dollar per mol) of this reaction?","","-1,-1","[]"
"Here is a chemical reaction. Reactants are: Cn1cnc(C#N)c1, Fc1ccccc1Br. Product is: Cn1cnc(C#N)c1-c1ccccc1F. Reaction type is Pd catalyzed C-H arylation. The reaction conditions of this reaction are: Palladium Source: [PdCl(allyl)]2. Ligand: CC(C)Oc1cccc(OC(C)C)c1P(C1CCCCC1)C1CCCCC1. Solvent: Cc1ccc(C)cc1. Base: CsOAc. Reaction Temperature: 120 degrees centigrade. Reaction Concentration: 0.1 M. Palladium loading: 2.25 mol%. Ligand loading: 5 mol%. Base loading: 3 eq. What is the yield (%) and cost (US dollar per mol) of this reaction?","","-1,-1","[]"
"Here is a chemical reaction. Reactants are: Cn1cnc(C#N)c1, Fc1ccccc1Br. Product is: Cn1cnc(C#N)c1-c1ccccc1F. Reaction type is Pd catalyzed C-H arylation. The reaction conditions of this reaction are: Palladium Source: [PdCl(allyl)]2. Ligand: CC(C)Oc1cccc(OC(C)C)c1P(C1CCCCC1)C1CCCCC1. Solvent: Cc1ccc(C)cc1. Base: CsOAc. Reaction Temperature: 90 degrees centigrade. Reaction Concentration: 0.057 M. Palladium loading: 2.25 mol%. Ligand loading: 5 mol%. Base loading: 3 eq. What is the yield (%) and cost (US dollar per mol) of this reaction?","","-1,-1","[]"
"Here is a chemical reaction. Reactants are: Cn1cnc(C#N)c1, Fc1ccccc1Br. Product is: Cn1cnc(C#N)c1-c1ccccc1F. Reaction type is Pd catalyzed C-H arylation. The reaction conditions of this reaction are: Palladium Source: [PdCl(allyl)]2. Ligand: CC(C)Oc1cccc(OC(C)C)c1P(C1CCCCC1)C1CCCCC1. Solvent: Cc1ccc(C)cc1. Base: CsOAc. Reaction Temperature: 105 degrees centigrade. Reaction Concentration: 0.057 M. Palladium loading: 2.25 mol%. Ligand loading: 5 mol%. Base loading: 3 eq. What is the yield (%) and cost (US dollar per mol) of this reaction?","","-1,-1","[]"
"Here is a chemical reaction. Reactants are: Cn1cnc(C#N)c1, Fc1ccccc1Br. Product is: Cn1cnc(C#N)c1-c1ccccc1F. Reaction type is Pd catalyzed C-H arylation. The reaction conditions of this reaction are: Palladium Source: [PdCl(allyl)]2. Ligand: CC(C)Oc1cccc(OC(C)C)c1P(C1CCCCC1)C1CCCCC1. Solvent: Cc1ccc(C)cc1. Base: CsOAc. Reaction Temperature: 120 degrees centigrade. Reaction Concentration: 0.057 M. Palladium loading: 2.25 mol%. Ligand loading: 5 mol%. Base loading: 3 eq. What is the yield (%) and cost (US dollar per mol) of this reaction?","","-1,-1","[]"
"Here is a chemical reaction. Reactants are: Cn1cnc(C#N)c1, Fc1ccccc1Br. Product is: Cn1cnc(C#N)c1-c1ccccc1F. Reaction type is Pd catalyzed C-H arylation. The reaction conditions of this reaction are: Palladium Source: [PdCl(allyl)]2. Ligand: CC(C)Oc1cccc(OC(C)C)c1P(C1CCCCC1)C1CCCCC1. Solvent: Cc1ccc(C)cc1. Base: CsOAc. Reaction Temperature: 90 degrees centigrade. Reaction Concentration: 0.153 M. Palladium loading: 2.25 mol%. Ligand loading: 5 mol%. Base loading: 3 eq. What is the yield (%) and cost (US dollar per mol) of this reaction?","","-1,-1","[]"
"Here is a chemical reaction. Reactants are: Cn1cnc(C#N)c1, Fc1ccccc1Br. Product is: Cn1cnc(C#N)c1-c1ccccc1F. Reaction type is Pd catalyzed C-H arylation. The reaction conditions of this reaction are: Palladium Source: [PdCl(allyl)]2. Ligand: CC(C)Oc1cccc(OC(C)C)c1P(C1CCCCC1)C1CCCCC1. Solvent: Cc1ccc(C)cc1. Base: CsOAc. Reaction Temperature: 105 degrees centigrade. Reaction Concentration: 0.153 M. Palladium loading: 2.25 mol%. Ligand loading: 5 mol%. Base loading: 3 eq. What is the yield (%) and cost (US dollar per mol) of this reaction?","","-1,-1","[]"
"Here is a chemical reaction. Reactants are: Cn1cnc(C#N)c1, Fc1ccccc1Br. Product is: Cn1cnc(C#N)c1-c1ccccc1F. Reaction type is Pd catalyzed C-H arylation. The reaction conditions of this reaction are: Palladium Source: [PdCl(allyl)]2. Ligand: CC(C)Oc1cccc(OC(C)C)c1P(C1CCCCC1)C1CCCCC1. Solvent: Cc1ccc(C)cc1. Base: CsOAc. Reaction Temperature: 120 degrees centigrade. Reaction Concentration: 0.153 M. Palladium loading: 2.25 mol%. Ligand loading: 5 mol%. Base loading: 3 eq. What is the yield (%) and cost (US dollar per mol) of this reaction?","","-1,-1","[]"
"Here is a chemical reaction. Reactants are: Cn1cnc(C#N)c1, Fc1ccccc1Br. Product is: Cn1cnc(C#N)c1-c1ccccc1F. Reaction type is Pd catalyzed C-H arylation. The reaction conditions of this reaction are: Palladium Source: [PdCl(allyl)]2. Ligand: CC(C)Oc1cccc(OC(C)C)c1P(C1CCCCC1)C1CCCCC1. Solvent: CC(=O)N(C)C. Base: CsOAc. Reaction Temperature: 90 degrees centigrade. Reaction Concentration: 0.1 M. Palladium loading: 2.25 mol%. Ligand loading: 5 mol%. Base loading: 3 eq. What is the yield (%) and cost (US dollar per mol) of this reaction?","","-1,-1","[]"
"Here is a chemical reaction. Reactants are: Cn1cnc(C#N)c1, Fc1ccccc1Br. Product is: Cn1cnc(C#N)c1-c1ccccc1F. Reaction type is Pd catalyzed C-H arylation. The reaction conditions of this reaction are: Palladium Source: [PdCl(allyl)]2. Ligand: CC(C)Oc1cccc(OC(C)C)c1P(C1CCCCC1)C1CCCCC1. Solvent: CC(=O)N(C)C. Base: CsOAc. Reaction Temperature: 105 degrees centigrade. Reaction Concentration: 0.1 M. Palladium loading: 2.25 mol%. Ligand loading: 5 mol%. Base loading: 3 eq. What is the yield (%) and cost (US dollar per mol) of this reaction?","","-1,-1","[]"
"Here is a chemical reaction. Reactants are: Cn1cnc(C#N)c1, Fc1ccccc1Br. Product is: Cn1cnc(C#N)c1-c1ccccc1F. Reaction type is Pd catalyzed C-H arylation. The reaction conditions of this reaction are: Palladium Source: [PdCl(allyl)]2. Ligand: CC(C)Oc1cccc(OC(C)C)c1P(C1CCCCC1)C1CCCCC1. Solvent: CC(=O)N(C)C. Base: CsOAc. Reaction Temperature: 120 degrees centigrade. Reaction Concentration: 0.1 M. Palladium loading: 2.25 mol%. Ligand loading: 5 mol%. Base loading: 3 eq. What is the yield (%) and cost (US dollar per mol) of this reaction?","","-1,-1","[]"
"Here is a chemical reaction. Reactants are: Cn1cnc(C#N)c1, Fc1ccccc1Br. Product is: Cn1cnc(C#N)c1-c1ccccc1F. Reaction type is Pd catalyzed C-H arylation. The reaction conditions of this reaction are: Palladium Source: [PdCl(allyl)]2. Ligand: CC(C)Oc1cccc(OC(C)C)c1P(C1CCCCC1)C1CCCCC1. Solvent: CC(=O)N(C)C. Base: CsOAc. Reaction Temperature: 90 degrees centigrade. Reaction Concentration: 0.057 M. Palladium loading: 2.25 mol%. Ligand loading: 5 mol%. Base loading: 3 eq. What is the yield (%) and cost (US dollar per mol) of this reaction?","","-1,-1","[]"
"Here is a chemical reaction. Reactants are: Cn1cnc(C#N)c1, Fc1ccccc1Br. Product is: Cn1cnc(C#N)c1-c1ccccc1F. Reaction type is Pd catalyzed C-H arylation. The reaction conditions of this reaction are: Palladium Source: [PdCl(allyl)]2. Ligand: CC(C)Oc1cccc(OC(C)C)c1P(C1CCCCC1)C1CCCCC1. Solvent: CC(=O)N(C)C. Base: CsOAc. Reaction Temperature: 105 degrees centigrade. Reaction Concentration: 0.057 M. Palladium loading: 2.25 mol%. Ligand loading: 5 mol%. Base loading: 3 eq. What is the yield (%) and cost (US dollar per mol) of this reaction?","","-1,-1","[]"
"Here is a chemical reaction. Reactants are: Cn1cnc(C#N)c1, Fc1ccccc1Br. Product is: Cn1cnc(C#N)c1-c1ccccc1F. Reaction type is Pd catalyzed C-H arylation. The reaction conditions of this reaction are: Palladium Source: [PdCl(allyl)]2. Ligand: CC(C)Oc1cccc(OC(C)C)c1P(C1CCCCC1)C1CCCCC1. Solvent: CC(=O)N(C)C. Base: CsOAc. Reaction Temperature: 120 degrees centigrade. Reaction Concentration: 0.057 M. Palladium loading: 2.25 mol%. Ligand loading: 5 mol%. Base loading: 3 eq. What is the yield (%) and cost (US dollar per mol) of this reaction?","","-1,-1","[]"
"Here is a chemical reaction. Reactants are: Cn1cnc(C#N)c1, Fc1ccccc1Br. Product is: Cn1cnc(C#N)c1-c1ccccc1F. Reaction type is Pd catalyzed C-H arylation. The reaction conditions of this reaction are: Palladium Source: [PdCl(allyl)]2. Ligand: CC(C)Oc1cccc(OC(C)C)c1P(C1CCCCC1)C1CCCCC1. Solvent: CC(=O)N(C)C. Base: CsOAc. Reaction Temperature: 90 degrees centigrade. Reaction Concentration: 0.153 M. Palladium loading: 2.25 mol%. Ligand loading: 5 mol%. Base loading: 3 eq. What is the yield (%) and cost (US dollar per mol) of this reaction?","","-1,-1","[]"
"Here is a chemical reaction. Reactants are: Cn1cnc(C#N)c1, Fc1ccccc1Br. Product is: Cn1cnc(C#N)c1-c1ccccc1F. Reaction type is Pd catalyzed C-H arylation. The reaction conditions of this reaction are: Palladium Source: [PdCl(allyl)]2. Ligand: CC(C)Oc1cccc(OC(C)C)c1P(C1CCCCC1)C1CCCCC1. Solvent: CC(=O)N(C)C. Base: CsOAc. Reaction Temperature: 105 degrees centigrade. Reaction Concentration: 0.153 M. Palladium loading: 2.25 mol%. Ligand loading: 5 mol%. Base loading: 3 eq. What is the yield (%) and cost (US dollar per mol) of this reaction?","","-1,-1","[]"
"Here is a chemical reaction. Reactants are: Cn1cnc(C#N)c1, Fc1ccccc1Br. Product is: Cn1cnc(C#N)c1-c1ccccc1F. Reaction type is Pd catalyzed C-H arylation. The reaction conditions of this reaction are: Palladium Source: [PdCl(allyl)]2. Ligand: CC(C)Oc1cccc(OC(C)C)c1P(C1CCCCC1)C1CCCCC1. Solvent: CC(=O)N(C)C. Base: CsOAc. Reaction Temperature: 120 degrees centigrade. Reaction Concentration: 0.153 M. Palladium loading: 2.25 mol%. Ligand loading: 5 mol%. Base loading: 3 eq. What is the yield (%) and cost (US dollar per mol) of this reaction?","","-1,-1","[]"
"Here is a chemical reaction. Reactants are: Cn1cnc(C#N)c1, Fc1ccccc1Br. Product is: Cn1cnc(C#N)c1-c1ccccc1F. Reaction type is Pd catalyzed C-H arylation. The reaction conditions of this reaction are: Palladium Source: [PdCl(allyl)]2. Ligand: CC(C)Oc1cccc(OC(C)C)c1P(C1CCCCC1)C1CCCCC1. Solvent: CCCCOC(C)=O. Base: KOPiv. Reaction Temperature: 90 degrees centigrade. Reaction Concentration: 0.1 M. Palladium loading: 2.25 mol%. Ligand loading: 5 mol%. Base loading: 3 eq. What is the yield (%) and cost (US dollar per mol) of this reaction?","","-1,-1","[]"
"Here is a chemical reaction. Reactants are: Cn1cnc(C#N)c1, Fc1ccccc1Br. Product is: Cn1cnc(C#N)c1-c1ccccc1F. Reaction type is Pd catalyzed C-H arylation. The reaction conditions of this reaction are: Palladium Source: [PdCl(allyl)]2. Ligand: CC(C)Oc1cccc(OC(C)C)c1P(C1CCCCC1)C1CCCCC1. Solvent: CCCCOC(C)=O. Base: KOPiv. Reaction Temperature: 105 degrees centigrade. Reaction Concentration: 0.1 M. Palladium loading: 2.25 mol%. Ligand loading: 5 mol%. Base loading: 3 eq. What is the yield (%) and cost (US dollar per mol) of this reaction?","","-1,-1","[]"
"Here is a chemical reaction. Reactants are: Cn1cnc(C#N)c1, Fc1ccccc1Br. Product is: Cn1cnc(C#N)c1-c1ccccc1F. Reaction type is Pd catalyzed C-H arylation. The reaction conditions of this reaction are: Palladium Source: [PdCl(allyl)]2. Ligand: CC(C)Oc1cccc(OC(C)C)c1P(C1CCCCC1)C1CCCCC1. Solvent: CCCCOC(C)=O. Base: KOPiv. Reaction Temperature: 120 degrees centigrade. Reaction Concentration: 0.1 M. Palladium loading: 2.25 mol%. Ligand loading: 5 mol%. Base loading: 3 eq. What is the yield (%) and cost (US dollar per mol) of this reaction?","","-1,-1","[]"
"Here is a chemical reaction. Reactants are: Cn1cnc(C#N)c1, Fc1ccccc1Br. Product is: Cn1cnc(C#N)c1-c1ccccc1F. Reaction type is Pd catalyzed C-H arylation. The reaction conditions of this reaction are: Palladium Source: [PdCl(allyl)]2. Ligand: CC(C)Oc1cccc(OC(C)C)c1P(C1CCCCC1)C1CCCCC1. Solvent: CCCCOC(C)=O. Base: KOPiv. Reaction Temperature: 90 degrees centigrade. Reaction Concentration: 0.057 M. Palladium loading: 2.25 mol%. Ligand loading: 5 mol%. Base loading: 3 eq. What is the yield (%) and cost (US dollar per mol) of this reaction?","","-1,-1","[]"
"Here is a chemical reaction. Reactants are: Cn1cnc(C#N)c1, Fc1ccccc1Br. Product is: Cn1cnc(C#N)c1-c1ccccc1F. Reaction type is Pd catalyzed C-H arylation. The reaction conditions of this reaction are: Palladium Source: [PdCl(allyl)]2. Ligand: CC(C)Oc1cccc(OC(C)C)c1P(C1CCCCC1)C1CCCCC1. Solvent: CCCCOC(C)=O. Base: KOPiv. Reaction Temperature: 105 degrees centigrade. Reaction Concentration: 0.057 M. Palladium loading: 2.25 mol%. Ligand loading: 5 mol%. Base loading: 3 eq. What is the yield (%) and cost (US dollar per mol) of this reaction?","","-1,-1","[]"
"Here is a chemical reaction. Reactants are: Cn1cnc(C#N)c1, Fc1ccccc1Br. Product is: Cn1cnc(C#N)c1-c1ccccc1F. Reaction type is Pd catalyzed C-H arylation. The reaction conditions of this reaction are: Palladium Source: [PdCl(allyl)]2. Ligand: CC(C)Oc1cccc(OC(C)C)c1P(C1CCCCC1)C1CCCCC1. Solvent: CCCCOC(C)=O. Base: KOPiv. Reaction Temperature: 120 degrees centigrade. Reaction Concentration: 0.057 M. Palladium loading: 2.25 mol%. Ligand loading: 5 mol%. Base loading: 3 eq. What is the yield (%) and cost (US dollar per mol) of this reaction?","","-1,-1","[]"
"Here is a chemical reaction. Reactants are: Cn1cnc(C#N)c1, Fc1ccccc1Br. Product is: Cn1cnc(C#N)c1-c1ccccc1F. Reaction type is Pd catalyzed C-H arylation. The reaction conditions of this reaction are: Palladium Source: [PdCl(allyl)]2. Ligand: CC(C)Oc1cccc(OC(C)C)c1P(C1CCCCC1)C1CCCCC1. Solvent: CCCCOC(C)=O. Base: KOPiv. Reaction Temperature: 90 degrees centigrade. Reaction Concentration: 0.153 M. Palladium loading: 2.25 mol%. Ligand loading: 5 mol%. Base loading: 3 eq. What is the yield (%) and cost (US dollar per mol) of this reaction?","","-1,-1","[]"
"Here is a chemical reaction. Reactants are: Cn1cnc(C#N)c1, Fc1ccccc1Br. Product is: Cn1cnc(C#N)c1-c1ccccc1F. Reaction type is Pd catalyzed C-H arylation. The reaction conditions of this reaction are: Palladium Source: [PdCl(allyl)]2. Ligand: CC(C)Oc1cccc(OC(C)C)c1P(C1CCCCC1)C1CCCCC1. Solvent: CCCCOC(C)=O. Base: KOPiv. Reaction Temperature: 105 degrees centigrade. Reaction Concentration: 0.153 M. Palladium loading: 2.25 mol%. Ligand loading: 5 mol%. Base loading: 3 eq. What is the yield (%) and cost (US dollar per mol) of this reaction?","","-1,-1","[]"
"Here is a chemical reaction. Reactants are: Cn1cnc(C#N)c1, Fc1ccccc1Br. Product is: Cn1cnc(C#N)c1-c1ccccc1F. Reaction type is Pd catalyzed C-H arylation. The reaction conditions of this reaction are: Palladium Source: [PdCl(allyl)]2. Ligand: CC(C)Oc1cccc(OC(C)C)c1P(C1CCCCC1)C1CCCCC1. Solvent: CCCCOC(C)=O. Base: KOPiv. Reaction Temperature: 120 degrees centigrade. Reaction Concentration: 0.153 M. Palladium loading: 2.25 mol%. Ligand loading: 5 mol%. Base loading: 3 eq. What is the yield (%) and cost (US dollar per mol) of this reaction?","","-1,-1","[]"
"Here is a chemical reaction. Reactants are: Cn1cnc(C#N)c1, Fc1ccccc1Br. Product is: Cn1cnc(C#N)c1-c1ccccc1F. Reaction type is Pd catalyzed C-H arylation. The reaction conditions of this reaction are: Palladium Source: [PdCl(allyl)]2. Ligand: CC(C)Oc1cccc(OC(C)C)c1P(C1CCCCC1)C1CCCCC1. Solvent: CCCC#N. Base: KOPiv. Reaction Temperature: 90 degrees centigrade. Reaction Concentration: 0.1 M. Palladium loading: 2.25 mol%. Ligand loading: 5 mol%. Base loading: 3 eq. What is the yield (%) and cost (US dollar per mol) of this reaction?","","-1,-1","[]"
"Here is a chemical reaction. Reactants are: Cn1cnc(C#N)c1, Fc1ccccc1Br. Product is: Cn1cnc(C#N)c1-c1ccccc1F. Reaction type is Pd catalyzed C-H arylation. The reaction conditions of this reaction are: Palladium Source: [PdCl(allyl)]2. Ligand: CC(C)Oc1cccc(OC(C)C)c1P(C1CCCCC1)C1CCCCC1. Solvent: CCCC#N. Base: KOPiv. Reaction Temperature: 105 degrees centigrade. Reaction Concentration: 0.1 M. Palladium loading: 2.25 mol%. Ligand loading: 5 mol%. Base loading: 3 eq. What is the yield (%) and cost (US dollar per mol) of this reaction?","","-1,-1","[]"
"Here is a chemical reaction. Reactants are: Cn1cnc(C#N)c1, Fc1ccccc1Br. Product is: Cn1cnc(C#N)c1-c1ccccc1F. Reaction type is Pd catalyzed C-H arylation. The reaction conditions of this reaction are: Palladium Source: [PdCl(allyl)]2. Ligand: CC(C)Oc1cccc(OC(C)C)c1P(C1CCCCC1)C1CCCCC1. Solvent: CCCC#N. Base: KOPiv. Reaction Temperature: 120 degrees centigrade. Reaction Concentration: 0.1 M. Palladium loading: 2.25 mol%. Ligand loading: 5 mol%. Base loading: 3 eq. What is the yield (%) and cost (US dollar per mol) of this reaction?","","-1,-1","[]"
"Here is a chemical reaction. Reactants are: Cn1cnc(C#N)c1, Fc1ccccc1Br. Product is: Cn1cnc(C#N)c1-c1ccccc1F. Reaction type is Pd catalyzed C-H arylation. The reaction conditions of this reaction are: Palladium Source: [PdCl(allyl)]2. Ligand: CC(C)Oc1cccc(OC(C)C)c1P(C1CCCCC1)C1CCCCC1. Solvent: CCCC#N. Base: KOPiv. Reaction Temperature: 90 degrees centigrade. Reaction Concentration: 0.057 M. Palladium loading: 2.25 mol%. Ligand loading: 5 mol%. Base loading: 3 eq. What is the yield (%) and cost (US dollar per mol) of this reaction?","","-1,-1","[]"
"Here is a chemical reaction. Reactants are: Cn1cnc(C#N)c1, Fc1ccccc1Br. Product is: Cn1cnc(C#N)c1-c1ccccc1F. Reaction type is Pd catalyzed C-H arylation. The reaction conditions of this reaction are: Palladium Source: [PdCl(allyl)]2. Ligand: CC(C)Oc1cccc(OC(C)C)c1P(C1CCCCC1)C1CCCCC1. Solvent: CCCC#N. Base: KOPiv. Reaction Temperature: 105 degrees centigrade. Reaction Concentration: 0.057 M. Palladium loading: 2.25 mol%. Ligand loading: 5 mol%. Base loading: 3 eq. What is the yield (%) and cost (US dollar per mol) of this reaction?","","-1,-1","[]"
"Here is a chemical reaction. Reactants are: Cn1cnc(C#N)c1, Fc1ccccc1Br. Product is: Cn1cnc(C#N)c1-c1ccccc1F. Reaction type is Pd catalyzed C-H arylation. The reaction conditions of this reaction are: Palladium Source: [PdCl(allyl)]2. Ligand: CC(C)Oc1cccc(OC(C)C)c1P(C1CCCCC1)C1CCCCC1. Solvent: CCCC#N. Base: KOPiv. Reaction Temperature: 120 degrees centigrade. Reaction Concentration: 0.057 M. Palladium loading: 2.25 mol%. Ligand loading: 5 mol%. Base loading: 3 eq. What is the yield (%) and cost (US dollar per mol) of this reaction?","","-1,-1","[]"
"Here is a chemical reaction. Reactants are: Cn1cnc(C#N)c1, Fc1ccccc1Br. Product is: Cn1cnc(C#N)c1-c1ccccc1F. Reaction type is Pd catalyzed C-H arylation. The reaction conditions of this reaction are: Palladium Source: [PdCl(allyl)]2. Ligand: CC(C)Oc1cccc(OC(C)C)c1P(C1CCCCC1)C1CCCCC1. Solvent: CCCC#N. Base: KOPiv. Reaction Temperature: 90 degrees centigrade. Reaction Concentration: 0.153 M. Palladium loading: 2.25 mol%. Ligand loading: 5 mol%. Base loading: 3 eq. What is the yield (%) and cost (US dollar per mol) of this reaction?","","-1,-1","[]"
"Here is a chemical reaction. Reactants are: Cn1cnc(C#N)c1, Fc1ccccc1Br. Product is: Cn1cnc(C#N)c1-c1ccccc1F. Reaction type is Pd catalyzed C-H arylation. The reaction conditions of this reaction are: Palladium Source: [PdCl(allyl)]2. Ligand: CC(C)Oc1cccc(OC(C)C)c1P(C1CCCCC1)C1CCCCC1. Solvent: CCCC#N. Base: KOPiv. Reaction Temperature: 105 degrees centigrade. Reaction Concentration: 0.153 M. Palladium loading: 2.25 mol%. Ligand loading: 5 mol%. Base loading: 3 eq. What is the yield (%) and cost (US dollar per mol) of this reaction?","","-1,-1","[]"
"Here is a chemical reaction. Reactants are: Cn1cnc(C#N)c1, Fc1ccccc1Br. Product is: Cn1cnc(C#N)c1-c1ccccc1F. Reaction type is Pd catalyzed C-H arylation. The reaction conditions of this reaction are: Palladium Source: [PdCl(allyl)]2. Ligand: CC(C)Oc1cccc(OC(C)C)c1P(C1CCCCC1)C1CCCCC1. Solvent: CCCC#N. Base: KOPiv. Reaction Temperature: 120 degrees centigrade. Reaction Concentration: 0.153 M. Palladium loading: 2.25 mol%. Ligand loading: 5 mol%. Base loading: 3 eq. What is the yield (%) and cost (US dollar per mol) of this reaction?","","-1,-1","[]"
"Here is a chemical reaction. Reactants are: Cn1cnc(C#N)c1, Fc1ccccc1Br. Product is: Cn1cnc(C#N)c1-c1ccccc1F. Reaction type is Pd catalyzed C-H arylation. The reaction conditions of this reaction are: Palladium Source: [PdCl(allyl)]2. Ligand: CC(C)Oc1cccc(OC(C)C)c1P(C1CCCCC1)C1CCCCC1. Solvent: Cc1ccc(C)cc1. Base: KOPiv. Reaction Temperature: 90 degrees centigrade. Reaction Concentration: 0.1 M. Palladium loading: 2.25 mol%. Ligand loading: 5 mol%. Base loading: 3 eq. What is the yield (%) and cost (US dollar per mol) of this reaction?","","-1,-1","[]"
"Here is a chemical reaction. Reactants are: Cn1cnc(C#N)c1, Fc1ccccc1Br. Product is: Cn1cnc(C#N)c1-c1ccccc1F. Reaction type is Pd catalyzed C-H arylation. The reaction conditions of this reaction are: Palladium Source: [PdCl(allyl)]2. Ligand: CC(C)Oc1cccc(OC(C)C)c1P(C1CCCCC1)C1CCCCC1. Solvent: Cc1ccc(C)cc1. Base: KOPiv. Reaction Temperature: 105 degrees centigrade. Reaction Concentration: 0.1 M. Palladium loading: 2.25 mol%. Ligand loading: 5 mol%. Base loading: 3 eq. What is the yield (%) and cost (US dollar per mol) of this reaction?","","-1,-1","[]"
"Here is a chemical reaction. Reactants are: Cn1cnc(C#N)c1, Fc1ccccc1Br. Product is: Cn1cnc(C#N)c1-c1ccccc1F. Reaction type is Pd catalyzed C-H arylation. The reaction conditions of this reaction are: Palladium Source: [PdCl(allyl)]2. Ligand: CC(C)Oc1cccc(OC(C)C)c1P(C1CCCCC1)C1CCCCC1. Solvent: Cc1ccc(C)cc1. Base: KOPiv. Reaction Temperature: 120 degrees centigrade. Reaction Concentration: 0.1 M. Palladium loading: 2.25 mol%. Ligand loading: 5 mol%. Base loading: 3 eq. What is the yield (%) and cost (US dollar per mol) of this reaction?","","-1,-1","[]"
"Here is a chemical reaction. Reactants are: Cn1cnc(C#N)c1, Fc1ccccc1Br. Product is: Cn1cnc(C#N)c1-c1ccccc1F. Reaction type is Pd catalyzed C-H arylation. The reaction conditions of this reaction are: Palladium Source: [PdCl(allyl)]2. Ligand: CC(C)Oc1cccc(OC(C)C)c1P(C1CCCCC1)C1CCCCC1. Solvent: Cc1ccc(C)cc1. Base: KOPiv. Reaction Temperature: 90 degrees centigrade. Reaction Concentration: 0.057 M. Palladium loading: 2.25 mol%. Ligand loading: 5 mol%. Base loading: 3 eq. What is the yield (%) and cost (US dollar per mol) of this reaction?","","-1,-1","[]"
"Here is a chemical reaction. Reactants are: Cn1cnc(C#N)c1, Fc1ccccc1Br. Product is: Cn1cnc(C#N)c1-c1ccccc1F. Reaction type is Pd catalyzed C-H arylation. The reaction conditions of this reaction are: Palladium Source: [PdCl(allyl)]2. Ligand: CC(C)Oc1cccc(OC(C)C)c1P(C1CCCCC1)C1CCCCC1. Solvent: Cc1ccc(C)cc1. Base: KOPiv. Reaction Temperature: 105 degrees centigrade. Reaction Concentration: 0.057 M. Palladium loading: 2.25 mol%. Ligand loading: 5 mol%. Base loading: 3 eq. What is the yield (%) and cost (US dollar per mol) of this reaction?","","-1,-1","[]"
"Here is a chemical reaction. Reactants are: Cn1cnc(C#N)c1, Fc1ccccc1Br. Product is: Cn1cnc(C#N)c1-c1ccccc1F. Reaction type is Pd catalyzed C-H arylation. The reaction conditions of this reaction are: Palladium Source: [PdCl(allyl)]2. Ligand: CC(C)Oc1cccc(OC(C)C)c1P(C1CCCCC1)C1CCCCC1. Solvent: Cc1ccc(C)cc1. Base: KOPiv. Reaction Temperature: 120 degrees centigrade. Reaction Concentration: 0.057 M. Palladium loading: 2.25 mol%. Ligand loading: 5 mol%. Base loading: 3 eq. What is the yield (%) and cost (US dollar per mol) of this reaction?","","-1,-1","[]"
"Here is a chemical reaction. Reactants are: Cn1cnc(C#N)c1, Fc1ccccc1Br. Product is: Cn1cnc(C#N)c1-c1ccccc1F. Reaction type is Pd catalyzed C-H arylation. The reaction conditions of this reaction are: Palladium Source: [PdCl(allyl)]2. Ligand: CC(C)Oc1cccc(OC(C)C)c1P(C1CCCCC1)C1CCCCC1. Solvent: Cc1ccc(C)cc1. Base: KOPiv. Reaction Temperature: 90 degrees centigrade. Reaction Concentration: 0.153 M. Palladium loading: 2.25 mol%. Ligand loading: 5 mol%. Base loading: 3 eq. What is the yield (%) and cost (US dollar per mol) of this reaction?","","-1,-1","[]"
"Here is a chemical reaction. Reactants are: Cn1cnc(C#N)c1, Fc1ccccc1Br. Product is: Cn1cnc(C#N)c1-c1ccccc1F. Reaction type is Pd catalyzed C-H arylation. The reaction conditions of this reaction are: Palladium Source: [PdCl(allyl)]2. Ligand: CC(C)Oc1cccc(OC(C)C)c1P(C1CCCCC1)C1CCCCC1. Solvent: Cc1ccc(C)cc1. Base: KOPiv. Reaction Temperature: 105 degrees centigrade. Reaction Concentration: 0.153 M. Palladium loading: 2.25 mol%. Ligand loading: 5 mol%. Base loading: 3 eq. What is the yield (%) and cost (US dollar per mol) of this reaction?","","-1,-1","[]"
"Here is a chemical reaction. Reactants are: Cn1cnc(C#N)c1, Fc1ccccc1Br. Product is: Cn1cnc(C#N)c1-c1ccccc1F. Reaction type is Pd catalyzed C-H arylation. The reaction conditions of this reaction are: Palladium Source: [PdCl(allyl)]2. Ligand: CC(C)Oc1cccc(OC(C)C)c1P(C1CCCCC1)C1CCCCC1. Solvent: Cc1ccc(C)cc1. Base: KOPiv. Reaction Temperature: 120 degrees centigrade. Reaction Concentration: 0.153 M. Palladium loading: 2.25 mol%. Ligand loading: 5 mol%. Base loading: 3 eq. What is the yield (%) and cost (US dollar per mol) of this reaction?","","-1,-1","[]"
"Here is a chemical reaction. Reactants are: Cn1cnc(C#N)c1, Fc1ccccc1Br. Product is: Cn1cnc(C#N)c1-c1ccccc1F. Reaction type is Pd catalyzed C-H arylation. The reaction conditions of this reaction are: Palladium Source: [PdCl(allyl)]2. Ligand: CC(C)Oc1cccc(OC(C)C)c1P(C1CCCCC1)C1CCCCC1. Solvent: CC(=O)N(C)C. Base: KOPiv. Reaction Temperature: 90 degrees centigrade. Reaction Concentration: 0.1 M. Palladium loading: 2.25 mol%. Ligand loading: 5 mol%. Base loading: 3 eq. What is the yield (%) and cost (US dollar per mol) of this reaction?","","-1,-1","[]"
"Here is a chemical reaction. Reactants are: Cn1cnc(C#N)c1, Fc1ccccc1Br. Product is: Cn1cnc(C#N)c1-c1ccccc1F. Reaction type is Pd catalyzed C-H arylation. The reaction conditions of this reaction are: Palladium Source: [PdCl(allyl)]2. Ligand: CC(C)Oc1cccc(OC(C)C)c1P(C1CCCCC1)C1CCCCC1. Solvent: CC(=O)N(C)C. Base: KOPiv. Reaction Temperature: 105 degrees centigrade. Reaction Concentration: 0.1 M. Palladium loading: 2.25 mol%. Ligand loading: 5 mol%. Base loading: 3 eq. What is the yield (%) and cost (US dollar per mol) of this reaction?","","-1,-1","[]"
"Here is a chemical reaction. Reactants are: Cn1cnc(C#N)c1, Fc1ccccc1Br. Product is: Cn1cnc(C#N)c1-c1ccccc1F. Reaction type is Pd catalyzed C-H arylation. The reaction conditions of this reaction are: Palladium Source: [PdCl(allyl)]2. Ligand: CC(C)Oc1cccc(OC(C)C)c1P(C1CCCCC1)C1CCCCC1. Solvent: CC(=O)N(C)C. Base: KOPiv. Reaction Temperature: 120 degrees centigrade. Reaction Concentration: 0.1 M. Palladium loading: 2.25 mol%. Ligand loading: 5 mol%. Base loading: 3 eq. What is the yield (%) and cost (US dollar per mol) of this reaction?","","-1,-1","[]"
"Here is a chemical reaction. Reactants are: Cn1cnc(C#N)c1, Fc1ccccc1Br. Product is: Cn1cnc(C#N)c1-c1ccccc1F. Reaction type is Pd catalyzed C-H arylation. The reaction conditions of this reaction are: Palladium Source: [PdCl(allyl)]2. Ligand: CC(C)Oc1cccc(OC(C)C)c1P(C1CCCCC1)C1CCCCC1. Solvent: CC(=O)N(C)C. Base: KOPiv. Reaction Temperature: 90 degrees centigrade. Reaction Concentration: 0.057 M. Palladium loading: 2.25 mol%. Ligand loading: 5 mol%. Base loading: 3 eq. What is the yield (%) and cost (US dollar per mol) of this reaction?","","-1,-1","[]"
"Here is a chemical reaction. Reactants are: Cn1cnc(C#N)c1, Fc1ccccc1Br. Product is: Cn1cnc(C#N)c1-c1ccccc1F. Reaction type is Pd catalyzed C-H arylation. The reaction conditions of this reaction are: Palladium Source: [PdCl(allyl)]2. Ligand: CC(C)Oc1cccc(OC(C)C)c1P(C1CCCCC1)C1CCCCC1. Solvent: CC(=O)N(C)C. Base: KOPiv. Reaction Temperature: 105 degrees centigrade. Reaction Concentration: 0.057 M. Palladium loading: 2.25 mol%. Ligand loading: 5 mol%. Base loading: 3 eq. What is the yield (%) and cost (US dollar per mol) of this reaction?","","-1,-1","[]"
"Here is a chemical reaction. Reactants are: Cn1cnc(C#N)c1, Fc1ccccc1Br. Product is: Cn1cnc(C#N)c1-c1ccccc1F. Reaction type is Pd catalyzed C-H arylation. The reaction conditions of this reaction are: Palladium Source: [PdCl(allyl)]2. Ligand: CC(C)Oc1cccc(OC(C)C)c1P(C1CCCCC1)C1CCCCC1. Solvent: CC(=O)N(C)C. Base: KOPiv. Reaction Temperature: 120 degrees centigrade. Reaction Concentration: 0.057 M. Palladium loading: 2.25 mol%. Ligand loading: 5 mol%. Base loading: 3 eq. What is the yield (%) and cost (US dollar per mol) of this reaction?","","-1,-1","[]"
"Here is a chemical reaction. Reactants are: Cn1cnc(C#N)c1, Fc1ccccc1Br. Product is: Cn1cnc(C#N)c1-c1ccccc1F. Reaction type is Pd catalyzed C-H arylation. The reaction conditions of this reaction are: Palladium Source: [PdCl(allyl)]2. Ligand: CC(C)Oc1cccc(OC(C)C)c1P(C1CCCCC1)C1CCCCC1. Solvent: CC(=O)N(C)C. Base: KOPiv. Reaction Temperature: 90 degrees centigrade. Reaction Concentration: 0.153 M. Palladium loading: 2.25 mol%. Ligand loading: 5 mol%. Base loading: 3 eq. What is the yield (%) and cost (US dollar per mol) of this reaction?","","-1,-1","[]"
"Here is a chemical reaction. Reactants are: Cn1cnc(C#N)c1, Fc1ccccc1Br. Product is: Cn1cnc(C#N)c1-c1ccccc1F. Reaction type is Pd catalyzed C-H arylation. The reaction conditions of this reaction are: Palladium Source: [PdCl(allyl)]2. Ligand: CC(C)Oc1cccc(OC(C)C)c1P(C1CCCCC1)C1CCCCC1. Solvent: CC(=O)N(C)C. Base: KOPiv. Reaction Temperature: 105 degrees centigrade. Reaction Concentration: 0.153 M. Palladium loading: 2.25 mol%. Ligand loading: 5 mol%. Base loading: 3 eq. What is the yield (%) and cost (US dollar per mol) of this reaction?","","-1,-1","[]"
"Here is a chemical reaction. Reactants are: Cn1cnc(C#N)c1, Fc1ccccc1Br. Product is: Cn1cnc(C#N)c1-c1ccccc1F. Reaction type is Pd catalyzed C-H arylation. The reaction conditions of this reaction are: Palladium Source: [PdCl(allyl)]2. Ligand: CC(C)Oc1cccc(OC(C)C)c1P(C1CCCCC1)C1CCCCC1. Solvent: CC(=O)N(C)C. Base: KOPiv. Reaction Temperature: 120 degrees centigrade. Reaction Concentration: 0.153 M. Palladium loading: 2.25 mol%. Ligand loading: 5 mol%. Base loading: 3 eq. What is the yield (%) and cost (US dollar per mol) of this reaction?","","-1,-1","[]"
"Here is a chemical reaction. Reactants are: Cn1cnc(C#N)c1, Fc1ccccc1Br. Product is: Cn1cnc(C#N)c1-c1ccccc1F. Reaction type is Pd catalyzed C-H arylation. The reaction conditions of this reaction are: Palladium Source: [PdCl(allyl)]2. Ligand: CC(C)Oc1cccc(OC(C)C)c1P(C1CCCCC1)C1CCCCC1. Solvent: CCCCOC(C)=O. Base: CsOPiv. Reaction Temperature: 90 degrees centigrade. Reaction Concentration: 0.1 M. Palladium loading: 2.25 mol%. Ligand loading: 5 mol%. Base loading: 3 eq. What is the yield (%) and cost (US dollar per mol) of this reaction?","","-1,-1","[]"
"Here is a chemical reaction. Reactants are: Cn1cnc(C#N)c1, Fc1ccccc1Br. Product is: Cn1cnc(C#N)c1-c1ccccc1F. Reaction type is Pd catalyzed C-H arylation. The reaction conditions of this reaction are: Palladium Source: [PdCl(allyl)]2. Ligand: CC(C)Oc1cccc(OC(C)C)c1P(C1CCCCC1)C1CCCCC1. Solvent: CCCCOC(C)=O. Base: CsOPiv. Reaction Temperature: 105 degrees centigrade. Reaction Concentration: 0.1 M. Palladium loading: 2.25 mol%. Ligand loading: 5 mol%. Base loading: 3 eq. What is the yield (%) and cost (US dollar per mol) of this reaction?","","-1,-1","[]"
"Here is a chemical reaction. Reactants are: Cn1cnc(C#N)c1, Fc1ccccc1Br. Product is: Cn1cnc(C#N)c1-c1ccccc1F. Reaction type is Pd catalyzed C-H arylation. The reaction conditions of this reaction are: Palladium Source: [PdCl(allyl)]2. Ligand: CC(C)Oc1cccc(OC(C)C)c1P(C1CCCCC1)C1CCCCC1. Solvent: CCCCOC(C)=O. Base: CsOPiv. Reaction Temperature: 120 degrees centigrade. Reaction Concentration: 0.1 M. Palladium loading: 2.25 mol%. Ligand loading: 5 mol%. Base loading: 3 eq. What is the yield (%) and cost (US dollar per mol) of this reaction?","","-1,-1","[]"
"Here is a chemical reaction. Reactants are: Cn1cnc(C#N)c1, Fc1ccccc1Br. Product is: Cn1cnc(C#N)c1-c1ccccc1F. Reaction type is Pd catalyzed C-H arylation. The reaction conditions of this reaction are: Palladium Source: [PdCl(allyl)]2. Ligand: CC(C)Oc1cccc(OC(C)C)c1P(C1CCCCC1)C1CCCCC1. Solvent: CCCCOC(C)=O. Base: CsOPiv. Reaction Temperature: 90 degrees centigrade. Reaction Concentration: 0.057 M. Palladium loading: 2.25 mol%. Ligand loading: 5 mol%. Base loading: 3 eq. What is the yield (%) and cost (US dollar per mol) of this reaction?","","-1,-1","[]"
"Here is a chemical reaction. Reactants are: Cn1cnc(C#N)c1, Fc1ccccc1Br. Product is: Cn1cnc(C#N)c1-c1ccccc1F. Reaction type is Pd catalyzed C-H arylation. The reaction conditions of this reaction are: Palladium Source: [PdCl(allyl)]2. Ligand: CC(C)Oc1cccc(OC(C)C)c1P(C1CCCCC1)C1CCCCC1. Solvent: CCCCOC(C)=O. Base: CsOPiv. Reaction Temperature: 105 degrees centigrade. Reaction Concentration: 0.057 M. Palladium loading: 2.25 mol%. Ligand loading: 5 mol%. Base loading: 3 eq. What is the yield (%) and cost (US dollar per mol) of this reaction?","","-1,-1","[]"
"Here is a chemical reaction. Reactants are: Cn1cnc(C#N)c1, Fc1ccccc1Br. Product is: Cn1cnc(C#N)c1-c1ccccc1F. Reaction type is Pd catalyzed C-H arylation. The reaction conditions of this reaction are: Palladium Source: [PdCl(allyl)]2. Ligand: CC(C)Oc1cccc(OC(C)C)c1P(C1CCCCC1)C1CCCCC1. Solvent: CCCCOC(C)=O. Base: CsOPiv. Reaction Temperature: 120 degrees centigrade. Reaction Concentration: 0.057 M. Palladium loading: 2.25 mol%. Ligand loading: 5 mol%. Base loading: 3 eq. What is the yield (%) and cost (US dollar per mol) of this reaction?","","-1,-1","[]"
"Here is a chemical reaction. Reactants are: Cn1cnc(C#N)c1, Fc1ccccc1Br. Product is: Cn1cnc(C#N)c1-c1ccccc1F. Reaction type is Pd catalyzed C-H arylation. The reaction conditions of this reaction are: Palladium Source: [PdCl(allyl)]2. Ligand: CC(C)Oc1cccc(OC(C)C)c1P(C1CCCCC1)C1CCCCC1. Solvent: CCCCOC(C)=O. Base: CsOPiv. Reaction Temperature: 90 degrees centigrade. Reaction Concentration: 0.153 M. Palladium loading: 2.25 mol%. Ligand loading: 5 mol%. Base loading: 3 eq. What is the yield (%) and cost (US dollar per mol) of this reaction?","","-1,-1","[]"
"Here is a chemical reaction. Reactants are: Cn1cnc(C#N)c1, Fc1ccccc1Br. Product is: Cn1cnc(C#N)c1-c1ccccc1F. Reaction type is Pd catalyzed C-H arylation. The reaction conditions of this reaction are: Palladium Source: [PdCl(allyl)]2. Ligand: CC(C)Oc1cccc(OC(C)C)c1P(C1CCCCC1)C1CCCCC1. Solvent: CCCCOC(C)=O. Base: CsOPiv. Reaction Temperature: 105 degrees centigrade. Reaction Concentration: 0.153 M. Palladium loading: 2.25 mol%. Ligand loading: 5 mol%. Base loading: 3 eq. What is the yield (%) and cost (US dollar per mol) of this reaction?","","-1,-1","[]"
"Here is a chemical reaction. Reactants are: Cn1cnc(C#N)c1, Fc1ccccc1Br. Product is: Cn1cnc(C#N)c1-c1ccccc1F. Reaction type is Pd catalyzed C-H arylation. The reaction conditions of this reaction are: Palladium Source: [PdCl(allyl)]2. Ligand: CC(C)Oc1cccc(OC(C)C)c1P(C1CCCCC1)C1CCCCC1. Solvent: CCCCOC(C)=O. Base: CsOPiv. Reaction Temperature: 120 degrees centigrade. Reaction Concentration: 0.153 M. Palladium loading: 2.25 mol%. Ligand loading: 5 mol%. Base loading: 3 eq. What is the yield (%) and cost (US dollar per mol) of this reaction?","","-1,-1","[]"
"Here is a chemical reaction. Reactants are: Cn1cnc(C#N)c1, Fc1ccccc1Br. Product is: Cn1cnc(C#N)c1-c1ccccc1F. Reaction type is Pd catalyzed C-H arylation. The reaction conditions of this reaction are: Palladium Source: [PdCl(allyl)]2. Ligand: CC(C)Oc1cccc(OC(C)C)c1P(C1CCCCC1)C1CCCCC1. Solvent: CCCC#N. Base: CsOPiv. Reaction Temperature: 90 degrees centigrade. Reaction Concentration: 0.1 M. Palladium loading: 2.25 mol%. Ligand loading: 5 mol%. Base loading: 3 eq. What is the yield (%) and cost (US dollar per mol) of this reaction?","","-1,-1","[]"
"Here is a chemical reaction. Reactants are: Cn1cnc(C#N)c1, Fc1ccccc1Br. Product is: Cn1cnc(C#N)c1-c1ccccc1F. Reaction type is Pd catalyzed C-H arylation. The reaction conditions of this reaction are: Palladium Source: [PdCl(allyl)]2. Ligand: CC(C)Oc1cccc(OC(C)C)c1P(C1CCCCC1)C1CCCCC1. Solvent: CCCC#N. Base: CsOPiv. Reaction Temperature: 105 degrees centigrade. Reaction Concentration: 0.1 M. Palladium loading: 2.25 mol%. Ligand loading: 5 mol%. Base loading: 3 eq. What is the yield (%) and cost (US dollar per mol) of this reaction?","","-1,-1","[]"
"Here is a chemical reaction. Reactants are: Cn1cnc(C#N)c1, Fc1ccccc1Br. Product is: Cn1cnc(C#N)c1-c1ccccc1F. Reaction type is Pd catalyzed C-H arylation. The reaction conditions of this reaction are: Palladium Source: [PdCl(allyl)]2. Ligand: CC(C)Oc1cccc(OC(C)C)c1P(C1CCCCC1)C1CCCCC1. Solvent: CCCC#N. Base: CsOPiv. Reaction Temperature: 120 degrees centigrade. Reaction Concentration: 0.1 M. Palladium loading: 2.25 mol%. Ligand loading: 5 mol%. Base loading: 3 eq. What is the yield (%) and cost (US dollar per mol) of this reaction?","","-1,-1","[]"
"Here is a chemical reaction. Reactants are: Cn1cnc(C#N)c1, Fc1ccccc1Br. Product is: Cn1cnc(C#N)c1-c1ccccc1F. Reaction type is Pd catalyzed C-H arylation. The reaction conditions of this reaction are: Palladium Source: [PdCl(allyl)]2. Ligand: CC(C)Oc1cccc(OC(C)C)c1P(C1CCCCC1)C1CCCCC1. Solvent: CCCC#N. Base: CsOPiv. Reaction Temperature: 90 degrees centigrade. Reaction Concentration: 0.057 M. Palladium loading: 2.25 mol%. Ligand loading: 5 mol%. Base loading: 3 eq. What is the yield (%) and cost (US dollar per mol) of this reaction?","","-1,-1","[]"
"Here is a chemical reaction. Reactants are: Cn1cnc(C#N)c1, Fc1ccccc1Br. Product is: Cn1cnc(C#N)c1-c1ccccc1F. Reaction type is Pd catalyzed C-H arylation. The reaction conditions of this reaction are: Palladium Source: [PdCl(allyl)]2. Ligand: CC(C)Oc1cccc(OC(C)C)c1P(C1CCCCC1)C1CCCCC1. Solvent: CCCC#N. Base: CsOPiv. Reaction Temperature: 105 degrees centigrade. Reaction Concentration: 0.057 M. Palladium loading: 2.25 mol%. Ligand loading: 5 mol%. Base loading: 3 eq. What is the yield (%) and cost (US dollar per mol) of this reaction?","","-1,-1","[]"
"Here is a chemical reaction. Reactants are: Cn1cnc(C#N)c1, Fc1ccccc1Br. Product is: Cn1cnc(C#N)c1-c1ccccc1F. Reaction type is Pd catalyzed C-H arylation. The reaction conditions of this reaction are: Palladium Source: [PdCl(allyl)]2. Ligand: CC(C)Oc1cccc(OC(C)C)c1P(C1CCCCC1)C1CCCCC1. Solvent: CCCC#N. Base: CsOPiv. Reaction Temperature: 120 degrees centigrade. Reaction Concentration: 0.057 M. Palladium loading: 2.25 mol%. Ligand loading: 5 mol%. Base loading: 3 eq. What is the yield (%) and cost (US dollar per mol) of this reaction?","","-1,-1","[]"
"Here is a chemical reaction. Reactants are: Cn1cnc(C#N)c1, Fc1ccccc1Br. Product is: Cn1cnc(C#N)c1-c1ccccc1F. Reaction type is Pd catalyzed C-H arylation. The reaction conditions of this reaction are: Palladium Source: [PdCl(allyl)]2. Ligand: CC(C)Oc1cccc(OC(C)C)c1P(C1CCCCC1)C1CCCCC1. Solvent: CCCC#N. Base: CsOPiv. Reaction Temperature: 90 degrees centigrade. Reaction Concentration: 0.153 M. Palladium loading: 2.25 mol%. Ligand loading: 5 mol%. Base loading: 3 eq. What is the yield (%) and cost (US dollar per mol) of this reaction?","","-1,-1","[]"
"Here is a chemical reaction. Reactants are: Cn1cnc(C#N)c1, Fc1ccccc1Br. Product is: Cn1cnc(C#N)c1-c1ccccc1F. Reaction type is Pd catalyzed C-H arylation. The reaction conditions of this reaction are: Palladium Source: [PdCl(allyl)]2. Ligand: CC(C)Oc1cccc(OC(C)C)c1P(C1CCCCC1)C1CCCCC1. Solvent: CCCC#N. Base: CsOPiv. Reaction Temperature: 105 degrees centigrade. Reaction Concentration: 0.153 M. Palladium loading: 2.25 mol%. Ligand loading: 5 mol%. Base loading: 3 eq. What is the yield (%) and cost (US dollar per mol) of this reaction?","","-1,-1","[]"
"Here is a chemical reaction. Reactants are: Cn1cnc(C#N)c1, Fc1ccccc1Br. Product is: Cn1cnc(C#N)c1-c1ccccc1F. Reaction type is Pd catalyzed C-H arylation. The reaction conditions of this reaction are: Palladium Source: [PdCl(allyl)]2. Ligand: CC(C)Oc1cccc(OC(C)C)c1P(C1CCCCC1)C1CCCCC1. Solvent: CCCC#N. Base: CsOPiv. Reaction Temperature: 120 degrees centigrade. Reaction Concentration: 0.153 M. Palladium loading: 2.25 mol%. Ligand loading: 5 mol%. Base loading: 3 eq. What is the yield (%) and cost (US dollar per mol) of this reaction?","","-1,-1","[]"
"Here is a chemical reaction. Reactants are: Cn1cnc(C#N)c1, Fc1ccccc1Br. Product is: Cn1cnc(C#N)c1-c1ccccc1F. Reaction type is Pd catalyzed C-H arylation. The reaction conditions of this reaction are: Palladium Source: [PdCl(allyl)]2. Ligand: CC(C)Oc1cccc(OC(C)C)c1P(C1CCCCC1)C1CCCCC1. Solvent: Cc1ccc(C)cc1. Base: CsOPiv. Reaction Temperature: 90 degrees centigrade. Reaction Concentration: 0.1 M. Palladium loading: 2.25 mol%. Ligand loading: 5 mol%. Base loading: 3 eq. What is the yield (%) and cost (US dollar per mol) of this reaction?","","-1,-1","[]"
"Here is a chemical reaction. Reactants are: Cn1cnc(C#N)c1, Fc1ccccc1Br. Product is: Cn1cnc(C#N)c1-c1ccccc1F. Reaction type is Pd catalyzed C-H arylation. The reaction conditions of this reaction are: Palladium Source: [PdCl(allyl)]2. Ligand: CC(C)Oc1cccc(OC(C)C)c1P(C1CCCCC1)C1CCCCC1. Solvent: Cc1ccc(C)cc1. Base: CsOPiv. Reaction Temperature: 105 degrees centigrade. Reaction Concentration: 0.1 M. Palladium loading: 2.25 mol%. Ligand loading: 5 mol%. Base loading: 3 eq. What is the yield (%) and cost (US dollar per mol) of this reaction?","","-1,-1","[]"
"Here is a chemical reaction. Reactants are: Cn1cnc(C#N)c1, Fc1ccccc1Br. Product is: Cn1cnc(C#N)c1-c1ccccc1F. Reaction type is Pd catalyzed C-H arylation. The reaction conditions of this reaction are: Palladium Source: [PdCl(allyl)]2. Ligand: CC(C)Oc1cccc(OC(C)C)c1P(C1CCCCC1)C1CCCCC1. Solvent: Cc1ccc(C)cc1. Base: CsOPiv. Reaction Temperature: 120 degrees centigrade. Reaction Concentration: 0.1 M. Palladium loading: 2.25 mol%. Ligand loading: 5 mol%. Base loading: 3 eq. What is the yield (%) and cost (US dollar per mol) of this reaction?","","-1,-1","[]"
"Here is a chemical reaction. Reactants are: Cn1cnc(C#N)c1, Fc1ccccc1Br. Product is: Cn1cnc(C#N)c1-c1ccccc1F. Reaction type is Pd catalyzed C-H arylation. The reaction conditions of this reaction are: Palladium Source: [PdCl(allyl)]2. Ligand: CC(C)Oc1cccc(OC(C)C)c1P(C1CCCCC1)C1CCCCC1. Solvent: Cc1ccc(C)cc1. Base: CsOPiv. Reaction Temperature: 90 degrees centigrade. Reaction Concentration: 0.057 M. Palladium loading: 2.25 mol%. Ligand loading: 5 mol%. Base loading: 3 eq. What is the yield (%) and cost (US dollar per mol) of this reaction?","","-1,-1","[]"
"Here is a chemical reaction. Reactants are: Cn1cnc(C#N)c1, Fc1ccccc1Br. Product is: Cn1cnc(C#N)c1-c1ccccc1F. Reaction type is Pd catalyzed C-H arylation. The reaction conditions of this reaction are: Palladium Source: [PdCl(allyl)]2. Ligand: CC(C)Oc1cccc(OC(C)C)c1P(C1CCCCC1)C1CCCCC1. Solvent: Cc1ccc(C)cc1. Base: CsOPiv. Reaction Temperature: 105 degrees centigrade. Reaction Concentration: 0.057 M. Palladium loading: 2.25 mol%. Ligand loading: 5 mol%. Base loading: 3 eq. What is the yield (%) and cost (US dollar per mol) of this reaction?","","-1,-1","[]"
"Here is a chemical reaction. Reactants are: Cn1cnc(C#N)c1, Fc1ccccc1Br. Product is: Cn1cnc(C#N)c1-c1ccccc1F. Reaction type is Pd catalyzed C-H arylation. The reaction conditions of this reaction are: Palladium Source: [PdCl(allyl)]2. Ligand: CC(C)Oc1cccc(OC(C)C)c1P(C1CCCCC1)C1CCCCC1. Solvent: Cc1ccc(C)cc1. Base: CsOPiv. Reaction Temperature: 120 degrees centigrade. Reaction Concentration: 0.057 M. Palladium loading: 2.25 mol%. Ligand loading: 5 mol%. Base loading: 3 eq. What is the yield (%) and cost (US dollar per mol) of this reaction?","","-1,-1","[]"
"Here is a chemical reaction. Reactants are: Cn1cnc(C#N)c1, Fc1ccccc1Br. Product is: Cn1cnc(C#N)c1-c1ccccc1F. Reaction type is Pd catalyzed C-H arylation. The reaction conditions of this reaction are: Palladium Source: [PdCl(allyl)]2. Ligand: CC(C)Oc1cccc(OC(C)C)c1P(C1CCCCC1)C1CCCCC1. Solvent: Cc1ccc(C)cc1. Base: CsOPiv. Reaction Temperature: 90 degrees centigrade. Reaction Concentration: 0.153 M. Palladium loading: 2.25 mol%. Ligand loading: 5 mol%. Base loading: 3 eq. What is the yield (%) and cost (US dollar per mol) of this reaction?","","-1,-1","[]"
"Here is a chemical reaction. Reactants are: Cn1cnc(C#N)c1, Fc1ccccc1Br. Product is: Cn1cnc(C#N)c1-c1ccccc1F. Reaction type is Pd catalyzed C-H arylation. The reaction conditions of this reaction are: Palladium Source: [PdCl(allyl)]2. Ligand: CC(C)Oc1cccc(OC(C)C)c1P(C1CCCCC1)C1CCCCC1. Solvent: Cc1ccc(C)cc1. Base: CsOPiv. Reaction Temperature: 105 degrees centigrade. Reaction Concentration: 0.153 M. Palladium loading: 2.25 mol%. Ligand loading: 5 mol%. Base loading: 3 eq. What is the yield (%) and cost (US dollar per mol) of this reaction?","","-1,-1","[]"
"Here is a chemical reaction. Reactants are: Cn1cnc(C#N)c1, Fc1ccccc1Br. Product is: Cn1cnc(C#N)c1-c1ccccc1F. Reaction type is Pd catalyzed C-H arylation. The reaction conditions of this reaction are: Palladium Source: [PdCl(allyl)]2. Ligand: CC(C)Oc1cccc(OC(C)C)c1P(C1CCCCC1)C1CCCCC1. Solvent: Cc1ccc(C)cc1. Base: CsOPiv. Reaction Temperature: 120 degrees centigrade. Reaction Concentration: 0.153 M. Palladium loading: 2.25 mol%. Ligand loading: 5 mol%. Base loading: 3 eq. What is the yield (%) and cost (US dollar per mol) of this reaction?","","-1,-1","[]"
"Here is a chemical reaction. Reactants are: Cn1cnc(C#N)c1, Fc1ccccc1Br. Product is: Cn1cnc(C#N)c1-c1ccccc1F. Reaction type is Pd catalyzed C-H arylation. The reaction conditions of this reaction are: Palladium Source: [PdCl(allyl)]2. Ligand: CC(C)Oc1cccc(OC(C)C)c1P(C1CCCCC1)C1CCCCC1. Solvent: CC(=O)N(C)C. Base: CsOPiv. Reaction Temperature: 90 degrees centigrade. Reaction Concentration: 0.1 M. Palladium loading: 2.25 mol%. Ligand loading: 5 mol%. Base loading: 3 eq. What is the yield (%) and cost (US dollar per mol) of this reaction?","","-1,-1","[]"
"Here is a chemical reaction. Reactants are: Cn1cnc(C#N)c1, Fc1ccccc1Br. Product is: Cn1cnc(C#N)c1-c1ccccc1F. Reaction type is Pd catalyzed C-H arylation. The reaction conditions of this reaction are: Palladium Source: [PdCl(allyl)]2. Ligand: CC(C)Oc1cccc(OC(C)C)c1P(C1CCCCC1)C1CCCCC1. Solvent: CC(=O)N(C)C. Base: CsOPiv. Reaction Temperature: 105 degrees centigrade. Reaction Concentration: 0.1 M. Palladium loading: 2.25 mol%. Ligand loading: 5 mol%. Base loading: 3 eq. What is the yield (%) and cost (US dollar per mol) of this reaction?","","-1,-1","[]"
"Here is a chemical reaction. Reactants are: Cn1cnc(C#N)c1, Fc1ccccc1Br. Product is: Cn1cnc(C#N)c1-c1ccccc1F. Reaction type is Pd catalyzed C-H arylation. The reaction conditions of this reaction are: Palladium Source: [PdCl(allyl)]2. Ligand: CC(C)Oc1cccc(OC(C)C)c1P(C1CCCCC1)C1CCCCC1. Solvent: CC(=O)N(C)C. Base: CsOPiv. Reaction Temperature: 120 degrees centigrade. Reaction Concentration: 0.1 M. Palladium loading: 2.25 mol%. Ligand loading: 5 mol%. Base loading: 3 eq. What is the yield (%) and cost (US dollar per mol) of this reaction?","","-1,-1","[]"
"Here is a chemical reaction. Reactants are: Cn1cnc(C#N)c1, Fc1ccccc1Br. Product is: Cn1cnc(C#N)c1-c1ccccc1F. Reaction type is Pd catalyzed C-H arylation. The reaction conditions of this reaction are: Palladium Source: [PdCl(allyl)]2. Ligand: CC(C)Oc1cccc(OC(C)C)c1P(C1CCCCC1)C1CCCCC1. Solvent: CC(=O)N(C)C. Base: CsOPiv. Reaction Temperature: 90 degrees centigrade. Reaction Concentration: 0.057 M. Palladium loading: 2.25 mol%. Ligand loading: 5 mol%. Base loading: 3 eq. What is the yield (%) and cost (US dollar per mol) of this reaction?","","-1,-1","[]"
"Here is a chemical reaction. Reactants are: Cn1cnc(C#N)c1, Fc1ccccc1Br. Product is: Cn1cnc(C#N)c1-c1ccccc1F. Reaction type is Pd catalyzed C-H arylation. The reaction conditions of this reaction are: Palladium Source: [PdCl(allyl)]2. Ligand: CC(C)Oc1cccc(OC(C)C)c1P(C1CCCCC1)C1CCCCC1. Solvent: CC(=O)N(C)C. Base: CsOPiv. Reaction Temperature: 105 degrees centigrade. Reaction Concentration: 0.057 M. Palladium loading: 2.25 mol%. Ligand loading: 5 mol%. Base loading: 3 eq. What is the yield (%) and cost (US dollar per mol) of this reaction?","","-1,-1","[]"
"Here is a chemical reaction. Reactants are: Cn1cnc(C#N)c1, Fc1ccccc1Br. Product is: Cn1cnc(C#N)c1-c1ccccc1F. Reaction type is Pd catalyzed C-H arylation. The reaction conditions of this reaction are: Palladium Source: [PdCl(allyl)]2. Ligand: CC(C)Oc1cccc(OC(C)C)c1P(C1CCCCC1)C1CCCCC1. Solvent: CC(=O)N(C)C. Base: CsOPiv. Reaction Temperature: 120 degrees centigrade. Reaction Concentration: 0.057 M. Palladium loading: 2.25 mol%. Ligand loading: 5 mol%. Base loading: 3 eq. What is the yield (%) and cost (US dollar per mol) of this reaction?","","-1,-1","[]"
"Here is a chemical reaction. Reactants are: Cn1cnc(C#N)c1, Fc1ccccc1Br. Product is: Cn1cnc(C#N)c1-c1ccccc1F. Reaction type is Pd catalyzed C-H arylation. The reaction conditions of this reaction are: Palladium Source: [PdCl(allyl)]2. Ligand: CC(C)Oc1cccc(OC(C)C)c1P(C1CCCCC1)C1CCCCC1. Solvent: CC(=O)N(C)C. Base: CsOPiv. Reaction Temperature: 90 degrees centigrade. Reaction Concentration: 0.153 M. Palladium loading: 2.25 mol%. Ligand loading: 5 mol%. Base loading: 3 eq. What is the yield (%) and cost (US dollar per mol) of this reaction?","","-1,-1","[]"
"Here is a chemical reaction. Reactants are: Cn1cnc(C#N)c1, Fc1ccccc1Br. Product is: Cn1cnc(C#N)c1-c1ccccc1F. Reaction type is Pd catalyzed C-H arylation. The reaction conditions of this reaction are: Palladium Source: [PdCl(allyl)]2. Ligand: CC(C)Oc1cccc(OC(C)C)c1P(C1CCCCC1)C1CCCCC1. Solvent: CC(=O)N(C)C. Base: CsOPiv. Reaction Temperature: 105 degrees centigrade. Reaction Concentration: 0.153 M. Palladium loading: 2.25 mol%. Ligand loading: 5 mol%. Base loading: 3 eq. What is the yield (%) and cost (US dollar per mol) of this reaction?","","-1,-1","[]"
"Here is a chemical reaction. Reactants are: Cn1cnc(C#N)c1, Fc1ccccc1Br. Product is: Cn1cnc(C#N)c1-c1ccccc1F. Reaction type is Pd catalyzed C-H arylation. The reaction conditions of this reaction are: Palladium Source: [PdCl(allyl)]2. Ligand: CC(C)Oc1cccc(OC(C)C)c1P(C1CCCCC1)C1CCCCC1. Solvent: CC(=O)N(C)C. Base: CsOPiv. Reaction Temperature: 120 degrees centigrade. Reaction Concentration: 0.153 M. Palladium loading: 2.25 mol%. Ligand loading: 5 mol%. Base loading: 3 eq. What is the yield (%) and cost (US dollar per mol) of this reaction?","","-1,-1","[]"
"Here is a chemical reaction. Reactants are: Cn1cnc(C#N)c1, Fc1ccccc1Br. Product is: Cn1cnc(C#N)c1-c1ccccc1F. Reaction type is Pd catalyzed C-H arylation. The reaction conditions of this reaction are: Palladium Source: [PdCl(allyl)]2. Ligand: COc1ccc(OC)c(P(c2cc(C(F)(F)F)cc(C(F)(F)F)c2)c2cc(C(F)(F)F)cc(C(F)(F)F)c2)c1-c1c(C(C)C)cc(C(C)C)cc1C(C)C. Solvent: CCCCOC(C)=O. Base: KOAc. Reaction Temperature: 90 degrees centigrade. Reaction Concentration: 0.1 M. Palladium loading: 2.25 mol%. Ligand loading: 5 mol%. Base loading: 3 eq. What is the yield (%) and cost (US dollar per mol) of this reaction?","","-1,-1","[]"
"Here is a chemical reaction. Reactants are: Cn1cnc(C#N)c1, Fc1ccccc1Br. Product is: Cn1cnc(C#N)c1-c1ccccc1F. Reaction type is Pd catalyzed C-H arylation. The reaction conditions of this reaction are: Palladium Source: [PdCl(allyl)]2. Ligand: COc1ccc(OC)c(P(c2cc(C(F)(F)F)cc(C(F)(F)F)c2)c2cc(C(F)(F)F)cc(C(F)(F)F)c2)c1-c1c(C(C)C)cc(C(C)C)cc1C(C)C. Solvent: CCCCOC(C)=O. Base: KOAc. Reaction Temperature: 105 degrees centigrade. Reaction Concentration: 0.1 M. Palladium loading: 2.25 mol%. Ligand loading: 5 mol%. Base loading: 3 eq. What is the yield (%) and cost (US dollar per mol) of this reaction?","","-1,-1","[]"
"Here is a chemical reaction. Reactants are: Cn1cnc(C#N)c1, Fc1ccccc1Br. Product is: Cn1cnc(C#N)c1-c1ccccc1F. Reaction type is Pd catalyzed C-H arylation. The reaction conditions of this reaction are: Palladium Source: [PdCl(allyl)]2. Ligand: COc1ccc(OC)c(P(c2cc(C(F)(F)F)cc(C(F)(F)F)c2)c2cc(C(F)(F)F)cc(C(F)(F)F)c2)c1-c1c(C(C)C)cc(C(C)C)cc1C(C)C. Solvent: CCCCOC(C)=O. Base: KOAc. Reaction Temperature: 120 degrees centigrade. Reaction Concentration: 0.1 M. Palladium loading: 2.25 mol%. Ligand loading: 5 mol%. Base loading: 3 eq. What is the yield (%) and cost (US dollar per mol) of this reaction?","","-1,-1","[]"
"Here is a chemical reaction. Reactants are: Cn1cnc(C#N)c1, Fc1ccccc1Br. Product is: Cn1cnc(C#N)c1-c1ccccc1F. Reaction type is Pd catalyzed C-H arylation. The reaction conditions of this reaction are: Palladium Source: [PdCl(allyl)]2. Ligand: COc1ccc(OC)c(P(c2cc(C(F)(F)F)cc(C(F)(F)F)c2)c2cc(C(F)(F)F)cc(C(F)(F)F)c2)c1-c1c(C(C)C)cc(C(C)C)cc1C(C)C. Solvent: CCCCOC(C)=O. Base: KOAc. Reaction Temperature: 90 degrees centigrade. Reaction Concentration: 0.057 M. Palladium loading: 2.25 mol%. Ligand loading: 5 mol%. Base loading: 3 eq. What is the yield (%) and cost (US dollar per mol) of this reaction?","","-1,-1","[]"
"Here is a chemical reaction. Reactants are: Cn1cnc(C#N)c1, Fc1ccccc1Br. Product is: Cn1cnc(C#N)c1-c1ccccc1F. Reaction type is Pd catalyzed C-H arylation. The reaction conditions of this reaction are: Palladium Source: [PdCl(allyl)]2. Ligand: COc1ccc(OC)c(P(c2cc(C(F)(F)F)cc(C(F)(F)F)c2)c2cc(C(F)(F)F)cc(C(F)(F)F)c2)c1-c1c(C(C)C)cc(C(C)C)cc1C(C)C. Solvent: CCCCOC(C)=O. Base: KOAc. Reaction Temperature: 105 degrees centigrade. Reaction Concentration: 0.057 M. Palladium loading: 2.25 mol%. Ligand loading: 5 mol%. Base loading: 3 eq. What is the yield (%) and cost (US dollar per mol) of this reaction?","","-1,-1","[]"
"Here is a chemical reaction. Reactants are: Cn1cnc(C#N)c1, Fc1ccccc1Br. Product is: Cn1cnc(C#N)c1-c1ccccc1F. Reaction type is Pd catalyzed C-H arylation. The reaction conditions of this reaction are: Palladium Source: [PdCl(allyl)]2. Ligand: COc1ccc(OC)c(P(c2cc(C(F)(F)F)cc(C(F)(F)F)c2)c2cc(C(F)(F)F)cc(C(F)(F)F)c2)c1-c1c(C(C)C)cc(C(C)C)cc1C(C)C. Solvent: CCCCOC(C)=O. Base: KOAc. Reaction Temperature: 120 degrees centigrade. Reaction Concentration: 0.057 M. Palladium loading: 2.25 mol%. Ligand loading: 5 mol%. Base loading: 3 eq. What is the yield (%) and cost (US dollar per mol) of this reaction?","","-1,-1","[]"
"Here is a chemical reaction. Reactants are: Cn1cnc(C#N)c1, Fc1ccccc1Br. Product is: Cn1cnc(C#N)c1-c1ccccc1F. Reaction type is Pd catalyzed C-H arylation. The reaction conditions of this reaction are: Palladium Source: [PdCl(allyl)]2. Ligand: COc1ccc(OC)c(P(c2cc(C(F)(F)F)cc(C(F)(F)F)c2)c2cc(C(F)(F)F)cc(C(F)(F)F)c2)c1-c1c(C(C)C)cc(C(C)C)cc1C(C)C. Solvent: CCCCOC(C)=O. Base: KOAc. Reaction Temperature: 90 degrees centigrade. Reaction Concentration: 0.153 M. Palladium loading: 2.25 mol%. Ligand loading: 5 mol%. Base loading: 3 eq. What is the yield (%) and cost (US dollar per mol) of this reaction?","","-1,-1","[]"
"Here is a chemical reaction. Reactants are: Cn1cnc(C#N)c1, Fc1ccccc1Br. Product is: Cn1cnc(C#N)c1-c1ccccc1F. Reaction type is Pd catalyzed C-H arylation. The reaction conditions of this reaction are: Palladium Source: [PdCl(allyl)]2. Ligand: COc1ccc(OC)c(P(c2cc(C(F)(F)F)cc(C(F)(F)F)c2)c2cc(C(F)(F)F)cc(C(F)(F)F)c2)c1-c1c(C(C)C)cc(C(C)C)cc1C(C)C. Solvent: CCCCOC(C)=O. Base: KOAc. Reaction Temperature: 105 degrees centigrade. Reaction Concentration: 0.153 M. Palladium loading: 2.25 mol%. Ligand loading: 5 mol%. Base loading: 3 eq. What is the yield (%) and cost (US dollar per mol) of this reaction?","","-1,-1","[]"
"Here is a chemical reaction. Reactants are: Cn1cnc(C#N)c1, Fc1ccccc1Br. Product is: Cn1cnc(C#N)c1-c1ccccc1F. Reaction type is Pd catalyzed C-H arylation. The reaction conditions of this reaction are: Palladium Source: [PdCl(allyl)]2. Ligand: COc1ccc(OC)c(P(c2cc(C(F)(F)F)cc(C(F)(F)F)c2)c2cc(C(F)(F)F)cc(C(F)(F)F)c2)c1-c1c(C(C)C)cc(C(C)C)cc1C(C)C. Solvent: CCCCOC(C)=O. Base: KOAc. Reaction Temperature: 120 degrees centigrade. Reaction Concentration: 0.153 M. Palladium loading: 2.25 mol%. Ligand loading: 5 mol%. Base loading: 3 eq. What is the yield (%) and cost (US dollar per mol) of this reaction?","","-1,-1","[]"
"Here is a chemical reaction. Reactants are: Cn1cnc(C#N)c1, Fc1ccccc1Br. Product is: Cn1cnc(C#N)c1-c1ccccc1F. Reaction type is Pd catalyzed C-H arylation. The reaction conditions of this reaction are: Palladium Source: [PdCl(allyl)]2. Ligand: COc1ccc(OC)c(P(c2cc(C(F)(F)F)cc(C(F)(F)F)c2)c2cc(C(F)(F)F)cc(C(F)(F)F)c2)c1-c1c(C(C)C)cc(C(C)C)cc1C(C)C. Solvent: CCCC#N. Base: KOAc. Reaction Temperature: 90 degrees centigrade. Reaction Concentration: 0.1 M. Palladium loading: 2.25 mol%. Ligand loading: 5 mol%. Base loading: 3 eq. What is the yield (%) and cost (US dollar per mol) of this reaction?","","-1,-1","[]"
"Here is a chemical reaction. Reactants are: Cn1cnc(C#N)c1, Fc1ccccc1Br. Product is: Cn1cnc(C#N)c1-c1ccccc1F. Reaction type is Pd catalyzed C-H arylation. The reaction conditions of this reaction are: Palladium Source: [PdCl(allyl)]2. Ligand: COc1ccc(OC)c(P(c2cc(C(F)(F)F)cc(C(F)(F)F)c2)c2cc(C(F)(F)F)cc(C(F)(F)F)c2)c1-c1c(C(C)C)cc(C(C)C)cc1C(C)C. Solvent: CCCC#N. Base: KOAc. Reaction Temperature: 105 degrees centigrade. Reaction Concentration: 0.1 M. Palladium loading: 2.25 mol%. Ligand loading: 5 mol%. Base loading: 3 eq. What is the yield (%) and cost (US dollar per mol) of this reaction?","","-1,-1","[]"
"Here is a chemical reaction. Reactants are: Cn1cnc(C#N)c1, Fc1ccccc1Br. Product is: Cn1cnc(C#N)c1-c1ccccc1F. Reaction type is Pd catalyzed C-H arylation. The reaction conditions of this reaction are: Palladium Source: [PdCl(allyl)]2. Ligand: COc1ccc(OC)c(P(c2cc(C(F)(F)F)cc(C(F)(F)F)c2)c2cc(C(F)(F)F)cc(C(F)(F)F)c2)c1-c1c(C(C)C)cc(C(C)C)cc1C(C)C. Solvent: CCCC#N. Base: KOAc. Reaction Temperature: 120 degrees centigrade. Reaction Concentration: 0.1 M. Palladium loading: 2.25 mol%. Ligand loading: 5 mol%. Base loading: 3 eq. What is the yield (%) and cost (US dollar per mol) of this reaction?","","-1,-1","[]"
"Here is a chemical reaction. Reactants are: Cn1cnc(C#N)c1, Fc1ccccc1Br. Product is: Cn1cnc(C#N)c1-c1ccccc1F. Reaction type is Pd catalyzed C-H arylation. The reaction conditions of this reaction are: Palladium Source: [PdCl(allyl)]2. Ligand: COc1ccc(OC)c(P(c2cc(C(F)(F)F)cc(C(F)(F)F)c2)c2cc(C(F)(F)F)cc(C(F)(F)F)c2)c1-c1c(C(C)C)cc(C(C)C)cc1C(C)C. Solvent: CCCC#N. Base: KOAc. Reaction Temperature: 90 degrees centigrade. Reaction Concentration: 0.057 M. Palladium loading: 2.25 mol%. Ligand loading: 5 mol%. Base loading: 3 eq. What is the yield (%) and cost (US dollar per mol) of this reaction?","","-1,-1","[]"
"Here is a chemical reaction. Reactants are: Cn1cnc(C#N)c1, Fc1ccccc1Br. Product is: Cn1cnc(C#N)c1-c1ccccc1F. Reaction type is Pd catalyzed C-H arylation. The reaction conditions of this reaction are: Palladium Source: [PdCl(allyl)]2. Ligand: COc1ccc(OC)c(P(c2cc(C(F)(F)F)cc(C(F)(F)F)c2)c2cc(C(F)(F)F)cc(C(F)(F)F)c2)c1-c1c(C(C)C)cc(C(C)C)cc1C(C)C. Solvent: CCCC#N. Base: KOAc. Reaction Temperature: 105 degrees centigrade. Reaction Concentration: 0.057 M. Palladium loading: 2.25 mol%. Ligand loading: 5 mol%. Base loading: 3 eq. What is the yield (%) and cost (US dollar per mol) of this reaction?","","-1,-1","[]"
"Here is a chemical reaction. Reactants are: Cn1cnc(C#N)c1, Fc1ccccc1Br. Product is: Cn1cnc(C#N)c1-c1ccccc1F. Reaction type is Pd catalyzed C-H arylation. The reaction conditions of this reaction are: Palladium Source: [PdCl(allyl)]2. Ligand: COc1ccc(OC)c(P(c2cc(C(F)(F)F)cc(C(F)(F)F)c2)c2cc(C(F)(F)F)cc(C(F)(F)F)c2)c1-c1c(C(C)C)cc(C(C)C)cc1C(C)C. Solvent: CCCC#N. Base: KOAc. Reaction Temperature: 120 degrees centigrade. Reaction Concentration: 0.057 M. Palladium loading: 2.25 mol%. Ligand loading: 5 mol%. Base loading: 3 eq. What is the yield (%) and cost (US dollar per mol) of this reaction?","","-1,-1","[]"
"Here is a chemical reaction. Reactants are: Cn1cnc(C#N)c1, Fc1ccccc1Br. Product is: Cn1cnc(C#N)c1-c1ccccc1F. Reaction type is Pd catalyzed C-H arylation. The reaction conditions of this reaction are: Palladium Source: [PdCl(allyl)]2. Ligand: COc1ccc(OC)c(P(c2cc(C(F)(F)F)cc(C(F)(F)F)c2)c2cc(C(F)(F)F)cc(C(F)(F)F)c2)c1-c1c(C(C)C)cc(C(C)C)cc1C(C)C. Solvent: CCCC#N. Base: KOAc. Reaction Temperature: 90 degrees centigrade. Reaction Concentration: 0.153 M. Palladium loading: 2.25 mol%. Ligand loading: 5 mol%. Base loading: 3 eq. What is the yield (%) and cost (US dollar per mol) of this reaction?","","-1,-1","[]"
"Here is a chemical reaction. Reactants are: Cn1cnc(C#N)c1, Fc1ccccc1Br. Product is: Cn1cnc(C#N)c1-c1ccccc1F. Reaction type is Pd catalyzed C-H arylation. The reaction conditions of this reaction are: Palladium Source: [PdCl(allyl)]2. Ligand: COc1ccc(OC)c(P(c2cc(C(F)(F)F)cc(C(F)(F)F)c2)c2cc(C(F)(F)F)cc(C(F)(F)F)c2)c1-c1c(C(C)C)cc(C(C)C)cc1C(C)C. Solvent: CCCC#N. Base: KOAc. Reaction Temperature: 105 degrees centigrade. Reaction Concentration: 0.153 M. Palladium loading: 2.25 mol%. Ligand loading: 5 mol%. Base loading: 3 eq. What is the yield (%) and cost (US dollar per mol) of this reaction?","","-1,-1","[]"
"Here is a chemical reaction. Reactants are: Cn1cnc(C#N)c1, Fc1ccccc1Br. Product is: Cn1cnc(C#N)c1-c1ccccc1F. Reaction type is Pd catalyzed C-H arylation. The reaction conditions of this reaction are: Palladium Source: [PdCl(allyl)]2. Ligand: COc1ccc(OC)c(P(c2cc(C(F)(F)F)cc(C(F)(F)F)c2)c2cc(C(F)(F)F)cc(C(F)(F)F)c2)c1-c1c(C(C)C)cc(C(C)C)cc1C(C)C. Solvent: CCCC#N. Base: KOAc. Reaction Temperature: 120 degrees centigrade. Reaction Concentration: 0.153 M. Palladium loading: 2.25 mol%. Ligand loading: 5 mol%. Base loading: 3 eq. What is the yield (%) and cost (US dollar per mol) of this reaction?","","-1,-1","[]"
"Here is a chemical reaction. Reactants are: Cn1cnc(C#N)c1, Fc1ccccc1Br. Product is: Cn1cnc(C#N)c1-c1ccccc1F. Reaction type is Pd catalyzed C-H arylation. The reaction conditions of this reaction are: Palladium Source: [PdCl(allyl)]2. Ligand: COc1ccc(OC)c(P(c2cc(C(F)(F)F)cc(C(F)(F)F)c2)c2cc(C(F)(F)F)cc(C(F)(F)F)c2)c1-c1c(C(C)C)cc(C(C)C)cc1C(C)C. Solvent: Cc1ccc(C)cc1. Base: KOAc. Reaction Temperature: 90 degrees centigrade. Reaction Concentration: 0.1 M. Palladium loading: 2.25 mol%. Ligand loading: 5 mol%. Base loading: 3 eq. What is the yield (%) and cost (US dollar per mol) of this reaction?","","-1,-1","[]"
"Here is a chemical reaction. Reactants are: Cn1cnc(C#N)c1, Fc1ccccc1Br. Product is: Cn1cnc(C#N)c1-c1ccccc1F. Reaction type is Pd catalyzed C-H arylation. The reaction conditions of this reaction are: Palladium Source: [PdCl(allyl)]2. Ligand: COc1ccc(OC)c(P(c2cc(C(F)(F)F)cc(C(F)(F)F)c2)c2cc(C(F)(F)F)cc(C(F)(F)F)c2)c1-c1c(C(C)C)cc(C(C)C)cc1C(C)C. Solvent: Cc1ccc(C)cc1. Base: KOAc. Reaction Temperature: 105 degrees centigrade. Reaction Concentration: 0.1 M. Palladium loading: 2.25 mol%. Ligand loading: 5 mol%. Base loading: 3 eq. What is the yield (%) and cost (US dollar per mol) of this reaction?","","-1,-1","[]"
"Here is a chemical reaction. Reactants are: Cn1cnc(C#N)c1, Fc1ccccc1Br. Product is: Cn1cnc(C#N)c1-c1ccccc1F. Reaction type is Pd catalyzed C-H arylation. The reaction conditions of this reaction are: Palladium Source: [PdCl(allyl)]2. Ligand: COc1ccc(OC)c(P(c2cc(C(F)(F)F)cc(C(F)(F)F)c2)c2cc(C(F)(F)F)cc(C(F)(F)F)c2)c1-c1c(C(C)C)cc(C(C)C)cc1C(C)C. Solvent: Cc1ccc(C)cc1. Base: KOAc. Reaction Temperature: 120 degrees centigrade. Reaction Concentration: 0.1 M. Palladium loading: 2.25 mol%. Ligand loading: 5 mol%. Base loading: 3 eq. What is the yield (%) and cost (US dollar per mol) of this reaction?","","-1,-1","[]"
"Here is a chemical reaction. Reactants are: Cn1cnc(C#N)c1, Fc1ccccc1Br. Product is: Cn1cnc(C#N)c1-c1ccccc1F. Reaction type is Pd catalyzed C-H arylation. The reaction conditions of this reaction are: Palladium Source: [PdCl(allyl)]2. Ligand: COc1ccc(OC)c(P(c2cc(C(F)(F)F)cc(C(F)(F)F)c2)c2cc(C(F)(F)F)cc(C(F)(F)F)c2)c1-c1c(C(C)C)cc(C(C)C)cc1C(C)C. Solvent: Cc1ccc(C)cc1. Base: KOAc. Reaction Temperature: 90 degrees centigrade. Reaction Concentration: 0.057 M. Palladium loading: 2.25 mol%. Ligand loading: 5 mol%. Base loading: 3 eq. What is the yield (%) and cost (US dollar per mol) of this reaction?","","-1,-1","[]"
"Here is a chemical reaction. Reactants are: Cn1cnc(C#N)c1, Fc1ccccc1Br. Product is: Cn1cnc(C#N)c1-c1ccccc1F. Reaction type is Pd catalyzed C-H arylation. The reaction conditions of this reaction are: Palladium Source: [PdCl(allyl)]2. Ligand: COc1ccc(OC)c(P(c2cc(C(F)(F)F)cc(C(F)(F)F)c2)c2cc(C(F)(F)F)cc(C(F)(F)F)c2)c1-c1c(C(C)C)cc(C(C)C)cc1C(C)C. Solvent: Cc1ccc(C)cc1. Base: KOAc. Reaction Temperature: 105 degrees centigrade. Reaction Concentration: 0.057 M. Palladium loading: 2.25 mol%. Ligand loading: 5 mol%. Base loading: 3 eq. What is the yield (%) and cost (US dollar per mol) of this reaction?","","-1,-1","[]"
"Here is a chemical reaction. Reactants are: Cn1cnc(C#N)c1, Fc1ccccc1Br. Product is: Cn1cnc(C#N)c1-c1ccccc1F. Reaction type is Pd catalyzed C-H arylation. The reaction conditions of this reaction are: Palladium Source: [PdCl(allyl)]2. Ligand: COc1ccc(OC)c(P(c2cc(C(F)(F)F)cc(C(F)(F)F)c2)c2cc(C(F)(F)F)cc(C(F)(F)F)c2)c1-c1c(C(C)C)cc(C(C)C)cc1C(C)C. Solvent: Cc1ccc(C)cc1. Base: KOAc. Reaction Temperature: 120 degrees centigrade. Reaction Concentration: 0.057 M. Palladium loading: 2.25 mol%. Ligand loading: 5 mol%. Base loading: 3 eq. What is the yield (%) and cost (US dollar per mol) of this reaction?","","-1,-1","[]"
"Here is a chemical reaction. Reactants are: Cn1cnc(C#N)c1, Fc1ccccc1Br. Product is: Cn1cnc(C#N)c1-c1ccccc1F. Reaction type is Pd catalyzed C-H arylation. The reaction conditions of this reaction are: Palladium Source: [PdCl(allyl)]2. Ligand: COc1ccc(OC)c(P(c2cc(C(F)(F)F)cc(C(F)(F)F)c2)c2cc(C(F)(F)F)cc(C(F)(F)F)c2)c1-c1c(C(C)C)cc(C(C)C)cc1C(C)C. Solvent: Cc1ccc(C)cc1. Base: KOAc. Reaction Temperature: 90 degrees centigrade. Reaction Concentration: 0.153 M. Palladium loading: 2.25 mol%. Ligand loading: 5 mol%. Base loading: 3 eq. What is the yield (%) and cost (US dollar per mol) of this reaction?","","-1,-1","[]"
"Here is a chemical reaction. Reactants are: Cn1cnc(C#N)c1, Fc1ccccc1Br. Product is: Cn1cnc(C#N)c1-c1ccccc1F. Reaction type is Pd catalyzed C-H arylation. The reaction conditions of this reaction are: Palladium Source: [PdCl(allyl)]2. Ligand: COc1ccc(OC)c(P(c2cc(C(F)(F)F)cc(C(F)(F)F)c2)c2cc(C(F)(F)F)cc(C(F)(F)F)c2)c1-c1c(C(C)C)cc(C(C)C)cc1C(C)C. Solvent: Cc1ccc(C)cc1. Base: KOAc. Reaction Temperature: 105 degrees centigrade. Reaction Concentration: 0.153 M. Palladium loading: 2.25 mol%. Ligand loading: 5 mol%. Base loading: 3 eq. What is the yield (%) and cost (US dollar per mol) of this reaction?","","-1,-1","[]"
"Here is a chemical reaction. Reactants are: Cn1cnc(C#N)c1, Fc1ccccc1Br. Product is: Cn1cnc(C#N)c1-c1ccccc1F. Reaction type is Pd catalyzed C-H arylation. The reaction conditions of this reaction are: Palladium Source: [PdCl(allyl)]2. Ligand: COc1ccc(OC)c(P(c2cc(C(F)(F)F)cc(C(F)(F)F)c2)c2cc(C(F)(F)F)cc(C(F)(F)F)c2)c1-c1c(C(C)C)cc(C(C)C)cc1C(C)C. Solvent: Cc1ccc(C)cc1. Base: KOAc. Reaction Temperature: 120 degrees centigrade. Reaction Concentration: 0.153 M. Palladium loading: 2.25 mol%. Ligand loading: 5 mol%. Base loading: 3 eq. What is the yield (%) and cost (US dollar per mol) of this reaction?","","-1,-1","[]"
"Here is a chemical reaction. Reactants are: Cn1cnc(C#N)c1, Fc1ccccc1Br. Product is: Cn1cnc(C#N)c1-c1ccccc1F. Reaction type is Pd catalyzed C-H arylation. The reaction conditions of this reaction are: Palladium Source: [PdCl(allyl)]2. Ligand: COc1ccc(OC)c(P(c2cc(C(F)(F)F)cc(C(F)(F)F)c2)c2cc(C(F)(F)F)cc(C(F)(F)F)c2)c1-c1c(C(C)C)cc(C(C)C)cc1C(C)C. Solvent: CC(=O)N(C)C. Base: KOAc. Reaction Temperature: 90 degrees centigrade. Reaction Concentration: 0.1 M. Palladium loading: 2.25 mol%. Ligand loading: 5 mol%. Base loading: 3 eq. What is the yield (%) and cost (US dollar per mol) of this reaction?","","-1,-1","[]"
"Here is a chemical reaction. Reactants are: Cn1cnc(C#N)c1, Fc1ccccc1Br. Product is: Cn1cnc(C#N)c1-c1ccccc1F. Reaction type is Pd catalyzed C-H arylation. The reaction conditions of this reaction are: Palladium Source: [PdCl(allyl)]2. Ligand: COc1ccc(OC)c(P(c2cc(C(F)(F)F)cc(C(F)(F)F)c2)c2cc(C(F)(F)F)cc(C(F)(F)F)c2)c1-c1c(C(C)C)cc(C(C)C)cc1C(C)C. Solvent: CC(=O)N(C)C. Base: KOAc. Reaction Temperature: 105 degrees centigrade. Reaction Concentration: 0.1 M. Palladium loading: 2.25 mol%. Ligand loading: 5 mol%. Base loading: 3 eq. What is the yield (%) and cost (US dollar per mol) of this reaction?","","-1,-1","[]"
"Here is a chemical reaction. Reactants are: Cn1cnc(C#N)c1, Fc1ccccc1Br. Product is: Cn1cnc(C#N)c1-c1ccccc1F. Reaction type is Pd catalyzed C-H arylation. The reaction conditions of this reaction are: Palladium Source: [PdCl(allyl)]2. Ligand: COc1ccc(OC)c(P(c2cc(C(F)(F)F)cc(C(F)(F)F)c2)c2cc(C(F)(F)F)cc(C(F)(F)F)c2)c1-c1c(C(C)C)cc(C(C)C)cc1C(C)C. Solvent: CC(=O)N(C)C. Base: KOAc. Reaction Temperature: 120 degrees centigrade. Reaction Concentration: 0.1 M. Palladium loading: 2.25 mol%. Ligand loading: 5 mol%. Base loading: 3 eq. What is the yield (%) and cost (US dollar per mol) of this reaction?","","-1,-1","[]"
"Here is a chemical reaction. Reactants are: Cn1cnc(C#N)c1, Fc1ccccc1Br. Product is: Cn1cnc(C#N)c1-c1ccccc1F. Reaction type is Pd catalyzed C-H arylation. The reaction conditions of this reaction are: Palladium Source: [PdCl(allyl)]2. Ligand: COc1ccc(OC)c(P(c2cc(C(F)(F)F)cc(C(F)(F)F)c2)c2cc(C(F)(F)F)cc(C(F)(F)F)c2)c1-c1c(C(C)C)cc(C(C)C)cc1C(C)C. Solvent: CC(=O)N(C)C. Base: KOAc. Reaction Temperature: 90 degrees centigrade. Reaction Concentration: 0.057 M. Palladium loading: 2.25 mol%. Ligand loading: 5 mol%. Base loading: 3 eq. What is the yield (%) and cost (US dollar per mol) of this reaction?","","-1,-1","[]"
"Here is a chemical reaction. Reactants are: Cn1cnc(C#N)c1, Fc1ccccc1Br. Product is: Cn1cnc(C#N)c1-c1ccccc1F. Reaction type is Pd catalyzed C-H arylation. The reaction conditions of this reaction are: Palladium Source: [PdCl(allyl)]2. Ligand: COc1ccc(OC)c(P(c2cc(C(F)(F)F)cc(C(F)(F)F)c2)c2cc(C(F)(F)F)cc(C(F)(F)F)c2)c1-c1c(C(C)C)cc(C(C)C)cc1C(C)C. Solvent: CC(=O)N(C)C. Base: KOAc. Reaction Temperature: 105 degrees centigrade. Reaction Concentration: 0.057 M. Palladium loading: 2.25 mol%. Ligand loading: 5 mol%. Base loading: 3 eq. What is the yield (%) and cost (US dollar per mol) of this reaction?","","-1,-1","[]"
"Here is a chemical reaction. Reactants are: Cn1cnc(C#N)c1, Fc1ccccc1Br. Product is: Cn1cnc(C#N)c1-c1ccccc1F. Reaction type is Pd catalyzed C-H arylation. The reaction conditions of this reaction are: Palladium Source: [PdCl(allyl)]2. Ligand: COc1ccc(OC)c(P(c2cc(C(F)(F)F)cc(C(F)(F)F)c2)c2cc(C(F)(F)F)cc(C(F)(F)F)c2)c1-c1c(C(C)C)cc(C(C)C)cc1C(C)C. Solvent: CC(=O)N(C)C. Base: KOAc. Reaction Temperature: 120 degrees centigrade. Reaction Concentration: 0.057 M. Palladium loading: 2.25 mol%. Ligand loading: 5 mol%. Base loading: 3 eq. What is the yield (%) and cost (US dollar per mol) of this reaction?","","-1,-1","[]"
"Here is a chemical reaction. Reactants are: Cn1cnc(C#N)c1, Fc1ccccc1Br. Product is: Cn1cnc(C#N)c1-c1ccccc1F. Reaction type is Pd catalyzed C-H arylation. The reaction conditions of this reaction are: Palladium Source: [PdCl(allyl)]2. Ligand: COc1ccc(OC)c(P(c2cc(C(F)(F)F)cc(C(F)(F)F)c2)c2cc(C(F)(F)F)cc(C(F)(F)F)c2)c1-c1c(C(C)C)cc(C(C)C)cc1C(C)C. Solvent: CC(=O)N(C)C. Base: KOAc. Reaction Temperature: 90 degrees centigrade. Reaction Concentration: 0.153 M. Palladium loading: 2.25 mol%. Ligand loading: 5 mol%. Base loading: 3 eq. What is the yield (%) and cost (US dollar per mol) of this reaction?","","-1,-1","[]"
"Here is a chemical reaction. Reactants are: Cn1cnc(C#N)c1, Fc1ccccc1Br. Product is: Cn1cnc(C#N)c1-c1ccccc1F. Reaction type is Pd catalyzed C-H arylation. The reaction conditions of this reaction are: Palladium Source: [PdCl(allyl)]2. Ligand: COc1ccc(OC)c(P(c2cc(C(F)(F)F)cc(C(F)(F)F)c2)c2cc(C(F)(F)F)cc(C(F)(F)F)c2)c1-c1c(C(C)C)cc(C(C)C)cc1C(C)C. Solvent: CC(=O)N(C)C. Base: KOAc. Reaction Temperature: 105 degrees centigrade. Reaction Concentration: 0.153 M. Palladium loading: 2.25 mol%. Ligand loading: 5 mol%. Base loading: 3 eq. What is the yield (%) and cost (US dollar per mol) of this reaction?","","-1,-1","[]"
"Here is a chemical reaction. Reactants are: Cn1cnc(C#N)c1, Fc1ccccc1Br. Product is: Cn1cnc(C#N)c1-c1ccccc1F. Reaction type is Pd catalyzed C-H arylation. The reaction conditions of this reaction are: Palladium Source: [PdCl(allyl)]2. Ligand: COc1ccc(OC)c(P(c2cc(C(F)(F)F)cc(C(F)(F)F)c2)c2cc(C(F)(F)F)cc(C(F)(F)F)c2)c1-c1c(C(C)C)cc(C(C)C)cc1C(C)C. Solvent: CC(=O)N(C)C. Base: KOAc. Reaction Temperature: 120 degrees centigrade. Reaction Concentration: 0.153 M. Palladium loading: 2.25 mol%. Ligand loading: 5 mol%. Base loading: 3 eq. What is the yield (%) and cost (US dollar per mol) of this reaction?","","-1,-1","[]"
"Here is a chemical reaction. Reactants are: Cn1cnc(C#N)c1, Fc1ccccc1Br. Product is: Cn1cnc(C#N)c1-c1ccccc1F. Reaction type is Pd catalyzed C-H arylation. The reaction conditions of this reaction are: Palladium Source: [PdCl(allyl)]2. Ligand: COc1ccc(OC)c(P(c2cc(C(F)(F)F)cc(C(F)(F)F)c2)c2cc(C(F)(F)F)cc(C(F)(F)F)c2)c1-c1c(C(C)C)cc(C(C)C)cc1C(C)C. Solvent: CCCCOC(C)=O. Base: CsOAc. Reaction Temperature: 90 degrees centigrade. Reaction Concentration: 0.1 M. Palladium loading: 2.25 mol%. Ligand loading: 5 mol%. Base loading: 3 eq. What is the yield (%) and cost (US dollar per mol) of this reaction?","","-1,-1","[]"
"Here is a chemical reaction. Reactants are: Cn1cnc(C#N)c1, Fc1ccccc1Br. Product is: Cn1cnc(C#N)c1-c1ccccc1F. Reaction type is Pd catalyzed C-H arylation. The reaction conditions of this reaction are: Palladium Source: [PdCl(allyl)]2. Ligand: COc1ccc(OC)c(P(c2cc(C(F)(F)F)cc(C(F)(F)F)c2)c2cc(C(F)(F)F)cc(C(F)(F)F)c2)c1-c1c(C(C)C)cc(C(C)C)cc1C(C)C. Solvent: CCCCOC(C)=O. Base: CsOAc. Reaction Temperature: 105 degrees centigrade. Reaction Concentration: 0.1 M. Palladium loading: 2.25 mol%. Ligand loading: 5 mol%. Base loading: 3 eq. What is the yield (%) and cost (US dollar per mol) of this reaction?","","-1,-1","[]"
"Here is a chemical reaction. Reactants are: Cn1cnc(C#N)c1, Fc1ccccc1Br. Product is: Cn1cnc(C#N)c1-c1ccccc1F. Reaction type is Pd catalyzed C-H arylation. The reaction conditions of this reaction are: Palladium Source: [PdCl(allyl)]2. Ligand: COc1ccc(OC)c(P(c2cc(C(F)(F)F)cc(C(F)(F)F)c2)c2cc(C(F)(F)F)cc(C(F)(F)F)c2)c1-c1c(C(C)C)cc(C(C)C)cc1C(C)C. Solvent: CCCCOC(C)=O. Base: CsOAc. Reaction Temperature: 120 degrees centigrade. Reaction Concentration: 0.1 M. Palladium loading: 2.25 mol%. Ligand loading: 5 mol%. Base loading: 3 eq. What is the yield (%) and cost (US dollar per mol) of this reaction?","","-1,-1","[]"
"Here is a chemical reaction. Reactants are: Cn1cnc(C#N)c1, Fc1ccccc1Br. Product is: Cn1cnc(C#N)c1-c1ccccc1F. Reaction type is Pd catalyzed C-H arylation. The reaction conditions of this reaction are: Palladium Source: [PdCl(allyl)]2. Ligand: COc1ccc(OC)c(P(c2cc(C(F)(F)F)cc(C(F)(F)F)c2)c2cc(C(F)(F)F)cc(C(F)(F)F)c2)c1-c1c(C(C)C)cc(C(C)C)cc1C(C)C. Solvent: CCCCOC(C)=O. Base: CsOAc. Reaction Temperature: 90 degrees centigrade. Reaction Concentration: 0.057 M. Palladium loading: 2.25 mol%. Ligand loading: 5 mol%. Base loading: 3 eq. What is the yield (%) and cost (US dollar per mol) of this reaction?","","-1,-1","[]"
"Here is a chemical reaction. Reactants are: Cn1cnc(C#N)c1, Fc1ccccc1Br. Product is: Cn1cnc(C#N)c1-c1ccccc1F. Reaction type is Pd catalyzed C-H arylation. The reaction conditions of this reaction are: Palladium Source: [PdCl(allyl)]2. Ligand: COc1ccc(OC)c(P(c2cc(C(F)(F)F)cc(C(F)(F)F)c2)c2cc(C(F)(F)F)cc(C(F)(F)F)c2)c1-c1c(C(C)C)cc(C(C)C)cc1C(C)C. Solvent: CCCCOC(C)=O. Base: CsOAc. Reaction Temperature: 105 degrees centigrade. Reaction Concentration: 0.057 M. Palladium loading: 2.25 mol%. Ligand loading: 5 mol%. Base loading: 3 eq. What is the yield (%) and cost (US dollar per mol) of this reaction?","","-1,-1","[]"
"Here is a chemical reaction. Reactants are: Cn1cnc(C#N)c1, Fc1ccccc1Br. Product is: Cn1cnc(C#N)c1-c1ccccc1F. Reaction type is Pd catalyzed C-H arylation. The reaction conditions of this reaction are: Palladium Source: [PdCl(allyl)]2. Ligand: COc1ccc(OC)c(P(c2cc(C(F)(F)F)cc(C(F)(F)F)c2)c2cc(C(F)(F)F)cc(C(F)(F)F)c2)c1-c1c(C(C)C)cc(C(C)C)cc1C(C)C. Solvent: CCCCOC(C)=O. Base: CsOAc. Reaction Temperature: 120 degrees centigrade. Reaction Concentration: 0.057 M. Palladium loading: 2.25 mol%. Ligand loading: 5 mol%. Base loading: 3 eq. What is the yield (%) and cost (US dollar per mol) of this reaction?","","-1,-1","[]"
"Here is a chemical reaction. Reactants are: Cn1cnc(C#N)c1, Fc1ccccc1Br. Product is: Cn1cnc(C#N)c1-c1ccccc1F. Reaction type is Pd catalyzed C-H arylation. The reaction conditions of this reaction are: Palladium Source: [PdCl(allyl)]2. Ligand: COc1ccc(OC)c(P(c2cc(C(F)(F)F)cc(C(F)(F)F)c2)c2cc(C(F)(F)F)cc(C(F)(F)F)c2)c1-c1c(C(C)C)cc(C(C)C)cc1C(C)C. Solvent: CCCCOC(C)=O. Base: CsOAc. Reaction Temperature: 90 degrees centigrade. Reaction Concentration: 0.153 M. Palladium loading: 2.25 mol%. Ligand loading: 5 mol%. Base loading: 3 eq. What is the yield (%) and cost (US dollar per mol) of this reaction?","","-1,-1","[]"
"Here is a chemical reaction. Reactants are: Cn1cnc(C#N)c1, Fc1ccccc1Br. Product is: Cn1cnc(C#N)c1-c1ccccc1F. Reaction type is Pd catalyzed C-H arylation. The reaction conditions of this reaction are: Palladium Source: [PdCl(allyl)]2. Ligand: COc1ccc(OC)c(P(c2cc(C(F)(F)F)cc(C(F)(F)F)c2)c2cc(C(F)(F)F)cc(C(F)(F)F)c2)c1-c1c(C(C)C)cc(C(C)C)cc1C(C)C. Solvent: CCCCOC(C)=O. Base: CsOAc. Reaction Temperature: 105 degrees centigrade. Reaction Concentration: 0.153 M. Palladium loading: 2.25 mol%. Ligand loading: 5 mol%. Base loading: 3 eq. What is the yield (%) and cost (US dollar per mol) of this reaction?","","-1,-1","[]"
"Here is a chemical reaction. Reactants are: Cn1cnc(C#N)c1, Fc1ccccc1Br. Product is: Cn1cnc(C#N)c1-c1ccccc1F. Reaction type is Pd catalyzed C-H arylation. The reaction conditions of this reaction are: Palladium Source: [PdCl(allyl)]2. Ligand: COc1ccc(OC)c(P(c2cc(C(F)(F)F)cc(C(F)(F)F)c2)c2cc(C(F)(F)F)cc(C(F)(F)F)c2)c1-c1c(C(C)C)cc(C(C)C)cc1C(C)C. Solvent: CCCCOC(C)=O. Base: CsOAc. Reaction Temperature: 120 degrees centigrade. Reaction Concentration: 0.153 M. Palladium loading: 2.25 mol%. Ligand loading: 5 mol%. Base loading: 3 eq. What is the yield (%) and cost (US dollar per mol) of this reaction?","","-1,-1","[]"
"Here is a chemical reaction. Reactants are: Cn1cnc(C#N)c1, Fc1ccccc1Br. Product is: Cn1cnc(C#N)c1-c1ccccc1F. Reaction type is Pd catalyzed C-H arylation. The reaction conditions of this reaction are: Palladium Source: [PdCl(allyl)]2. Ligand: COc1ccc(OC)c(P(c2cc(C(F)(F)F)cc(C(F)(F)F)c2)c2cc(C(F)(F)F)cc(C(F)(F)F)c2)c1-c1c(C(C)C)cc(C(C)C)cc1C(C)C. Solvent: CCCC#N. Base: CsOAc. Reaction Temperature: 90 degrees centigrade. Reaction Concentration: 0.1 M. Palladium loading: 2.25 mol%. Ligand loading: 5 mol%. Base loading: 3 eq. What is the yield (%) and cost (US dollar per mol) of this reaction?","","-1,-1","[]"
"Here is a chemical reaction. Reactants are: Cn1cnc(C#N)c1, Fc1ccccc1Br. Product is: Cn1cnc(C#N)c1-c1ccccc1F. Reaction type is Pd catalyzed C-H arylation. The reaction conditions of this reaction are: Palladium Source: [PdCl(allyl)]2. Ligand: COc1ccc(OC)c(P(c2cc(C(F)(F)F)cc(C(F)(F)F)c2)c2cc(C(F)(F)F)cc(C(F)(F)F)c2)c1-c1c(C(C)C)cc(C(C)C)cc1C(C)C. Solvent: CCCC#N. Base: CsOAc. Reaction Temperature: 105 degrees centigrade. Reaction Concentration: 0.1 M. Palladium loading: 2.25 mol%. Ligand loading: 5 mol%. Base loading: 3 eq. What is the yield (%) and cost (US dollar per mol) of this reaction?","","-1,-1","[]"
"Here is a chemical reaction. Reactants are: Cn1cnc(C#N)c1, Fc1ccccc1Br. Product is: Cn1cnc(C#N)c1-c1ccccc1F. Reaction type is Pd catalyzed C-H arylation. The reaction conditions of this reaction are: Palladium Source: [PdCl(allyl)]2. Ligand: COc1ccc(OC)c(P(c2cc(C(F)(F)F)cc(C(F)(F)F)c2)c2cc(C(F)(F)F)cc(C(F)(F)F)c2)c1-c1c(C(C)C)cc(C(C)C)cc1C(C)C. Solvent: CCCC#N. Base: CsOAc. Reaction Temperature: 120 degrees centigrade. Reaction Concentration: 0.1 M. Palladium loading: 2.25 mol%. Ligand loading: 5 mol%. Base loading: 3 eq. What is the yield (%) and cost (US dollar per mol) of this reaction?","","-1,-1","[]"
"Here is a chemical reaction. Reactants are: Cn1cnc(C#N)c1, Fc1ccccc1Br. Product is: Cn1cnc(C#N)c1-c1ccccc1F. Reaction type is Pd catalyzed C-H arylation. The reaction conditions of this reaction are: Palladium Source: [PdCl(allyl)]2. Ligand: COc1ccc(OC)c(P(c2cc(C(F)(F)F)cc(C(F)(F)F)c2)c2cc(C(F)(F)F)cc(C(F)(F)F)c2)c1-c1c(C(C)C)cc(C(C)C)cc1C(C)C. Solvent: CCCC#N. Base: CsOAc. Reaction Temperature: 90 degrees centigrade. Reaction Concentration: 0.057 M. Palladium loading: 2.25 mol%. Ligand loading: 5 mol%. Base loading: 3 eq. What is the yield (%) and cost (US dollar per mol) of this reaction?","","-1,-1","[]"
"Here is a chemical reaction. Reactants are: Cn1cnc(C#N)c1, Fc1ccccc1Br. Product is: Cn1cnc(C#N)c1-c1ccccc1F. Reaction type is Pd catalyzed C-H arylation. The reaction conditions of this reaction are: Palladium Source: [PdCl(allyl)]2. Ligand: COc1ccc(OC)c(P(c2cc(C(F)(F)F)cc(C(F)(F)F)c2)c2cc(C(F)(F)F)cc(C(F)(F)F)c2)c1-c1c(C(C)C)cc(C(C)C)cc1C(C)C. Solvent: CCCC#N. Base: CsOAc. Reaction Temperature: 105 degrees centigrade. Reaction Concentration: 0.057 M. Palladium loading: 2.25 mol%. Ligand loading: 5 mol%. Base loading: 3 eq. What is the yield (%) and cost (US dollar per mol) of this reaction?","","-1,-1","[]"
"Here is a chemical reaction. Reactants are: Cn1cnc(C#N)c1, Fc1ccccc1Br. Product is: Cn1cnc(C#N)c1-c1ccccc1F. Reaction type is Pd catalyzed C-H arylation. The reaction conditions of this reaction are: Palladium Source: [PdCl(allyl)]2. Ligand: COc1ccc(OC)c(P(c2cc(C(F)(F)F)cc(C(F)(F)F)c2)c2cc(C(F)(F)F)cc(C(F)(F)F)c2)c1-c1c(C(C)C)cc(C(C)C)cc1C(C)C. Solvent: CCCC#N. Base: CsOAc. Reaction Temperature: 120 degrees centigrade. Reaction Concentration: 0.057 M. Palladium loading: 2.25 mol%. Ligand loading: 5 mol%. Base loading: 3 eq. What is the yield (%) and cost (US dollar per mol) of this reaction?","","-1,-1","[]"
"Here is a chemical reaction. Reactants are: Cn1cnc(C#N)c1, Fc1ccccc1Br. Product is: Cn1cnc(C#N)c1-c1ccccc1F. Reaction type is Pd catalyzed C-H arylation. The reaction conditions of this reaction are: Palladium Source: [PdCl(allyl)]2. Ligand: COc1ccc(OC)c(P(c2cc(C(F)(F)F)cc(C(F)(F)F)c2)c2cc(C(F)(F)F)cc(C(F)(F)F)c2)c1-c1c(C(C)C)cc(C(C)C)cc1C(C)C. Solvent: CCCC#N. Base: CsOAc. Reaction Temperature: 90 degrees centigrade. Reaction Concentration: 0.153 M. Palladium loading: 2.25 mol%. Ligand loading: 5 mol%. Base loading: 3 eq. What is the yield (%) and cost (US dollar per mol) of this reaction?","","-1,-1","[]"
"Here is a chemical reaction. Reactants are: Cn1cnc(C#N)c1, Fc1ccccc1Br. Product is: Cn1cnc(C#N)c1-c1ccccc1F. Reaction type is Pd catalyzed C-H arylation. The reaction conditions of this reaction are: Palladium Source: [PdCl(allyl)]2. Ligand: COc1ccc(OC)c(P(c2cc(C(F)(F)F)cc(C(F)(F)F)c2)c2cc(C(F)(F)F)cc(C(F)(F)F)c2)c1-c1c(C(C)C)cc(C(C)C)cc1C(C)C. Solvent: CCCC#N. Base: CsOAc. Reaction Temperature: 105 degrees centigrade. Reaction Concentration: 0.153 M. Palladium loading: 2.25 mol%. Ligand loading: 5 mol%. Base loading: 3 eq. What is the yield (%) and cost (US dollar per mol) of this reaction?","","-1,-1","[]"
"Here is a chemical reaction. Reactants are: Cn1cnc(C#N)c1, Fc1ccccc1Br. Product is: Cn1cnc(C#N)c1-c1ccccc1F. Reaction type is Pd catalyzed C-H arylation. The reaction conditions of this reaction are: Palladium Source: [PdCl(allyl)]2. Ligand: COc1ccc(OC)c(P(c2cc(C(F)(F)F)cc(C(F)(F)F)c2)c2cc(C(F)(F)F)cc(C(F)(F)F)c2)c1-c1c(C(C)C)cc(C(C)C)cc1C(C)C. Solvent: CCCC#N. Base: CsOAc. Reaction Temperature: 120 degrees centigrade. Reaction Concentration: 0.153 M. Palladium loading: 2.25 mol%. Ligand loading: 5 mol%. Base loading: 3 eq. What is the yield (%) and cost (US dollar per mol) of this reaction?","","-1,-1","[]"
"Here is a chemical reaction. Reactants are: Cn1cnc(C#N)c1, Fc1ccccc1Br. Product is: Cn1cnc(C#N)c1-c1ccccc1F. Reaction type is Pd catalyzed C-H arylation. The reaction conditions of this reaction are: Palladium Source: [PdCl(allyl)]2. Ligand: COc1ccc(OC)c(P(c2cc(C(F)(F)F)cc(C(F)(F)F)c2)c2cc(C(F)(F)F)cc(C(F)(F)F)c2)c1-c1c(C(C)C)cc(C(C)C)cc1C(C)C. Solvent: Cc1ccc(C)cc1. Base: CsOAc. Reaction Temperature: 90 degrees centigrade. Reaction Concentration: 0.1 M. Palladium loading: 2.25 mol%. Ligand loading: 5 mol%. Base loading: 3 eq. What is the yield (%) and cost (US dollar per mol) of this reaction?","","-1,-1","[]"
"Here is a chemical reaction. Reactants are: Cn1cnc(C#N)c1, Fc1ccccc1Br. Product is: Cn1cnc(C#N)c1-c1ccccc1F. Reaction type is Pd catalyzed C-H arylation. The reaction conditions of this reaction are: Palladium Source: [PdCl(allyl)]2. Ligand: COc1ccc(OC)c(P(c2cc(C(F)(F)F)cc(C(F)(F)F)c2)c2cc(C(F)(F)F)cc(C(F)(F)F)c2)c1-c1c(C(C)C)cc(C(C)C)cc1C(C)C. Solvent: Cc1ccc(C)cc1. Base: CsOAc. Reaction Temperature: 105 degrees centigrade. Reaction Concentration: 0.1 M. Palladium loading: 2.25 mol%. Ligand loading: 5 mol%. Base loading: 3 eq. What is the yield (%) and cost (US dollar per mol) of this reaction?","","-1,-1","[]"
"Here is a chemical reaction. Reactants are: Cn1cnc(C#N)c1, Fc1ccccc1Br. Product is: Cn1cnc(C#N)c1-c1ccccc1F. Reaction type is Pd catalyzed C-H arylation. The reaction conditions of this reaction are: Palladium Source: [PdCl(allyl)]2. Ligand: COc1ccc(OC)c(P(c2cc(C(F)(F)F)cc(C(F)(F)F)c2)c2cc(C(F)(F)F)cc(C(F)(F)F)c2)c1-c1c(C(C)C)cc(C(C)C)cc1C(C)C. Solvent: Cc1ccc(C)cc1. Base: CsOAc. Reaction Temperature: 120 degrees centigrade. Reaction Concentration: 0.1 M. Palladium loading: 2.25 mol%. Ligand loading: 5 mol%. Base loading: 3 eq. What is the yield (%) and cost (US dollar per mol) of this reaction?","","-1,-1","[]"
"Here is a chemical reaction. Reactants are: Cn1cnc(C#N)c1, Fc1ccccc1Br. Product is: Cn1cnc(C#N)c1-c1ccccc1F. Reaction type is Pd catalyzed C-H arylation. The reaction conditions of this reaction are: Palladium Source: [PdCl(allyl)]2. Ligand: COc1ccc(OC)c(P(c2cc(C(F)(F)F)cc(C(F)(F)F)c2)c2cc(C(F)(F)F)cc(C(F)(F)F)c2)c1-c1c(C(C)C)cc(C(C)C)cc1C(C)C. Solvent: Cc1ccc(C)cc1. Base: CsOAc. Reaction Temperature: 90 degrees centigrade. Reaction Concentration: 0.057 M. Palladium loading: 2.25 mol%. Ligand loading: 5 mol%. Base loading: 3 eq. What is the yield (%) and cost (US dollar per mol) of this reaction?","","-1,-1","[]"
"Here is a chemical reaction. Reactants are: Cn1cnc(C#N)c1, Fc1ccccc1Br. Product is: Cn1cnc(C#N)c1-c1ccccc1F. Reaction type is Pd catalyzed C-H arylation. The reaction conditions of this reaction are: Palladium Source: [PdCl(allyl)]2. Ligand: COc1ccc(OC)c(P(c2cc(C(F)(F)F)cc(C(F)(F)F)c2)c2cc(C(F)(F)F)cc(C(F)(F)F)c2)c1-c1c(C(C)C)cc(C(C)C)cc1C(C)C. Solvent: Cc1ccc(C)cc1. Base: CsOAc. Reaction Temperature: 105 degrees centigrade. Reaction Concentration: 0.057 M. Palladium loading: 2.25 mol%. Ligand loading: 5 mol%. Base loading: 3 eq. What is the yield (%) and cost (US dollar per mol) of this reaction?","","-1,-1","[]"
"Here is a chemical reaction. Reactants are: Cn1cnc(C#N)c1, Fc1ccccc1Br. Product is: Cn1cnc(C#N)c1-c1ccccc1F. Reaction type is Pd catalyzed C-H arylation. The reaction conditions of this reaction are: Palladium Source: [PdCl(allyl)]2. Ligand: COc1ccc(OC)c(P(c2cc(C(F)(F)F)cc(C(F)(F)F)c2)c2cc(C(F)(F)F)cc(C(F)(F)F)c2)c1-c1c(C(C)C)cc(C(C)C)cc1C(C)C. Solvent: Cc1ccc(C)cc1. Base: CsOAc. Reaction Temperature: 120 degrees centigrade. Reaction Concentration: 0.057 M. Palladium loading: 2.25 mol%. Ligand loading: 5 mol%. Base loading: 3 eq. What is the yield (%) and cost (US dollar per mol) of this reaction?","","-1,-1","[]"
"Here is a chemical reaction. Reactants are: Cn1cnc(C#N)c1, Fc1ccccc1Br. Product is: Cn1cnc(C#N)c1-c1ccccc1F. Reaction type is Pd catalyzed C-H arylation. The reaction conditions of this reaction are: Palladium Source: [PdCl(allyl)]2. Ligand: COc1ccc(OC)c(P(c2cc(C(F)(F)F)cc(C(F)(F)F)c2)c2cc(C(F)(F)F)cc(C(F)(F)F)c2)c1-c1c(C(C)C)cc(C(C)C)cc1C(C)C. Solvent: Cc1ccc(C)cc1. Base: CsOAc. Reaction Temperature: 90 degrees centigrade. Reaction Concentration: 0.153 M. Palladium loading: 2.25 mol%. Ligand loading: 5 mol%. Base loading: 3 eq. What is the yield (%) and cost (US dollar per mol) of this reaction?","","-1,-1","[]"
"Here is a chemical reaction. Reactants are: Cn1cnc(C#N)c1, Fc1ccccc1Br. Product is: Cn1cnc(C#N)c1-c1ccccc1F. Reaction type is Pd catalyzed C-H arylation. The reaction conditions of this reaction are: Palladium Source: [PdCl(allyl)]2. Ligand: COc1ccc(OC)c(P(c2cc(C(F)(F)F)cc(C(F)(F)F)c2)c2cc(C(F)(F)F)cc(C(F)(F)F)c2)c1-c1c(C(C)C)cc(C(C)C)cc1C(C)C. Solvent: Cc1ccc(C)cc1. Base: CsOAc. Reaction Temperature: 105 degrees centigrade. Reaction Concentration: 0.153 M. Palladium loading: 2.25 mol%. Ligand loading: 5 mol%. Base loading: 3 eq. What is the yield (%) and cost (US dollar per mol) of this reaction?","","-1,-1","[]"
"Here is a chemical reaction. Reactants are: Cn1cnc(C#N)c1, Fc1ccccc1Br. Product is: Cn1cnc(C#N)c1-c1ccccc1F. Reaction type is Pd catalyzed C-H arylation. The reaction conditions of this reaction are: Palladium Source: [PdCl(allyl)]2. Ligand: COc1ccc(OC)c(P(c2cc(C(F)(F)F)cc(C(F)(F)F)c2)c2cc(C(F)(F)F)cc(C(F)(F)F)c2)c1-c1c(C(C)C)cc(C(C)C)cc1C(C)C. Solvent: Cc1ccc(C)cc1. Base: CsOAc. Reaction Temperature: 120 degrees centigrade. Reaction Concentration: 0.153 M. Palladium loading: 2.25 mol%. Ligand loading: 5 mol%. Base loading: 3 eq. What is the yield (%) and cost (US dollar per mol) of this reaction?","","-1,-1","[]"
"Here is a chemical reaction. Reactants are: Cn1cnc(C#N)c1, Fc1ccccc1Br. Product is: Cn1cnc(C#N)c1-c1ccccc1F. Reaction type is Pd catalyzed C-H arylation. The reaction conditions of this reaction are: Palladium Source: [PdCl(allyl)]2. Ligand: COc1ccc(OC)c(P(c2cc(C(F)(F)F)cc(C(F)(F)F)c2)c2cc(C(F)(F)F)cc(C(F)(F)F)c2)c1-c1c(C(C)C)cc(C(C)C)cc1C(C)C. Solvent: CC(=O)N(C)C. Base: CsOAc. Reaction Temperature: 90 degrees centigrade. Reaction Concentration: 0.1 M. Palladium loading: 2.25 mol%. Ligand loading: 5 mol%. Base loading: 3 eq. What is the yield (%) and cost (US dollar per mol) of this reaction?","","-1,-1","[]"
"Here is a chemical reaction. Reactants are: Cn1cnc(C#N)c1, Fc1ccccc1Br. Product is: Cn1cnc(C#N)c1-c1ccccc1F. Reaction type is Pd catalyzed C-H arylation. The reaction conditions of this reaction are: Palladium Source: [PdCl(allyl)]2. Ligand: COc1ccc(OC)c(P(c2cc(C(F)(F)F)cc(C(F)(F)F)c2)c2cc(C(F)(F)F)cc(C(F)(F)F)c2)c1-c1c(C(C)C)cc(C(C)C)cc1C(C)C. Solvent: CC(=O)N(C)C. Base: CsOAc. Reaction Temperature: 105 degrees centigrade. Reaction Concentration: 0.1 M. Palladium loading: 2.25 mol%. Ligand loading: 5 mol%. Base loading: 3 eq. What is the yield (%) and cost (US dollar per mol) of this reaction?","","-1,-1","[]"
"Here is a chemical reaction. Reactants are: Cn1cnc(C#N)c1, Fc1ccccc1Br. Product is: Cn1cnc(C#N)c1-c1ccccc1F. Reaction type is Pd catalyzed C-H arylation. The reaction conditions of this reaction are: Palladium Source: [PdCl(allyl)]2. Ligand: COc1ccc(OC)c(P(c2cc(C(F)(F)F)cc(C(F)(F)F)c2)c2cc(C(F)(F)F)cc(C(F)(F)F)c2)c1-c1c(C(C)C)cc(C(C)C)cc1C(C)C. Solvent: CC(=O)N(C)C. Base: CsOAc. Reaction Temperature: 120 degrees centigrade. Reaction Concentration: 0.1 M. Palladium loading: 2.25 mol%. Ligand loading: 5 mol%. Base loading: 3 eq. What is the yield (%) and cost (US dollar per mol) of this reaction?","","-1,-1","[]"
"Here is a chemical reaction. Reactants are: Cn1cnc(C#N)c1, Fc1ccccc1Br. Product is: Cn1cnc(C#N)c1-c1ccccc1F. Reaction type is Pd catalyzed C-H arylation. The reaction conditions of this reaction are: Palladium Source: [PdCl(allyl)]2. Ligand: COc1ccc(OC)c(P(c2cc(C(F)(F)F)cc(C(F)(F)F)c2)c2cc(C(F)(F)F)cc(C(F)(F)F)c2)c1-c1c(C(C)C)cc(C(C)C)cc1C(C)C. Solvent: CC(=O)N(C)C. Base: CsOAc. Reaction Temperature: 90 degrees centigrade. Reaction Concentration: 0.057 M. Palladium loading: 2.25 mol%. Ligand loading: 5 mol%. Base loading: 3 eq. What is the yield (%) and cost (US dollar per mol) of this reaction?","","-1,-1","[]"
"Here is a chemical reaction. Reactants are: Cn1cnc(C#N)c1, Fc1ccccc1Br. Product is: Cn1cnc(C#N)c1-c1ccccc1F. Reaction type is Pd catalyzed C-H arylation. The reaction conditions of this reaction are: Palladium Source: [PdCl(allyl)]2. Ligand: COc1ccc(OC)c(P(c2cc(C(F)(F)F)cc(C(F)(F)F)c2)c2cc(C(F)(F)F)cc(C(F)(F)F)c2)c1-c1c(C(C)C)cc(C(C)C)cc1C(C)C. Solvent: CC(=O)N(C)C. Base: CsOAc. Reaction Temperature: 105 degrees centigrade. Reaction Concentration: 0.057 M. Palladium loading: 2.25 mol%. Ligand loading: 5 mol%. Base loading: 3 eq. What is the yield (%) and cost (US dollar per mol) of this reaction?","","-1,-1","[]"
"Here is a chemical reaction. Reactants are: Cn1cnc(C#N)c1, Fc1ccccc1Br. Product is: Cn1cnc(C#N)c1-c1ccccc1F. Reaction type is Pd catalyzed C-H arylation. The reaction conditions of this reaction are: Palladium Source: [PdCl(allyl)]2. Ligand: COc1ccc(OC)c(P(c2cc(C(F)(F)F)cc(C(F)(F)F)c2)c2cc(C(F)(F)F)cc(C(F)(F)F)c2)c1-c1c(C(C)C)cc(C(C)C)cc1C(C)C. Solvent: CC(=O)N(C)C. Base: CsOAc. Reaction Temperature: 120 degrees centigrade. Reaction Concentration: 0.057 M. Palladium loading: 2.25 mol%. Ligand loading: 5 mol%. Base loading: 3 eq. What is the yield (%) and cost (US dollar per mol) of this reaction?","","-1,-1","[]"
"Here is a chemical reaction. Reactants are: Cn1cnc(C#N)c1, Fc1ccccc1Br. Product is: Cn1cnc(C#N)c1-c1ccccc1F. Reaction type is Pd catalyzed C-H arylation. The reaction conditions of this reaction are: Palladium Source: [PdCl(allyl)]2. Ligand: COc1ccc(OC)c(P(c2cc(C(F)(F)F)cc(C(F)(F)F)c2)c2cc(C(F)(F)F)cc(C(F)(F)F)c2)c1-c1c(C(C)C)cc(C(C)C)cc1C(C)C. Solvent: CC(=O)N(C)C. Base: CsOAc. Reaction Temperature: 90 degrees centigrade. Reaction Concentration: 0.153 M. Palladium loading: 2.25 mol%. Ligand loading: 5 mol%. Base loading: 3 eq. What is the yield (%) and cost (US dollar per mol) of this reaction?","","-1,-1","[]"
"Here is a chemical reaction. Reactants are: Cn1cnc(C#N)c1, Fc1ccccc1Br. Product is: Cn1cnc(C#N)c1-c1ccccc1F. Reaction type is Pd catalyzed C-H arylation. The reaction conditions of this reaction are: Palladium Source: [PdCl(allyl)]2. Ligand: COc1ccc(OC)c(P(c2cc(C(F)(F)F)cc(C(F)(F)F)c2)c2cc(C(F)(F)F)cc(C(F)(F)F)c2)c1-c1c(C(C)C)cc(C(C)C)cc1C(C)C. Solvent: CC(=O)N(C)C. Base: CsOAc. Reaction Temperature: 105 degrees centigrade. Reaction Concentration: 0.153 M. Palladium loading: 2.25 mol%. Ligand loading: 5 mol%. Base loading: 3 eq. What is the yield (%) and cost (US dollar per mol) of this reaction?","","-1,-1","[]"
"Here is a chemical reaction. Reactants are: Cn1cnc(C#N)c1, Fc1ccccc1Br. Product is: Cn1cnc(C#N)c1-c1ccccc1F. Reaction type is Pd catalyzed C-H arylation. The reaction conditions of this reaction are: Palladium Source: [PdCl(allyl)]2. Ligand: COc1ccc(OC)c(P(c2cc(C(F)(F)F)cc(C(F)(F)F)c2)c2cc(C(F)(F)F)cc(C(F)(F)F)c2)c1-c1c(C(C)C)cc(C(C)C)cc1C(C)C. Solvent: CC(=O)N(C)C. Base: CsOAc. Reaction Temperature: 120 degrees centigrade. Reaction Concentration: 0.153 M. Palladium loading: 2.25 mol%. Ligand loading: 5 mol%. Base loading: 3 eq. What is the yield (%) and cost (US dollar per mol) of this reaction?","","-1,-1","[]"
"Here is a chemical reaction. Reactants are: Cn1cnc(C#N)c1, Fc1ccccc1Br. Product is: Cn1cnc(C#N)c1-c1ccccc1F. Reaction type is Pd catalyzed C-H arylation. The reaction conditions of this reaction are: Palladium Source: [PdCl(allyl)]2. Ligand: COc1ccc(OC)c(P(c2cc(C(F)(F)F)cc(C(F)(F)F)c2)c2cc(C(F)(F)F)cc(C(F)(F)F)c2)c1-c1c(C(C)C)cc(C(C)C)cc1C(C)C. Solvent: CCCCOC(C)=O. Base: KOPiv. Reaction Temperature: 90 degrees centigrade. Reaction Concentration: 0.1 M. Palladium loading: 2.25 mol%. Ligand loading: 5 mol%. Base loading: 3 eq. What is the yield (%) and cost (US dollar per mol) of this reaction?","","-1,-1","[]"
"Here is a chemical reaction. Reactants are: Cn1cnc(C#N)c1, Fc1ccccc1Br. Product is: Cn1cnc(C#N)c1-c1ccccc1F. Reaction type is Pd catalyzed C-H arylation. The reaction conditions of this reaction are: Palladium Source: [PdCl(allyl)]2. Ligand: COc1ccc(OC)c(P(c2cc(C(F)(F)F)cc(C(F)(F)F)c2)c2cc(C(F)(F)F)cc(C(F)(F)F)c2)c1-c1c(C(C)C)cc(C(C)C)cc1C(C)C. Solvent: CCCCOC(C)=O. Base: KOPiv. Reaction Temperature: 105 degrees centigrade. Reaction Concentration: 0.1 M. Palladium loading: 2.25 mol%. Ligand loading: 5 mol%. Base loading: 3 eq. What is the yield (%) and cost (US dollar per mol) of this reaction?","","-1,-1","[]"
"Here is a chemical reaction. Reactants are: Cn1cnc(C#N)c1, Fc1ccccc1Br. Product is: Cn1cnc(C#N)c1-c1ccccc1F. Reaction type is Pd catalyzed C-H arylation. The reaction conditions of this reaction are: Palladium Source: [PdCl(allyl)]2. Ligand: COc1ccc(OC)c(P(c2cc(C(F)(F)F)cc(C(F)(F)F)c2)c2cc(C(F)(F)F)cc(C(F)(F)F)c2)c1-c1c(C(C)C)cc(C(C)C)cc1C(C)C. Solvent: CCCCOC(C)=O. Base: KOPiv. Reaction Temperature: 120 degrees centigrade. Reaction Concentration: 0.1 M. Palladium loading: 2.25 mol%. Ligand loading: 5 mol%. Base loading: 3 eq. What is the yield (%) and cost (US dollar per mol) of this reaction?","","-1,-1","[]"
"Here is a chemical reaction. Reactants are: Cn1cnc(C#N)c1, Fc1ccccc1Br. Product is: Cn1cnc(C#N)c1-c1ccccc1F. Reaction type is Pd catalyzed C-H arylation. The reaction conditions of this reaction are: Palladium Source: [PdCl(allyl)]2. Ligand: COc1ccc(OC)c(P(c2cc(C(F)(F)F)cc(C(F)(F)F)c2)c2cc(C(F)(F)F)cc(C(F)(F)F)c2)c1-c1c(C(C)C)cc(C(C)C)cc1C(C)C. Solvent: CCCCOC(C)=O. Base: KOPiv. Reaction Temperature: 90 degrees centigrade. Reaction Concentration: 0.057 M. Palladium loading: 2.25 mol%. Ligand loading: 5 mol%. Base loading: 3 eq. What is the yield (%) and cost (US dollar per mol) of this reaction?","","-1,-1","[]"
"Here is a chemical reaction. Reactants are: Cn1cnc(C#N)c1, Fc1ccccc1Br. Product is: Cn1cnc(C#N)c1-c1ccccc1F. Reaction type is Pd catalyzed C-H arylation. The reaction conditions of this reaction are: Palladium Source: [PdCl(allyl)]2. Ligand: COc1ccc(OC)c(P(c2cc(C(F)(F)F)cc(C(F)(F)F)c2)c2cc(C(F)(F)F)cc(C(F)(F)F)c2)c1-c1c(C(C)C)cc(C(C)C)cc1C(C)C. Solvent: CCCCOC(C)=O. Base: KOPiv. Reaction Temperature: 105 degrees centigrade. Reaction Concentration: 0.057 M. Palladium loading: 2.25 mol%. Ligand loading: 5 mol%. Base loading: 3 eq. What is the yield (%) and cost (US dollar per mol) of this reaction?","","-1,-1","[]"
"Here is a chemical reaction. Reactants are: Cn1cnc(C#N)c1, Fc1ccccc1Br. Product is: Cn1cnc(C#N)c1-c1ccccc1F. Reaction type is Pd catalyzed C-H arylation. The reaction conditions of this reaction are: Palladium Source: [PdCl(allyl)]2. Ligand: COc1ccc(OC)c(P(c2cc(C(F)(F)F)cc(C(F)(F)F)c2)c2cc(C(F)(F)F)cc(C(F)(F)F)c2)c1-c1c(C(C)C)cc(C(C)C)cc1C(C)C. Solvent: CCCCOC(C)=O. Base: KOPiv. Reaction Temperature: 120 degrees centigrade. Reaction Concentration: 0.057 M. Palladium loading: 2.25 mol%. Ligand loading: 5 mol%. Base loading: 3 eq. What is the yield (%) and cost (US dollar per mol) of this reaction?","","-1,-1","[]"
"Here is a chemical reaction. Reactants are: Cn1cnc(C#N)c1, Fc1ccccc1Br. Product is: Cn1cnc(C#N)c1-c1ccccc1F. Reaction type is Pd catalyzed C-H arylation. The reaction conditions of this reaction are: Palladium Source: [PdCl(allyl)]2. Ligand: COc1ccc(OC)c(P(c2cc(C(F)(F)F)cc(C(F)(F)F)c2)c2cc(C(F)(F)F)cc(C(F)(F)F)c2)c1-c1c(C(C)C)cc(C(C)C)cc1C(C)C. Solvent: CCCCOC(C)=O. Base: KOPiv. Reaction Temperature: 90 degrees centigrade. Reaction Concentration: 0.153 M. Palladium loading: 2.25 mol%. Ligand loading: 5 mol%. Base loading: 3 eq. What is the yield (%) and cost (US dollar per mol) of this reaction?","","-1,-1","[]"
"Here is a chemical reaction. Reactants are: Cn1cnc(C#N)c1, Fc1ccccc1Br. Product is: Cn1cnc(C#N)c1-c1ccccc1F. Reaction type is Pd catalyzed C-H arylation. The reaction conditions of this reaction are: Palladium Source: [PdCl(allyl)]2. Ligand: COc1ccc(OC)c(P(c2cc(C(F)(F)F)cc(C(F)(F)F)c2)c2cc(C(F)(F)F)cc(C(F)(F)F)c2)c1-c1c(C(C)C)cc(C(C)C)cc1C(C)C. Solvent: CCCCOC(C)=O. Base: KOPiv. Reaction Temperature: 105 degrees centigrade. Reaction Concentration: 0.153 M. Palladium loading: 2.25 mol%. Ligand loading: 5 mol%. Base loading: 3 eq. What is the yield (%) and cost (US dollar per mol) of this reaction?","","-1,-1","[]"
"Here is a chemical reaction. Reactants are: Cn1cnc(C#N)c1, Fc1ccccc1Br. Product is: Cn1cnc(C#N)c1-c1ccccc1F. Reaction type is Pd catalyzed C-H arylation. The reaction conditions of this reaction are: Palladium Source: [PdCl(allyl)]2. Ligand: COc1ccc(OC)c(P(c2cc(C(F)(F)F)cc(C(F)(F)F)c2)c2cc(C(F)(F)F)cc(C(F)(F)F)c2)c1-c1c(C(C)C)cc(C(C)C)cc1C(C)C. Solvent: CCCCOC(C)=O. Base: KOPiv. Reaction Temperature: 120 degrees centigrade. Reaction Concentration: 0.153 M. Palladium loading: 2.25 mol%. Ligand loading: 5 mol%. Base loading: 3 eq. What is the yield (%) and cost (US dollar per mol) of this reaction?","","-1,-1","[]"
"Here is a chemical reaction. Reactants are: Cn1cnc(C#N)c1, Fc1ccccc1Br. Product is: Cn1cnc(C#N)c1-c1ccccc1F. Reaction type is Pd catalyzed C-H arylation. The reaction conditions of this reaction are: Palladium Source: [PdCl(allyl)]2. Ligand: COc1ccc(OC)c(P(c2cc(C(F)(F)F)cc(C(F)(F)F)c2)c2cc(C(F)(F)F)cc(C(F)(F)F)c2)c1-c1c(C(C)C)cc(C(C)C)cc1C(C)C. Solvent: CCCC#N. Base: KOPiv. Reaction Temperature: 90 degrees centigrade. Reaction Concentration: 0.1 M. Palladium loading: 2.25 mol%. Ligand loading: 5 mol%. Base loading: 3 eq. What is the yield (%) and cost (US dollar per mol) of this reaction?","","-1,-1","[]"
"Here is a chemical reaction. Reactants are: Cn1cnc(C#N)c1, Fc1ccccc1Br. Product is: Cn1cnc(C#N)c1-c1ccccc1F. Reaction type is Pd catalyzed C-H arylation. The reaction conditions of this reaction are: Palladium Source: [PdCl(allyl)]2. Ligand: COc1ccc(OC)c(P(c2cc(C(F)(F)F)cc(C(F)(F)F)c2)c2cc(C(F)(F)F)cc(C(F)(F)F)c2)c1-c1c(C(C)C)cc(C(C)C)cc1C(C)C. Solvent: CCCC#N. Base: KOPiv. Reaction Temperature: 105 degrees centigrade. Reaction Concentration: 0.1 M. Palladium loading: 2.25 mol%. Ligand loading: 5 mol%. Base loading: 3 eq. What is the yield (%) and cost (US dollar per mol) of this reaction?","","-1,-1","[]"
"Here is a chemical reaction. Reactants are: Cn1cnc(C#N)c1, Fc1ccccc1Br. Product is: Cn1cnc(C#N)c1-c1ccccc1F. Reaction type is Pd catalyzed C-H arylation. The reaction conditions of this reaction are: Palladium Source: [PdCl(allyl)]2. Ligand: COc1ccc(OC)c(P(c2cc(C(F)(F)F)cc(C(F)(F)F)c2)c2cc(C(F)(F)F)cc(C(F)(F)F)c2)c1-c1c(C(C)C)cc(C(C)C)cc1C(C)C. Solvent: CCCC#N. Base: KOPiv. Reaction Temperature: 120 degrees centigrade. Reaction Concentration: 0.1 M. Palladium loading: 2.25 mol%. Ligand loading: 5 mol%. Base loading: 3 eq. What is the yield (%) and cost (US dollar per mol) of this reaction?","","-1,-1","[]"
"Here is a chemical reaction. Reactants are: Cn1cnc(C#N)c1, Fc1ccccc1Br. Product is: Cn1cnc(C#N)c1-c1ccccc1F. Reaction type is Pd catalyzed C-H arylation. The reaction conditions of this reaction are: Palladium Source: [PdCl(allyl)]2. Ligand: COc1ccc(OC)c(P(c2cc(C(F)(F)F)cc(C(F)(F)F)c2)c2cc(C(F)(F)F)cc(C(F)(F)F)c2)c1-c1c(C(C)C)cc(C(C)C)cc1C(C)C. Solvent: CCCC#N. Base: KOPiv. Reaction Temperature: 90 degrees centigrade. Reaction Concentration: 0.057 M. Palladium loading: 2.25 mol%. Ligand loading: 5 mol%. Base loading: 3 eq. What is the yield (%) and cost (US dollar per mol) of this reaction?","","-1,-1","[]"
"Here is a chemical reaction. Reactants are: Cn1cnc(C#N)c1, Fc1ccccc1Br. Product is: Cn1cnc(C#N)c1-c1ccccc1F. Reaction type is Pd catalyzed C-H arylation. The reaction conditions of this reaction are: Palladium Source: [PdCl(allyl)]2. Ligand: COc1ccc(OC)c(P(c2cc(C(F)(F)F)cc(C(F)(F)F)c2)c2cc(C(F)(F)F)cc(C(F)(F)F)c2)c1-c1c(C(C)C)cc(C(C)C)cc1C(C)C. Solvent: CCCC#N. Base: KOPiv. Reaction Temperature: 105 degrees centigrade. Reaction Concentration: 0.057 M. Palladium loading: 2.25 mol%. Ligand loading: 5 mol%. Base loading: 3 eq. What is the yield (%) and cost (US dollar per mol) of this reaction?","","-1,-1","[]"
"Here is a chemical reaction. Reactants are: Cn1cnc(C#N)c1, Fc1ccccc1Br. Product is: Cn1cnc(C#N)c1-c1ccccc1F. Reaction type is Pd catalyzed C-H arylation. The reaction conditions of this reaction are: Palladium Source: [PdCl(allyl)]2. Ligand: COc1ccc(OC)c(P(c2cc(C(F)(F)F)cc(C(F)(F)F)c2)c2cc(C(F)(F)F)cc(C(F)(F)F)c2)c1-c1c(C(C)C)cc(C(C)C)cc1C(C)C. Solvent: CCCC#N. Base: KOPiv. Reaction Temperature: 120 degrees centigrade. Reaction Concentration: 0.057 M. Palladium loading: 2.25 mol%. Ligand loading: 5 mol%. Base loading: 3 eq. What is the yield (%) and cost (US dollar per mol) of this reaction?","","-1,-1","[]"
"Here is a chemical reaction. Reactants are: Cn1cnc(C#N)c1, Fc1ccccc1Br. Product is: Cn1cnc(C#N)c1-c1ccccc1F. Reaction type is Pd catalyzed C-H arylation. The reaction conditions of this reaction are: Palladium Source: [PdCl(allyl)]2. Ligand: COc1ccc(OC)c(P(c2cc(C(F)(F)F)cc(C(F)(F)F)c2)c2cc(C(F)(F)F)cc(C(F)(F)F)c2)c1-c1c(C(C)C)cc(C(C)C)cc1C(C)C. Solvent: CCCC#N. Base: KOPiv. Reaction Temperature: 90 degrees centigrade. Reaction Concentration: 0.153 M. Palladium loading: 2.25 mol%. Ligand loading: 5 mol%. Base loading: 3 eq. What is the yield (%) and cost (US dollar per mol) of this reaction?","","-1,-1","[]"
"Here is a chemical reaction. Reactants are: Cn1cnc(C#N)c1, Fc1ccccc1Br. Product is: Cn1cnc(C#N)c1-c1ccccc1F. Reaction type is Pd catalyzed C-H arylation. The reaction conditions of this reaction are: Palladium Source: [PdCl(allyl)]2. Ligand: COc1ccc(OC)c(P(c2cc(C(F)(F)F)cc(C(F)(F)F)c2)c2cc(C(F)(F)F)cc(C(F)(F)F)c2)c1-c1c(C(C)C)cc(C(C)C)cc1C(C)C. Solvent: CCCC#N. Base: KOPiv. Reaction Temperature: 105 degrees centigrade. Reaction Concentration: 0.153 M. Palladium loading: 2.25 mol%. Ligand loading: 5 mol%. Base loading: 3 eq. What is the yield (%) and cost (US dollar per mol) of this reaction?","","-1,-1","[]"
"Here is a chemical reaction. Reactants are: Cn1cnc(C#N)c1, Fc1ccccc1Br. Product is: Cn1cnc(C#N)c1-c1ccccc1F. Reaction type is Pd catalyzed C-H arylation. The reaction conditions of this reaction are: Palladium Source: [PdCl(allyl)]2. Ligand: COc1ccc(OC)c(P(c2cc(C(F)(F)F)cc(C(F)(F)F)c2)c2cc(C(F)(F)F)cc(C(F)(F)F)c2)c1-c1c(C(C)C)cc(C(C)C)cc1C(C)C. Solvent: CCCC#N. Base: KOPiv. Reaction Temperature: 120 degrees centigrade. Reaction Concentration: 0.153 M. Palladium loading: 2.25 mol%. Ligand loading: 5 mol%. Base loading: 3 eq. What is the yield (%) and cost (US dollar per mol) of this reaction?","","-1,-1","[]"
"Here is a chemical reaction. Reactants are: Cn1cnc(C#N)c1, Fc1ccccc1Br. Product is: Cn1cnc(C#N)c1-c1ccccc1F. Reaction type is Pd catalyzed C-H arylation. The reaction conditions of this reaction are: Palladium Source: [PdCl(allyl)]2. Ligand: COc1ccc(OC)c(P(c2cc(C(F)(F)F)cc(C(F)(F)F)c2)c2cc(C(F)(F)F)cc(C(F)(F)F)c2)c1-c1c(C(C)C)cc(C(C)C)cc1C(C)C. Solvent: Cc1ccc(C)cc1. Base: KOPiv. Reaction Temperature: 90 degrees centigrade. Reaction Concentration: 0.1 M. Palladium loading: 2.25 mol%. Ligand loading: 5 mol%. Base loading: 3 eq. What is the yield (%) and cost (US dollar per mol) of this reaction?","","-1,-1","[]"
"Here is a chemical reaction. Reactants are: Cn1cnc(C#N)c1, Fc1ccccc1Br. Product is: Cn1cnc(C#N)c1-c1ccccc1F. Reaction type is Pd catalyzed C-H arylation. The reaction conditions of this reaction are: Palladium Source: [PdCl(allyl)]2. Ligand: COc1ccc(OC)c(P(c2cc(C(F)(F)F)cc(C(F)(F)F)c2)c2cc(C(F)(F)F)cc(C(F)(F)F)c2)c1-c1c(C(C)C)cc(C(C)C)cc1C(C)C. Solvent: Cc1ccc(C)cc1. Base: KOPiv. Reaction Temperature: 105 degrees centigrade. Reaction Concentration: 0.1 M. Palladium loading: 2.25 mol%. Ligand loading: 5 mol%. Base loading: 3 eq. What is the yield (%) and cost (US dollar per mol) of this reaction?","","-1,-1","[]"
"Here is a chemical reaction. Reactants are: Cn1cnc(C#N)c1, Fc1ccccc1Br. Product is: Cn1cnc(C#N)c1-c1ccccc1F. Reaction type is Pd catalyzed C-H arylation. The reaction conditions of this reaction are: Palladium Source: [PdCl(allyl)]2. Ligand: COc1ccc(OC)c(P(c2cc(C(F)(F)F)cc(C(F)(F)F)c2)c2cc(C(F)(F)F)cc(C(F)(F)F)c2)c1-c1c(C(C)C)cc(C(C)C)cc1C(C)C. Solvent: Cc1ccc(C)cc1. Base: KOPiv. Reaction Temperature: 120 degrees centigrade. Reaction Concentration: 0.1 M. Palladium loading: 2.25 mol%. Ligand loading: 5 mol%. Base loading: 3 eq. What is the yield (%) and cost (US dollar per mol) of this reaction?","","-1,-1","[]"
"Here is a chemical reaction. Reactants are: Cn1cnc(C#N)c1, Fc1ccccc1Br. Product is: Cn1cnc(C#N)c1-c1ccccc1F. Reaction type is Pd catalyzed C-H arylation. The reaction conditions of this reaction are: Palladium Source: [PdCl(allyl)]2. Ligand: COc1ccc(OC)c(P(c2cc(C(F)(F)F)cc(C(F)(F)F)c2)c2cc(C(F)(F)F)cc(C(F)(F)F)c2)c1-c1c(C(C)C)cc(C(C)C)cc1C(C)C. Solvent: Cc1ccc(C)cc1. Base: KOPiv. Reaction Temperature: 90 degrees centigrade. Reaction Concentration: 0.057 M. Palladium loading: 2.25 mol%. Ligand loading: 5 mol%. Base loading: 3 eq. What is the yield (%) and cost (US dollar per mol) of this reaction?","","-1,-1","[]"
"Here is a chemical reaction. Reactants are: Cn1cnc(C#N)c1, Fc1ccccc1Br. Product is: Cn1cnc(C#N)c1-c1ccccc1F. Reaction type is Pd catalyzed C-H arylation. The reaction conditions of this reaction are: Palladium Source: [PdCl(allyl)]2. Ligand: COc1ccc(OC)c(P(c2cc(C(F)(F)F)cc(C(F)(F)F)c2)c2cc(C(F)(F)F)cc(C(F)(F)F)c2)c1-c1c(C(C)C)cc(C(C)C)cc1C(C)C. Solvent: Cc1ccc(C)cc1. Base: KOPiv. Reaction Temperature: 105 degrees centigrade. Reaction Concentration: 0.057 M. Palladium loading: 2.25 mol%. Ligand loading: 5 mol%. Base loading: 3 eq. What is the yield (%) and cost (US dollar per mol) of this reaction?","","-1,-1","[]"
"Here is a chemical reaction. Reactants are: Cn1cnc(C#N)c1, Fc1ccccc1Br. Product is: Cn1cnc(C#N)c1-c1ccccc1F. Reaction type is Pd catalyzed C-H arylation. The reaction conditions of this reaction are: Palladium Source: [PdCl(allyl)]2. Ligand: COc1ccc(OC)c(P(c2cc(C(F)(F)F)cc(C(F)(F)F)c2)c2cc(C(F)(F)F)cc(C(F)(F)F)c2)c1-c1c(C(C)C)cc(C(C)C)cc1C(C)C. Solvent: Cc1ccc(C)cc1. Base: KOPiv. Reaction Temperature: 120 degrees centigrade. Reaction Concentration: 0.057 M. Palladium loading: 2.25 mol%. Ligand loading: 5 mol%. Base loading: 3 eq. What is the yield (%) and cost (US dollar per mol) of this reaction?","","-1,-1","[]"
"Here is a chemical reaction. Reactants are: Cn1cnc(C#N)c1, Fc1ccccc1Br. Product is: Cn1cnc(C#N)c1-c1ccccc1F. Reaction type is Pd catalyzed C-H arylation. The reaction conditions of this reaction are: Palladium Source: [PdCl(allyl)]2. Ligand: COc1ccc(OC)c(P(c2cc(C(F)(F)F)cc(C(F)(F)F)c2)c2cc(C(F)(F)F)cc(C(F)(F)F)c2)c1-c1c(C(C)C)cc(C(C)C)cc1C(C)C. Solvent: Cc1ccc(C)cc1. Base: KOPiv. Reaction Temperature: 90 degrees centigrade. Reaction Concentration: 0.153 M. Palladium loading: 2.25 mol%. Ligand loading: 5 mol%. Base loading: 3 eq. What is the yield (%) and cost (US dollar per mol) of this reaction?","","-1,-1","[]"
"Here is a chemical reaction. Reactants are: Cn1cnc(C#N)c1, Fc1ccccc1Br. Product is: Cn1cnc(C#N)c1-c1ccccc1F. Reaction type is Pd catalyzed C-H arylation. The reaction conditions of this reaction are: Palladium Source: [PdCl(allyl)]2. Ligand: COc1ccc(OC)c(P(c2cc(C(F)(F)F)cc(C(F)(F)F)c2)c2cc(C(F)(F)F)cc(C(F)(F)F)c2)c1-c1c(C(C)C)cc(C(C)C)cc1C(C)C. Solvent: Cc1ccc(C)cc1. Base: KOPiv. Reaction Temperature: 105 degrees centigrade. Reaction Concentration: 0.153 M. Palladium loading: 2.25 mol%. Ligand loading: 5 mol%. Base loading: 3 eq. What is the yield (%) and cost (US dollar per mol) of this reaction?","","-1,-1","[]"
"Here is a chemical reaction. Reactants are: Cn1cnc(C#N)c1, Fc1ccccc1Br. Product is: Cn1cnc(C#N)c1-c1ccccc1F. Reaction type is Pd catalyzed C-H arylation. The reaction conditions of this reaction are: Palladium Source: [PdCl(allyl)]2. Ligand: COc1ccc(OC)c(P(c2cc(C(F)(F)F)cc(C(F)(F)F)c2)c2cc(C(F)(F)F)cc(C(F)(F)F)c2)c1-c1c(C(C)C)cc(C(C)C)cc1C(C)C. Solvent: Cc1ccc(C)cc1. Base: KOPiv. Reaction Temperature: 120 degrees centigrade. Reaction Concentration: 0.153 M. Palladium loading: 2.25 mol%. Ligand loading: 5 mol%. Base loading: 3 eq. What is the yield (%) and cost (US dollar per mol) of this reaction?","","-1,-1","[]"
"Here is a chemical reaction. Reactants are: Cn1cnc(C#N)c1, Fc1ccccc1Br. Product is: Cn1cnc(C#N)c1-c1ccccc1F. Reaction type is Pd catalyzed C-H arylation. The reaction conditions of this reaction are: Palladium Source: [PdCl(allyl)]2. Ligand: COc1ccc(OC)c(P(c2cc(C(F)(F)F)cc(C(F)(F)F)c2)c2cc(C(F)(F)F)cc(C(F)(F)F)c2)c1-c1c(C(C)C)cc(C(C)C)cc1C(C)C. Solvent: CC(=O)N(C)C. Base: KOPiv. Reaction Temperature: 90 degrees centigrade. Reaction Concentration: 0.1 M. Palladium loading: 2.25 mol%. Ligand loading: 5 mol%. Base loading: 3 eq. What is the yield (%) and cost (US dollar per mol) of this reaction?","","-1,-1","[]"
"Here is a chemical reaction. Reactants are: Cn1cnc(C#N)c1, Fc1ccccc1Br. Product is: Cn1cnc(C#N)c1-c1ccccc1F. Reaction type is Pd catalyzed C-H arylation. The reaction conditions of this reaction are: Palladium Source: [PdCl(allyl)]2. Ligand: COc1ccc(OC)c(P(c2cc(C(F)(F)F)cc(C(F)(F)F)c2)c2cc(C(F)(F)F)cc(C(F)(F)F)c2)c1-c1c(C(C)C)cc(C(C)C)cc1C(C)C. Solvent: CC(=O)N(C)C. Base: KOPiv. Reaction Temperature: 105 degrees centigrade. Reaction Concentration: 0.1 M. Palladium loading: 2.25 mol%. Ligand loading: 5 mol%. Base loading: 3 eq. What is the yield (%) and cost (US dollar per mol) of this reaction?","","-1,-1","[]"
"Here is a chemical reaction. Reactants are: Cn1cnc(C#N)c1, Fc1ccccc1Br. Product is: Cn1cnc(C#N)c1-c1ccccc1F. Reaction type is Pd catalyzed C-H arylation. The reaction conditions of this reaction are: Palladium Source: [PdCl(allyl)]2. Ligand: COc1ccc(OC)c(P(c2cc(C(F)(F)F)cc(C(F)(F)F)c2)c2cc(C(F)(F)F)cc(C(F)(F)F)c2)c1-c1c(C(C)C)cc(C(C)C)cc1C(C)C. Solvent: CC(=O)N(C)C. Base: KOPiv. Reaction Temperature: 120 degrees centigrade. Reaction Concentration: 0.1 M. Palladium loading: 2.25 mol%. Ligand loading: 5 mol%. Base loading: 3 eq. What is the yield (%) and cost (US dollar per mol) of this reaction?","","-1,-1","[]"
"Here is a chemical reaction. Reactants are: Cn1cnc(C#N)c1, Fc1ccccc1Br. Product is: Cn1cnc(C#N)c1-c1ccccc1F. Reaction type is Pd catalyzed C-H arylation. The reaction conditions of this reaction are: Palladium Source: [PdCl(allyl)]2. Ligand: COc1ccc(OC)c(P(c2cc(C(F)(F)F)cc(C(F)(F)F)c2)c2cc(C(F)(F)F)cc(C(F)(F)F)c2)c1-c1c(C(C)C)cc(C(C)C)cc1C(C)C. Solvent: CC(=O)N(C)C. Base: KOPiv. Reaction Temperature: 90 degrees centigrade. Reaction Concentration: 0.057 M. Palladium loading: 2.25 mol%. Ligand loading: 5 mol%. Base loading: 3 eq. What is the yield (%) and cost (US dollar per mol) of this reaction?","","-1,-1","[]"
"Here is a chemical reaction. Reactants are: Cn1cnc(C#N)c1, Fc1ccccc1Br. Product is: Cn1cnc(C#N)c1-c1ccccc1F. Reaction type is Pd catalyzed C-H arylation. The reaction conditions of this reaction are: Palladium Source: [PdCl(allyl)]2. Ligand: COc1ccc(OC)c(P(c2cc(C(F)(F)F)cc(C(F)(F)F)c2)c2cc(C(F)(F)F)cc(C(F)(F)F)c2)c1-c1c(C(C)C)cc(C(C)C)cc1C(C)C. Solvent: CC(=O)N(C)C. Base: KOPiv. Reaction Temperature: 105 degrees centigrade. Reaction Concentration: 0.057 M. Palladium loading: 2.25 mol%. Ligand loading: 5 mol%. Base loading: 3 eq. What is the yield (%) and cost (US dollar per mol) of this reaction?","","-1,-1","[]"
"Here is a chemical reaction. Reactants are: Cn1cnc(C#N)c1, Fc1ccccc1Br. Product is: Cn1cnc(C#N)c1-c1ccccc1F. Reaction type is Pd catalyzed C-H arylation. The reaction conditions of this reaction are: Palladium Source: [PdCl(allyl)]2. Ligand: COc1ccc(OC)c(P(c2cc(C(F)(F)F)cc(C(F)(F)F)c2)c2cc(C(F)(F)F)cc(C(F)(F)F)c2)c1-c1c(C(C)C)cc(C(C)C)cc1C(C)C. Solvent: CC(=O)N(C)C. Base: KOPiv. Reaction Temperature: 120 degrees centigrade. Reaction Concentration: 0.057 M. Palladium loading: 2.25 mol%. Ligand loading: 5 mol%. Base loading: 3 eq. What is the yield (%) and cost (US dollar per mol) of this reaction?","","-1,-1","[]"
"Here is a chemical reaction. Reactants are: Cn1cnc(C#N)c1, Fc1ccccc1Br. Product is: Cn1cnc(C#N)c1-c1ccccc1F. Reaction type is Pd catalyzed C-H arylation. The reaction conditions of this reaction are: Palladium Source: [PdCl(allyl)]2. Ligand: COc1ccc(OC)c(P(c2cc(C(F)(F)F)cc(C(F)(F)F)c2)c2cc(C(F)(F)F)cc(C(F)(F)F)c2)c1-c1c(C(C)C)cc(C(C)C)cc1C(C)C. Solvent: CC(=O)N(C)C. Base: KOPiv. Reaction Temperature: 90 degrees centigrade. Reaction Concentration: 0.153 M. Palladium loading: 2.25 mol%. Ligand loading: 5 mol%. Base loading: 3 eq. What is the yield (%) and cost (US dollar per mol) of this reaction?","","-1,-1","[]"
"Here is a chemical reaction. Reactants are: Cn1cnc(C#N)c1, Fc1ccccc1Br. Product is: Cn1cnc(C#N)c1-c1ccccc1F. Reaction type is Pd catalyzed C-H arylation. The reaction conditions of this reaction are: Palladium Source: [PdCl(allyl)]2. Ligand: COc1ccc(OC)c(P(c2cc(C(F)(F)F)cc(C(F)(F)F)c2)c2cc(C(F)(F)F)cc(C(F)(F)F)c2)c1-c1c(C(C)C)cc(C(C)C)cc1C(C)C. Solvent: CC(=O)N(C)C. Base: KOPiv. Reaction Temperature: 105 degrees centigrade. Reaction Concentration: 0.153 M. Palladium loading: 2.25 mol%. Ligand loading: 5 mol%. Base loading: 3 eq. What is the yield (%) and cost (US dollar per mol) of this reaction?","","-1,-1","[]"
"Here is a chemical reaction. Reactants are: Cn1cnc(C#N)c1, Fc1ccccc1Br. Product is: Cn1cnc(C#N)c1-c1ccccc1F. Reaction type is Pd catalyzed C-H arylation. The reaction conditions of this reaction are: Palladium Source: [PdCl(allyl)]2. Ligand: COc1ccc(OC)c(P(c2cc(C(F)(F)F)cc(C(F)(F)F)c2)c2cc(C(F)(F)F)cc(C(F)(F)F)c2)c1-c1c(C(C)C)cc(C(C)C)cc1C(C)C. Solvent: CC(=O)N(C)C. Base: KOPiv. Reaction Temperature: 120 degrees centigrade. Reaction Concentration: 0.153 M. Palladium loading: 2.25 mol%. Ligand loading: 5 mol%. Base loading: 3 eq. What is the yield (%) and cost (US dollar per mol) of this reaction?","","-1,-1","[]"
"Here is a chemical reaction. Reactants are: Cn1cnc(C#N)c1, Fc1ccccc1Br. Product is: Cn1cnc(C#N)c1-c1ccccc1F. Reaction type is Pd catalyzed C-H arylation. The reaction conditions of this reaction are: Palladium Source: [PdCl(allyl)]2. Ligand: COc1ccc(OC)c(P(c2cc(C(F)(F)F)cc(C(F)(F)F)c2)c2cc(C(F)(F)F)cc(C(F)(F)F)c2)c1-c1c(C(C)C)cc(C(C)C)cc1C(C)C. Solvent: CCCCOC(C)=O. Base: CsOPiv. Reaction Temperature: 90 degrees centigrade. Reaction Concentration: 0.1 M. Palladium loading: 2.25 mol%. Ligand loading: 5 mol%. Base loading: 3 eq. What is the yield (%) and cost (US dollar per mol) of this reaction?","","-1,-1","[]"
"Here is a chemical reaction. Reactants are: Cn1cnc(C#N)c1, Fc1ccccc1Br. Product is: Cn1cnc(C#N)c1-c1ccccc1F. Reaction type is Pd catalyzed C-H arylation. The reaction conditions of this reaction are: Palladium Source: [PdCl(allyl)]2. Ligand: COc1ccc(OC)c(P(c2cc(C(F)(F)F)cc(C(F)(F)F)c2)c2cc(C(F)(F)F)cc(C(F)(F)F)c2)c1-c1c(C(C)C)cc(C(C)C)cc1C(C)C. Solvent: CCCCOC(C)=O. Base: CsOPiv. Reaction Temperature: 105 degrees centigrade. Reaction Concentration: 0.1 M. Palladium loading: 2.25 mol%. Ligand loading: 5 mol%. Base loading: 3 eq. What is the yield (%) and cost (US dollar per mol) of this reaction?","","-1,-1","[]"
"Here is a chemical reaction. Reactants are: Cn1cnc(C#N)c1, Fc1ccccc1Br. Product is: Cn1cnc(C#N)c1-c1ccccc1F. Reaction type is Pd catalyzed C-H arylation. The reaction conditions of this reaction are: Palladium Source: [PdCl(allyl)]2. Ligand: COc1ccc(OC)c(P(c2cc(C(F)(F)F)cc(C(F)(F)F)c2)c2cc(C(F)(F)F)cc(C(F)(F)F)c2)c1-c1c(C(C)C)cc(C(C)C)cc1C(C)C. Solvent: CCCCOC(C)=O. Base: CsOPiv. Reaction Temperature: 120 degrees centigrade. Reaction Concentration: 0.1 M. Palladium loading: 2.25 mol%. Ligand loading: 5 mol%. Base loading: 3 eq. What is the yield (%) and cost (US dollar per mol) of this reaction?","","-1,-1","[]"
"Here is a chemical reaction. Reactants are: Cn1cnc(C#N)c1, Fc1ccccc1Br. Product is: Cn1cnc(C#N)c1-c1ccccc1F. Reaction type is Pd catalyzed C-H arylation. The reaction conditions of this reaction are: Palladium Source: [PdCl(allyl)]2. Ligand: COc1ccc(OC)c(P(c2cc(C(F)(F)F)cc(C(F)(F)F)c2)c2cc(C(F)(F)F)cc(C(F)(F)F)c2)c1-c1c(C(C)C)cc(C(C)C)cc1C(C)C. Solvent: CCCCOC(C)=O. Base: CsOPiv. Reaction Temperature: 90 degrees centigrade. Reaction Concentration: 0.057 M. Palladium loading: 2.25 mol%. Ligand loading: 5 mol%. Base loading: 3 eq. What is the yield (%) and cost (US dollar per mol) of this reaction?","","-1,-1","[]"
"Here is a chemical reaction. Reactants are: Cn1cnc(C#N)c1, Fc1ccccc1Br. Product is: Cn1cnc(C#N)c1-c1ccccc1F. Reaction type is Pd catalyzed C-H arylation. The reaction conditions of this reaction are: Palladium Source: [PdCl(allyl)]2. Ligand: COc1ccc(OC)c(P(c2cc(C(F)(F)F)cc(C(F)(F)F)c2)c2cc(C(F)(F)F)cc(C(F)(F)F)c2)c1-c1c(C(C)C)cc(C(C)C)cc1C(C)C. Solvent: CCCCOC(C)=O. Base: CsOPiv. Reaction Temperature: 105 degrees centigrade. Reaction Concentration: 0.057 M. Palladium loading: 2.25 mol%. Ligand loading: 5 mol%. Base loading: 3 eq. What is the yield (%) and cost (US dollar per mol) of this reaction?","","-1,-1","[]"
"Here is a chemical reaction. Reactants are: Cn1cnc(C#N)c1, Fc1ccccc1Br. Product is: Cn1cnc(C#N)c1-c1ccccc1F. Reaction type is Pd catalyzed C-H arylation. The reaction conditions of this reaction are: Palladium Source: [PdCl(allyl)]2. Ligand: COc1ccc(OC)c(P(c2cc(C(F)(F)F)cc(C(F)(F)F)c2)c2cc(C(F)(F)F)cc(C(F)(F)F)c2)c1-c1c(C(C)C)cc(C(C)C)cc1C(C)C. Solvent: CCCCOC(C)=O. Base: CsOPiv. Reaction Temperature: 120 degrees centigrade. Reaction Concentration: 0.057 M. Palladium loading: 2.25 mol%. Ligand loading: 5 mol%. Base loading: 3 eq. What is the yield (%) and cost (US dollar per mol) of this reaction?","","-1,-1","[]"
"Here is a chemical reaction. Reactants are: Cn1cnc(C#N)c1, Fc1ccccc1Br. Product is: Cn1cnc(C#N)c1-c1ccccc1F. Reaction type is Pd catalyzed C-H arylation. The reaction conditions of this reaction are: Palladium Source: [PdCl(allyl)]2. Ligand: COc1ccc(OC)c(P(c2cc(C(F)(F)F)cc(C(F)(F)F)c2)c2cc(C(F)(F)F)cc(C(F)(F)F)c2)c1-c1c(C(C)C)cc(C(C)C)cc1C(C)C. Solvent: CCCCOC(C)=O. Base: CsOPiv. Reaction Temperature: 90 degrees centigrade. Reaction Concentration: 0.153 M. Palladium loading: 2.25 mol%. Ligand loading: 5 mol%. Base loading: 3 eq. What is the yield (%) and cost (US dollar per mol) of this reaction?","","-1,-1","[]"
"Here is a chemical reaction. Reactants are: Cn1cnc(C#N)c1, Fc1ccccc1Br. Product is: Cn1cnc(C#N)c1-c1ccccc1F. Reaction type is Pd catalyzed C-H arylation. The reaction conditions of this reaction are: Palladium Source: [PdCl(allyl)]2. Ligand: COc1ccc(OC)c(P(c2cc(C(F)(F)F)cc(C(F)(F)F)c2)c2cc(C(F)(F)F)cc(C(F)(F)F)c2)c1-c1c(C(C)C)cc(C(C)C)cc1C(C)C. Solvent: CCCCOC(C)=O. Base: CsOPiv. Reaction Temperature: 105 degrees centigrade. Reaction Concentration: 0.153 M. Palladium loading: 2.25 mol%. Ligand loading: 5 mol%. Base loading: 3 eq. What is the yield (%) and cost (US dollar per mol) of this reaction?","","-1,-1","[]"
"Here is a chemical reaction. Reactants are: Cn1cnc(C#N)c1, Fc1ccccc1Br. Product is: Cn1cnc(C#N)c1-c1ccccc1F. Reaction type is Pd catalyzed C-H arylation. The reaction conditions of this reaction are: Palladium Source: [PdCl(allyl)]2. Ligand: COc1ccc(OC)c(P(c2cc(C(F)(F)F)cc(C(F)(F)F)c2)c2cc(C(F)(F)F)cc(C(F)(F)F)c2)c1-c1c(C(C)C)cc(C(C)C)cc1C(C)C. Solvent: CCCCOC(C)=O. Base: CsOPiv. Reaction Temperature: 120 degrees centigrade. Reaction Concentration: 0.153 M. Palladium loading: 2.25 mol%. Ligand loading: 5 mol%. Base loading: 3 eq. What is the yield (%) and cost (US dollar per mol) of this reaction?","","-1,-1","[]"
"Here is a chemical reaction. Reactants are: Cn1cnc(C#N)c1, Fc1ccccc1Br. Product is: Cn1cnc(C#N)c1-c1ccccc1F. Reaction type is Pd catalyzed C-H arylation. The reaction conditions of this reaction are: Palladium Source: [PdCl(allyl)]2. Ligand: COc1ccc(OC)c(P(c2cc(C(F)(F)F)cc(C(F)(F)F)c2)c2cc(C(F)(F)F)cc(C(F)(F)F)c2)c1-c1c(C(C)C)cc(C(C)C)cc1C(C)C. Solvent: CCCC#N. Base: CsOPiv. Reaction Temperature: 90 degrees centigrade. Reaction Concentration: 0.1 M. Palladium loading: 2.25 mol%. Ligand loading: 5 mol%. Base loading: 3 eq. What is the yield (%) and cost (US dollar per mol) of this reaction?","","-1,-1","[]"
"Here is a chemical reaction. Reactants are: Cn1cnc(C#N)c1, Fc1ccccc1Br. Product is: Cn1cnc(C#N)c1-c1ccccc1F. Reaction type is Pd catalyzed C-H arylation. The reaction conditions of this reaction are: Palladium Source: [PdCl(allyl)]2. Ligand: COc1ccc(OC)c(P(c2cc(C(F)(F)F)cc(C(F)(F)F)c2)c2cc(C(F)(F)F)cc(C(F)(F)F)c2)c1-c1c(C(C)C)cc(C(C)C)cc1C(C)C. Solvent: CCCC#N. Base: CsOPiv. Reaction Temperature: 105 degrees centigrade. Reaction Concentration: 0.1 M. Palladium loading: 2.25 mol%. Ligand loading: 5 mol%. Base loading: 3 eq. What is the yield (%) and cost (US dollar per mol) of this reaction?","","-1,-1","[]"
"Here is a chemical reaction. Reactants are: Cn1cnc(C#N)c1, Fc1ccccc1Br. Product is: Cn1cnc(C#N)c1-c1ccccc1F. Reaction type is Pd catalyzed C-H arylation. The reaction conditions of this reaction are: Palladium Source: [PdCl(allyl)]2. Ligand: COc1ccc(OC)c(P(c2cc(C(F)(F)F)cc(C(F)(F)F)c2)c2cc(C(F)(F)F)cc(C(F)(F)F)c2)c1-c1c(C(C)C)cc(C(C)C)cc1C(C)C. Solvent: CCCC#N. Base: CsOPiv. Reaction Temperature: 120 degrees centigrade. Reaction Concentration: 0.1 M. Palladium loading: 2.25 mol%. Ligand loading: 5 mol%. Base loading: 3 eq. What is the yield (%) and cost (US dollar per mol) of this reaction?","","-1,-1","[]"
"Here is a chemical reaction. Reactants are: Cn1cnc(C#N)c1, Fc1ccccc1Br. Product is: Cn1cnc(C#N)c1-c1ccccc1F. Reaction type is Pd catalyzed C-H arylation. The reaction conditions of this reaction are: Palladium Source: [PdCl(allyl)]2. Ligand: COc1ccc(OC)c(P(c2cc(C(F)(F)F)cc(C(F)(F)F)c2)c2cc(C(F)(F)F)cc(C(F)(F)F)c2)c1-c1c(C(C)C)cc(C(C)C)cc1C(C)C. Solvent: CCCC#N. Base: CsOPiv. Reaction Temperature: 90 degrees centigrade. Reaction Concentration: 0.057 M. Palladium loading: 2.25 mol%. Ligand loading: 5 mol%. Base loading: 3 eq. What is the yield (%) and cost (US dollar per mol) of this reaction?","","-1,-1","[]"
"Here is a chemical reaction. Reactants are: Cn1cnc(C#N)c1, Fc1ccccc1Br. Product is: Cn1cnc(C#N)c1-c1ccccc1F. Reaction type is Pd catalyzed C-H arylation. The reaction conditions of this reaction are: Palladium Source: [PdCl(allyl)]2. Ligand: COc1ccc(OC)c(P(c2cc(C(F)(F)F)cc(C(F)(F)F)c2)c2cc(C(F)(F)F)cc(C(F)(F)F)c2)c1-c1c(C(C)C)cc(C(C)C)cc1C(C)C. Solvent: CCCC#N. Base: CsOPiv. Reaction Temperature: 105 degrees centigrade. Reaction Concentration: 0.057 M. Palladium loading: 2.25 mol%. Ligand loading: 5 mol%. Base loading: 3 eq. What is the yield (%) and cost (US dollar per mol) of this reaction?","","-1,-1","[]"
"Here is a chemical reaction. Reactants are: Cn1cnc(C#N)c1, Fc1ccccc1Br. Product is: Cn1cnc(C#N)c1-c1ccccc1F. Reaction type is Pd catalyzed C-H arylation. The reaction conditions of this reaction are: Palladium Source: [PdCl(allyl)]2. Ligand: COc1ccc(OC)c(P(c2cc(C(F)(F)F)cc(C(F)(F)F)c2)c2cc(C(F)(F)F)cc(C(F)(F)F)c2)c1-c1c(C(C)C)cc(C(C)C)cc1C(C)C. Solvent: CCCC#N. Base: CsOPiv. Reaction Temperature: 120 degrees centigrade. Reaction Concentration: 0.057 M. Palladium loading: 2.25 mol%. Ligand loading: 5 mol%. Base loading: 3 eq. What is the yield (%) and cost (US dollar per mol) of this reaction?","","-1,-1","[]"
"Here is a chemical reaction. Reactants are: Cn1cnc(C#N)c1, Fc1ccccc1Br. Product is: Cn1cnc(C#N)c1-c1ccccc1F. Reaction type is Pd catalyzed C-H arylation. The reaction conditions of this reaction are: Palladium Source: [PdCl(allyl)]2. Ligand: COc1ccc(OC)c(P(c2cc(C(F)(F)F)cc(C(F)(F)F)c2)c2cc(C(F)(F)F)cc(C(F)(F)F)c2)c1-c1c(C(C)C)cc(C(C)C)cc1C(C)C. Solvent: CCCC#N. Base: CsOPiv. Reaction Temperature: 90 degrees centigrade. Reaction Concentration: 0.153 M. Palladium loading: 2.25 mol%. Ligand loading: 5 mol%. Base loading: 3 eq. What is the yield (%) and cost (US dollar per mol) of this reaction?","","-1,-1","[]"
"Here is a chemical reaction. Reactants are: Cn1cnc(C#N)c1, Fc1ccccc1Br. Product is: Cn1cnc(C#N)c1-c1ccccc1F. Reaction type is Pd catalyzed C-H arylation. The reaction conditions of this reaction are: Palladium Source: [PdCl(allyl)]2. Ligand: COc1ccc(OC)c(P(c2cc(C(F)(F)F)cc(C(F)(F)F)c2)c2cc(C(F)(F)F)cc(C(F)(F)F)c2)c1-c1c(C(C)C)cc(C(C)C)cc1C(C)C. Solvent: CCCC#N. Base: CsOPiv. Reaction Temperature: 105 degrees centigrade. Reaction Concentration: 0.153 M. Palladium loading: 2.25 mol%. Ligand loading: 5 mol%. Base loading: 3 eq. What is the yield (%) and cost (US dollar per mol) of this reaction?","","-1,-1","[]"
"Here is a chemical reaction. Reactants are: Cn1cnc(C#N)c1, Fc1ccccc1Br. Product is: Cn1cnc(C#N)c1-c1ccccc1F. Reaction type is Pd catalyzed C-H arylation. The reaction conditions of this reaction are: Palladium Source: [PdCl(allyl)]2. Ligand: COc1ccc(OC)c(P(c2cc(C(F)(F)F)cc(C(F)(F)F)c2)c2cc(C(F)(F)F)cc(C(F)(F)F)c2)c1-c1c(C(C)C)cc(C(C)C)cc1C(C)C. Solvent: CCCC#N. Base: CsOPiv. Reaction Temperature: 120 degrees centigrade. Reaction Concentration: 0.153 M. Palladium loading: 2.25 mol%. Ligand loading: 5 mol%. Base loading: 3 eq. What is the yield (%) and cost (US dollar per mol) of this reaction?","","-1,-1","[]"
"Here is a chemical reaction. Reactants are: Cn1cnc(C#N)c1, Fc1ccccc1Br. Product is: Cn1cnc(C#N)c1-c1ccccc1F. Reaction type is Pd catalyzed C-H arylation. The reaction conditions of this reaction are: Palladium Source: [PdCl(allyl)]2. Ligand: COc1ccc(OC)c(P(c2cc(C(F)(F)F)cc(C(F)(F)F)c2)c2cc(C(F)(F)F)cc(C(F)(F)F)c2)c1-c1c(C(C)C)cc(C(C)C)cc1C(C)C. Solvent: Cc1ccc(C)cc1. Base: CsOPiv. Reaction Temperature: 90 degrees centigrade. Reaction Concentration: 0.1 M. Palladium loading: 2.25 mol%. Ligand loading: 5 mol%. Base loading: 3 eq. What is the yield (%) and cost (US dollar per mol) of this reaction?","","-1,-1","[]"
"Here is a chemical reaction. Reactants are: Cn1cnc(C#N)c1, Fc1ccccc1Br. Product is: Cn1cnc(C#N)c1-c1ccccc1F. Reaction type is Pd catalyzed C-H arylation. The reaction conditions of this reaction are: Palladium Source: [PdCl(allyl)]2. Ligand: COc1ccc(OC)c(P(c2cc(C(F)(F)F)cc(C(F)(F)F)c2)c2cc(C(F)(F)F)cc(C(F)(F)F)c2)c1-c1c(C(C)C)cc(C(C)C)cc1C(C)C. Solvent: Cc1ccc(C)cc1. Base: CsOPiv. Reaction Temperature: 105 degrees centigrade. Reaction Concentration: 0.1 M. Palladium loading: 2.25 mol%. Ligand loading: 5 mol%. Base loading: 3 eq. What is the yield (%) and cost (US dollar per mol) of this reaction?","","-1,-1","[]"
"Here is a chemical reaction. Reactants are: Cn1cnc(C#N)c1, Fc1ccccc1Br. Product is: Cn1cnc(C#N)c1-c1ccccc1F. Reaction type is Pd catalyzed C-H arylation. The reaction conditions of this reaction are: Palladium Source: [PdCl(allyl)]2. Ligand: COc1ccc(OC)c(P(c2cc(C(F)(F)F)cc(C(F)(F)F)c2)c2cc(C(F)(F)F)cc(C(F)(F)F)c2)c1-c1c(C(C)C)cc(C(C)C)cc1C(C)C. Solvent: Cc1ccc(C)cc1. Base: CsOPiv. Reaction Temperature: 120 degrees centigrade. Reaction Concentration: 0.1 M. Palladium loading: 2.25 mol%. Ligand loading: 5 mol%. Base loading: 3 eq. What is the yield (%) and cost (US dollar per mol) of this reaction?","","-1,-1","[]"
"Here is a chemical reaction. Reactants are: Cn1cnc(C#N)c1, Fc1ccccc1Br. Product is: Cn1cnc(C#N)c1-c1ccccc1F. Reaction type is Pd catalyzed C-H arylation. The reaction conditions of this reaction are: Palladium Source: [PdCl(allyl)]2. Ligand: COc1ccc(OC)c(P(c2cc(C(F)(F)F)cc(C(F)(F)F)c2)c2cc(C(F)(F)F)cc(C(F)(F)F)c2)c1-c1c(C(C)C)cc(C(C)C)cc1C(C)C. Solvent: Cc1ccc(C)cc1. Base: CsOPiv. Reaction Temperature: 90 degrees centigrade. Reaction Concentration: 0.057 M. Palladium loading: 2.25 mol%. Ligand loading: 5 mol%. Base loading: 3 eq. What is the yield (%) and cost (US dollar per mol) of this reaction?","","-1,-1","[]"
"Here is a chemical reaction. Reactants are: Cn1cnc(C#N)c1, Fc1ccccc1Br. Product is: Cn1cnc(C#N)c1-c1ccccc1F. Reaction type is Pd catalyzed C-H arylation. The reaction conditions of this reaction are: Palladium Source: [PdCl(allyl)]2. Ligand: COc1ccc(OC)c(P(c2cc(C(F)(F)F)cc(C(F)(F)F)c2)c2cc(C(F)(F)F)cc(C(F)(F)F)c2)c1-c1c(C(C)C)cc(C(C)C)cc1C(C)C. Solvent: Cc1ccc(C)cc1. Base: CsOPiv. Reaction Temperature: 105 degrees centigrade. Reaction Concentration: 0.057 M. Palladium loading: 2.25 mol%. Ligand loading: 5 mol%. Base loading: 3 eq. What is the yield (%) and cost (US dollar per mol) of this reaction?","","-1,-1","[]"
"Here is a chemical reaction. Reactants are: Cn1cnc(C#N)c1, Fc1ccccc1Br. Product is: Cn1cnc(C#N)c1-c1ccccc1F. Reaction type is Pd catalyzed C-H arylation. The reaction conditions of this reaction are: Palladium Source: [PdCl(allyl)]2. Ligand: COc1ccc(OC)c(P(c2cc(C(F)(F)F)cc(C(F)(F)F)c2)c2cc(C(F)(F)F)cc(C(F)(F)F)c2)c1-c1c(C(C)C)cc(C(C)C)cc1C(C)C. Solvent: Cc1ccc(C)cc1. Base: CsOPiv. Reaction Temperature: 120 degrees centigrade. Reaction Concentration: 0.057 M. Palladium loading: 2.25 mol%. Ligand loading: 5 mol%. Base loading: 3 eq. What is the yield (%) and cost (US dollar per mol) of this reaction?","","-1,-1","[]"
"Here is a chemical reaction. Reactants are: Cn1cnc(C#N)c1, Fc1ccccc1Br. Product is: Cn1cnc(C#N)c1-c1ccccc1F. Reaction type is Pd catalyzed C-H arylation. The reaction conditions of this reaction are: Palladium Source: [PdCl(allyl)]2. Ligand: COc1ccc(OC)c(P(c2cc(C(F)(F)F)cc(C(F)(F)F)c2)c2cc(C(F)(F)F)cc(C(F)(F)F)c2)c1-c1c(C(C)C)cc(C(C)C)cc1C(C)C. Solvent: Cc1ccc(C)cc1. Base: CsOPiv. Reaction Temperature: 90 degrees centigrade. Reaction Concentration: 0.153 M. Palladium loading: 2.25 mol%. Ligand loading: 5 mol%. Base loading: 3 eq. What is the yield (%) and cost (US dollar per mol) of this reaction?","","-1,-1","[]"
"Here is a chemical reaction. Reactants are: Cn1cnc(C#N)c1, Fc1ccccc1Br. Product is: Cn1cnc(C#N)c1-c1ccccc1F. Reaction type is Pd catalyzed C-H arylation. The reaction conditions of this reaction are: Palladium Source: [PdCl(allyl)]2. Ligand: COc1ccc(OC)c(P(c2cc(C(F)(F)F)cc(C(F)(F)F)c2)c2cc(C(F)(F)F)cc(C(F)(F)F)c2)c1-c1c(C(C)C)cc(C(C)C)cc1C(C)C. Solvent: Cc1ccc(C)cc1. Base: CsOPiv. Reaction Temperature: 105 degrees centigrade. Reaction Concentration: 0.153 M. Palladium loading: 2.25 mol%. Ligand loading: 5 mol%. Base loading: 3 eq. What is the yield (%) and cost (US dollar per mol) of this reaction?","","-1,-1","[]"
"Here is a chemical reaction. Reactants are: Cn1cnc(C#N)c1, Fc1ccccc1Br. Product is: Cn1cnc(C#N)c1-c1ccccc1F. Reaction type is Pd catalyzed C-H arylation. The reaction conditions of this reaction are: Palladium Source: [PdCl(allyl)]2. Ligand: COc1ccc(OC)c(P(c2cc(C(F)(F)F)cc(C(F)(F)F)c2)c2cc(C(F)(F)F)cc(C(F)(F)F)c2)c1-c1c(C(C)C)cc(C(C)C)cc1C(C)C. Solvent: Cc1ccc(C)cc1. Base: CsOPiv. Reaction Temperature: 120 degrees centigrade. Reaction Concentration: 0.153 M. Palladium loading: 2.25 mol%. Ligand loading: 5 mol%. Base loading: 3 eq. What is the yield (%) and cost (US dollar per mol) of this reaction?","","-1,-1","[]"
"Here is a chemical reaction. Reactants are: Cn1cnc(C#N)c1, Fc1ccccc1Br. Product is: Cn1cnc(C#N)c1-c1ccccc1F. Reaction type is Pd catalyzed C-H arylation. The reaction conditions of this reaction are: Palladium Source: [PdCl(allyl)]2. Ligand: COc1ccc(OC)c(P(c2cc(C(F)(F)F)cc(C(F)(F)F)c2)c2cc(C(F)(F)F)cc(C(F)(F)F)c2)c1-c1c(C(C)C)cc(C(C)C)cc1C(C)C. Solvent: CC(=O)N(C)C. Base: CsOPiv. Reaction Temperature: 90 degrees centigrade. Reaction Concentration: 0.1 M. Palladium loading: 2.25 mol%. Ligand loading: 5 mol%. Base loading: 3 eq. What is the yield (%) and cost (US dollar per mol) of this reaction?","","-1,-1","[]"
"Here is a chemical reaction. Reactants are: Cn1cnc(C#N)c1, Fc1ccccc1Br. Product is: Cn1cnc(C#N)c1-c1ccccc1F. Reaction type is Pd catalyzed C-H arylation. The reaction conditions of this reaction are: Palladium Source: [PdCl(allyl)]2. Ligand: COc1ccc(OC)c(P(c2cc(C(F)(F)F)cc(C(F)(F)F)c2)c2cc(C(F)(F)F)cc(C(F)(F)F)c2)c1-c1c(C(C)C)cc(C(C)C)cc1C(C)C. Solvent: CC(=O)N(C)C. Base: CsOPiv. Reaction Temperature: 105 degrees centigrade. Reaction Concentration: 0.1 M. Palladium loading: 2.25 mol%. Ligand loading: 5 mol%. Base loading: 3 eq. What is the yield (%) and cost (US dollar per mol) of this reaction?","","-1,-1","[]"
"Here is a chemical reaction. Reactants are: Cn1cnc(C#N)c1, Fc1ccccc1Br. Product is: Cn1cnc(C#N)c1-c1ccccc1F. Reaction type is Pd catalyzed C-H arylation. The reaction conditions of this reaction are: Palladium Source: [PdCl(allyl)]2. Ligand: COc1ccc(OC)c(P(c2cc(C(F)(F)F)cc(C(F)(F)F)c2)c2cc(C(F)(F)F)cc(C(F)(F)F)c2)c1-c1c(C(C)C)cc(C(C)C)cc1C(C)C. Solvent: CC(=O)N(C)C. Base: CsOPiv. Reaction Temperature: 120 degrees centigrade. Reaction Concentration: 0.1 M. Palladium loading: 2.25 mol%. Ligand loading: 5 mol%. Base loading: 3 eq. What is the yield (%) and cost (US dollar per mol) of this reaction?","","-1,-1","[]"
"Here is a chemical reaction. Reactants are: Cn1cnc(C#N)c1, Fc1ccccc1Br. Product is: Cn1cnc(C#N)c1-c1ccccc1F. Reaction type is Pd catalyzed C-H arylation. The reaction conditions of this reaction are: Palladium Source: [PdCl(allyl)]2. Ligand: COc1ccc(OC)c(P(c2cc(C(F)(F)F)cc(C(F)(F)F)c2)c2cc(C(F)(F)F)cc(C(F)(F)F)c2)c1-c1c(C(C)C)cc(C(C)C)cc1C(C)C. Solvent: CC(=O)N(C)C. Base: CsOPiv. Reaction Temperature: 90 degrees centigrade. Reaction Concentration: 0.057 M. Palladium loading: 2.25 mol%. Ligand loading: 5 mol%. Base loading: 3 eq. What is the yield (%) and cost (US dollar per mol) of this reaction?","","-1,-1","[]"
"Here is a chemical reaction. Reactants are: Cn1cnc(C#N)c1, Fc1ccccc1Br. Product is: Cn1cnc(C#N)c1-c1ccccc1F. Reaction type is Pd catalyzed C-H arylation. The reaction conditions of this reaction are: Palladium Source: [PdCl(allyl)]2. Ligand: COc1ccc(OC)c(P(c2cc(C(F)(F)F)cc(C(F)(F)F)c2)c2cc(C(F)(F)F)cc(C(F)(F)F)c2)c1-c1c(C(C)C)cc(C(C)C)cc1C(C)C. Solvent: CC(=O)N(C)C. Base: CsOPiv. Reaction Temperature: 105 degrees centigrade. Reaction Concentration: 0.057 M. Palladium loading: 2.25 mol%. Ligand loading: 5 mol%. Base loading: 3 eq. What is the yield (%) and cost (US dollar per mol) of this reaction?","","-1,-1","[]"
"Here is a chemical reaction. Reactants are: Cn1cnc(C#N)c1, Fc1ccccc1Br. Product is: Cn1cnc(C#N)c1-c1ccccc1F. Reaction type is Pd catalyzed C-H arylation. The reaction conditions of this reaction are: Palladium Source: [PdCl(allyl)]2. Ligand: COc1ccc(OC)c(P(c2cc(C(F)(F)F)cc(C(F)(F)F)c2)c2cc(C(F)(F)F)cc(C(F)(F)F)c2)c1-c1c(C(C)C)cc(C(C)C)cc1C(C)C. Solvent: CC(=O)N(C)C. Base: CsOPiv. Reaction Temperature: 120 degrees centigrade. Reaction Concentration: 0.057 M. Palladium loading: 2.25 mol%. Ligand loading: 5 mol%. Base loading: 3 eq. What is the yield (%) and cost (US dollar per mol) of this reaction?","","-1,-1","[]"
"Here is a chemical reaction. Reactants are: Cn1cnc(C#N)c1, Fc1ccccc1Br. Product is: Cn1cnc(C#N)c1-c1ccccc1F. Reaction type is Pd catalyzed C-H arylation. The reaction conditions of this reaction are: Palladium Source: [PdCl(allyl)]2. Ligand: COc1ccc(OC)c(P(c2cc(C(F)(F)F)cc(C(F)(F)F)c2)c2cc(C(F)(F)F)cc(C(F)(F)F)c2)c1-c1c(C(C)C)cc(C(C)C)cc1C(C)C. Solvent: CC(=O)N(C)C. Base: CsOPiv. Reaction Temperature: 90 degrees centigrade. Reaction Concentration: 0.153 M. Palladium loading: 2.25 mol%. Ligand loading: 5 mol%. Base loading: 3 eq. What is the yield (%) and cost (US dollar per mol) of this reaction?","","-1,-1","[]"
"Here is a chemical reaction. Reactants are: Cn1cnc(C#N)c1, Fc1ccccc1Br. Product is: Cn1cnc(C#N)c1-c1ccccc1F. Reaction type is Pd catalyzed C-H arylation. The reaction conditions of this reaction are: Palladium Source: [PdCl(allyl)]2. Ligand: COc1ccc(OC)c(P(c2cc(C(F)(F)F)cc(C(F)(F)F)c2)c2cc(C(F)(F)F)cc(C(F)(F)F)c2)c1-c1c(C(C)C)cc(C(C)C)cc1C(C)C. Solvent: CC(=O)N(C)C. Base: CsOPiv. Reaction Temperature: 105 degrees centigrade. Reaction Concentration: 0.153 M. Palladium loading: 2.25 mol%. Ligand loading: 5 mol%. Base loading: 3 eq. What is the yield (%) and cost (US dollar per mol) of this reaction?","","-1,-1","[]"
"Here is a chemical reaction. Reactants are: Cn1cnc(C#N)c1, Fc1ccccc1Br. Product is: Cn1cnc(C#N)c1-c1ccccc1F. Reaction type is Pd catalyzed C-H arylation. The reaction conditions of this reaction are: Palladium Source: [PdCl(allyl)]2. Ligand: COc1ccc(OC)c(P(c2cc(C(F)(F)F)cc(C(F)(F)F)c2)c2cc(C(F)(F)F)cc(C(F)(F)F)c2)c1-c1c(C(C)C)cc(C(C)C)cc1C(C)C. Solvent: CC(=O)N(C)C. Base: CsOPiv. Reaction Temperature: 120 degrees centigrade. Reaction Concentration: 0.153 M. Palladium loading: 2.25 mol%. Ligand loading: 5 mol%. Base loading: 3 eq. What is the yield (%) and cost (US dollar per mol) of this reaction?","","-1,-1","[]"
"Here is a chemical reaction. Reactants are: Cn1cnc(C#N)c1, Fc1ccccc1Br. Product is: Cn1cnc(C#N)c1-c1ccccc1F. Reaction type is Pd catalyzed C-H arylation. The reaction conditions of this reaction are: Palladium Source: [PdCl(allyl)]2. Ligand: CC12C[C@]3(C)O[C@@](C)(C[C@@](C)(O3)P1c1ccccc1)O2. Solvent: CCCCOC(C)=O. Base: KOAc. Reaction Temperature: 90 degrees centigrade. Reaction Concentration: 0.1 M. Palladium loading: 2.25 mol%. Ligand loading: 5 mol%. Base loading: 3 eq. What is the yield (%) and cost (US dollar per mol) of this reaction?","","-1,-1","[]"
"Here is a chemical reaction. Reactants are: Cn1cnc(C#N)c1, Fc1ccccc1Br. Product is: Cn1cnc(C#N)c1-c1ccccc1F. Reaction type is Pd catalyzed C-H arylation. The reaction conditions of this reaction are: Palladium Source: [PdCl(allyl)]2. Ligand: CC12C[C@]3(C)O[C@@](C)(C[C@@](C)(O3)P1c1ccccc1)O2. Solvent: CCCCOC(C)=O. Base: KOAc. Reaction Temperature: 105 degrees centigrade. Reaction Concentration: 0.1 M. Palladium loading: 2.25 mol%. Ligand loading: 5 mol%. Base loading: 3 eq. What is the yield (%) and cost (US dollar per mol) of this reaction?","","-1,-1","[]"
"Here is a chemical reaction. Reactants are: Cn1cnc(C#N)c1, Fc1ccccc1Br. Product is: Cn1cnc(C#N)c1-c1ccccc1F. Reaction type is Pd catalyzed C-H arylation. The reaction conditions of this reaction are: Palladium Source: [PdCl(allyl)]2. Ligand: CC12C[C@]3(C)O[C@@](C)(C[C@@](C)(O3)P1c1ccccc1)O2. Solvent: CCCCOC(C)=O. Base: KOAc. Reaction Temperature: 120 degrees centigrade. Reaction Concentration: 0.1 M. Palladium loading: 2.25 mol%. Ligand loading: 5 mol%. Base loading: 3 eq. What is the yield (%) and cost (US dollar per mol) of this reaction?","","-1,-1","[]"
"Here is a chemical reaction. Reactants are: Cn1cnc(C#N)c1, Fc1ccccc1Br. Product is: Cn1cnc(C#N)c1-c1ccccc1F. Reaction type is Pd catalyzed C-H arylation. The reaction conditions of this reaction are: Palladium Source: [PdCl(allyl)]2. Ligand: CC12C[C@]3(C)O[C@@](C)(C[C@@](C)(O3)P1c1ccccc1)O2. Solvent: CCCCOC(C)=O. Base: KOAc. Reaction Temperature: 90 degrees centigrade. Reaction Concentration: 0.057 M. Palladium loading: 2.25 mol%. Ligand loading: 5 mol%. Base loading: 3 eq. What is the yield (%) and cost (US dollar per mol) of this reaction?","","-1,-1","[]"
"Here is a chemical reaction. Reactants are: Cn1cnc(C#N)c1, Fc1ccccc1Br. Product is: Cn1cnc(C#N)c1-c1ccccc1F. Reaction type is Pd catalyzed C-H arylation. The reaction conditions of this reaction are: Palladium Source: [PdCl(allyl)]2. Ligand: CC12C[C@]3(C)O[C@@](C)(C[C@@](C)(O3)P1c1ccccc1)O2. Solvent: CCCCOC(C)=O. Base: KOAc. Reaction Temperature: 105 degrees centigrade. Reaction Concentration: 0.057 M. Palladium loading: 2.25 mol%. Ligand loading: 5 mol%. Base loading: 3 eq. What is the yield (%) and cost (US dollar per mol) of this reaction?","","-1,-1","[]"
"Here is a chemical reaction. Reactants are: Cn1cnc(C#N)c1, Fc1ccccc1Br. Product is: Cn1cnc(C#N)c1-c1ccccc1F. Reaction type is Pd catalyzed C-H arylation. The reaction conditions of this reaction are: Palladium Source: [PdCl(allyl)]2. Ligand: CC12C[C@]3(C)O[C@@](C)(C[C@@](C)(O3)P1c1ccccc1)O2. Solvent: CCCCOC(C)=O. Base: KOAc. Reaction Temperature: 120 degrees centigrade. Reaction Concentration: 0.057 M. Palladium loading: 2.25 mol%. Ligand loading: 5 mol%. Base loading: 3 eq. What is the yield (%) and cost (US dollar per mol) of this reaction?","","-1,-1","[]"
"Here is a chemical reaction. Reactants are: Cn1cnc(C#N)c1, Fc1ccccc1Br. Product is: Cn1cnc(C#N)c1-c1ccccc1F. Reaction type is Pd catalyzed C-H arylation. The reaction conditions of this reaction are: Palladium Source: [PdCl(allyl)]2. Ligand: CC12C[C@]3(C)O[C@@](C)(C[C@@](C)(O3)P1c1ccccc1)O2. Solvent: CCCCOC(C)=O. Base: KOAc. Reaction Temperature: 90 degrees centigrade. Reaction Concentration: 0.153 M. Palladium loading: 2.25 mol%. Ligand loading: 5 mol%. Base loading: 3 eq. What is the yield (%) and cost (US dollar per mol) of this reaction?","","-1,-1","[]"
"Here is a chemical reaction. Reactants are: Cn1cnc(C#N)c1, Fc1ccccc1Br. Product is: Cn1cnc(C#N)c1-c1ccccc1F. Reaction type is Pd catalyzed C-H arylation. The reaction conditions of this reaction are: Palladium Source: [PdCl(allyl)]2. Ligand: CC12C[C@]3(C)O[C@@](C)(C[C@@](C)(O3)P1c1ccccc1)O2. Solvent: CCCCOC(C)=O. Base: KOAc. Reaction Temperature: 105 degrees centigrade. Reaction Concentration: 0.153 M. Palladium loading: 2.25 mol%. Ligand loading: 5 mol%. Base loading: 3 eq. What is the yield (%) and cost (US dollar per mol) of this reaction?","","-1,-1","[]"
"Here is a chemical reaction. Reactants are: Cn1cnc(C#N)c1, Fc1ccccc1Br. Product is: Cn1cnc(C#N)c1-c1ccccc1F. Reaction type is Pd catalyzed C-H arylation. The reaction conditions of this reaction are: Palladium Source: [PdCl(allyl)]2. Ligand: CC12C[C@]3(C)O[C@@](C)(C[C@@](C)(O3)P1c1ccccc1)O2. Solvent: CCCCOC(C)=O. Base: KOAc. Reaction Temperature: 120 degrees centigrade. Reaction Concentration: 0.153 M. Palladium loading: 2.25 mol%. Ligand loading: 5 mol%. Base loading: 3 eq. What is the yield (%) and cost (US dollar per mol) of this reaction?","","-1,-1","[]"
"Here is a chemical reaction. Reactants are: Cn1cnc(C#N)c1, Fc1ccccc1Br. Product is: Cn1cnc(C#N)c1-c1ccccc1F. Reaction type is Pd catalyzed C-H arylation. The reaction conditions of this reaction are: Palladium Source: [PdCl(allyl)]2. Ligand: CC12C[C@]3(C)O[C@@](C)(C[C@@](C)(O3)P1c1ccccc1)O2. Solvent: CCCC#N. Base: KOAc. Reaction Temperature: 90 degrees centigrade. Reaction Concentration: 0.1 M. Palladium loading: 2.25 mol%. Ligand loading: 5 mol%. Base loading: 3 eq. What is the yield (%) and cost (US dollar per mol) of this reaction?","","-1,-1","[]"
"Here is a chemical reaction. Reactants are: Cn1cnc(C#N)c1, Fc1ccccc1Br. Product is: Cn1cnc(C#N)c1-c1ccccc1F. Reaction type is Pd catalyzed C-H arylation. The reaction conditions of this reaction are: Palladium Source: [PdCl(allyl)]2. Ligand: CC12C[C@]3(C)O[C@@](C)(C[C@@](C)(O3)P1c1ccccc1)O2. Solvent: CCCC#N. Base: KOAc. Reaction Temperature: 105 degrees centigrade. Reaction Concentration: 0.1 M. Palladium loading: 2.25 mol%. Ligand loading: 5 mol%. Base loading: 3 eq. What is the yield (%) and cost (US dollar per mol) of this reaction?","","-1,-1","[]"
"Here is a chemical reaction. Reactants are: Cn1cnc(C#N)c1, Fc1ccccc1Br. Product is: Cn1cnc(C#N)c1-c1ccccc1F. Reaction type is Pd catalyzed C-H arylation. The reaction conditions of this reaction are: Palladium Source: [PdCl(allyl)]2. Ligand: CC12C[C@]3(C)O[C@@](C)(C[C@@](C)(O3)P1c1ccccc1)O2. Solvent: CCCC#N. Base: KOAc. Reaction Temperature: 120 degrees centigrade. Reaction Concentration: 0.1 M. Palladium loading: 2.25 mol%. Ligand loading: 5 mol%. Base loading: 3 eq. What is the yield (%) and cost (US dollar per mol) of this reaction?","","-1,-1","[]"
"Here is a chemical reaction. Reactants are: Cn1cnc(C#N)c1, Fc1ccccc1Br. Product is: Cn1cnc(C#N)c1-c1ccccc1F. Reaction type is Pd catalyzed C-H arylation. The reaction conditions of this reaction are: Palladium Source: [PdCl(allyl)]2. Ligand: CC12C[C@]3(C)O[C@@](C)(C[C@@](C)(O3)P1c1ccccc1)O2. Solvent: CCCC#N. Base: KOAc. Reaction Temperature: 90 degrees centigrade. Reaction Concentration: 0.057 M. Palladium loading: 2.25 mol%. Ligand loading: 5 mol%. Base loading: 3 eq. What is the yield (%) and cost (US dollar per mol) of this reaction?","","-1,-1","[]"
"Here is a chemical reaction. Reactants are: Cn1cnc(C#N)c1, Fc1ccccc1Br. Product is: Cn1cnc(C#N)c1-c1ccccc1F. Reaction type is Pd catalyzed C-H arylation. The reaction conditions of this reaction are: Palladium Source: [PdCl(allyl)]2. Ligand: CC12C[C@]3(C)O[C@@](C)(C[C@@](C)(O3)P1c1ccccc1)O2. Solvent: CCCC#N. Base: KOAc. Reaction Temperature: 105 degrees centigrade. Reaction Concentration: 0.057 M. Palladium loading: 2.25 mol%. Ligand loading: 5 mol%. Base loading: 3 eq. What is the yield (%) and cost (US dollar per mol) of this reaction?","","-1,-1","[]"
"Here is a chemical reaction. Reactants are: Cn1cnc(C#N)c1, Fc1ccccc1Br. Product is: Cn1cnc(C#N)c1-c1ccccc1F. Reaction type is Pd catalyzed C-H arylation. The reaction conditions of this reaction are: Palladium Source: [PdCl(allyl)]2. Ligand: CC12C[C@]3(C)O[C@@](C)(C[C@@](C)(O3)P1c1ccccc1)O2. Solvent: CCCC#N. Base: KOAc. Reaction Temperature: 120 degrees centigrade. Reaction Concentration: 0.057 M. Palladium loading: 2.25 mol%. Ligand loading: 5 mol%. Base loading: 3 eq. What is the yield (%) and cost (US dollar per mol) of this reaction?","","-1,-1","[]"
"Here is a chemical reaction. Reactants are: Cn1cnc(C#N)c1, Fc1ccccc1Br. Product is: Cn1cnc(C#N)c1-c1ccccc1F. Reaction type is Pd catalyzed C-H arylation. The reaction conditions of this reaction are: Palladium Source: [PdCl(allyl)]2. Ligand: CC12C[C@]3(C)O[C@@](C)(C[C@@](C)(O3)P1c1ccccc1)O2. Solvent: CCCC#N. Base: KOAc. Reaction Temperature: 90 degrees centigrade. Reaction Concentration: 0.153 M. Palladium loading: 2.25 mol%. Ligand loading: 5 mol%. Base loading: 3 eq. What is the yield (%) and cost (US dollar per mol) of this reaction?","","-1,-1","[]"
"Here is a chemical reaction. Reactants are: Cn1cnc(C#N)c1, Fc1ccccc1Br. Product is: Cn1cnc(C#N)c1-c1ccccc1F. Reaction type is Pd catalyzed C-H arylation. The reaction conditions of this reaction are: Palladium Source: [PdCl(allyl)]2. Ligand: CC12C[C@]3(C)O[C@@](C)(C[C@@](C)(O3)P1c1ccccc1)O2. Solvent: CCCC#N. Base: KOAc. Reaction Temperature: 105 degrees centigrade. Reaction Concentration: 0.153 M. Palladium loading: 2.25 mol%. Ligand loading: 5 mol%. Base loading: 3 eq. What is the yield (%) and cost (US dollar per mol) of this reaction?","","-1,-1","[]"
"Here is a chemical reaction. Reactants are: Cn1cnc(C#N)c1, Fc1ccccc1Br. Product is: Cn1cnc(C#N)c1-c1ccccc1F. Reaction type is Pd catalyzed C-H arylation. The reaction conditions of this reaction are: Palladium Source: [PdCl(allyl)]2. Ligand: CC12C[C@]3(C)O[C@@](C)(C[C@@](C)(O3)P1c1ccccc1)O2. Solvent: CCCC#N. Base: KOAc. Reaction Temperature: 120 degrees centigrade. Reaction Concentration: 0.153 M. Palladium loading: 2.25 mol%. Ligand loading: 5 mol%. Base loading: 3 eq. What is the yield (%) and cost (US dollar per mol) of this reaction?","","-1,-1","[]"
"Here is a chemical reaction. Reactants are: Cn1cnc(C#N)c1, Fc1ccccc1Br. Product is: Cn1cnc(C#N)c1-c1ccccc1F. Reaction type is Pd catalyzed C-H arylation. The reaction conditions of this reaction are: Palladium Source: [PdCl(allyl)]2. Ligand: CC12C[C@]3(C)O[C@@](C)(C[C@@](C)(O3)P1c1ccccc1)O2. Solvent: Cc1ccc(C)cc1. Base: KOAc. Reaction Temperature: 90 degrees centigrade. Reaction Concentration: 0.1 M. Palladium loading: 2.25 mol%. Ligand loading: 5 mol%. Base loading: 3 eq. What is the yield (%) and cost (US dollar per mol) of this reaction?","","-1,-1","[]"
"Here is a chemical reaction. Reactants are: Cn1cnc(C#N)c1, Fc1ccccc1Br. Product is: Cn1cnc(C#N)c1-c1ccccc1F. Reaction type is Pd catalyzed C-H arylation. The reaction conditions of this reaction are: Palladium Source: [PdCl(allyl)]2. Ligand: CC12C[C@]3(C)O[C@@](C)(C[C@@](C)(O3)P1c1ccccc1)O2. Solvent: Cc1ccc(C)cc1. Base: KOAc. Reaction Temperature: 105 degrees centigrade. Reaction Concentration: 0.1 M. Palladium loading: 2.25 mol%. Ligand loading: 5 mol%. Base loading: 3 eq. What is the yield (%) and cost (US dollar per mol) of this reaction?","","-1,-1","[]"
"Here is a chemical reaction. Reactants are: Cn1cnc(C#N)c1, Fc1ccccc1Br. Product is: Cn1cnc(C#N)c1-c1ccccc1F. Reaction type is Pd catalyzed C-H arylation. The reaction conditions of this reaction are: Palladium Source: [PdCl(allyl)]2. Ligand: CC12C[C@]3(C)O[C@@](C)(C[C@@](C)(O3)P1c1ccccc1)O2. Solvent: Cc1ccc(C)cc1. Base: KOAc. Reaction Temperature: 120 degrees centigrade. Reaction Concentration: 0.1 M. Palladium loading: 2.25 mol%. Ligand loading: 5 mol%. Base loading: 3 eq. What is the yield (%) and cost (US dollar per mol) of this reaction?","","-1,-1","[]"
"Here is a chemical reaction. Reactants are: Cn1cnc(C#N)c1, Fc1ccccc1Br. Product is: Cn1cnc(C#N)c1-c1ccccc1F. Reaction type is Pd catalyzed C-H arylation. The reaction conditions of this reaction are: Palladium Source: [PdCl(allyl)]2. Ligand: CC12C[C@]3(C)O[C@@](C)(C[C@@](C)(O3)P1c1ccccc1)O2. Solvent: Cc1ccc(C)cc1. Base: KOAc. Reaction Temperature: 90 degrees centigrade. Reaction Concentration: 0.057 M. Palladium loading: 2.25 mol%. Ligand loading: 5 mol%. Base loading: 3 eq. What is the yield (%) and cost (US dollar per mol) of this reaction?","","-1,-1","[]"
"Here is a chemical reaction. Reactants are: Cn1cnc(C#N)c1, Fc1ccccc1Br. Product is: Cn1cnc(C#N)c1-c1ccccc1F. Reaction type is Pd catalyzed C-H arylation. The reaction conditions of this reaction are: Palladium Source: [PdCl(allyl)]2. Ligand: CC12C[C@]3(C)O[C@@](C)(C[C@@](C)(O3)P1c1ccccc1)O2. Solvent: Cc1ccc(C)cc1. Base: KOAc. Reaction Temperature: 105 degrees centigrade. Reaction Concentration: 0.057 M. Palladium loading: 2.25 mol%. Ligand loading: 5 mol%. Base loading: 3 eq. What is the yield (%) and cost (US dollar per mol) of this reaction?","","-1,-1","[]"
"Here is a chemical reaction. Reactants are: Cn1cnc(C#N)c1, Fc1ccccc1Br. Product is: Cn1cnc(C#N)c1-c1ccccc1F. Reaction type is Pd catalyzed C-H arylation. The reaction conditions of this reaction are: Palladium Source: [PdCl(allyl)]2. Ligand: CC12C[C@]3(C)O[C@@](C)(C[C@@](C)(O3)P1c1ccccc1)O2. Solvent: Cc1ccc(C)cc1. Base: KOAc. Reaction Temperature: 120 degrees centigrade. Reaction Concentration: 0.057 M. Palladium loading: 2.25 mol%. Ligand loading: 5 mol%. Base loading: 3 eq. What is the yield (%) and cost (US dollar per mol) of this reaction?","","-1,-1","[]"
"Here is a chemical reaction. Reactants are: Cn1cnc(C#N)c1, Fc1ccccc1Br. Product is: Cn1cnc(C#N)c1-c1ccccc1F. Reaction type is Pd catalyzed C-H arylation. The reaction conditions of this reaction are: Palladium Source: [PdCl(allyl)]2. Ligand: CC12C[C@]3(C)O[C@@](C)(C[C@@](C)(O3)P1c1ccccc1)O2. Solvent: Cc1ccc(C)cc1. Base: KOAc. Reaction Temperature: 90 degrees centigrade. Reaction Concentration: 0.153 M. Palladium loading: 2.25 mol%. Ligand loading: 5 mol%. Base loading: 3 eq. What is the yield (%) and cost (US dollar per mol) of this reaction?","","-1,-1","[]"
"Here is a chemical reaction. Reactants are: Cn1cnc(C#N)c1, Fc1ccccc1Br. Product is: Cn1cnc(C#N)c1-c1ccccc1F. Reaction type is Pd catalyzed C-H arylation. The reaction conditions of this reaction are: Palladium Source: [PdCl(allyl)]2. Ligand: CC12C[C@]3(C)O[C@@](C)(C[C@@](C)(O3)P1c1ccccc1)O2. Solvent: Cc1ccc(C)cc1. Base: KOAc. Reaction Temperature: 105 degrees centigrade. Reaction Concentration: 0.153 M. Palladium loading: 2.25 mol%. Ligand loading: 5 mol%. Base loading: 3 eq. What is the yield (%) and cost (US dollar per mol) of this reaction?","","-1,-1","[]"
"Here is a chemical reaction. Reactants are: Cn1cnc(C#N)c1, Fc1ccccc1Br. Product is: Cn1cnc(C#N)c1-c1ccccc1F. Reaction type is Pd catalyzed C-H arylation. The reaction conditions of this reaction are: Palladium Source: [PdCl(allyl)]2. Ligand: CC12C[C@]3(C)O[C@@](C)(C[C@@](C)(O3)P1c1ccccc1)O2. Solvent: Cc1ccc(C)cc1. Base: KOAc. Reaction Temperature: 120 degrees centigrade. Reaction Concentration: 0.153 M. Palladium loading: 2.25 mol%. Ligand loading: 5 mol%. Base loading: 3 eq. What is the yield (%) and cost (US dollar per mol) of this reaction?","","-1,-1","[]"
"Here is a chemical reaction. Reactants are: Cn1cnc(C#N)c1, Fc1ccccc1Br. Product is: Cn1cnc(C#N)c1-c1ccccc1F. Reaction type is Pd catalyzed C-H arylation. The reaction conditions of this reaction are: Palladium Source: [PdCl(allyl)]2. Ligand: CC12C[C@]3(C)O[C@@](C)(C[C@@](C)(O3)P1c1ccccc1)O2. Solvent: CC(=O)N(C)C. Base: KOAc. Reaction Temperature: 90 degrees centigrade. Reaction Concentration: 0.1 M. Palladium loading: 2.25 mol%. Ligand loading: 5 mol%. Base loading: 3 eq. What is the yield (%) and cost (US dollar per mol) of this reaction?","","-1,-1","[]"
"Here is a chemical reaction. Reactants are: Cn1cnc(C#N)c1, Fc1ccccc1Br. Product is: Cn1cnc(C#N)c1-c1ccccc1F. Reaction type is Pd catalyzed C-H arylation. The reaction conditions of this reaction are: Palladium Source: [PdCl(allyl)]2. Ligand: CC12C[C@]3(C)O[C@@](C)(C[C@@](C)(O3)P1c1ccccc1)O2. Solvent: CC(=O)N(C)C. Base: KOAc. Reaction Temperature: 105 degrees centigrade. Reaction Concentration: 0.1 M. Palladium loading: 2.25 mol%. Ligand loading: 5 mol%. Base loading: 3 eq. What is the yield (%) and cost (US dollar per mol) of this reaction?","","-1,-1","[]"
"Here is a chemical reaction. Reactants are: Cn1cnc(C#N)c1, Fc1ccccc1Br. Product is: Cn1cnc(C#N)c1-c1ccccc1F. Reaction type is Pd catalyzed C-H arylation. The reaction conditions of this reaction are: Palladium Source: [PdCl(allyl)]2. Ligand: CC12C[C@]3(C)O[C@@](C)(C[C@@](C)(O3)P1c1ccccc1)O2. Solvent: CC(=O)N(C)C. Base: KOAc. Reaction Temperature: 120 degrees centigrade. Reaction Concentration: 0.1 M. Palladium loading: 2.25 mol%. Ligand loading: 5 mol%. Base loading: 3 eq. What is the yield (%) and cost (US dollar per mol) of this reaction?","","-1,-1","[]"
"Here is a chemical reaction. Reactants are: Cn1cnc(C#N)c1, Fc1ccccc1Br. Product is: Cn1cnc(C#N)c1-c1ccccc1F. Reaction type is Pd catalyzed C-H arylation. The reaction conditions of this reaction are: Palladium Source: [PdCl(allyl)]2. Ligand: CC12C[C@]3(C)O[C@@](C)(C[C@@](C)(O3)P1c1ccccc1)O2. Solvent: CC(=O)N(C)C. Base: KOAc. Reaction Temperature: 90 degrees centigrade. Reaction Concentration: 0.057 M. Palladium loading: 2.25 mol%. Ligand loading: 5 mol%. Base loading: 3 eq. What is the yield (%) and cost (US dollar per mol) of this reaction?","","-1,-1","[]"
"Here is a chemical reaction. Reactants are: Cn1cnc(C#N)c1, Fc1ccccc1Br. Product is: Cn1cnc(C#N)c1-c1ccccc1F. Reaction type is Pd catalyzed C-H arylation. The reaction conditions of this reaction are: Palladium Source: [PdCl(allyl)]2. Ligand: CC12C[C@]3(C)O[C@@](C)(C[C@@](C)(O3)P1c1ccccc1)O2. Solvent: CC(=O)N(C)C. Base: KOAc. Reaction Temperature: 105 degrees centigrade. Reaction Concentration: 0.057 M. Palladium loading: 2.25 mol%. Ligand loading: 5 mol%. Base loading: 3 eq. What is the yield (%) and cost (US dollar per mol) of this reaction?","","-1,-1","[]"
"Here is a chemical reaction. Reactants are: Cn1cnc(C#N)c1, Fc1ccccc1Br. Product is: Cn1cnc(C#N)c1-c1ccccc1F. Reaction type is Pd catalyzed C-H arylation. The reaction conditions of this reaction are: Palladium Source: [PdCl(allyl)]2. Ligand: CC12C[C@]3(C)O[C@@](C)(C[C@@](C)(O3)P1c1ccccc1)O2. Solvent: CC(=O)N(C)C. Base: KOAc. Reaction Temperature: 120 degrees centigrade. Reaction Concentration: 0.057 M. Palladium loading: 2.25 mol%. Ligand loading: 5 mol%. Base loading: 3 eq. What is the yield (%) and cost (US dollar per mol) of this reaction?","","-1,-1","[]"
"Here is a chemical reaction. Reactants are: Cn1cnc(C#N)c1, Fc1ccccc1Br. Product is: Cn1cnc(C#N)c1-c1ccccc1F. Reaction type is Pd catalyzed C-H arylation. The reaction conditions of this reaction are: Palladium Source: [PdCl(allyl)]2. Ligand: CC12C[C@]3(C)O[C@@](C)(C[C@@](C)(O3)P1c1ccccc1)O2. Solvent: CC(=O)N(C)C. Base: KOAc. Reaction Temperature: 90 degrees centigrade. Reaction Concentration: 0.153 M. Palladium loading: 2.25 mol%. Ligand loading: 5 mol%. Base loading: 3 eq. What is the yield (%) and cost (US dollar per mol) of this reaction?","","-1,-1","[]"
"Here is a chemical reaction. Reactants are: Cn1cnc(C#N)c1, Fc1ccccc1Br. Product is: Cn1cnc(C#N)c1-c1ccccc1F. Reaction type is Pd catalyzed C-H arylation. The reaction conditions of this reaction are: Palladium Source: [PdCl(allyl)]2. Ligand: CC12C[C@]3(C)O[C@@](C)(C[C@@](C)(O3)P1c1ccccc1)O2. Solvent: CC(=O)N(C)C. Base: KOAc. Reaction Temperature: 105 degrees centigrade. Reaction Concentration: 0.153 M. Palladium loading: 2.25 mol%. Ligand loading: 5 mol%. Base loading: 3 eq. What is the yield (%) and cost (US dollar per mol) of this reaction?","","-1,-1","[]"
"Here is a chemical reaction. Reactants are: Cn1cnc(C#N)c1, Fc1ccccc1Br. Product is: Cn1cnc(C#N)c1-c1ccccc1F. Reaction type is Pd catalyzed C-H arylation. The reaction conditions of this reaction are: Palladium Source: [PdCl(allyl)]2. Ligand: CC12C[C@]3(C)O[C@@](C)(C[C@@](C)(O3)P1c1ccccc1)O2. Solvent: CC(=O)N(C)C. Base: KOAc. Reaction Temperature: 120 degrees centigrade. Reaction Concentration: 0.153 M. Palladium loading: 2.25 mol%. Ligand loading: 5 mol%. Base loading: 3 eq. What is the yield (%) and cost (US dollar per mol) of this reaction?","","-1,-1","[]"
"Here is a chemical reaction. Reactants are: Cn1cnc(C#N)c1, Fc1ccccc1Br. Product is: Cn1cnc(C#N)c1-c1ccccc1F. Reaction type is Pd catalyzed C-H arylation. The reaction conditions of this reaction are: Palladium Source: [PdCl(allyl)]2. Ligand: CC12C[C@]3(C)O[C@@](C)(C[C@@](C)(O3)P1c1ccccc1)O2. Solvent: CCCCOC(C)=O. Base: CsOAc. Reaction Temperature: 90 degrees centigrade. Reaction Concentration: 0.1 M. Palladium loading: 2.25 mol%. Ligand loading: 5 mol%. Base loading: 3 eq. What is the yield (%) and cost (US dollar per mol) of this reaction?","","-1,-1","[]"
"Here is a chemical reaction. Reactants are: Cn1cnc(C#N)c1, Fc1ccccc1Br. Product is: Cn1cnc(C#N)c1-c1ccccc1F. Reaction type is Pd catalyzed C-H arylation. The reaction conditions of this reaction are: Palladium Source: [PdCl(allyl)]2. Ligand: CC12C[C@]3(C)O[C@@](C)(C[C@@](C)(O3)P1c1ccccc1)O2. Solvent: CCCCOC(C)=O. Base: CsOAc. Reaction Temperature: 105 degrees centigrade. Reaction Concentration: 0.1 M. Palladium loading: 2.25 mol%. Ligand loading: 5 mol%. Base loading: 3 eq. What is the yield (%) and cost (US dollar per mol) of this reaction?","","-1,-1","[]"
"Here is a chemical reaction. Reactants are: Cn1cnc(C#N)c1, Fc1ccccc1Br. Product is: Cn1cnc(C#N)c1-c1ccccc1F. Reaction type is Pd catalyzed C-H arylation. The reaction conditions of this reaction are: Palladium Source: [PdCl(allyl)]2. Ligand: CC12C[C@]3(C)O[C@@](C)(C[C@@](C)(O3)P1c1ccccc1)O2. Solvent: CCCCOC(C)=O. Base: CsOAc. Reaction Temperature: 120 degrees centigrade. Reaction Concentration: 0.1 M. Palladium loading: 2.25 mol%. Ligand loading: 5 mol%. Base loading: 3 eq. What is the yield (%) and cost (US dollar per mol) of this reaction?","","-1,-1","[]"
"Here is a chemical reaction. Reactants are: Cn1cnc(C#N)c1, Fc1ccccc1Br. Product is: Cn1cnc(C#N)c1-c1ccccc1F. Reaction type is Pd catalyzed C-H arylation. The reaction conditions of this reaction are: Palladium Source: [PdCl(allyl)]2. Ligand: CC12C[C@]3(C)O[C@@](C)(C[C@@](C)(O3)P1c1ccccc1)O2. Solvent: CCCCOC(C)=O. Base: CsOAc. Reaction Temperature: 90 degrees centigrade. Reaction Concentration: 0.057 M. Palladium loading: 2.25 mol%. Ligand loading: 5 mol%. Base loading: 3 eq. What is the yield (%) and cost (US dollar per mol) of this reaction?","","-1,-1","[]"
"Here is a chemical reaction. Reactants are: Cn1cnc(C#N)c1, Fc1ccccc1Br. Product is: Cn1cnc(C#N)c1-c1ccccc1F. Reaction type is Pd catalyzed C-H arylation. The reaction conditions of this reaction are: Palladium Source: [PdCl(allyl)]2. Ligand: CC12C[C@]3(C)O[C@@](C)(C[C@@](C)(O3)P1c1ccccc1)O2. Solvent: CCCCOC(C)=O. Base: CsOAc. Reaction Temperature: 105 degrees centigrade. Reaction Concentration: 0.057 M. Palladium loading: 2.25 mol%. Ligand loading: 5 mol%. Base loading: 3 eq. What is the yield (%) and cost (US dollar per mol) of this reaction?","","-1,-1","[]"
"Here is a chemical reaction. Reactants are: Cn1cnc(C#N)c1, Fc1ccccc1Br. Product is: Cn1cnc(C#N)c1-c1ccccc1F. Reaction type is Pd catalyzed C-H arylation. The reaction conditions of this reaction are: Palladium Source: [PdCl(allyl)]2. Ligand: CC12C[C@]3(C)O[C@@](C)(C[C@@](C)(O3)P1c1ccccc1)O2. Solvent: CCCCOC(C)=O. Base: CsOAc. Reaction Temperature: 120 degrees centigrade. Reaction Concentration: 0.057 M. Palladium loading: 2.25 mol%. Ligand loading: 5 mol%. Base loading: 3 eq. What is the yield (%) and cost (US dollar per mol) of this reaction?","","-1,-1","[]"
"Here is a chemical reaction. Reactants are: Cn1cnc(C#N)c1, Fc1ccccc1Br. Product is: Cn1cnc(C#N)c1-c1ccccc1F. Reaction type is Pd catalyzed C-H arylation. The reaction conditions of this reaction are: Palladium Source: [PdCl(allyl)]2. Ligand: CC12C[C@]3(C)O[C@@](C)(C[C@@](C)(O3)P1c1ccccc1)O2. Solvent: CCCCOC(C)=O. Base: CsOAc. Reaction Temperature: 90 degrees centigrade. Reaction Concentration: 0.153 M. Palladium loading: 2.25 mol%. Ligand loading: 5 mol%. Base loading: 3 eq. What is the yield (%) and cost (US dollar per mol) of this reaction?","","-1,-1","[]"
"Here is a chemical reaction. Reactants are: Cn1cnc(C#N)c1, Fc1ccccc1Br. Product is: Cn1cnc(C#N)c1-c1ccccc1F. Reaction type is Pd catalyzed C-H arylation. The reaction conditions of this reaction are: Palladium Source: [PdCl(allyl)]2. Ligand: CC12C[C@]3(C)O[C@@](C)(C[C@@](C)(O3)P1c1ccccc1)O2. Solvent: CCCCOC(C)=O. Base: CsOAc. Reaction Temperature: 105 degrees centigrade. Reaction Concentration: 0.153 M. Palladium loading: 2.25 mol%. Ligand loading: 5 mol%. Base loading: 3 eq. What is the yield (%) and cost (US dollar per mol) of this reaction?","","-1,-1","[]"
"Here is a chemical reaction. Reactants are: Cn1cnc(C#N)c1, Fc1ccccc1Br. Product is: Cn1cnc(C#N)c1-c1ccccc1F. Reaction type is Pd catalyzed C-H arylation. The reaction conditions of this reaction are: Palladium Source: [PdCl(allyl)]2. Ligand: CC12C[C@]3(C)O[C@@](C)(C[C@@](C)(O3)P1c1ccccc1)O2. Solvent: CCCCOC(C)=O. Base: CsOAc. Reaction Temperature: 120 degrees centigrade. Reaction Concentration: 0.153 M. Palladium loading: 2.25 mol%. Ligand loading: 5 mol%. Base loading: 3 eq. What is the yield (%) and cost (US dollar per mol) of this reaction?","","-1,-1","[]"
"Here is a chemical reaction. Reactants are: Cn1cnc(C#N)c1, Fc1ccccc1Br. Product is: Cn1cnc(C#N)c1-c1ccccc1F. Reaction type is Pd catalyzed C-H arylation. The reaction conditions of this reaction are: Palladium Source: [PdCl(allyl)]2. Ligand: CC12C[C@]3(C)O[C@@](C)(C[C@@](C)(O3)P1c1ccccc1)O2. Solvent: CCCC#N. Base: CsOAc. Reaction Temperature: 90 degrees centigrade. Reaction Concentration: 0.1 M. Palladium loading: 2.25 mol%. Ligand loading: 5 mol%. Base loading: 3 eq. What is the yield (%) and cost (US dollar per mol) of this reaction?","","-1,-1","[]"
"Here is a chemical reaction. Reactants are: Cn1cnc(C#N)c1, Fc1ccccc1Br. Product is: Cn1cnc(C#N)c1-c1ccccc1F. Reaction type is Pd catalyzed C-H arylation. The reaction conditions of this reaction are: Palladium Source: [PdCl(allyl)]2. Ligand: CC12C[C@]3(C)O[C@@](C)(C[C@@](C)(O3)P1c1ccccc1)O2. Solvent: CCCC#N. Base: CsOAc. Reaction Temperature: 105 degrees centigrade. Reaction Concentration: 0.1 M. Palladium loading: 2.25 mol%. Ligand loading: 5 mol%. Base loading: 3 eq. What is the yield (%) and cost (US dollar per mol) of this reaction?","","-1,-1","[]"
"Here is a chemical reaction. Reactants are: Cn1cnc(C#N)c1, Fc1ccccc1Br. Product is: Cn1cnc(C#N)c1-c1ccccc1F. Reaction type is Pd catalyzed C-H arylation. The reaction conditions of this reaction are: Palladium Source: [PdCl(allyl)]2. Ligand: CC12C[C@]3(C)O[C@@](C)(C[C@@](C)(O3)P1c1ccccc1)O2. Solvent: CCCC#N. Base: CsOAc. Reaction Temperature: 120 degrees centigrade. Reaction Concentration: 0.1 M. Palladium loading: 2.25 mol%. Ligand loading: 5 mol%. Base loading: 3 eq. What is the yield (%) and cost (US dollar per mol) of this reaction?","","-1,-1","[]"
"Here is a chemical reaction. Reactants are: Cn1cnc(C#N)c1, Fc1ccccc1Br. Product is: Cn1cnc(C#N)c1-c1ccccc1F. Reaction type is Pd catalyzed C-H arylation. The reaction conditions of this reaction are: Palladium Source: [PdCl(allyl)]2. Ligand: CC12C[C@]3(C)O[C@@](C)(C[C@@](C)(O3)P1c1ccccc1)O2. Solvent: CCCC#N. Base: CsOAc. Reaction Temperature: 90 degrees centigrade. Reaction Concentration: 0.057 M. Palladium loading: 2.25 mol%. Ligand loading: 5 mol%. Base loading: 3 eq. What is the yield (%) and cost (US dollar per mol) of this reaction?","","-1,-1","[]"
"Here is a chemical reaction. Reactants are: Cn1cnc(C#N)c1, Fc1ccccc1Br. Product is: Cn1cnc(C#N)c1-c1ccccc1F. Reaction type is Pd catalyzed C-H arylation. The reaction conditions of this reaction are: Palladium Source: [PdCl(allyl)]2. Ligand: CC12C[C@]3(C)O[C@@](C)(C[C@@](C)(O3)P1c1ccccc1)O2. Solvent: CCCC#N. Base: CsOAc. Reaction Temperature: 105 degrees centigrade. Reaction Concentration: 0.057 M. Palladium loading: 2.25 mol%. Ligand loading: 5 mol%. Base loading: 3 eq. What is the yield (%) and cost (US dollar per mol) of this reaction?","","-1,-1","[]"
"Here is a chemical reaction. Reactants are: Cn1cnc(C#N)c1, Fc1ccccc1Br. Product is: Cn1cnc(C#N)c1-c1ccccc1F. Reaction type is Pd catalyzed C-H arylation. The reaction conditions of this reaction are: Palladium Source: [PdCl(allyl)]2. Ligand: CC12C[C@]3(C)O[C@@](C)(C[C@@](C)(O3)P1c1ccccc1)O2. Solvent: CCCC#N. Base: CsOAc. Reaction Temperature: 120 degrees centigrade. Reaction Concentration: 0.057 M. Palladium loading: 2.25 mol%. Ligand loading: 5 mol%. Base loading: 3 eq. What is the yield (%) and cost (US dollar per mol) of this reaction?","","-1,-1","[]"
"Here is a chemical reaction. Reactants are: Cn1cnc(C#N)c1, Fc1ccccc1Br. Product is: Cn1cnc(C#N)c1-c1ccccc1F. Reaction type is Pd catalyzed C-H arylation. The reaction conditions of this reaction are: Palladium Source: [PdCl(allyl)]2. Ligand: CC12C[C@]3(C)O[C@@](C)(C[C@@](C)(O3)P1c1ccccc1)O2. Solvent: CCCC#N. Base: CsOAc. Reaction Temperature: 90 degrees centigrade. Reaction Concentration: 0.153 M. Palladium loading: 2.25 mol%. Ligand loading: 5 mol%. Base loading: 3 eq. What is the yield (%) and cost (US dollar per mol) of this reaction?","","-1,-1","[]"
"Here is a chemical reaction. Reactants are: Cn1cnc(C#N)c1, Fc1ccccc1Br. Product is: Cn1cnc(C#N)c1-c1ccccc1F. Reaction type is Pd catalyzed C-H arylation. The reaction conditions of this reaction are: Palladium Source: [PdCl(allyl)]2. Ligand: CC12C[C@]3(C)O[C@@](C)(C[C@@](C)(O3)P1c1ccccc1)O2. Solvent: CCCC#N. Base: CsOAc. Reaction Temperature: 105 degrees centigrade. Reaction Concentration: 0.153 M. Palladium loading: 2.25 mol%. Ligand loading: 5 mol%. Base loading: 3 eq. What is the yield (%) and cost (US dollar per mol) of this reaction?","","-1,-1","[]"
"Here is a chemical reaction. Reactants are: Cn1cnc(C#N)c1, Fc1ccccc1Br. Product is: Cn1cnc(C#N)c1-c1ccccc1F. Reaction type is Pd catalyzed C-H arylation. The reaction conditions of this reaction are: Palladium Source: [PdCl(allyl)]2. Ligand: CC12C[C@]3(C)O[C@@](C)(C[C@@](C)(O3)P1c1ccccc1)O2. Solvent: CCCC#N. Base: CsOAc. Reaction Temperature: 120 degrees centigrade. Reaction Concentration: 0.153 M. Palladium loading: 2.25 mol%. Ligand loading: 5 mol%. Base loading: 3 eq. What is the yield (%) and cost (US dollar per mol) of this reaction?","","-1,-1","[]"
"Here is a chemical reaction. Reactants are: Cn1cnc(C#N)c1, Fc1ccccc1Br. Product is: Cn1cnc(C#N)c1-c1ccccc1F. Reaction type is Pd catalyzed C-H arylation. The reaction conditions of this reaction are: Palladium Source: [PdCl(allyl)]2. Ligand: CC12C[C@]3(C)O[C@@](C)(C[C@@](C)(O3)P1c1ccccc1)O2. Solvent: Cc1ccc(C)cc1. Base: CsOAc. Reaction Temperature: 90 degrees centigrade. Reaction Concentration: 0.1 M. Palladium loading: 2.25 mol%. Ligand loading: 5 mol%. Base loading: 3 eq. What is the yield (%) and cost (US dollar per mol) of this reaction?","","-1,-1","[]"
"Here is a chemical reaction. Reactants are: Cn1cnc(C#N)c1, Fc1ccccc1Br. Product is: Cn1cnc(C#N)c1-c1ccccc1F. Reaction type is Pd catalyzed C-H arylation. The reaction conditions of this reaction are: Palladium Source: [PdCl(allyl)]2. Ligand: CC12C[C@]3(C)O[C@@](C)(C[C@@](C)(O3)P1c1ccccc1)O2. Solvent: Cc1ccc(C)cc1. Base: CsOAc. Reaction Temperature: 105 degrees centigrade. Reaction Concentration: 0.1 M. Palladium loading: 2.25 mol%. Ligand loading: 5 mol%. Base loading: 3 eq. What is the yield (%) and cost (US dollar per mol) of this reaction?","","-1,-1","[]"
"Here is a chemical reaction. Reactants are: Cn1cnc(C#N)c1, Fc1ccccc1Br. Product is: Cn1cnc(C#N)c1-c1ccccc1F. Reaction type is Pd catalyzed C-H arylation. The reaction conditions of this reaction are: Palladium Source: [PdCl(allyl)]2. Ligand: CC12C[C@]3(C)O[C@@](C)(C[C@@](C)(O3)P1c1ccccc1)O2. Solvent: Cc1ccc(C)cc1. Base: CsOAc. Reaction Temperature: 120 degrees centigrade. Reaction Concentration: 0.1 M. Palladium loading: 2.25 mol%. Ligand loading: 5 mol%. Base loading: 3 eq. What is the yield (%) and cost (US dollar per mol) of this reaction?","","-1,-1","[]"
"Here is a chemical reaction. Reactants are: Cn1cnc(C#N)c1, Fc1ccccc1Br. Product is: Cn1cnc(C#N)c1-c1ccccc1F. Reaction type is Pd catalyzed C-H arylation. The reaction conditions of this reaction are: Palladium Source: [PdCl(allyl)]2. Ligand: CC12C[C@]3(C)O[C@@](C)(C[C@@](C)(O3)P1c1ccccc1)O2. Solvent: Cc1ccc(C)cc1. Base: CsOAc. Reaction Temperature: 90 degrees centigrade. Reaction Concentration: 0.057 M. Palladium loading: 2.25 mol%. Ligand loading: 5 mol%. Base loading: 3 eq. What is the yield (%) and cost (US dollar per mol) of this reaction?","","-1,-1","[]"
"Here is a chemical reaction. Reactants are: Cn1cnc(C#N)c1, Fc1ccccc1Br. Product is: Cn1cnc(C#N)c1-c1ccccc1F. Reaction type is Pd catalyzed C-H arylation. The reaction conditions of this reaction are: Palladium Source: [PdCl(allyl)]2. Ligand: CC12C[C@]3(C)O[C@@](C)(C[C@@](C)(O3)P1c1ccccc1)O2. Solvent: Cc1ccc(C)cc1. Base: CsOAc. Reaction Temperature: 105 degrees centigrade. Reaction Concentration: 0.057 M. Palladium loading: 2.25 mol%. Ligand loading: 5 mol%. Base loading: 3 eq. What is the yield (%) and cost (US dollar per mol) of this reaction?","","-1,-1","[]"
"Here is a chemical reaction. Reactants are: Cn1cnc(C#N)c1, Fc1ccccc1Br. Product is: Cn1cnc(C#N)c1-c1ccccc1F. Reaction type is Pd catalyzed C-H arylation. The reaction conditions of this reaction are: Palladium Source: [PdCl(allyl)]2. Ligand: CC12C[C@]3(C)O[C@@](C)(C[C@@](C)(O3)P1c1ccccc1)O2. Solvent: Cc1ccc(C)cc1. Base: CsOAc. Reaction Temperature: 120 degrees centigrade. Reaction Concentration: 0.057 M. Palladium loading: 2.25 mol%. Ligand loading: 5 mol%. Base loading: 3 eq. What is the yield (%) and cost (US dollar per mol) of this reaction?","","-1,-1","[]"
"Here is a chemical reaction. Reactants are: Cn1cnc(C#N)c1, Fc1ccccc1Br. Product is: Cn1cnc(C#N)c1-c1ccccc1F. Reaction type is Pd catalyzed C-H arylation. The reaction conditions of this reaction are: Palladium Source: [PdCl(allyl)]2. Ligand: CC12C[C@]3(C)O[C@@](C)(C[C@@](C)(O3)P1c1ccccc1)O2. Solvent: Cc1ccc(C)cc1. Base: CsOAc. Reaction Temperature: 90 degrees centigrade. Reaction Concentration: 0.153 M. Palladium loading: 2.25 mol%. Ligand loading: 5 mol%. Base loading: 3 eq. What is the yield (%) and cost (US dollar per mol) of this reaction?","","-1,-1","[]"
"Here is a chemical reaction. Reactants are: Cn1cnc(C#N)c1, Fc1ccccc1Br. Product is: Cn1cnc(C#N)c1-c1ccccc1F. Reaction type is Pd catalyzed C-H arylation. The reaction conditions of this reaction are: Palladium Source: [PdCl(allyl)]2. Ligand: CC12C[C@]3(C)O[C@@](C)(C[C@@](C)(O3)P1c1ccccc1)O2. Solvent: Cc1ccc(C)cc1. Base: CsOAc. Reaction Temperature: 105 degrees centigrade. Reaction Concentration: 0.153 M. Palladium loading: 2.25 mol%. Ligand loading: 5 mol%. Base loading: 3 eq. What is the yield (%) and cost (US dollar per mol) of this reaction?","","-1,-1","[]"
"Here is a chemical reaction. Reactants are: Cn1cnc(C#N)c1, Fc1ccccc1Br. Product is: Cn1cnc(C#N)c1-c1ccccc1F. Reaction type is Pd catalyzed C-H arylation. The reaction conditions of this reaction are: Palladium Source: [PdCl(allyl)]2. Ligand: CC12C[C@]3(C)O[C@@](C)(C[C@@](C)(O3)P1c1ccccc1)O2. Solvent: Cc1ccc(C)cc1. Base: CsOAc. Reaction Temperature: 120 degrees centigrade. Reaction Concentration: 0.153 M. Palladium loading: 2.25 mol%. Ligand loading: 5 mol%. Base loading: 3 eq. What is the yield (%) and cost (US dollar per mol) of this reaction?","","-1,-1","[]"
"Here is a chemical reaction. Reactants are: Cn1cnc(C#N)c1, Fc1ccccc1Br. Product is: Cn1cnc(C#N)c1-c1ccccc1F. Reaction type is Pd catalyzed C-H arylation. The reaction conditions of this reaction are: Palladium Source: [PdCl(allyl)]2. Ligand: CC12C[C@]3(C)O[C@@](C)(C[C@@](C)(O3)P1c1ccccc1)O2. Solvent: CC(=O)N(C)C. Base: CsOAc. Reaction Temperature: 90 degrees centigrade. Reaction Concentration: 0.1 M. Palladium loading: 2.25 mol%. Ligand loading: 5 mol%. Base loading: 3 eq. What is the yield (%) and cost (US dollar per mol) of this reaction?","","-1,-1","[]"
"Here is a chemical reaction. Reactants are: Cn1cnc(C#N)c1, Fc1ccccc1Br. Product is: Cn1cnc(C#N)c1-c1ccccc1F. Reaction type is Pd catalyzed C-H arylation. The reaction conditions of this reaction are: Palladium Source: [PdCl(allyl)]2. Ligand: CC12C[C@]3(C)O[C@@](C)(C[C@@](C)(O3)P1c1ccccc1)O2. Solvent: CC(=O)N(C)C. Base: CsOAc. Reaction Temperature: 105 degrees centigrade. Reaction Concentration: 0.1 M. Palladium loading: 2.25 mol%. Ligand loading: 5 mol%. Base loading: 3 eq. What is the yield (%) and cost (US dollar per mol) of this reaction?","","-1,-1","[]"
"Here is a chemical reaction. Reactants are: Cn1cnc(C#N)c1, Fc1ccccc1Br. Product is: Cn1cnc(C#N)c1-c1ccccc1F. Reaction type is Pd catalyzed C-H arylation. The reaction conditions of this reaction are: Palladium Source: [PdCl(allyl)]2. Ligand: CC12C[C@]3(C)O[C@@](C)(C[C@@](C)(O3)P1c1ccccc1)O2. Solvent: CC(=O)N(C)C. Base: CsOAc. Reaction Temperature: 120 degrees centigrade. Reaction Concentration: 0.1 M. Palladium loading: 2.25 mol%. Ligand loading: 5 mol%. Base loading: 3 eq. What is the yield (%) and cost (US dollar per mol) of this reaction?","","-1,-1","[]"
"Here is a chemical reaction. Reactants are: Cn1cnc(C#N)c1, Fc1ccccc1Br. Product is: Cn1cnc(C#N)c1-c1ccccc1F. Reaction type is Pd catalyzed C-H arylation. The reaction conditions of this reaction are: Palladium Source: [PdCl(allyl)]2. Ligand: CC12C[C@]3(C)O[C@@](C)(C[C@@](C)(O3)P1c1ccccc1)O2. Solvent: CC(=O)N(C)C. Base: CsOAc. Reaction Temperature: 90 degrees centigrade. Reaction Concentration: 0.057 M. Palladium loading: 2.25 mol%. Ligand loading: 5 mol%. Base loading: 3 eq. What is the yield (%) and cost (US dollar per mol) of this reaction?","","-1,-1","[]"
"Here is a chemical reaction. Reactants are: Cn1cnc(C#N)c1, Fc1ccccc1Br. Product is: Cn1cnc(C#N)c1-c1ccccc1F. Reaction type is Pd catalyzed C-H arylation. The reaction conditions of this reaction are: Palladium Source: [PdCl(allyl)]2. Ligand: CC12C[C@]3(C)O[C@@](C)(C[C@@](C)(O3)P1c1ccccc1)O2. Solvent: CC(=O)N(C)C. Base: CsOAc. Reaction Temperature: 105 degrees centigrade. Reaction Concentration: 0.057 M. Palladium loading: 2.25 mol%. Ligand loading: 5 mol%. Base loading: 3 eq. What is the yield (%) and cost (US dollar per mol) of this reaction?","","-1,-1","[]"
"Here is a chemical reaction. Reactants are: Cn1cnc(C#N)c1, Fc1ccccc1Br. Product is: Cn1cnc(C#N)c1-c1ccccc1F. Reaction type is Pd catalyzed C-H arylation. The reaction conditions of this reaction are: Palladium Source: [PdCl(allyl)]2. Ligand: CC12C[C@]3(C)O[C@@](C)(C[C@@](C)(O3)P1c1ccccc1)O2. Solvent: CC(=O)N(C)C. Base: CsOAc. Reaction Temperature: 120 degrees centigrade. Reaction Concentration: 0.057 M. Palladium loading: 2.25 mol%. Ligand loading: 5 mol%. Base loading: 3 eq. What is the yield (%) and cost (US dollar per mol) of this reaction?","","-1,-1","[]"
"Here is a chemical reaction. Reactants are: Cn1cnc(C#N)c1, Fc1ccccc1Br. Product is: Cn1cnc(C#N)c1-c1ccccc1F. Reaction type is Pd catalyzed C-H arylation. The reaction conditions of this reaction are: Palladium Source: [PdCl(allyl)]2. Ligand: CC12C[C@]3(C)O[C@@](C)(C[C@@](C)(O3)P1c1ccccc1)O2. Solvent: CC(=O)N(C)C. Base: CsOAc. Reaction Temperature: 90 degrees centigrade. Reaction Concentration: 0.153 M. Palladium loading: 2.25 mol%. Ligand loading: 5 mol%. Base loading: 3 eq. What is the yield (%) and cost (US dollar per mol) of this reaction?","","-1,-1","[]"
"Here is a chemical reaction. Reactants are: Cn1cnc(C#N)c1, Fc1ccccc1Br. Product is: Cn1cnc(C#N)c1-c1ccccc1F. Reaction type is Pd catalyzed C-H arylation. The reaction conditions of this reaction are: Palladium Source: [PdCl(allyl)]2. Ligand: CC12C[C@]3(C)O[C@@](C)(C[C@@](C)(O3)P1c1ccccc1)O2. Solvent: CC(=O)N(C)C. Base: CsOAc. Reaction Temperature: 105 degrees centigrade. Reaction Concentration: 0.153 M. Palladium loading: 2.25 mol%. Ligand loading: 5 mol%. Base loading: 3 eq. What is the yield (%) and cost (US dollar per mol) of this reaction?","","-1,-1","[]"
"Here is a chemical reaction. Reactants are: Cn1cnc(C#N)c1, Fc1ccccc1Br. Product is: Cn1cnc(C#N)c1-c1ccccc1F. Reaction type is Pd catalyzed C-H arylation. The reaction conditions of this reaction are: Palladium Source: [PdCl(allyl)]2. Ligand: CC12C[C@]3(C)O[C@@](C)(C[C@@](C)(O3)P1c1ccccc1)O2. Solvent: CC(=O)N(C)C. Base: CsOAc. Reaction Temperature: 120 degrees centigrade. Reaction Concentration: 0.153 M. Palladium loading: 2.25 mol%. Ligand loading: 5 mol%. Base loading: 3 eq. What is the yield (%) and cost (US dollar per mol) of this reaction?","","-1,-1","[]"
"Here is a chemical reaction. Reactants are: Cn1cnc(C#N)c1, Fc1ccccc1Br. Product is: Cn1cnc(C#N)c1-c1ccccc1F. Reaction type is Pd catalyzed C-H arylation. The reaction conditions of this reaction are: Palladium Source: [PdCl(allyl)]2. Ligand: CC12C[C@]3(C)O[C@@](C)(C[C@@](C)(O3)P1c1ccccc1)O2. Solvent: CCCCOC(C)=O. Base: KOPiv. Reaction Temperature: 90 degrees centigrade. Reaction Concentration: 0.1 M. Palladium loading: 2.25 mol%. Ligand loading: 5 mol%. Base loading: 3 eq. What is the yield (%) and cost (US dollar per mol) of this reaction?","","-1,-1","[]"
"Here is a chemical reaction. Reactants are: Cn1cnc(C#N)c1, Fc1ccccc1Br. Product is: Cn1cnc(C#N)c1-c1ccccc1F. Reaction type is Pd catalyzed C-H arylation. The reaction conditions of this reaction are: Palladium Source: [PdCl(allyl)]2. Ligand: CC12C[C@]3(C)O[C@@](C)(C[C@@](C)(O3)P1c1ccccc1)O2. Solvent: CCCCOC(C)=O. Base: KOPiv. Reaction Temperature: 105 degrees centigrade. Reaction Concentration: 0.1 M. Palladium loading: 2.25 mol%. Ligand loading: 5 mol%. Base loading: 3 eq. What is the yield (%) and cost (US dollar per mol) of this reaction?","","-1,-1","[]"
"Here is a chemical reaction. Reactants are: Cn1cnc(C#N)c1, Fc1ccccc1Br. Product is: Cn1cnc(C#N)c1-c1ccccc1F. Reaction type is Pd catalyzed C-H arylation. The reaction conditions of this reaction are: Palladium Source: [PdCl(allyl)]2. Ligand: CC12C[C@]3(C)O[C@@](C)(C[C@@](C)(O3)P1c1ccccc1)O2. Solvent: CCCCOC(C)=O. Base: KOPiv. Reaction Temperature: 120 degrees centigrade. Reaction Concentration: 0.1 M. Palladium loading: 2.25 mol%. Ligand loading: 5 mol%. Base loading: 3 eq. What is the yield (%) and cost (US dollar per mol) of this reaction?","","-1,-1","[]"
"Here is a chemical reaction. Reactants are: Cn1cnc(C#N)c1, Fc1ccccc1Br. Product is: Cn1cnc(C#N)c1-c1ccccc1F. Reaction type is Pd catalyzed C-H arylation. The reaction conditions of this reaction are: Palladium Source: [PdCl(allyl)]2. Ligand: CC12C[C@]3(C)O[C@@](C)(C[C@@](C)(O3)P1c1ccccc1)O2. Solvent: CCCCOC(C)=O. Base: KOPiv. Reaction Temperature: 90 degrees centigrade. Reaction Concentration: 0.057 M. Palladium loading: 2.25 mol%. Ligand loading: 5 mol%. Base loading: 3 eq. What is the yield (%) and cost (US dollar per mol) of this reaction?","","-1,-1","[]"
"Here is a chemical reaction. Reactants are: Cn1cnc(C#N)c1, Fc1ccccc1Br. Product is: Cn1cnc(C#N)c1-c1ccccc1F. Reaction type is Pd catalyzed C-H arylation. The reaction conditions of this reaction are: Palladium Source: [PdCl(allyl)]2. Ligand: CC12C[C@]3(C)O[C@@](C)(C[C@@](C)(O3)P1c1ccccc1)O2. Solvent: CCCCOC(C)=O. Base: KOPiv. Reaction Temperature: 105 degrees centigrade. Reaction Concentration: 0.057 M. Palladium loading: 2.25 mol%. Ligand loading: 5 mol%. Base loading: 3 eq. What is the yield (%) and cost (US dollar per mol) of this reaction?","","-1,-1","[]"
"Here is a chemical reaction. Reactants are: Cn1cnc(C#N)c1, Fc1ccccc1Br. Product is: Cn1cnc(C#N)c1-c1ccccc1F. Reaction type is Pd catalyzed C-H arylation. The reaction conditions of this reaction are: Palladium Source: [PdCl(allyl)]2. Ligand: CC12C[C@]3(C)O[C@@](C)(C[C@@](C)(O3)P1c1ccccc1)O2. Solvent: CCCCOC(C)=O. Base: KOPiv. Reaction Temperature: 120 degrees centigrade. Reaction Concentration: 0.057 M. Palladium loading: 2.25 mol%. Ligand loading: 5 mol%. Base loading: 3 eq. What is the yield (%) and cost (US dollar per mol) of this reaction?","","-1,-1","[]"
"Here is a chemical reaction. Reactants are: Cn1cnc(C#N)c1, Fc1ccccc1Br. Product is: Cn1cnc(C#N)c1-c1ccccc1F. Reaction type is Pd catalyzed C-H arylation. The reaction conditions of this reaction are: Palladium Source: [PdCl(allyl)]2. Ligand: CC12C[C@]3(C)O[C@@](C)(C[C@@](C)(O3)P1c1ccccc1)O2. Solvent: CCCCOC(C)=O. Base: KOPiv. Reaction Temperature: 90 degrees centigrade. Reaction Concentration: 0.153 M. Palladium loading: 2.25 mol%. Ligand loading: 5 mol%. Base loading: 3 eq. What is the yield (%) and cost (US dollar per mol) of this reaction?","","-1,-1","[]"
"Here is a chemical reaction. Reactants are: Cn1cnc(C#N)c1, Fc1ccccc1Br. Product is: Cn1cnc(C#N)c1-c1ccccc1F. Reaction type is Pd catalyzed C-H arylation. The reaction conditions of this reaction are: Palladium Source: [PdCl(allyl)]2. Ligand: CC12C[C@]3(C)O[C@@](C)(C[C@@](C)(O3)P1c1ccccc1)O2. Solvent: CCCCOC(C)=O. Base: KOPiv. Reaction Temperature: 105 degrees centigrade. Reaction Concentration: 0.153 M. Palladium loading: 2.25 mol%. Ligand loading: 5 mol%. Base loading: 3 eq. What is the yield (%) and cost (US dollar per mol) of this reaction?","","-1,-1","[]"
"Here is a chemical reaction. Reactants are: Cn1cnc(C#N)c1, Fc1ccccc1Br. Product is: Cn1cnc(C#N)c1-c1ccccc1F. Reaction type is Pd catalyzed C-H arylation. The reaction conditions of this reaction are: Palladium Source: [PdCl(allyl)]2. Ligand: CC12C[C@]3(C)O[C@@](C)(C[C@@](C)(O3)P1c1ccccc1)O2. Solvent: CCCCOC(C)=O. Base: KOPiv. Reaction Temperature: 120 degrees centigrade. Reaction Concentration: 0.153 M. Palladium loading: 2.25 mol%. Ligand loading: 5 mol%. Base loading: 3 eq. What is the yield (%) and cost (US dollar per mol) of this reaction?","","-1,-1","[]"
"Here is a chemical reaction. Reactants are: Cn1cnc(C#N)c1, Fc1ccccc1Br. Product is: Cn1cnc(C#N)c1-c1ccccc1F. Reaction type is Pd catalyzed C-H arylation. The reaction conditions of this reaction are: Palladium Source: [PdCl(allyl)]2. Ligand: CC12C[C@]3(C)O[C@@](C)(C[C@@](C)(O3)P1c1ccccc1)O2. Solvent: CCCC#N. Base: KOPiv. Reaction Temperature: 90 degrees centigrade. Reaction Concentration: 0.1 M. Palladium loading: 2.25 mol%. Ligand loading: 5 mol%. Base loading: 3 eq. What is the yield (%) and cost (US dollar per mol) of this reaction?","","-1,-1","[]"
"Here is a chemical reaction. Reactants are: Cn1cnc(C#N)c1, Fc1ccccc1Br. Product is: Cn1cnc(C#N)c1-c1ccccc1F. Reaction type is Pd catalyzed C-H arylation. The reaction conditions of this reaction are: Palladium Source: [PdCl(allyl)]2. Ligand: CC12C[C@]3(C)O[C@@](C)(C[C@@](C)(O3)P1c1ccccc1)O2. Solvent: CCCC#N. Base: KOPiv. Reaction Temperature: 105 degrees centigrade. Reaction Concentration: 0.1 M. Palladium loading: 2.25 mol%. Ligand loading: 5 mol%. Base loading: 3 eq. What is the yield (%) and cost (US dollar per mol) of this reaction?","","-1,-1","[]"
"Here is a chemical reaction. Reactants are: Cn1cnc(C#N)c1, Fc1ccccc1Br. Product is: Cn1cnc(C#N)c1-c1ccccc1F. Reaction type is Pd catalyzed C-H arylation. The reaction conditions of this reaction are: Palladium Source: [PdCl(allyl)]2. Ligand: CC12C[C@]3(C)O[C@@](C)(C[C@@](C)(O3)P1c1ccccc1)O2. Solvent: CCCC#N. Base: KOPiv. Reaction Temperature: 120 degrees centigrade. Reaction Concentration: 0.1 M. Palladium loading: 2.25 mol%. Ligand loading: 5 mol%. Base loading: 3 eq. What is the yield (%) and cost (US dollar per mol) of this reaction?","","-1,-1","[]"
"Here is a chemical reaction. Reactants are: Cn1cnc(C#N)c1, Fc1ccccc1Br. Product is: Cn1cnc(C#N)c1-c1ccccc1F. Reaction type is Pd catalyzed C-H arylation. The reaction conditions of this reaction are: Palladium Source: [PdCl(allyl)]2. Ligand: CC12C[C@]3(C)O[C@@](C)(C[C@@](C)(O3)P1c1ccccc1)O2. Solvent: CCCC#N. Base: KOPiv. Reaction Temperature: 90 degrees centigrade. Reaction Concentration: 0.057 M. Palladium loading: 2.25 mol%. Ligand loading: 5 mol%. Base loading: 3 eq. What is the yield (%) and cost (US dollar per mol) of this reaction?","","-1,-1","[]"
"Here is a chemical reaction. Reactants are: Cn1cnc(C#N)c1, Fc1ccccc1Br. Product is: Cn1cnc(C#N)c1-c1ccccc1F. Reaction type is Pd catalyzed C-H arylation. The reaction conditions of this reaction are: Palladium Source: [PdCl(allyl)]2. Ligand: CC12C[C@]3(C)O[C@@](C)(C[C@@](C)(O3)P1c1ccccc1)O2. Solvent: CCCC#N. Base: KOPiv. Reaction Temperature: 105 degrees centigrade. Reaction Concentration: 0.057 M. Palladium loading: 2.25 mol%. Ligand loading: 5 mol%. Base loading: 3 eq. What is the yield (%) and cost (US dollar per mol) of this reaction?","","-1,-1","[]"
"Here is a chemical reaction. Reactants are: Cn1cnc(C#N)c1, Fc1ccccc1Br. Product is: Cn1cnc(C#N)c1-c1ccccc1F. Reaction type is Pd catalyzed C-H arylation. The reaction conditions of this reaction are: Palladium Source: [PdCl(allyl)]2. Ligand: CC12C[C@]3(C)O[C@@](C)(C[C@@](C)(O3)P1c1ccccc1)O2. Solvent: CCCC#N. Base: KOPiv. Reaction Temperature: 120 degrees centigrade. Reaction Concentration: 0.057 M. Palladium loading: 2.25 mol%. Ligand loading: 5 mol%. Base loading: 3 eq. What is the yield (%) and cost (US dollar per mol) of this reaction?","","-1,-1","[]"
"Here is a chemical reaction. Reactants are: Cn1cnc(C#N)c1, Fc1ccccc1Br. Product is: Cn1cnc(C#N)c1-c1ccccc1F. Reaction type is Pd catalyzed C-H arylation. The reaction conditions of this reaction are: Palladium Source: [PdCl(allyl)]2. Ligand: CC12C[C@]3(C)O[C@@](C)(C[C@@](C)(O3)P1c1ccccc1)O2. Solvent: CCCC#N. Base: KOPiv. Reaction Temperature: 90 degrees centigrade. Reaction Concentration: 0.153 M. Palladium loading: 2.25 mol%. Ligand loading: 5 mol%. Base loading: 3 eq. What is the yield (%) and cost (US dollar per mol) of this reaction?","","-1,-1","[]"
"Here is a chemical reaction. Reactants are: Cn1cnc(C#N)c1, Fc1ccccc1Br. Product is: Cn1cnc(C#N)c1-c1ccccc1F. Reaction type is Pd catalyzed C-H arylation. The reaction conditions of this reaction are: Palladium Source: [PdCl(allyl)]2. Ligand: CC12C[C@]3(C)O[C@@](C)(C[C@@](C)(O3)P1c1ccccc1)O2. Solvent: CCCC#N. Base: KOPiv. Reaction Temperature: 105 degrees centigrade. Reaction Concentration: 0.153 M. Palladium loading: 2.25 mol%. Ligand loading: 5 mol%. Base loading: 3 eq. What is the yield (%) and cost (US dollar per mol) of this reaction?","","-1,-1","[]"
"Here is a chemical reaction. Reactants are: Cn1cnc(C#N)c1, Fc1ccccc1Br. Product is: Cn1cnc(C#N)c1-c1ccccc1F. Reaction type is Pd catalyzed C-H arylation. The reaction conditions of this reaction are: Palladium Source: [PdCl(allyl)]2. Ligand: CC12C[C@]3(C)O[C@@](C)(C[C@@](C)(O3)P1c1ccccc1)O2. Solvent: CCCC#N. Base: KOPiv. Reaction Temperature: 120 degrees centigrade. Reaction Concentration: 0.153 M. Palladium loading: 2.25 mol%. Ligand loading: 5 mol%. Base loading: 3 eq. What is the yield (%) and cost (US dollar per mol) of this reaction?","","-1,-1","[]"
"Here is a chemical reaction. Reactants are: Cn1cnc(C#N)c1, Fc1ccccc1Br. Product is: Cn1cnc(C#N)c1-c1ccccc1F. Reaction type is Pd catalyzed C-H arylation. The reaction conditions of this reaction are: Palladium Source: [PdCl(allyl)]2. Ligand: CC12C[C@]3(C)O[C@@](C)(C[C@@](C)(O3)P1c1ccccc1)O2. Solvent: Cc1ccc(C)cc1. Base: KOPiv. Reaction Temperature: 90 degrees centigrade. Reaction Concentration: 0.1 M. Palladium loading: 2.25 mol%. Ligand loading: 5 mol%. Base loading: 3 eq. What is the yield (%) and cost (US dollar per mol) of this reaction?","","-1,-1","[]"
"Here is a chemical reaction. Reactants are: Cn1cnc(C#N)c1, Fc1ccccc1Br. Product is: Cn1cnc(C#N)c1-c1ccccc1F. Reaction type is Pd catalyzed C-H arylation. The reaction conditions of this reaction are: Palladium Source: [PdCl(allyl)]2. Ligand: CC12C[C@]3(C)O[C@@](C)(C[C@@](C)(O3)P1c1ccccc1)O2. Solvent: Cc1ccc(C)cc1. Base: KOPiv. Reaction Temperature: 105 degrees centigrade. Reaction Concentration: 0.1 M. Palladium loading: 2.25 mol%. Ligand loading: 5 mol%. Base loading: 3 eq. What is the yield (%) and cost (US dollar per mol) of this reaction?","","-1,-1","[]"
"Here is a chemical reaction. Reactants are: Cn1cnc(C#N)c1, Fc1ccccc1Br. Product is: Cn1cnc(C#N)c1-c1ccccc1F. Reaction type is Pd catalyzed C-H arylation. The reaction conditions of this reaction are: Palladium Source: [PdCl(allyl)]2. Ligand: CC12C[C@]3(C)O[C@@](C)(C[C@@](C)(O3)P1c1ccccc1)O2. Solvent: Cc1ccc(C)cc1. Base: KOPiv. Reaction Temperature: 120 degrees centigrade. Reaction Concentration: 0.1 M. Palladium loading: 2.25 mol%. Ligand loading: 5 mol%. Base loading: 3 eq. What is the yield (%) and cost (US dollar per mol) of this reaction?","","-1,-1","[]"
"Here is a chemical reaction. Reactants are: Cn1cnc(C#N)c1, Fc1ccccc1Br. Product is: Cn1cnc(C#N)c1-c1ccccc1F. Reaction type is Pd catalyzed C-H arylation. The reaction conditions of this reaction are: Palladium Source: [PdCl(allyl)]2. Ligand: CC12C[C@]3(C)O[C@@](C)(C[C@@](C)(O3)P1c1ccccc1)O2. Solvent: Cc1ccc(C)cc1. Base: KOPiv. Reaction Temperature: 90 degrees centigrade. Reaction Concentration: 0.057 M. Palladium loading: 2.25 mol%. Ligand loading: 5 mol%. Base loading: 3 eq. What is the yield (%) and cost (US dollar per mol) of this reaction?","","-1,-1","[]"
"Here is a chemical reaction. Reactants are: Cn1cnc(C#N)c1, Fc1ccccc1Br. Product is: Cn1cnc(C#N)c1-c1ccccc1F. Reaction type is Pd catalyzed C-H arylation. The reaction conditions of this reaction are: Palladium Source: [PdCl(allyl)]2. Ligand: CC12C[C@]3(C)O[C@@](C)(C[C@@](C)(O3)P1c1ccccc1)O2. Solvent: Cc1ccc(C)cc1. Base: KOPiv. Reaction Temperature: 105 degrees centigrade. Reaction Concentration: 0.057 M. Palladium loading: 2.25 mol%. Ligand loading: 5 mol%. Base loading: 3 eq. What is the yield (%) and cost (US dollar per mol) of this reaction?","","-1,-1","[]"
"Here is a chemical reaction. Reactants are: Cn1cnc(C#N)c1, Fc1ccccc1Br. Product is: Cn1cnc(C#N)c1-c1ccccc1F. Reaction type is Pd catalyzed C-H arylation. The reaction conditions of this reaction are: Palladium Source: [PdCl(allyl)]2. Ligand: CC12C[C@]3(C)O[C@@](C)(C[C@@](C)(O3)P1c1ccccc1)O2. Solvent: Cc1ccc(C)cc1. Base: KOPiv. Reaction Temperature: 120 degrees centigrade. Reaction Concentration: 0.057 M. Palladium loading: 2.25 mol%. Ligand loading: 5 mol%. Base loading: 3 eq. What is the yield (%) and cost (US dollar per mol) of this reaction?","","-1,-1","[]"
"Here is a chemical reaction. Reactants are: Cn1cnc(C#N)c1, Fc1ccccc1Br. Product is: Cn1cnc(C#N)c1-c1ccccc1F. Reaction type is Pd catalyzed C-H arylation. The reaction conditions of this reaction are: Palladium Source: [PdCl(allyl)]2. Ligand: CC12C[C@]3(C)O[C@@](C)(C[C@@](C)(O3)P1c1ccccc1)O2. Solvent: Cc1ccc(C)cc1. Base: KOPiv. Reaction Temperature: 90 degrees centigrade. Reaction Concentration: 0.153 M. Palladium loading: 2.25 mol%. Ligand loading: 5 mol%. Base loading: 3 eq. What is the yield (%) and cost (US dollar per mol) of this reaction?","","-1,-1","[]"
"Here is a chemical reaction. Reactants are: Cn1cnc(C#N)c1, Fc1ccccc1Br. Product is: Cn1cnc(C#N)c1-c1ccccc1F. Reaction type is Pd catalyzed C-H arylation. The reaction conditions of this reaction are: Palladium Source: [PdCl(allyl)]2. Ligand: CC12C[C@]3(C)O[C@@](C)(C[C@@](C)(O3)P1c1ccccc1)O2. Solvent: Cc1ccc(C)cc1. Base: KOPiv. Reaction Temperature: 105 degrees centigrade. Reaction Concentration: 0.153 M. Palladium loading: 2.25 mol%. Ligand loading: 5 mol%. Base loading: 3 eq. What is the yield (%) and cost (US dollar per mol) of this reaction?","","-1,-1","[]"
"Here is a chemical reaction. Reactants are: Cn1cnc(C#N)c1, Fc1ccccc1Br. Product is: Cn1cnc(C#N)c1-c1ccccc1F. Reaction type is Pd catalyzed C-H arylation. The reaction conditions of this reaction are: Palladium Source: [PdCl(allyl)]2. Ligand: CC12C[C@]3(C)O[C@@](C)(C[C@@](C)(O3)P1c1ccccc1)O2. Solvent: Cc1ccc(C)cc1. Base: KOPiv. Reaction Temperature: 120 degrees centigrade. Reaction Concentration: 0.153 M. Palladium loading: 2.25 mol%. Ligand loading: 5 mol%. Base loading: 3 eq. What is the yield (%) and cost (US dollar per mol) of this reaction?","","-1,-1","[]"
"Here is a chemical reaction. Reactants are: Cn1cnc(C#N)c1, Fc1ccccc1Br. Product is: Cn1cnc(C#N)c1-c1ccccc1F. Reaction type is Pd catalyzed C-H arylation. The reaction conditions of this reaction are: Palladium Source: [PdCl(allyl)]2. Ligand: CC12C[C@]3(C)O[C@@](C)(C[C@@](C)(O3)P1c1ccccc1)O2. Solvent: CC(=O)N(C)C. Base: KOPiv. Reaction Temperature: 90 degrees centigrade. Reaction Concentration: 0.1 M. Palladium loading: 2.25 mol%. Ligand loading: 5 mol%. Base loading: 3 eq. What is the yield (%) and cost (US dollar per mol) of this reaction?","","-1,-1","[]"
"Here is a chemical reaction. Reactants are: Cn1cnc(C#N)c1, Fc1ccccc1Br. Product is: Cn1cnc(C#N)c1-c1ccccc1F. Reaction type is Pd catalyzed C-H arylation. The reaction conditions of this reaction are: Palladium Source: [PdCl(allyl)]2. Ligand: CC12C[C@]3(C)O[C@@](C)(C[C@@](C)(O3)P1c1ccccc1)O2. Solvent: CC(=O)N(C)C. Base: KOPiv. Reaction Temperature: 105 degrees centigrade. Reaction Concentration: 0.1 M. Palladium loading: 2.25 mol%. Ligand loading: 5 mol%. Base loading: 3 eq. What is the yield (%) and cost (US dollar per mol) of this reaction?","","-1,-1","[]"
"Here is a chemical reaction. Reactants are: Cn1cnc(C#N)c1, Fc1ccccc1Br. Product is: Cn1cnc(C#N)c1-c1ccccc1F. Reaction type is Pd catalyzed C-H arylation. The reaction conditions of this reaction are: Palladium Source: [PdCl(allyl)]2. Ligand: CC12C[C@]3(C)O[C@@](C)(C[C@@](C)(O3)P1c1ccccc1)O2. Solvent: CC(=O)N(C)C. Base: KOPiv. Reaction Temperature: 120 degrees centigrade. Reaction Concentration: 0.1 M. Palladium loading: 2.25 mol%. Ligand loading: 5 mol%. Base loading: 3 eq. What is the yield (%) and cost (US dollar per mol) of this reaction?","","-1,-1","[]"
"Here is a chemical reaction. Reactants are: Cn1cnc(C#N)c1, Fc1ccccc1Br. Product is: Cn1cnc(C#N)c1-c1ccccc1F. Reaction type is Pd catalyzed C-H arylation. The reaction conditions of this reaction are: Palladium Source: [PdCl(allyl)]2. Ligand: CC12C[C@]3(C)O[C@@](C)(C[C@@](C)(O3)P1c1ccccc1)O2. Solvent: CC(=O)N(C)C. Base: KOPiv. Reaction Temperature: 90 degrees centigrade. Reaction Concentration: 0.057 M. Palladium loading: 2.25 mol%. Ligand loading: 5 mol%. Base loading: 3 eq. What is the yield (%) and cost (US dollar per mol) of this reaction?","","-1,-1","[]"
"Here is a chemical reaction. Reactants are: Cn1cnc(C#N)c1, Fc1ccccc1Br. Product is: Cn1cnc(C#N)c1-c1ccccc1F. Reaction type is Pd catalyzed C-H arylation. The reaction conditions of this reaction are: Palladium Source: [PdCl(allyl)]2. Ligand: CC12C[C@]3(C)O[C@@](C)(C[C@@](C)(O3)P1c1ccccc1)O2. Solvent: CC(=O)N(C)C. Base: KOPiv. Reaction Temperature: 105 degrees centigrade. Reaction Concentration: 0.057 M. Palladium loading: 2.25 mol%. Ligand loading: 5 mol%. Base loading: 3 eq. What is the yield (%) and cost (US dollar per mol) of this reaction?","","-1,-1","[]"
"Here is a chemical reaction. Reactants are: Cn1cnc(C#N)c1, Fc1ccccc1Br. Product is: Cn1cnc(C#N)c1-c1ccccc1F. Reaction type is Pd catalyzed C-H arylation. The reaction conditions of this reaction are: Palladium Source: [PdCl(allyl)]2. Ligand: CC12C[C@]3(C)O[C@@](C)(C[C@@](C)(O3)P1c1ccccc1)O2. Solvent: CC(=O)N(C)C. Base: KOPiv. Reaction Temperature: 120 degrees centigrade. Reaction Concentration: 0.057 M. Palladium loading: 2.25 mol%. Ligand loading: 5 mol%. Base loading: 3 eq. What is the yield (%) and cost (US dollar per mol) of this reaction?","","-1,-1","[]"
"Here is a chemical reaction. Reactants are: Cn1cnc(C#N)c1, Fc1ccccc1Br. Product is: Cn1cnc(C#N)c1-c1ccccc1F. Reaction type is Pd catalyzed C-H arylation. The reaction conditions of this reaction are: Palladium Source: [PdCl(allyl)]2. Ligand: CC12C[C@]3(C)O[C@@](C)(C[C@@](C)(O3)P1c1ccccc1)O2. Solvent: CC(=O)N(C)C. Base: KOPiv. Reaction Temperature: 90 degrees centigrade. Reaction Concentration: 0.153 M. Palladium loading: 2.25 mol%. Ligand loading: 5 mol%. Base loading: 3 eq. What is the yield (%) and cost (US dollar per mol) of this reaction?","","-1,-1","[]"
"Here is a chemical reaction. Reactants are: Cn1cnc(C#N)c1, Fc1ccccc1Br. Product is: Cn1cnc(C#N)c1-c1ccccc1F. Reaction type is Pd catalyzed C-H arylation. The reaction conditions of this reaction are: Palladium Source: [PdCl(allyl)]2. Ligand: CC12C[C@]3(C)O[C@@](C)(C[C@@](C)(O3)P1c1ccccc1)O2. Solvent: CC(=O)N(C)C. Base: KOPiv. Reaction Temperature: 105 degrees centigrade. Reaction Concentration: 0.153 M. Palladium loading: 2.25 mol%. Ligand loading: 5 mol%. Base loading: 3 eq. What is the yield (%) and cost (US dollar per mol) of this reaction?","","-1,-1","[]"
"Here is a chemical reaction. Reactants are: Cn1cnc(C#N)c1, Fc1ccccc1Br. Product is: Cn1cnc(C#N)c1-c1ccccc1F. Reaction type is Pd catalyzed C-H arylation. The reaction conditions of this reaction are: Palladium Source: [PdCl(allyl)]2. Ligand: CC12C[C@]3(C)O[C@@](C)(C[C@@](C)(O3)P1c1ccccc1)O2. Solvent: CC(=O)N(C)C. Base: KOPiv. Reaction Temperature: 120 degrees centigrade. Reaction Concentration: 0.153 M. Palladium loading: 2.25 mol%. Ligand loading: 5 mol%. Base loading: 3 eq. What is the yield (%) and cost (US dollar per mol) of this reaction?","","-1,-1","[]"
"Here is a chemical reaction. Reactants are: Cn1cnc(C#N)c1, Fc1ccccc1Br. Product is: Cn1cnc(C#N)c1-c1ccccc1F. Reaction type is Pd catalyzed C-H arylation. The reaction conditions of this reaction are: Palladium Source: [PdCl(allyl)]2. Ligand: CC12C[C@]3(C)O[C@@](C)(C[C@@](C)(O3)P1c1ccccc1)O2. Solvent: CCCCOC(C)=O. Base: CsOPiv. Reaction Temperature: 90 degrees centigrade. Reaction Concentration: 0.1 M. Palladium loading: 2.25 mol%. Ligand loading: 5 mol%. Base loading: 3 eq. What is the yield (%) and cost (US dollar per mol) of this reaction?","","-1,-1","[]"
"Here is a chemical reaction. Reactants are: Cn1cnc(C#N)c1, Fc1ccccc1Br. Product is: Cn1cnc(C#N)c1-c1ccccc1F. Reaction type is Pd catalyzed C-H arylation. The reaction conditions of this reaction are: Palladium Source: [PdCl(allyl)]2. Ligand: CC12C[C@]3(C)O[C@@](C)(C[C@@](C)(O3)P1c1ccccc1)O2. Solvent: CCCCOC(C)=O. Base: CsOPiv. Reaction Temperature: 105 degrees centigrade. Reaction Concentration: 0.1 M. Palladium loading: 2.25 mol%. Ligand loading: 5 mol%. Base loading: 3 eq. What is the yield (%) and cost (US dollar per mol) of this reaction?","","-1,-1","[]"
"Here is a chemical reaction. Reactants are: Cn1cnc(C#N)c1, Fc1ccccc1Br. Product is: Cn1cnc(C#N)c1-c1ccccc1F. Reaction type is Pd catalyzed C-H arylation. The reaction conditions of this reaction are: Palladium Source: [PdCl(allyl)]2. Ligand: CC12C[C@]3(C)O[C@@](C)(C[C@@](C)(O3)P1c1ccccc1)O2. Solvent: CCCCOC(C)=O. Base: CsOPiv. Reaction Temperature: 120 degrees centigrade. Reaction Concentration: 0.1 M. Palladium loading: 2.25 mol%. Ligand loading: 5 mol%. Base loading: 3 eq. What is the yield (%) and cost (US dollar per mol) of this reaction?","","-1,-1","[]"
"Here is a chemical reaction. Reactants are: Cn1cnc(C#N)c1, Fc1ccccc1Br. Product is: Cn1cnc(C#N)c1-c1ccccc1F. Reaction type is Pd catalyzed C-H arylation. The reaction conditions of this reaction are: Palladium Source: [PdCl(allyl)]2. Ligand: CC12C[C@]3(C)O[C@@](C)(C[C@@](C)(O3)P1c1ccccc1)O2. Solvent: CCCCOC(C)=O. Base: CsOPiv. Reaction Temperature: 90 degrees centigrade. Reaction Concentration: 0.057 M. Palladium loading: 2.25 mol%. Ligand loading: 5 mol%. Base loading: 3 eq. What is the yield (%) and cost (US dollar per mol) of this reaction?","","-1,-1","[]"
"Here is a chemical reaction. Reactants are: Cn1cnc(C#N)c1, Fc1ccccc1Br. Product is: Cn1cnc(C#N)c1-c1ccccc1F. Reaction type is Pd catalyzed C-H arylation. The reaction conditions of this reaction are: Palladium Source: [PdCl(allyl)]2. Ligand: CC12C[C@]3(C)O[C@@](C)(C[C@@](C)(O3)P1c1ccccc1)O2. Solvent: CCCCOC(C)=O. Base: CsOPiv. Reaction Temperature: 105 degrees centigrade. Reaction Concentration: 0.057 M. Palladium loading: 2.25 mol%. Ligand loading: 5 mol%. Base loading: 3 eq. What is the yield (%) and cost (US dollar per mol) of this reaction?","","-1,-1","[]"
"Here is a chemical reaction. Reactants are: Cn1cnc(C#N)c1, Fc1ccccc1Br. Product is: Cn1cnc(C#N)c1-c1ccccc1F. Reaction type is Pd catalyzed C-H arylation. The reaction conditions of this reaction are: Palladium Source: [PdCl(allyl)]2. Ligand: CC12C[C@]3(C)O[C@@](C)(C[C@@](C)(O3)P1c1ccccc1)O2. Solvent: CCCCOC(C)=O. Base: CsOPiv. Reaction Temperature: 120 degrees centigrade. Reaction Concentration: 0.057 M. Palladium loading: 2.25 mol%. Ligand loading: 5 mol%. Base loading: 3 eq. What is the yield (%) and cost (US dollar per mol) of this reaction?","","-1,-1","[]"
"Here is a chemical reaction. Reactants are: Cn1cnc(C#N)c1, Fc1ccccc1Br. Product is: Cn1cnc(C#N)c1-c1ccccc1F. Reaction type is Pd catalyzed C-H arylation. The reaction conditions of this reaction are: Palladium Source: [PdCl(allyl)]2. Ligand: CC12C[C@]3(C)O[C@@](C)(C[C@@](C)(O3)P1c1ccccc1)O2. Solvent: CCCCOC(C)=O. Base: CsOPiv. Reaction Temperature: 90 degrees centigrade. Reaction Concentration: 0.153 M. Palladium loading: 2.25 mol%. Ligand loading: 5 mol%. Base loading: 3 eq. What is the yield (%) and cost (US dollar per mol) of this reaction?","","-1,-1","[]"
"Here is a chemical reaction. Reactants are: Cn1cnc(C#N)c1, Fc1ccccc1Br. Product is: Cn1cnc(C#N)c1-c1ccccc1F. Reaction type is Pd catalyzed C-H arylation. The reaction conditions of this reaction are: Palladium Source: [PdCl(allyl)]2. Ligand: CC12C[C@]3(C)O[C@@](C)(C[C@@](C)(O3)P1c1ccccc1)O2. Solvent: CCCCOC(C)=O. Base: CsOPiv. Reaction Temperature: 105 degrees centigrade. Reaction Concentration: 0.153 M. Palladium loading: 2.25 mol%. Ligand loading: 5 mol%. Base loading: 3 eq. What is the yield (%) and cost (US dollar per mol) of this reaction?","","-1,-1","[]"
"Here is a chemical reaction. Reactants are: Cn1cnc(C#N)c1, Fc1ccccc1Br. Product is: Cn1cnc(C#N)c1-c1ccccc1F. Reaction type is Pd catalyzed C-H arylation. The reaction conditions of this reaction are: Palladium Source: [PdCl(allyl)]2. Ligand: CC12C[C@]3(C)O[C@@](C)(C[C@@](C)(O3)P1c1ccccc1)O2. Solvent: CCCCOC(C)=O. Base: CsOPiv. Reaction Temperature: 120 degrees centigrade. Reaction Concentration: 0.153 M. Palladium loading: 2.25 mol%. Ligand loading: 5 mol%. Base loading: 3 eq. What is the yield (%) and cost (US dollar per mol) of this reaction?","","-1,-1","[]"
"Here is a chemical reaction. Reactants are: Cn1cnc(C#N)c1, Fc1ccccc1Br. Product is: Cn1cnc(C#N)c1-c1ccccc1F. Reaction type is Pd catalyzed C-H arylation. The reaction conditions of this reaction are: Palladium Source: [PdCl(allyl)]2. Ligand: CC12C[C@]3(C)O[C@@](C)(C[C@@](C)(O3)P1c1ccccc1)O2. Solvent: CCCC#N. Base: CsOPiv. Reaction Temperature: 90 degrees centigrade. Reaction Concentration: 0.1 M. Palladium loading: 2.25 mol%. Ligand loading: 5 mol%. Base loading: 3 eq. What is the yield (%) and cost (US dollar per mol) of this reaction?","","-1,-1","[]"
"Here is a chemical reaction. Reactants are: Cn1cnc(C#N)c1, Fc1ccccc1Br. Product is: Cn1cnc(C#N)c1-c1ccccc1F. Reaction type is Pd catalyzed C-H arylation. The reaction conditions of this reaction are: Palladium Source: [PdCl(allyl)]2. Ligand: CC12C[C@]3(C)O[C@@](C)(C[C@@](C)(O3)P1c1ccccc1)O2. Solvent: CCCC#N. Base: CsOPiv. Reaction Temperature: 105 degrees centigrade. Reaction Concentration: 0.1 M. Palladium loading: 2.25 mol%. Ligand loading: 5 mol%. Base loading: 3 eq. What is the yield (%) and cost (US dollar per mol) of this reaction?","","-1,-1","[]"
"Here is a chemical reaction. Reactants are: Cn1cnc(C#N)c1, Fc1ccccc1Br. Product is: Cn1cnc(C#N)c1-c1ccccc1F. Reaction type is Pd catalyzed C-H arylation. The reaction conditions of this reaction are: Palladium Source: [PdCl(allyl)]2. Ligand: CC12C[C@]3(C)O[C@@](C)(C[C@@](C)(O3)P1c1ccccc1)O2. Solvent: CCCC#N. Base: CsOPiv. Reaction Temperature: 120 degrees centigrade. Reaction Concentration: 0.1 M. Palladium loading: 2.25 mol%. Ligand loading: 5 mol%. Base loading: 3 eq. What is the yield (%) and cost (US dollar per mol) of this reaction?","","-1,-1","[]"
"Here is a chemical reaction. Reactants are: Cn1cnc(C#N)c1, Fc1ccccc1Br. Product is: Cn1cnc(C#N)c1-c1ccccc1F. Reaction type is Pd catalyzed C-H arylation. The reaction conditions of this reaction are: Palladium Source: [PdCl(allyl)]2. Ligand: CC12C[C@]3(C)O[C@@](C)(C[C@@](C)(O3)P1c1ccccc1)O2. Solvent: CCCC#N. Base: CsOPiv. Reaction Temperature: 90 degrees centigrade. Reaction Concentration: 0.057 M. Palladium loading: 2.25 mol%. Ligand loading: 5 mol%. Base loading: 3 eq. What is the yield (%) and cost (US dollar per mol) of this reaction?","","-1,-1","[]"
"Here is a chemical reaction. Reactants are: Cn1cnc(C#N)c1, Fc1ccccc1Br. Product is: Cn1cnc(C#N)c1-c1ccccc1F. Reaction type is Pd catalyzed C-H arylation. The reaction conditions of this reaction are: Palladium Source: [PdCl(allyl)]2. Ligand: CC12C[C@]3(C)O[C@@](C)(C[C@@](C)(O3)P1c1ccccc1)O2. Solvent: CCCC#N. Base: CsOPiv. Reaction Temperature: 105 degrees centigrade. Reaction Concentration: 0.057 M. Palladium loading: 2.25 mol%. Ligand loading: 5 mol%. Base loading: 3 eq. What is the yield (%) and cost (US dollar per mol) of this reaction?","","-1,-1","[]"
"Here is a chemical reaction. Reactants are: Cn1cnc(C#N)c1, Fc1ccccc1Br. Product is: Cn1cnc(C#N)c1-c1ccccc1F. Reaction type is Pd catalyzed C-H arylation. The reaction conditions of this reaction are: Palladium Source: [PdCl(allyl)]2. Ligand: CC12C[C@]3(C)O[C@@](C)(C[C@@](C)(O3)P1c1ccccc1)O2. Solvent: CCCC#N. Base: CsOPiv. Reaction Temperature: 120 degrees centigrade. Reaction Concentration: 0.057 M. Palladium loading: 2.25 mol%. Ligand loading: 5 mol%. Base loading: 3 eq. What is the yield (%) and cost (US dollar per mol) of this reaction?","","-1,-1","[]"
"Here is a chemical reaction. Reactants are: Cn1cnc(C#N)c1, Fc1ccccc1Br. Product is: Cn1cnc(C#N)c1-c1ccccc1F. Reaction type is Pd catalyzed C-H arylation. The reaction conditions of this reaction are: Palladium Source: [PdCl(allyl)]2. Ligand: CC12C[C@]3(C)O[C@@](C)(C[C@@](C)(O3)P1c1ccccc1)O2. Solvent: CCCC#N. Base: CsOPiv. Reaction Temperature: 90 degrees centigrade. Reaction Concentration: 0.153 M. Palladium loading: 2.25 mol%. Ligand loading: 5 mol%. Base loading: 3 eq. What is the yield (%) and cost (US dollar per mol) of this reaction?","","-1,-1","[]"
"Here is a chemical reaction. Reactants are: Cn1cnc(C#N)c1, Fc1ccccc1Br. Product is: Cn1cnc(C#N)c1-c1ccccc1F. Reaction type is Pd catalyzed C-H arylation. The reaction conditions of this reaction are: Palladium Source: [PdCl(allyl)]2. Ligand: CC12C[C@]3(C)O[C@@](C)(C[C@@](C)(O3)P1c1ccccc1)O2. Solvent: CCCC#N. Base: CsOPiv. Reaction Temperature: 105 degrees centigrade. Reaction Concentration: 0.153 M. Palladium loading: 2.25 mol%. Ligand loading: 5 mol%. Base loading: 3 eq. What is the yield (%) and cost (US dollar per mol) of this reaction?","","-1,-1","[]"
"Here is a chemical reaction. Reactants are: Cn1cnc(C#N)c1, Fc1ccccc1Br. Product is: Cn1cnc(C#N)c1-c1ccccc1F. Reaction type is Pd catalyzed C-H arylation. The reaction conditions of this reaction are: Palladium Source: [PdCl(allyl)]2. Ligand: CC12C[C@]3(C)O[C@@](C)(C[C@@](C)(O3)P1c1ccccc1)O2. Solvent: CCCC#N. Base: CsOPiv. Reaction Temperature: 120 degrees centigrade. Reaction Concentration: 0.153 M. Palladium loading: 2.25 mol%. Ligand loading: 5 mol%. Base loading: 3 eq. What is the yield (%) and cost (US dollar per mol) of this reaction?","","-1,-1","[]"
"Here is a chemical reaction. Reactants are: Cn1cnc(C#N)c1, Fc1ccccc1Br. Product is: Cn1cnc(C#N)c1-c1ccccc1F. Reaction type is Pd catalyzed C-H arylation. The reaction conditions of this reaction are: Palladium Source: [PdCl(allyl)]2. Ligand: CC12C[C@]3(C)O[C@@](C)(C[C@@](C)(O3)P1c1ccccc1)O2. Solvent: Cc1ccc(C)cc1. Base: CsOPiv. Reaction Temperature: 90 degrees centigrade. Reaction Concentration: 0.1 M. Palladium loading: 2.25 mol%. Ligand loading: 5 mol%. Base loading: 3 eq. What is the yield (%) and cost (US dollar per mol) of this reaction?","","-1,-1","[]"
"Here is a chemical reaction. Reactants are: Cn1cnc(C#N)c1, Fc1ccccc1Br. Product is: Cn1cnc(C#N)c1-c1ccccc1F. Reaction type is Pd catalyzed C-H arylation. The reaction conditions of this reaction are: Palladium Source: [PdCl(allyl)]2. Ligand: CC12C[C@]3(C)O[C@@](C)(C[C@@](C)(O3)P1c1ccccc1)O2. Solvent: Cc1ccc(C)cc1. Base: CsOPiv. Reaction Temperature: 105 degrees centigrade. Reaction Concentration: 0.1 M. Palladium loading: 2.25 mol%. Ligand loading: 5 mol%. Base loading: 3 eq. What is the yield (%) and cost (US dollar per mol) of this reaction?","","-1,-1","[]"
"Here is a chemical reaction. Reactants are: Cn1cnc(C#N)c1, Fc1ccccc1Br. Product is: Cn1cnc(C#N)c1-c1ccccc1F. Reaction type is Pd catalyzed C-H arylation. The reaction conditions of this reaction are: Palladium Source: [PdCl(allyl)]2. Ligand: CC12C[C@]3(C)O[C@@](C)(C[C@@](C)(O3)P1c1ccccc1)O2. Solvent: Cc1ccc(C)cc1. Base: CsOPiv. Reaction Temperature: 120 degrees centigrade. Reaction Concentration: 0.1 M. Palladium loading: 2.25 mol%. Ligand loading: 5 mol%. Base loading: 3 eq. What is the yield (%) and cost (US dollar per mol) of this reaction?","","-1,-1","[]"
"Here is a chemical reaction. Reactants are: Cn1cnc(C#N)c1, Fc1ccccc1Br. Product is: Cn1cnc(C#N)c1-c1ccccc1F. Reaction type is Pd catalyzed C-H arylation. The reaction conditions of this reaction are: Palladium Source: [PdCl(allyl)]2. Ligand: CC12C[C@]3(C)O[C@@](C)(C[C@@](C)(O3)P1c1ccccc1)O2. Solvent: Cc1ccc(C)cc1. Base: CsOPiv. Reaction Temperature: 90 degrees centigrade. Reaction Concentration: 0.057 M. Palladium loading: 2.25 mol%. Ligand loading: 5 mol%. Base loading: 3 eq. What is the yield (%) and cost (US dollar per mol) of this reaction?","","-1,-1","[]"
"Here is a chemical reaction. Reactants are: Cn1cnc(C#N)c1, Fc1ccccc1Br. Product is: Cn1cnc(C#N)c1-c1ccccc1F. Reaction type is Pd catalyzed C-H arylation. The reaction conditions of this reaction are: Palladium Source: [PdCl(allyl)]2. Ligand: CC12C[C@]3(C)O[C@@](C)(C[C@@](C)(O3)P1c1ccccc1)O2. Solvent: Cc1ccc(C)cc1. Base: CsOPiv. Reaction Temperature: 105 degrees centigrade. Reaction Concentration: 0.057 M. Palladium loading: 2.25 mol%. Ligand loading: 5 mol%. Base loading: 3 eq. What is the yield (%) and cost (US dollar per mol) of this reaction?","","-1,-1","[]"
"Here is a chemical reaction. Reactants are: Cn1cnc(C#N)c1, Fc1ccccc1Br. Product is: Cn1cnc(C#N)c1-c1ccccc1F. Reaction type is Pd catalyzed C-H arylation. The reaction conditions of this reaction are: Palladium Source: [PdCl(allyl)]2. Ligand: CC12C[C@]3(C)O[C@@](C)(C[C@@](C)(O3)P1c1ccccc1)O2. Solvent: Cc1ccc(C)cc1. Base: CsOPiv. Reaction Temperature: 120 degrees centigrade. Reaction Concentration: 0.057 M. Palladium loading: 2.25 mol%. Ligand loading: 5 mol%. Base loading: 3 eq. What is the yield (%) and cost (US dollar per mol) of this reaction?","","-1,-1","[]"
"Here is a chemical reaction. Reactants are: Cn1cnc(C#N)c1, Fc1ccccc1Br. Product is: Cn1cnc(C#N)c1-c1ccccc1F. Reaction type is Pd catalyzed C-H arylation. The reaction conditions of this reaction are: Palladium Source: [PdCl(allyl)]2. Ligand: CC12C[C@]3(C)O[C@@](C)(C[C@@](C)(O3)P1c1ccccc1)O2. Solvent: Cc1ccc(C)cc1. Base: CsOPiv. Reaction Temperature: 90 degrees centigrade. Reaction Concentration: 0.153 M. Palladium loading: 2.25 mol%. Ligand loading: 5 mol%. Base loading: 3 eq. What is the yield (%) and cost (US dollar per mol) of this reaction?","","-1,-1","[]"
"Here is a chemical reaction. Reactants are: Cn1cnc(C#N)c1, Fc1ccccc1Br. Product is: Cn1cnc(C#N)c1-c1ccccc1F. Reaction type is Pd catalyzed C-H arylation. The reaction conditions of this reaction are: Palladium Source: [PdCl(allyl)]2. Ligand: CC12C[C@]3(C)O[C@@](C)(C[C@@](C)(O3)P1c1ccccc1)O2. Solvent: Cc1ccc(C)cc1. Base: CsOPiv. Reaction Temperature: 105 degrees centigrade. Reaction Concentration: 0.153 M. Palladium loading: 2.25 mol%. Ligand loading: 5 mol%. Base loading: 3 eq. What is the yield (%) and cost (US dollar per mol) of this reaction?","","-1,-1","[]"
"Here is a chemical reaction. Reactants are: Cn1cnc(C#N)c1, Fc1ccccc1Br. Product is: Cn1cnc(C#N)c1-c1ccccc1F. Reaction type is Pd catalyzed C-H arylation. The reaction conditions of this reaction are: Palladium Source: [PdCl(allyl)]2. Ligand: CC12C[C@]3(C)O[C@@](C)(C[C@@](C)(O3)P1c1ccccc1)O2. Solvent: Cc1ccc(C)cc1. Base: CsOPiv. Reaction Temperature: 120 degrees centigrade. Reaction Concentration: 0.153 M. Palladium loading: 2.25 mol%. Ligand loading: 5 mol%. Base loading: 3 eq. What is the yield (%) and cost (US dollar per mol) of this reaction?","","-1,-1","[]"
"Here is a chemical reaction. Reactants are: Cn1cnc(C#N)c1, Fc1ccccc1Br. Product is: Cn1cnc(C#N)c1-c1ccccc1F. Reaction type is Pd catalyzed C-H arylation. The reaction conditions of this reaction are: Palladium Source: [PdCl(allyl)]2. Ligand: CC12C[C@]3(C)O[C@@](C)(C[C@@](C)(O3)P1c1ccccc1)O2. Solvent: CC(=O)N(C)C. Base: CsOPiv. Reaction Temperature: 90 degrees centigrade. Reaction Concentration: 0.1 M. Palladium loading: 2.25 mol%. Ligand loading: 5 mol%. Base loading: 3 eq. What is the yield (%) and cost (US dollar per mol) of this reaction?","","-1,-1","[]"
"Here is a chemical reaction. Reactants are: Cn1cnc(C#N)c1, Fc1ccccc1Br. Product is: Cn1cnc(C#N)c1-c1ccccc1F. Reaction type is Pd catalyzed C-H arylation. The reaction conditions of this reaction are: Palladium Source: [PdCl(allyl)]2. Ligand: CC12C[C@]3(C)O[C@@](C)(C[C@@](C)(O3)P1c1ccccc1)O2. Solvent: CC(=O)N(C)C. Base: CsOPiv. Reaction Temperature: 105 degrees centigrade. Reaction Concentration: 0.1 M. Palladium loading: 2.25 mol%. Ligand loading: 5 mol%. Base loading: 3 eq. What is the yield (%) and cost (US dollar per mol) of this reaction?","","-1,-1","[]"
"Here is a chemical reaction. Reactants are: Cn1cnc(C#N)c1, Fc1ccccc1Br. Product is: Cn1cnc(C#N)c1-c1ccccc1F. Reaction type is Pd catalyzed C-H arylation. The reaction conditions of this reaction are: Palladium Source: [PdCl(allyl)]2. Ligand: CC12C[C@]3(C)O[C@@](C)(C[C@@](C)(O3)P1c1ccccc1)O2. Solvent: CC(=O)N(C)C. Base: CsOPiv. Reaction Temperature: 120 degrees centigrade. Reaction Concentration: 0.1 M. Palladium loading: 2.25 mol%. Ligand loading: 5 mol%. Base loading: 3 eq. What is the yield (%) and cost (US dollar per mol) of this reaction?","","-1,-1","[]"
"Here is a chemical reaction. Reactants are: Cn1cnc(C#N)c1, Fc1ccccc1Br. Product is: Cn1cnc(C#N)c1-c1ccccc1F. Reaction type is Pd catalyzed C-H arylation. The reaction conditions of this reaction are: Palladium Source: [PdCl(allyl)]2. Ligand: CC12C[C@]3(C)O[C@@](C)(C[C@@](C)(O3)P1c1ccccc1)O2. Solvent: CC(=O)N(C)C. Base: CsOPiv. Reaction Temperature: 90 degrees centigrade. Reaction Concentration: 0.057 M. Palladium loading: 2.25 mol%. Ligand loading: 5 mol%. Base loading: 3 eq. What is the yield (%) and cost (US dollar per mol) of this reaction?","","-1,-1","[]"
"Here is a chemical reaction. Reactants are: Cn1cnc(C#N)c1, Fc1ccccc1Br. Product is: Cn1cnc(C#N)c1-c1ccccc1F. Reaction type is Pd catalyzed C-H arylation. The reaction conditions of this reaction are: Palladium Source: [PdCl(allyl)]2. Ligand: CC12C[C@]3(C)O[C@@](C)(C[C@@](C)(O3)P1c1ccccc1)O2. Solvent: CC(=O)N(C)C. Base: CsOPiv. Reaction Temperature: 105 degrees centigrade. Reaction Concentration: 0.057 M. Palladium loading: 2.25 mol%. Ligand loading: 5 mol%. Base loading: 3 eq. What is the yield (%) and cost (US dollar per mol) of this reaction?","","-1,-1","[]"
"Here is a chemical reaction. Reactants are: Cn1cnc(C#N)c1, Fc1ccccc1Br. Product is: Cn1cnc(C#N)c1-c1ccccc1F. Reaction type is Pd catalyzed C-H arylation. The reaction conditions of this reaction are: Palladium Source: [PdCl(allyl)]2. Ligand: CC12C[C@]3(C)O[C@@](C)(C[C@@](C)(O3)P1c1ccccc1)O2. Solvent: CC(=O)N(C)C. Base: CsOPiv. Reaction Temperature: 120 degrees centigrade. Reaction Concentration: 0.057 M. Palladium loading: 2.25 mol%. Ligand loading: 5 mol%. Base loading: 3 eq. What is the yield (%) and cost (US dollar per mol) of this reaction?","","-1,-1","[]"
"Here is a chemical reaction. Reactants are: Cn1cnc(C#N)c1, Fc1ccccc1Br. Product is: Cn1cnc(C#N)c1-c1ccccc1F. Reaction type is Pd catalyzed C-H arylation. The reaction conditions of this reaction are: Palladium Source: [PdCl(allyl)]2. Ligand: CC12C[C@]3(C)O[C@@](C)(C[C@@](C)(O3)P1c1ccccc1)O2. Solvent: CC(=O)N(C)C. Base: CsOPiv. Reaction Temperature: 90 degrees centigrade. Reaction Concentration: 0.153 M. Palladium loading: 2.25 mol%. Ligand loading: 5 mol%. Base loading: 3 eq. What is the yield (%) and cost (US dollar per mol) of this reaction?","","-1,-1","[]"
"Here is a chemical reaction. Reactants are: Cn1cnc(C#N)c1, Fc1ccccc1Br. Product is: Cn1cnc(C#N)c1-c1ccccc1F. Reaction type is Pd catalyzed C-H arylation. The reaction conditions of this reaction are: Palladium Source: [PdCl(allyl)]2. Ligand: CC12C[C@]3(C)O[C@@](C)(C[C@@](C)(O3)P1c1ccccc1)O2. Solvent: CC(=O)N(C)C. Base: CsOPiv. Reaction Temperature: 105 degrees centigrade. Reaction Concentration: 0.153 M. Palladium loading: 2.25 mol%. Ligand loading: 5 mol%. Base loading: 3 eq. What is the yield (%) and cost (US dollar per mol) of this reaction?","","-1,-1","[]"
"Here is a chemical reaction. Reactants are: Cn1cnc(C#N)c1, Fc1ccccc1Br. Product is: Cn1cnc(C#N)c1-c1ccccc1F. Reaction type is Pd catalyzed C-H arylation. The reaction conditions of this reaction are: Palladium Source: [PdCl(allyl)]2. Ligand: CC12C[C@]3(C)O[C@@](C)(C[C@@](C)(O3)P1c1ccccc1)O2. Solvent: CC(=O)N(C)C. Base: CsOPiv. Reaction Temperature: 120 degrees centigrade. Reaction Concentration: 0.153 M. Palladium loading: 2.25 mol%. Ligand loading: 5 mol%. Base loading: 3 eq. What is the yield (%) and cost (US dollar per mol) of this reaction?","","-1,-1","[]"
"Here is a chemical reaction. Reactants are: Cn1cnc(C#N)c1, Fc1ccccc1Br. Product is: Cn1cnc(C#N)c1-c1ccccc1F. Reaction type is Pd catalyzed C-H arylation. The reaction conditions of this reaction are: Palladium Source: [PdCl(allyl)]2. Ligand: CP(C)c1ccccc1. Solvent: CCCCOC(C)=O. Base: KOAc. Reaction Temperature: 90 degrees centigrade. Reaction Concentration: 0.1 M. Palladium loading: 2.25 mol%. Ligand loading: 5 mol%. Base loading: 3 eq. What is the yield (%) and cost (US dollar per mol) of this reaction?","","-1,-1","[]"
"Here is a chemical reaction. Reactants are: Cn1cnc(C#N)c1, Fc1ccccc1Br. Product is: Cn1cnc(C#N)c1-c1ccccc1F. Reaction type is Pd catalyzed C-H arylation. The reaction conditions of this reaction are: Palladium Source: [PdCl(allyl)]2. Ligand: CP(C)c1ccccc1. Solvent: CCCCOC(C)=O. Base: KOAc. Reaction Temperature: 105 degrees centigrade. Reaction Concentration: 0.1 M. Palladium loading: 2.25 mol%. Ligand loading: 5 mol%. Base loading: 3 eq. What is the yield (%) and cost (US dollar per mol) of this reaction?","","-1,-1","[]"
"Here is a chemical reaction. Reactants are: Cn1cnc(C#N)c1, Fc1ccccc1Br. Product is: Cn1cnc(C#N)c1-c1ccccc1F. Reaction type is Pd catalyzed C-H arylation. The reaction conditions of this reaction are: Palladium Source: [PdCl(allyl)]2. Ligand: CP(C)c1ccccc1. Solvent: CCCCOC(C)=O. Base: KOAc. Reaction Temperature: 120 degrees centigrade. Reaction Concentration: 0.1 M. Palladium loading: 2.25 mol%. Ligand loading: 5 mol%. Base loading: 3 eq. What is the yield (%) and cost (US dollar per mol) of this reaction?","","-1,-1","[]"
"Here is a chemical reaction. Reactants are: Cn1cnc(C#N)c1, Fc1ccccc1Br. Product is: Cn1cnc(C#N)c1-c1ccccc1F. Reaction type is Pd catalyzed C-H arylation. The reaction conditions of this reaction are: Palladium Source: [PdCl(allyl)]2. Ligand: CP(C)c1ccccc1. Solvent: CCCCOC(C)=O. Base: KOAc. Reaction Temperature: 90 degrees centigrade. Reaction Concentration: 0.057 M. Palladium loading: 2.25 mol%. Ligand loading: 5 mol%. Base loading: 3 eq. What is the yield (%) and cost (US dollar per mol) of this reaction?","","-1,-1","[]"
"Here is a chemical reaction. Reactants are: Cn1cnc(C#N)c1, Fc1ccccc1Br. Product is: Cn1cnc(C#N)c1-c1ccccc1F. Reaction type is Pd catalyzed C-H arylation. The reaction conditions of this reaction are: Palladium Source: [PdCl(allyl)]2. Ligand: CP(C)c1ccccc1. Solvent: CCCCOC(C)=O. Base: KOAc. Reaction Temperature: 105 degrees centigrade. Reaction Concentration: 0.057 M. Palladium loading: 2.25 mol%. Ligand loading: 5 mol%. Base loading: 3 eq. What is the yield (%) and cost (US dollar per mol) of this reaction?","","-1,-1","[]"
"Here is a chemical reaction. Reactants are: Cn1cnc(C#N)c1, Fc1ccccc1Br. Product is: Cn1cnc(C#N)c1-c1ccccc1F. Reaction type is Pd catalyzed C-H arylation. The reaction conditions of this reaction are: Palladium Source: [PdCl(allyl)]2. Ligand: CP(C)c1ccccc1. Solvent: CCCCOC(C)=O. Base: KOAc. Reaction Temperature: 120 degrees centigrade. Reaction Concentration: 0.057 M. Palladium loading: 2.25 mol%. Ligand loading: 5 mol%. Base loading: 3 eq. What is the yield (%) and cost (US dollar per mol) of this reaction?","","-1,-1","[]"
"Here is a chemical reaction. Reactants are: Cn1cnc(C#N)c1, Fc1ccccc1Br. Product is: Cn1cnc(C#N)c1-c1ccccc1F. Reaction type is Pd catalyzed C-H arylation. The reaction conditions of this reaction are: Palladium Source: [PdCl(allyl)]2. Ligand: CP(C)c1ccccc1. Solvent: CCCCOC(C)=O. Base: KOAc. Reaction Temperature: 90 degrees centigrade. Reaction Concentration: 0.153 M. Palladium loading: 2.25 mol%. Ligand loading: 5 mol%. Base loading: 3 eq. What is the yield (%) and cost (US dollar per mol) of this reaction?","","-1,-1","[]"
"Here is a chemical reaction. Reactants are: Cn1cnc(C#N)c1, Fc1ccccc1Br. Product is: Cn1cnc(C#N)c1-c1ccccc1F. Reaction type is Pd catalyzed C-H arylation. The reaction conditions of this reaction are: Palladium Source: [PdCl(allyl)]2. Ligand: CP(C)c1ccccc1. Solvent: CCCCOC(C)=O. Base: KOAc. Reaction Temperature: 105 degrees centigrade. Reaction Concentration: 0.153 M. Palladium loading: 2.25 mol%. Ligand loading: 5 mol%. Base loading: 3 eq. What is the yield (%) and cost (US dollar per mol) of this reaction?","","-1,-1","[]"
"Here is a chemical reaction. Reactants are: Cn1cnc(C#N)c1, Fc1ccccc1Br. Product is: Cn1cnc(C#N)c1-c1ccccc1F. Reaction type is Pd catalyzed C-H arylation. The reaction conditions of this reaction are: Palladium Source: [PdCl(allyl)]2. Ligand: CP(C)c1ccccc1. Solvent: CCCCOC(C)=O. Base: KOAc. Reaction Temperature: 120 degrees centigrade. Reaction Concentration: 0.153 M. Palladium loading: 2.25 mol%. Ligand loading: 5 mol%. Base loading: 3 eq. What is the yield (%) and cost (US dollar per mol) of this reaction?","","-1,-1","[]"
"Here is a chemical reaction. Reactants are: Cn1cnc(C#N)c1, Fc1ccccc1Br. Product is: Cn1cnc(C#N)c1-c1ccccc1F. Reaction type is Pd catalyzed C-H arylation. The reaction conditions of this reaction are: Palladium Source: [PdCl(allyl)]2. Ligand: CP(C)c1ccccc1. Solvent: CCCC#N. Base: KOAc. Reaction Temperature: 90 degrees centigrade. Reaction Concentration: 0.1 M. Palladium loading: 2.25 mol%. Ligand loading: 5 mol%. Base loading: 3 eq. What is the yield (%) and cost (US dollar per mol) of this reaction?","","-1,-1","[]"
"Here is a chemical reaction. Reactants are: Cn1cnc(C#N)c1, Fc1ccccc1Br. Product is: Cn1cnc(C#N)c1-c1ccccc1F. Reaction type is Pd catalyzed C-H arylation. The reaction conditions of this reaction are: Palladium Source: [PdCl(allyl)]2. Ligand: CP(C)c1ccccc1. Solvent: CCCC#N. Base: KOAc. Reaction Temperature: 105 degrees centigrade. Reaction Concentration: 0.1 M. Palladium loading: 2.25 mol%. Ligand loading: 5 mol%. Base loading: 3 eq. What is the yield (%) and cost (US dollar per mol) of this reaction?","","-1,-1","[]"
"Here is a chemical reaction. Reactants are: Cn1cnc(C#N)c1, Fc1ccccc1Br. Product is: Cn1cnc(C#N)c1-c1ccccc1F. Reaction type is Pd catalyzed C-H arylation. The reaction conditions of this reaction are: Palladium Source: [PdCl(allyl)]2. Ligand: CP(C)c1ccccc1. Solvent: CCCC#N. Base: KOAc. Reaction Temperature: 120 degrees centigrade. Reaction Concentration: 0.1 M. Palladium loading: 2.25 mol%. Ligand loading: 5 mol%. Base loading: 3 eq. What is the yield (%) and cost (US dollar per mol) of this reaction?","","-1,-1","[]"
"Here is a chemical reaction. Reactants are: Cn1cnc(C#N)c1, Fc1ccccc1Br. Product is: Cn1cnc(C#N)c1-c1ccccc1F. Reaction type is Pd catalyzed C-H arylation. The reaction conditions of this reaction are: Palladium Source: [PdCl(allyl)]2. Ligand: CP(C)c1ccccc1. Solvent: CCCC#N. Base: KOAc. Reaction Temperature: 90 degrees centigrade. Reaction Concentration: 0.057 M. Palladium loading: 2.25 mol%. Ligand loading: 5 mol%. Base loading: 3 eq. What is the yield (%) and cost (US dollar per mol) of this reaction?","","-1,-1","[]"
"Here is a chemical reaction. Reactants are: Cn1cnc(C#N)c1, Fc1ccccc1Br. Product is: Cn1cnc(C#N)c1-c1ccccc1F. Reaction type is Pd catalyzed C-H arylation. The reaction conditions of this reaction are: Palladium Source: [PdCl(allyl)]2. Ligand: CP(C)c1ccccc1. Solvent: CCCC#N. Base: KOAc. Reaction Temperature: 105 degrees centigrade. Reaction Concentration: 0.057 M. Palladium loading: 2.25 mol%. Ligand loading: 5 mol%. Base loading: 3 eq. What is the yield (%) and cost (US dollar per mol) of this reaction?","","-1,-1","[]"
"Here is a chemical reaction. Reactants are: Cn1cnc(C#N)c1, Fc1ccccc1Br. Product is: Cn1cnc(C#N)c1-c1ccccc1F. Reaction type is Pd catalyzed C-H arylation. The reaction conditions of this reaction are: Palladium Source: [PdCl(allyl)]2. Ligand: CP(C)c1ccccc1. Solvent: CCCC#N. Base: KOAc. Reaction Temperature: 120 degrees centigrade. Reaction Concentration: 0.057 M. Palladium loading: 2.25 mol%. Ligand loading: 5 mol%. Base loading: 3 eq. What is the yield (%) and cost (US dollar per mol) of this reaction?","","-1,-1","[]"
"Here is a chemical reaction. Reactants are: Cn1cnc(C#N)c1, Fc1ccccc1Br. Product is: Cn1cnc(C#N)c1-c1ccccc1F. Reaction type is Pd catalyzed C-H arylation. The reaction conditions of this reaction are: Palladium Source: [PdCl(allyl)]2. Ligand: CP(C)c1ccccc1. Solvent: CCCC#N. Base: KOAc. Reaction Temperature: 90 degrees centigrade. Reaction Concentration: 0.153 M. Palladium loading: 2.25 mol%. Ligand loading: 5 mol%. Base loading: 3 eq. What is the yield (%) and cost (US dollar per mol) of this reaction?","","-1,-1","[]"
"Here is a chemical reaction. Reactants are: Cn1cnc(C#N)c1, Fc1ccccc1Br. Product is: Cn1cnc(C#N)c1-c1ccccc1F. Reaction type is Pd catalyzed C-H arylation. The reaction conditions of this reaction are: Palladium Source: [PdCl(allyl)]2. Ligand: CP(C)c1ccccc1. Solvent: CCCC#N. Base: KOAc. Reaction Temperature: 105 degrees centigrade. Reaction Concentration: 0.153 M. Palladium loading: 2.25 mol%. Ligand loading: 5 mol%. Base loading: 3 eq. What is the yield (%) and cost (US dollar per mol) of this reaction?","","-1,-1","[]"
"Here is a chemical reaction. Reactants are: Cn1cnc(C#N)c1, Fc1ccccc1Br. Product is: Cn1cnc(C#N)c1-c1ccccc1F. Reaction type is Pd catalyzed C-H arylation. The reaction conditions of this reaction are: Palladium Source: [PdCl(allyl)]2. Ligand: CP(C)c1ccccc1. Solvent: CCCC#N. Base: KOAc. Reaction Temperature: 120 degrees centigrade. Reaction Concentration: 0.153 M. Palladium loading: 2.25 mol%. Ligand loading: 5 mol%. Base loading: 3 eq. What is the yield (%) and cost (US dollar per mol) of this reaction?","","-1,-1","[]"
"Here is a chemical reaction. Reactants are: Cn1cnc(C#N)c1, Fc1ccccc1Br. Product is: Cn1cnc(C#N)c1-c1ccccc1F. Reaction type is Pd catalyzed C-H arylation. The reaction conditions of this reaction are: Palladium Source: [PdCl(allyl)]2. Ligand: CP(C)c1ccccc1. Solvent: Cc1ccc(C)cc1. Base: KOAc. Reaction Temperature: 90 degrees centigrade. Reaction Concentration: 0.1 M. Palladium loading: 2.25 mol%. Ligand loading: 5 mol%. Base loading: 3 eq. What is the yield (%) and cost (US dollar per mol) of this reaction?","","-1,-1","[]"
"Here is a chemical reaction. Reactants are: Cn1cnc(C#N)c1, Fc1ccccc1Br. Product is: Cn1cnc(C#N)c1-c1ccccc1F. Reaction type is Pd catalyzed C-H arylation. The reaction conditions of this reaction are: Palladium Source: [PdCl(allyl)]2. Ligand: CP(C)c1ccccc1. Solvent: Cc1ccc(C)cc1. Base: KOAc. Reaction Temperature: 105 degrees centigrade. Reaction Concentration: 0.1 M. Palladium loading: 2.25 mol%. Ligand loading: 5 mol%. Base loading: 3 eq. What is the yield (%) and cost (US dollar per mol) of this reaction?","","-1,-1","[]"
"Here is a chemical reaction. Reactants are: Cn1cnc(C#N)c1, Fc1ccccc1Br. Product is: Cn1cnc(C#N)c1-c1ccccc1F. Reaction type is Pd catalyzed C-H arylation. The reaction conditions of this reaction are: Palladium Source: [PdCl(allyl)]2. Ligand: CP(C)c1ccccc1. Solvent: Cc1ccc(C)cc1. Base: KOAc. Reaction Temperature: 120 degrees centigrade. Reaction Concentration: 0.1 M. Palladium loading: 2.25 mol%. Ligand loading: 5 mol%. Base loading: 3 eq. What is the yield (%) and cost (US dollar per mol) of this reaction?","","-1,-1","[]"
"Here is a chemical reaction. Reactants are: Cn1cnc(C#N)c1, Fc1ccccc1Br. Product is: Cn1cnc(C#N)c1-c1ccccc1F. Reaction type is Pd catalyzed C-H arylation. The reaction conditions of this reaction are: Palladium Source: [PdCl(allyl)]2. Ligand: CP(C)c1ccccc1. Solvent: Cc1ccc(C)cc1. Base: KOAc. Reaction Temperature: 90 degrees centigrade. Reaction Concentration: 0.057 M. Palladium loading: 2.25 mol%. Ligand loading: 5 mol%. Base loading: 3 eq. What is the yield (%) and cost (US dollar per mol) of this reaction?","","-1,-1","[]"
"Here is a chemical reaction. Reactants are: Cn1cnc(C#N)c1, Fc1ccccc1Br. Product is: Cn1cnc(C#N)c1-c1ccccc1F. Reaction type is Pd catalyzed C-H arylation. The reaction conditions of this reaction are: Palladium Source: [PdCl(allyl)]2. Ligand: CP(C)c1ccccc1. Solvent: Cc1ccc(C)cc1. Base: KOAc. Reaction Temperature: 105 degrees centigrade. Reaction Concentration: 0.057 M. Palladium loading: 2.25 mol%. Ligand loading: 5 mol%. Base loading: 3 eq. What is the yield (%) and cost (US dollar per mol) of this reaction?","","-1,-1","[]"
"Here is a chemical reaction. Reactants are: Cn1cnc(C#N)c1, Fc1ccccc1Br. Product is: Cn1cnc(C#N)c1-c1ccccc1F. Reaction type is Pd catalyzed C-H arylation. The reaction conditions of this reaction are: Palladium Source: [PdCl(allyl)]2. Ligand: CP(C)c1ccccc1. Solvent: Cc1ccc(C)cc1. Base: KOAc. Reaction Temperature: 120 degrees centigrade. Reaction Concentration: 0.057 M. Palladium loading: 2.25 mol%. Ligand loading: 5 mol%. Base loading: 3 eq. What is the yield (%) and cost (US dollar per mol) of this reaction?","","-1,-1","[]"
"Here is a chemical reaction. Reactants are: Cn1cnc(C#N)c1, Fc1ccccc1Br. Product is: Cn1cnc(C#N)c1-c1ccccc1F. Reaction type is Pd catalyzed C-H arylation. The reaction conditions of this reaction are: Palladium Source: [PdCl(allyl)]2. Ligand: CP(C)c1ccccc1. Solvent: Cc1ccc(C)cc1. Base: KOAc. Reaction Temperature: 90 degrees centigrade. Reaction Concentration: 0.153 M. Palladium loading: 2.25 mol%. Ligand loading: 5 mol%. Base loading: 3 eq. What is the yield (%) and cost (US dollar per mol) of this reaction?","","-1,-1","[]"
"Here is a chemical reaction. Reactants are: Cn1cnc(C#N)c1, Fc1ccccc1Br. Product is: Cn1cnc(C#N)c1-c1ccccc1F. Reaction type is Pd catalyzed C-H arylation. The reaction conditions of this reaction are: Palladium Source: [PdCl(allyl)]2. Ligand: CP(C)c1ccccc1. Solvent: Cc1ccc(C)cc1. Base: KOAc. Reaction Temperature: 105 degrees centigrade. Reaction Concentration: 0.153 M. Palladium loading: 2.25 mol%. Ligand loading: 5 mol%. Base loading: 3 eq. What is the yield (%) and cost (US dollar per mol) of this reaction?","","-1,-1","[]"
"Here is a chemical reaction. Reactants are: Cn1cnc(C#N)c1, Fc1ccccc1Br. Product is: Cn1cnc(C#N)c1-c1ccccc1F. Reaction type is Pd catalyzed C-H arylation. The reaction conditions of this reaction are: Palladium Source: [PdCl(allyl)]2. Ligand: CP(C)c1ccccc1. Solvent: Cc1ccc(C)cc1. Base: KOAc. Reaction Temperature: 120 degrees centigrade. Reaction Concentration: 0.153 M. Palladium loading: 2.25 mol%. Ligand loading: 5 mol%. Base loading: 3 eq. What is the yield (%) and cost (US dollar per mol) of this reaction?","","-1,-1","[]"
"Here is a chemical reaction. Reactants are: Cn1cnc(C#N)c1, Fc1ccccc1Br. Product is: Cn1cnc(C#N)c1-c1ccccc1F. Reaction type is Pd catalyzed C-H arylation. The reaction conditions of this reaction are: Palladium Source: [PdCl(allyl)]2. Ligand: CP(C)c1ccccc1. Solvent: CC(=O)N(C)C. Base: KOAc. Reaction Temperature: 90 degrees centigrade. Reaction Concentration: 0.1 M. Palladium loading: 2.25 mol%. Ligand loading: 5 mol%. Base loading: 3 eq. What is the yield (%) and cost (US dollar per mol) of this reaction?","","-1,-1","[]"
"Here is a chemical reaction. Reactants are: Cn1cnc(C#N)c1, Fc1ccccc1Br. Product is: Cn1cnc(C#N)c1-c1ccccc1F. Reaction type is Pd catalyzed C-H arylation. The reaction conditions of this reaction are: Palladium Source: [PdCl(allyl)]2. Ligand: CP(C)c1ccccc1. Solvent: CC(=O)N(C)C. Base: KOAc. Reaction Temperature: 105 degrees centigrade. Reaction Concentration: 0.1 M. Palladium loading: 2.25 mol%. Ligand loading: 5 mol%. Base loading: 3 eq. What is the yield (%) and cost (US dollar per mol) of this reaction?","","-1,-1","[]"
"Here is a chemical reaction. Reactants are: Cn1cnc(C#N)c1, Fc1ccccc1Br. Product is: Cn1cnc(C#N)c1-c1ccccc1F. Reaction type is Pd catalyzed C-H arylation. The reaction conditions of this reaction are: Palladium Source: [PdCl(allyl)]2. Ligand: CP(C)c1ccccc1. Solvent: CC(=O)N(C)C. Base: KOAc. Reaction Temperature: 120 degrees centigrade. Reaction Concentration: 0.1 M. Palladium loading: 2.25 mol%. Ligand loading: 5 mol%. Base loading: 3 eq. What is the yield (%) and cost (US dollar per mol) of this reaction?","","-1,-1","[]"
"Here is a chemical reaction. Reactants are: Cn1cnc(C#N)c1, Fc1ccccc1Br. Product is: Cn1cnc(C#N)c1-c1ccccc1F. Reaction type is Pd catalyzed C-H arylation. The reaction conditions of this reaction are: Palladium Source: [PdCl(allyl)]2. Ligand: CP(C)c1ccccc1. Solvent: CC(=O)N(C)C. Base: KOAc. Reaction Temperature: 90 degrees centigrade. Reaction Concentration: 0.057 M. Palladium loading: 2.25 mol%. Ligand loading: 5 mol%. Base loading: 3 eq. What is the yield (%) and cost (US dollar per mol) of this reaction?","","-1,-1","[]"
"Here is a chemical reaction. Reactants are: Cn1cnc(C#N)c1, Fc1ccccc1Br. Product is: Cn1cnc(C#N)c1-c1ccccc1F. Reaction type is Pd catalyzed C-H arylation. The reaction conditions of this reaction are: Palladium Source: [PdCl(allyl)]2. Ligand: CP(C)c1ccccc1. Solvent: CC(=O)N(C)C. Base: KOAc. Reaction Temperature: 105 degrees centigrade. Reaction Concentration: 0.057 M. Palladium loading: 2.25 mol%. Ligand loading: 5 mol%. Base loading: 3 eq. What is the yield (%) and cost (US dollar per mol) of this reaction?","","-1,-1","[]"
"Here is a chemical reaction. Reactants are: Cn1cnc(C#N)c1, Fc1ccccc1Br. Product is: Cn1cnc(C#N)c1-c1ccccc1F. Reaction type is Pd catalyzed C-H arylation. The reaction conditions of this reaction are: Palladium Source: [PdCl(allyl)]2. Ligand: CP(C)c1ccccc1. Solvent: CC(=O)N(C)C. Base: KOAc. Reaction Temperature: 120 degrees centigrade. Reaction Concentration: 0.057 M. Palladium loading: 2.25 mol%. Ligand loading: 5 mol%. Base loading: 3 eq. What is the yield (%) and cost (US dollar per mol) of this reaction?","","-1,-1","[]"
"Here is a chemical reaction. Reactants are: Cn1cnc(C#N)c1, Fc1ccccc1Br. Product is: Cn1cnc(C#N)c1-c1ccccc1F. Reaction type is Pd catalyzed C-H arylation. The reaction conditions of this reaction are: Palladium Source: [PdCl(allyl)]2. Ligand: CP(C)c1ccccc1. Solvent: CC(=O)N(C)C. Base: KOAc. Reaction Temperature: 90 degrees centigrade. Reaction Concentration: 0.153 M. Palladium loading: 2.25 mol%. Ligand loading: 5 mol%. Base loading: 3 eq. What is the yield (%) and cost (US dollar per mol) of this reaction?","","-1,-1","[]"
"Here is a chemical reaction. Reactants are: Cn1cnc(C#N)c1, Fc1ccccc1Br. Product is: Cn1cnc(C#N)c1-c1ccccc1F. Reaction type is Pd catalyzed C-H arylation. The reaction conditions of this reaction are: Palladium Source: [PdCl(allyl)]2. Ligand: CP(C)c1ccccc1. Solvent: CC(=O)N(C)C. Base: KOAc. Reaction Temperature: 105 degrees centigrade. Reaction Concentration: 0.153 M. Palladium loading: 2.25 mol%. Ligand loading: 5 mol%. Base loading: 3 eq. What is the yield (%) and cost (US dollar per mol) of this reaction?","","-1,-1","[]"
"Here is a chemical reaction. Reactants are: Cn1cnc(C#N)c1, Fc1ccccc1Br. Product is: Cn1cnc(C#N)c1-c1ccccc1F. Reaction type is Pd catalyzed C-H arylation. The reaction conditions of this reaction are: Palladium Source: [PdCl(allyl)]2. Ligand: CP(C)c1ccccc1. Solvent: CC(=O)N(C)C. Base: KOAc. Reaction Temperature: 120 degrees centigrade. Reaction Concentration: 0.153 M. Palladium loading: 2.25 mol%. Ligand loading: 5 mol%. Base loading: 3 eq. What is the yield (%) and cost (US dollar per mol) of this reaction?","","-1,-1","[]"
"Here is a chemical reaction. Reactants are: Cn1cnc(C#N)c1, Fc1ccccc1Br. Product is: Cn1cnc(C#N)c1-c1ccccc1F. Reaction type is Pd catalyzed C-H arylation. The reaction conditions of this reaction are: Palladium Source: [PdCl(allyl)]2. Ligand: CP(C)c1ccccc1. Solvent: CCCCOC(C)=O. Base: CsOAc. Reaction Temperature: 90 degrees centigrade. Reaction Concentration: 0.1 M. Palladium loading: 2.25 mol%. Ligand loading: 5 mol%. Base loading: 3 eq. What is the yield (%) and cost (US dollar per mol) of this reaction?","","-1,-1","[]"
"Here is a chemical reaction. Reactants are: Cn1cnc(C#N)c1, Fc1ccccc1Br. Product is: Cn1cnc(C#N)c1-c1ccccc1F. Reaction type is Pd catalyzed C-H arylation. The reaction conditions of this reaction are: Palladium Source: [PdCl(allyl)]2. Ligand: CP(C)c1ccccc1. Solvent: CCCCOC(C)=O. Base: CsOAc. Reaction Temperature: 105 degrees centigrade. Reaction Concentration: 0.1 M. Palladium loading: 2.25 mol%. Ligand loading: 5 mol%. Base loading: 3 eq. What is the yield (%) and cost (US dollar per mol) of this reaction?","","-1,-1","[]"
"Here is a chemical reaction. Reactants are: Cn1cnc(C#N)c1, Fc1ccccc1Br. Product is: Cn1cnc(C#N)c1-c1ccccc1F. Reaction type is Pd catalyzed C-H arylation. The reaction conditions of this reaction are: Palladium Source: [PdCl(allyl)]2. Ligand: CP(C)c1ccccc1. Solvent: CCCCOC(C)=O. Base: CsOAc. Reaction Temperature: 120 degrees centigrade. Reaction Concentration: 0.1 M. Palladium loading: 2.25 mol%. Ligand loading: 5 mol%. Base loading: 3 eq. What is the yield (%) and cost (US dollar per mol) of this reaction?","","-1,-1","[]"
"Here is a chemical reaction. Reactants are: Cn1cnc(C#N)c1, Fc1ccccc1Br. Product is: Cn1cnc(C#N)c1-c1ccccc1F. Reaction type is Pd catalyzed C-H arylation. The reaction conditions of this reaction are: Palladium Source: [PdCl(allyl)]2. Ligand: CP(C)c1ccccc1. Solvent: CCCCOC(C)=O. Base: CsOAc. Reaction Temperature: 90 degrees centigrade. Reaction Concentration: 0.057 M. Palladium loading: 2.25 mol%. Ligand loading: 5 mol%. Base loading: 3 eq. What is the yield (%) and cost (US dollar per mol) of this reaction?","","-1,-1","[]"
"Here is a chemical reaction. Reactants are: Cn1cnc(C#N)c1, Fc1ccccc1Br. Product is: Cn1cnc(C#N)c1-c1ccccc1F. Reaction type is Pd catalyzed C-H arylation. The reaction conditions of this reaction are: Palladium Source: [PdCl(allyl)]2. Ligand: CP(C)c1ccccc1. Solvent: CCCCOC(C)=O. Base: CsOAc. Reaction Temperature: 105 degrees centigrade. Reaction Concentration: 0.057 M. Palladium loading: 2.25 mol%. Ligand loading: 5 mol%. Base loading: 3 eq. What is the yield (%) and cost (US dollar per mol) of this reaction?","","-1,-1","[]"
"Here is a chemical reaction. Reactants are: Cn1cnc(C#N)c1, Fc1ccccc1Br. Product is: Cn1cnc(C#N)c1-c1ccccc1F. Reaction type is Pd catalyzed C-H arylation. The reaction conditions of this reaction are: Palladium Source: [PdCl(allyl)]2. Ligand: CP(C)c1ccccc1. Solvent: CCCCOC(C)=O. Base: CsOAc. Reaction Temperature: 120 degrees centigrade. Reaction Concentration: 0.057 M. Palladium loading: 2.25 mol%. Ligand loading: 5 mol%. Base loading: 3 eq. What is the yield (%) and cost (US dollar per mol) of this reaction?","","-1,-1","[]"
"Here is a chemical reaction. Reactants are: Cn1cnc(C#N)c1, Fc1ccccc1Br. Product is: Cn1cnc(C#N)c1-c1ccccc1F. Reaction type is Pd catalyzed C-H arylation. The reaction conditions of this reaction are: Palladium Source: [PdCl(allyl)]2. Ligand: CP(C)c1ccccc1. Solvent: CCCCOC(C)=O. Base: CsOAc. Reaction Temperature: 90 degrees centigrade. Reaction Concentration: 0.153 M. Palladium loading: 2.25 mol%. Ligand loading: 5 mol%. Base loading: 3 eq. What is the yield (%) and cost (US dollar per mol) of this reaction?","","-1,-1","[]"
"Here is a chemical reaction. Reactants are: Cn1cnc(C#N)c1, Fc1ccccc1Br. Product is: Cn1cnc(C#N)c1-c1ccccc1F. Reaction type is Pd catalyzed C-H arylation. The reaction conditions of this reaction are: Palladium Source: [PdCl(allyl)]2. Ligand: CP(C)c1ccccc1. Solvent: CCCCOC(C)=O. Base: CsOAc. Reaction Temperature: 105 degrees centigrade. Reaction Concentration: 0.153 M. Palladium loading: 2.25 mol%. Ligand loading: 5 mol%. Base loading: 3 eq. What is the yield (%) and cost (US dollar per mol) of this reaction?","","-1,-1","[]"
"Here is a chemical reaction. Reactants are: Cn1cnc(C#N)c1, Fc1ccccc1Br. Product is: Cn1cnc(C#N)c1-c1ccccc1F. Reaction type is Pd catalyzed C-H arylation. The reaction conditions of this reaction are: Palladium Source: [PdCl(allyl)]2. Ligand: CP(C)c1ccccc1. Solvent: CCCCOC(C)=O. Base: CsOAc. Reaction Temperature: 120 degrees centigrade. Reaction Concentration: 0.153 M. Palladium loading: 2.25 mol%. Ligand loading: 5 mol%. Base loading: 3 eq. What is the yield (%) and cost (US dollar per mol) of this reaction?","","-1,-1","[]"
"Here is a chemical reaction. Reactants are: Cn1cnc(C#N)c1, Fc1ccccc1Br. Product is: Cn1cnc(C#N)c1-c1ccccc1F. Reaction type is Pd catalyzed C-H arylation. The reaction conditions of this reaction are: Palladium Source: [PdCl(allyl)]2. Ligand: CP(C)c1ccccc1. Solvent: CCCC#N. Base: CsOAc. Reaction Temperature: 90 degrees centigrade. Reaction Concentration: 0.1 M. Palladium loading: 2.25 mol%. Ligand loading: 5 mol%. Base loading: 3 eq. What is the yield (%) and cost (US dollar per mol) of this reaction?","","-1,-1","[]"
"Here is a chemical reaction. Reactants are: Cn1cnc(C#N)c1, Fc1ccccc1Br. Product is: Cn1cnc(C#N)c1-c1ccccc1F. Reaction type is Pd catalyzed C-H arylation. The reaction conditions of this reaction are: Palladium Source: [PdCl(allyl)]2. Ligand: CP(C)c1ccccc1. Solvent: CCCC#N. Base: CsOAc. Reaction Temperature: 105 degrees centigrade. Reaction Concentration: 0.1 M. Palladium loading: 2.25 mol%. Ligand loading: 5 mol%. Base loading: 3 eq. What is the yield (%) and cost (US dollar per mol) of this reaction?","","-1,-1","[]"
"Here is a chemical reaction. Reactants are: Cn1cnc(C#N)c1, Fc1ccccc1Br. Product is: Cn1cnc(C#N)c1-c1ccccc1F. Reaction type is Pd catalyzed C-H arylation. The reaction conditions of this reaction are: Palladium Source: [PdCl(allyl)]2. Ligand: CP(C)c1ccccc1. Solvent: CCCC#N. Base: CsOAc. Reaction Temperature: 120 degrees centigrade. Reaction Concentration: 0.1 M. Palladium loading: 2.25 mol%. Ligand loading: 5 mol%. Base loading: 3 eq. What is the yield (%) and cost (US dollar per mol) of this reaction?","","-1,-1","[]"
"Here is a chemical reaction. Reactants are: Cn1cnc(C#N)c1, Fc1ccccc1Br. Product is: Cn1cnc(C#N)c1-c1ccccc1F. Reaction type is Pd catalyzed C-H arylation. The reaction conditions of this reaction are: Palladium Source: [PdCl(allyl)]2. Ligand: CP(C)c1ccccc1. Solvent: CCCC#N. Base: CsOAc. Reaction Temperature: 90 degrees centigrade. Reaction Concentration: 0.057 M. Palladium loading: 2.25 mol%. Ligand loading: 5 mol%. Base loading: 3 eq. What is the yield (%) and cost (US dollar per mol) of this reaction?","","-1,-1","[]"
"Here is a chemical reaction. Reactants are: Cn1cnc(C#N)c1, Fc1ccccc1Br. Product is: Cn1cnc(C#N)c1-c1ccccc1F. Reaction type is Pd catalyzed C-H arylation. The reaction conditions of this reaction are: Palladium Source: [PdCl(allyl)]2. Ligand: CP(C)c1ccccc1. Solvent: CCCC#N. Base: CsOAc. Reaction Temperature: 105 degrees centigrade. Reaction Concentration: 0.057 M. Palladium loading: 2.25 mol%. Ligand loading: 5 mol%. Base loading: 3 eq. What is the yield (%) and cost (US dollar per mol) of this reaction?","","-1,-1","[]"
"Here is a chemical reaction. Reactants are: Cn1cnc(C#N)c1, Fc1ccccc1Br. Product is: Cn1cnc(C#N)c1-c1ccccc1F. Reaction type is Pd catalyzed C-H arylation. The reaction conditions of this reaction are: Palladium Source: [PdCl(allyl)]2. Ligand: CP(C)c1ccccc1. Solvent: CCCC#N. Base: CsOAc. Reaction Temperature: 120 degrees centigrade. Reaction Concentration: 0.057 M. Palladium loading: 2.25 mol%. Ligand loading: 5 mol%. Base loading: 3 eq. What is the yield (%) and cost (US dollar per mol) of this reaction?","","-1,-1","[]"
"Here is a chemical reaction. Reactants are: Cn1cnc(C#N)c1, Fc1ccccc1Br. Product is: Cn1cnc(C#N)c1-c1ccccc1F. Reaction type is Pd catalyzed C-H arylation. The reaction conditions of this reaction are: Palladium Source: [PdCl(allyl)]2. Ligand: CP(C)c1ccccc1. Solvent: CCCC#N. Base: CsOAc. Reaction Temperature: 90 degrees centigrade. Reaction Concentration: 0.153 M. Palladium loading: 2.25 mol%. Ligand loading: 5 mol%. Base loading: 3 eq. What is the yield (%) and cost (US dollar per mol) of this reaction?","","-1,-1","[]"
"Here is a chemical reaction. Reactants are: Cn1cnc(C#N)c1, Fc1ccccc1Br. Product is: Cn1cnc(C#N)c1-c1ccccc1F. Reaction type is Pd catalyzed C-H arylation. The reaction conditions of this reaction are: Palladium Source: [PdCl(allyl)]2. Ligand: CP(C)c1ccccc1. Solvent: CCCC#N. Base: CsOAc. Reaction Temperature: 105 degrees centigrade. Reaction Concentration: 0.153 M. Palladium loading: 2.25 mol%. Ligand loading: 5 mol%. Base loading: 3 eq. What is the yield (%) and cost (US dollar per mol) of this reaction?","","-1,-1","[]"
"Here is a chemical reaction. Reactants are: Cn1cnc(C#N)c1, Fc1ccccc1Br. Product is: Cn1cnc(C#N)c1-c1ccccc1F. Reaction type is Pd catalyzed C-H arylation. The reaction conditions of this reaction are: Palladium Source: [PdCl(allyl)]2. Ligand: CP(C)c1ccccc1. Solvent: CCCC#N. Base: CsOAc. Reaction Temperature: 120 degrees centigrade. Reaction Concentration: 0.153 M. Palladium loading: 2.25 mol%. Ligand loading: 5 mol%. Base loading: 3 eq. What is the yield (%) and cost (US dollar per mol) of this reaction?","","-1,-1","[]"
"Here is a chemical reaction. Reactants are: Cn1cnc(C#N)c1, Fc1ccccc1Br. Product is: Cn1cnc(C#N)c1-c1ccccc1F. Reaction type is Pd catalyzed C-H arylation. The reaction conditions of this reaction are: Palladium Source: [PdCl(allyl)]2. Ligand: CP(C)c1ccccc1. Solvent: Cc1ccc(C)cc1. Base: CsOAc. Reaction Temperature: 90 degrees centigrade. Reaction Concentration: 0.1 M. Palladium loading: 2.25 mol%. Ligand loading: 5 mol%. Base loading: 3 eq. What is the yield (%) and cost (US dollar per mol) of this reaction?","","-1,-1","[]"
"Here is a chemical reaction. Reactants are: Cn1cnc(C#N)c1, Fc1ccccc1Br. Product is: Cn1cnc(C#N)c1-c1ccccc1F. Reaction type is Pd catalyzed C-H arylation. The reaction conditions of this reaction are: Palladium Source: [PdCl(allyl)]2. Ligand: CP(C)c1ccccc1. Solvent: Cc1ccc(C)cc1. Base: CsOAc. Reaction Temperature: 105 degrees centigrade. Reaction Concentration: 0.1 M. Palladium loading: 2.25 mol%. Ligand loading: 5 mol%. Base loading: 3 eq. What is the yield (%) and cost (US dollar per mol) of this reaction?","","-1,-1","[]"
"Here is a chemical reaction. Reactants are: Cn1cnc(C#N)c1, Fc1ccccc1Br. Product is: Cn1cnc(C#N)c1-c1ccccc1F. Reaction type is Pd catalyzed C-H arylation. The reaction conditions of this reaction are: Palladium Source: [PdCl(allyl)]2. Ligand: CP(C)c1ccccc1. Solvent: Cc1ccc(C)cc1. Base: CsOAc. Reaction Temperature: 120 degrees centigrade. Reaction Concentration: 0.1 M. Palladium loading: 2.25 mol%. Ligand loading: 5 mol%. Base loading: 3 eq. What is the yield (%) and cost (US dollar per mol) of this reaction?","","-1,-1","[]"
"Here is a chemical reaction. Reactants are: Cn1cnc(C#N)c1, Fc1ccccc1Br. Product is: Cn1cnc(C#N)c1-c1ccccc1F. Reaction type is Pd catalyzed C-H arylation. The reaction conditions of this reaction are: Palladium Source: [PdCl(allyl)]2. Ligand: CP(C)c1ccccc1. Solvent: Cc1ccc(C)cc1. Base: CsOAc. Reaction Temperature: 90 degrees centigrade. Reaction Concentration: 0.057 M. Palladium loading: 2.25 mol%. Ligand loading: 5 mol%. Base loading: 3 eq. What is the yield (%) and cost (US dollar per mol) of this reaction?","","-1,-1","[]"
"Here is a chemical reaction. Reactants are: Cn1cnc(C#N)c1, Fc1ccccc1Br. Product is: Cn1cnc(C#N)c1-c1ccccc1F. Reaction type is Pd catalyzed C-H arylation. The reaction conditions of this reaction are: Palladium Source: [PdCl(allyl)]2. Ligand: CP(C)c1ccccc1. Solvent: Cc1ccc(C)cc1. Base: CsOAc. Reaction Temperature: 105 degrees centigrade. Reaction Concentration: 0.057 M. Palladium loading: 2.25 mol%. Ligand loading: 5 mol%. Base loading: 3 eq. What is the yield (%) and cost (US dollar per mol) of this reaction?","","-1,-1","[]"
"Here is a chemical reaction. Reactants are: Cn1cnc(C#N)c1, Fc1ccccc1Br. Product is: Cn1cnc(C#N)c1-c1ccccc1F. Reaction type is Pd catalyzed C-H arylation. The reaction conditions of this reaction are: Palladium Source: [PdCl(allyl)]2. Ligand: CP(C)c1ccccc1. Solvent: Cc1ccc(C)cc1. Base: CsOAc. Reaction Temperature: 120 degrees centigrade. Reaction Concentration: 0.057 M. Palladium loading: 2.25 mol%. Ligand loading: 5 mol%. Base loading: 3 eq. What is the yield (%) and cost (US dollar per mol) of this reaction?","","-1,-1","[]"
"Here is a chemical reaction. Reactants are: Cn1cnc(C#N)c1, Fc1ccccc1Br. Product is: Cn1cnc(C#N)c1-c1ccccc1F. Reaction type is Pd catalyzed C-H arylation. The reaction conditions of this reaction are: Palladium Source: [PdCl(allyl)]2. Ligand: CP(C)c1ccccc1. Solvent: Cc1ccc(C)cc1. Base: CsOAc. Reaction Temperature: 90 degrees centigrade. Reaction Concentration: 0.153 M. Palladium loading: 2.25 mol%. Ligand loading: 5 mol%. Base loading: 3 eq. What is the yield (%) and cost (US dollar per mol) of this reaction?","","-1,-1","[]"
"Here is a chemical reaction. Reactants are: Cn1cnc(C#N)c1, Fc1ccccc1Br. Product is: Cn1cnc(C#N)c1-c1ccccc1F. Reaction type is Pd catalyzed C-H arylation. The reaction conditions of this reaction are: Palladium Source: [PdCl(allyl)]2. Ligand: CP(C)c1ccccc1. Solvent: Cc1ccc(C)cc1. Base: CsOAc. Reaction Temperature: 105 degrees centigrade. Reaction Concentration: 0.153 M. Palladium loading: 2.25 mol%. Ligand loading: 5 mol%. Base loading: 3 eq. What is the yield (%) and cost (US dollar per mol) of this reaction?","","-1,-1","[]"
"Here is a chemical reaction. Reactants are: Cn1cnc(C#N)c1, Fc1ccccc1Br. Product is: Cn1cnc(C#N)c1-c1ccccc1F. Reaction type is Pd catalyzed C-H arylation. The reaction conditions of this reaction are: Palladium Source: [PdCl(allyl)]2. Ligand: CP(C)c1ccccc1. Solvent: Cc1ccc(C)cc1. Base: CsOAc. Reaction Temperature: 120 degrees centigrade. Reaction Concentration: 0.153 M. Palladium loading: 2.25 mol%. Ligand loading: 5 mol%. Base loading: 3 eq. What is the yield (%) and cost (US dollar per mol) of this reaction?","","-1,-1","[]"
"Here is a chemical reaction. Reactants are: Cn1cnc(C#N)c1, Fc1ccccc1Br. Product is: Cn1cnc(C#N)c1-c1ccccc1F. Reaction type is Pd catalyzed C-H arylation. The reaction conditions of this reaction are: Palladium Source: [PdCl(allyl)]2. Ligand: CP(C)c1ccccc1. Solvent: CC(=O)N(C)C. Base: CsOAc. Reaction Temperature: 90 degrees centigrade. Reaction Concentration: 0.1 M. Palladium loading: 2.25 mol%. Ligand loading: 5 mol%. Base loading: 3 eq. What is the yield (%) and cost (US dollar per mol) of this reaction?","","-1,-1","[]"
"Here is a chemical reaction. Reactants are: Cn1cnc(C#N)c1, Fc1ccccc1Br. Product is: Cn1cnc(C#N)c1-c1ccccc1F. Reaction type is Pd catalyzed C-H arylation. The reaction conditions of this reaction are: Palladium Source: [PdCl(allyl)]2. Ligand: CP(C)c1ccccc1. Solvent: CC(=O)N(C)C. Base: CsOAc. Reaction Temperature: 105 degrees centigrade. Reaction Concentration: 0.1 M. Palladium loading: 2.25 mol%. Ligand loading: 5 mol%. Base loading: 3 eq. What is the yield (%) and cost (US dollar per mol) of this reaction?","","-1,-1","[]"
"Here is a chemical reaction. Reactants are: Cn1cnc(C#N)c1, Fc1ccccc1Br. Product is: Cn1cnc(C#N)c1-c1ccccc1F. Reaction type is Pd catalyzed C-H arylation. The reaction conditions of this reaction are: Palladium Source: [PdCl(allyl)]2. Ligand: CP(C)c1ccccc1. Solvent: CC(=O)N(C)C. Base: CsOAc. Reaction Temperature: 120 degrees centigrade. Reaction Concentration: 0.1 M. Palladium loading: 2.25 mol%. Ligand loading: 5 mol%. Base loading: 3 eq. What is the yield (%) and cost (US dollar per mol) of this reaction?","","-1,-1","[]"
"Here is a chemical reaction. Reactants are: Cn1cnc(C#N)c1, Fc1ccccc1Br. Product is: Cn1cnc(C#N)c1-c1ccccc1F. Reaction type is Pd catalyzed C-H arylation. The reaction conditions of this reaction are: Palladium Source: [PdCl(allyl)]2. Ligand: CP(C)c1ccccc1. Solvent: CC(=O)N(C)C. Base: CsOAc. Reaction Temperature: 90 degrees centigrade. Reaction Concentration: 0.057 M. Palladium loading: 2.25 mol%. Ligand loading: 5 mol%. Base loading: 3 eq. What is the yield (%) and cost (US dollar per mol) of this reaction?","","-1,-1","[]"
"Here is a chemical reaction. Reactants are: Cn1cnc(C#N)c1, Fc1ccccc1Br. Product is: Cn1cnc(C#N)c1-c1ccccc1F. Reaction type is Pd catalyzed C-H arylation. The reaction conditions of this reaction are: Palladium Source: [PdCl(allyl)]2. Ligand: CP(C)c1ccccc1. Solvent: CC(=O)N(C)C. Base: CsOAc. Reaction Temperature: 105 degrees centigrade. Reaction Concentration: 0.057 M. Palladium loading: 2.25 mol%. Ligand loading: 5 mol%. Base loading: 3 eq. What is the yield (%) and cost (US dollar per mol) of this reaction?","","-1,-1","[]"
"Here is a chemical reaction. Reactants are: Cn1cnc(C#N)c1, Fc1ccccc1Br. Product is: Cn1cnc(C#N)c1-c1ccccc1F. Reaction type is Pd catalyzed C-H arylation. The reaction conditions of this reaction are: Palladium Source: [PdCl(allyl)]2. Ligand: CP(C)c1ccccc1. Solvent: CC(=O)N(C)C. Base: CsOAc. Reaction Temperature: 120 degrees centigrade. Reaction Concentration: 0.057 M. Palladium loading: 2.25 mol%. Ligand loading: 5 mol%. Base loading: 3 eq. What is the yield (%) and cost (US dollar per mol) of this reaction?","","-1,-1","[]"
"Here is a chemical reaction. Reactants are: Cn1cnc(C#N)c1, Fc1ccccc1Br. Product is: Cn1cnc(C#N)c1-c1ccccc1F. Reaction type is Pd catalyzed C-H arylation. The reaction conditions of this reaction are: Palladium Source: [PdCl(allyl)]2. Ligand: CP(C)c1ccccc1. Solvent: CC(=O)N(C)C. Base: CsOAc. Reaction Temperature: 90 degrees centigrade. Reaction Concentration: 0.153 M. Palladium loading: 2.25 mol%. Ligand loading: 5 mol%. Base loading: 3 eq. What is the yield (%) and cost (US dollar per mol) of this reaction?","","-1,-1","[]"
"Here is a chemical reaction. Reactants are: Cn1cnc(C#N)c1, Fc1ccccc1Br. Product is: Cn1cnc(C#N)c1-c1ccccc1F. Reaction type is Pd catalyzed C-H arylation. The reaction conditions of this reaction are: Palladium Source: [PdCl(allyl)]2. Ligand: CP(C)c1ccccc1. Solvent: CC(=O)N(C)C. Base: CsOAc. Reaction Temperature: 105 degrees centigrade. Reaction Concentration: 0.153 M. Palladium loading: 2.25 mol%. Ligand loading: 5 mol%. Base loading: 3 eq. What is the yield (%) and cost (US dollar per mol) of this reaction?","","-1,-1","[]"
"Here is a chemical reaction. Reactants are: Cn1cnc(C#N)c1, Fc1ccccc1Br. Product is: Cn1cnc(C#N)c1-c1ccccc1F. Reaction type is Pd catalyzed C-H arylation. The reaction conditions of this reaction are: Palladium Source: [PdCl(allyl)]2. Ligand: CP(C)c1ccccc1. Solvent: CC(=O)N(C)C. Base: CsOAc. Reaction Temperature: 120 degrees centigrade. Reaction Concentration: 0.153 M. Palladium loading: 2.25 mol%. Ligand loading: 5 mol%. Base loading: 3 eq. What is the yield (%) and cost (US dollar per mol) of this reaction?","","-1,-1","[]"
"Here is a chemical reaction. Reactants are: Cn1cnc(C#N)c1, Fc1ccccc1Br. Product is: Cn1cnc(C#N)c1-c1ccccc1F. Reaction type is Pd catalyzed C-H arylation. The reaction conditions of this reaction are: Palladium Source: [PdCl(allyl)]2. Ligand: CP(C)c1ccccc1. Solvent: CCCCOC(C)=O. Base: KOPiv. Reaction Temperature: 90 degrees centigrade. Reaction Concentration: 0.1 M. Palladium loading: 2.25 mol%. Ligand loading: 5 mol%. Base loading: 3 eq. What is the yield (%) and cost (US dollar per mol) of this reaction?","","-1,-1","[]"
"Here is a chemical reaction. Reactants are: Cn1cnc(C#N)c1, Fc1ccccc1Br. Product is: Cn1cnc(C#N)c1-c1ccccc1F. Reaction type is Pd catalyzed C-H arylation. The reaction conditions of this reaction are: Palladium Source: [PdCl(allyl)]2. Ligand: CP(C)c1ccccc1. Solvent: CCCCOC(C)=O. Base: KOPiv. Reaction Temperature: 105 degrees centigrade. Reaction Concentration: 0.1 M. Palladium loading: 2.25 mol%. Ligand loading: 5 mol%. Base loading: 3 eq. What is the yield (%) and cost (US dollar per mol) of this reaction?","","-1,-1","[]"
"Here is a chemical reaction. Reactants are: Cn1cnc(C#N)c1, Fc1ccccc1Br. Product is: Cn1cnc(C#N)c1-c1ccccc1F. Reaction type is Pd catalyzed C-H arylation. The reaction conditions of this reaction are: Palladium Source: [PdCl(allyl)]2. Ligand: CP(C)c1ccccc1. Solvent: CCCCOC(C)=O. Base: KOPiv. Reaction Temperature: 120 degrees centigrade. Reaction Concentration: 0.1 M. Palladium loading: 2.25 mol%. Ligand loading: 5 mol%. Base loading: 3 eq. What is the yield (%) and cost (US dollar per mol) of this reaction?","","-1,-1","[]"
"Here is a chemical reaction. Reactants are: Cn1cnc(C#N)c1, Fc1ccccc1Br. Product is: Cn1cnc(C#N)c1-c1ccccc1F. Reaction type is Pd catalyzed C-H arylation. The reaction conditions of this reaction are: Palladium Source: [PdCl(allyl)]2. Ligand: CP(C)c1ccccc1. Solvent: CCCCOC(C)=O. Base: KOPiv. Reaction Temperature: 90 degrees centigrade. Reaction Concentration: 0.057 M. Palladium loading: 2.25 mol%. Ligand loading: 5 mol%. Base loading: 3 eq. What is the yield (%) and cost (US dollar per mol) of this reaction?","","-1,-1","[]"
"Here is a chemical reaction. Reactants are: Cn1cnc(C#N)c1, Fc1ccccc1Br. Product is: Cn1cnc(C#N)c1-c1ccccc1F. Reaction type is Pd catalyzed C-H arylation. The reaction conditions of this reaction are: Palladium Source: [PdCl(allyl)]2. Ligand: CP(C)c1ccccc1. Solvent: CCCCOC(C)=O. Base: KOPiv. Reaction Temperature: 105 degrees centigrade. Reaction Concentration: 0.057 M. Palladium loading: 2.25 mol%. Ligand loading: 5 mol%. Base loading: 3 eq. What is the yield (%) and cost (US dollar per mol) of this reaction?","","-1,-1","[]"
"Here is a chemical reaction. Reactants are: Cn1cnc(C#N)c1, Fc1ccccc1Br. Product is: Cn1cnc(C#N)c1-c1ccccc1F. Reaction type is Pd catalyzed C-H arylation. The reaction conditions of this reaction are: Palladium Source: [PdCl(allyl)]2. Ligand: CP(C)c1ccccc1. Solvent: CCCCOC(C)=O. Base: KOPiv. Reaction Temperature: 120 degrees centigrade. Reaction Concentration: 0.057 M. Palladium loading: 2.25 mol%. Ligand loading: 5 mol%. Base loading: 3 eq. What is the yield (%) and cost (US dollar per mol) of this reaction?","","-1,-1","[]"
"Here is a chemical reaction. Reactants are: Cn1cnc(C#N)c1, Fc1ccccc1Br. Product is: Cn1cnc(C#N)c1-c1ccccc1F. Reaction type is Pd catalyzed C-H arylation. The reaction conditions of this reaction are: Palladium Source: [PdCl(allyl)]2. Ligand: CP(C)c1ccccc1. Solvent: CCCCOC(C)=O. Base: KOPiv. Reaction Temperature: 90 degrees centigrade. Reaction Concentration: 0.153 M. Palladium loading: 2.25 mol%. Ligand loading: 5 mol%. Base loading: 3 eq. What is the yield (%) and cost (US dollar per mol) of this reaction?","","-1,-1","[]"
"Here is a chemical reaction. Reactants are: Cn1cnc(C#N)c1, Fc1ccccc1Br. Product is: Cn1cnc(C#N)c1-c1ccccc1F. Reaction type is Pd catalyzed C-H arylation. The reaction conditions of this reaction are: Palladium Source: [PdCl(allyl)]2. Ligand: CP(C)c1ccccc1. Solvent: CCCCOC(C)=O. Base: KOPiv. Reaction Temperature: 105 degrees centigrade. Reaction Concentration: 0.153 M. Palladium loading: 2.25 mol%. Ligand loading: 5 mol%. Base loading: 3 eq. What is the yield (%) and cost (US dollar per mol) of this reaction?","","-1,-1","[]"
"Here is a chemical reaction. Reactants are: Cn1cnc(C#N)c1, Fc1ccccc1Br. Product is: Cn1cnc(C#N)c1-c1ccccc1F. Reaction type is Pd catalyzed C-H arylation. The reaction conditions of this reaction are: Palladium Source: [PdCl(allyl)]2. Ligand: CP(C)c1ccccc1. Solvent: CCCCOC(C)=O. Base: KOPiv. Reaction Temperature: 120 degrees centigrade. Reaction Concentration: 0.153 M. Palladium loading: 2.25 mol%. Ligand loading: 5 mol%. Base loading: 3 eq. What is the yield (%) and cost (US dollar per mol) of this reaction?","","-1,-1","[]"
"Here is a chemical reaction. Reactants are: Cn1cnc(C#N)c1, Fc1ccccc1Br. Product is: Cn1cnc(C#N)c1-c1ccccc1F. Reaction type is Pd catalyzed C-H arylation. The reaction conditions of this reaction are: Palladium Source: [PdCl(allyl)]2. Ligand: CP(C)c1ccccc1. Solvent: CCCC#N. Base: KOPiv. Reaction Temperature: 90 degrees centigrade. Reaction Concentration: 0.1 M. Palladium loading: 2.25 mol%. Ligand loading: 5 mol%. Base loading: 3 eq. What is the yield (%) and cost (US dollar per mol) of this reaction?","","-1,-1","[]"
"Here is a chemical reaction. Reactants are: Cn1cnc(C#N)c1, Fc1ccccc1Br. Product is: Cn1cnc(C#N)c1-c1ccccc1F. Reaction type is Pd catalyzed C-H arylation. The reaction conditions of this reaction are: Palladium Source: [PdCl(allyl)]2. Ligand: CP(C)c1ccccc1. Solvent: CCCC#N. Base: KOPiv. Reaction Temperature: 105 degrees centigrade. Reaction Concentration: 0.1 M. Palladium loading: 2.25 mol%. Ligand loading: 5 mol%. Base loading: 3 eq. What is the yield (%) and cost (US dollar per mol) of this reaction?","","-1,-1","[]"
"Here is a chemical reaction. Reactants are: Cn1cnc(C#N)c1, Fc1ccccc1Br. Product is: Cn1cnc(C#N)c1-c1ccccc1F. Reaction type is Pd catalyzed C-H arylation. The reaction conditions of this reaction are: Palladium Source: [PdCl(allyl)]2. Ligand: CP(C)c1ccccc1. Solvent: CCCC#N. Base: KOPiv. Reaction Temperature: 120 degrees centigrade. Reaction Concentration: 0.1 M. Palladium loading: 2.25 mol%. Ligand loading: 5 mol%. Base loading: 3 eq. What is the yield (%) and cost (US dollar per mol) of this reaction?","","-1,-1","[]"
"Here is a chemical reaction. Reactants are: Cn1cnc(C#N)c1, Fc1ccccc1Br. Product is: Cn1cnc(C#N)c1-c1ccccc1F. Reaction type is Pd catalyzed C-H arylation. The reaction conditions of this reaction are: Palladium Source: [PdCl(allyl)]2. Ligand: CP(C)c1ccccc1. Solvent: CCCC#N. Base: KOPiv. Reaction Temperature: 90 degrees centigrade. Reaction Concentration: 0.057 M. Palladium loading: 2.25 mol%. Ligand loading: 5 mol%. Base loading: 3 eq. What is the yield (%) and cost (US dollar per mol) of this reaction?","","-1,-1","[]"
"Here is a chemical reaction. Reactants are: Cn1cnc(C#N)c1, Fc1ccccc1Br. Product is: Cn1cnc(C#N)c1-c1ccccc1F. Reaction type is Pd catalyzed C-H arylation. The reaction conditions of this reaction are: Palladium Source: [PdCl(allyl)]2. Ligand: CP(C)c1ccccc1. Solvent: CCCC#N. Base: KOPiv. Reaction Temperature: 105 degrees centigrade. Reaction Concentration: 0.057 M. Palladium loading: 2.25 mol%. Ligand loading: 5 mol%. Base loading: 3 eq. What is the yield (%) and cost (US dollar per mol) of this reaction?","","-1,-1","[]"
"Here is a chemical reaction. Reactants are: Cn1cnc(C#N)c1, Fc1ccccc1Br. Product is: Cn1cnc(C#N)c1-c1ccccc1F. Reaction type is Pd catalyzed C-H arylation. The reaction conditions of this reaction are: Palladium Source: [PdCl(allyl)]2. Ligand: CP(C)c1ccccc1. Solvent: CCCC#N. Base: KOPiv. Reaction Temperature: 120 degrees centigrade. Reaction Concentration: 0.057 M. Palladium loading: 2.25 mol%. Ligand loading: 5 mol%. Base loading: 3 eq. What is the yield (%) and cost (US dollar per mol) of this reaction?","","-1,-1","[]"
"Here is a chemical reaction. Reactants are: Cn1cnc(C#N)c1, Fc1ccccc1Br. Product is: Cn1cnc(C#N)c1-c1ccccc1F. Reaction type is Pd catalyzed C-H arylation. The reaction conditions of this reaction are: Palladium Source: [PdCl(allyl)]2. Ligand: CP(C)c1ccccc1. Solvent: CCCC#N. Base: KOPiv. Reaction Temperature: 90 degrees centigrade. Reaction Concentration: 0.153 M. Palladium loading: 2.25 mol%. Ligand loading: 5 mol%. Base loading: 3 eq. What is the yield (%) and cost (US dollar per mol) of this reaction?","","-1,-1","[]"
"Here is a chemical reaction. Reactants are: Cn1cnc(C#N)c1, Fc1ccccc1Br. Product is: Cn1cnc(C#N)c1-c1ccccc1F. Reaction type is Pd catalyzed C-H arylation. The reaction conditions of this reaction are: Palladium Source: [PdCl(allyl)]2. Ligand: CP(C)c1ccccc1. Solvent: CCCC#N. Base: KOPiv. Reaction Temperature: 105 degrees centigrade. Reaction Concentration: 0.153 M. Palladium loading: 2.25 mol%. Ligand loading: 5 mol%. Base loading: 3 eq. What is the yield (%) and cost (US dollar per mol) of this reaction?","","-1,-1","[]"
"Here is a chemical reaction. Reactants are: Cn1cnc(C#N)c1, Fc1ccccc1Br. Product is: Cn1cnc(C#N)c1-c1ccccc1F. Reaction type is Pd catalyzed C-H arylation. The reaction conditions of this reaction are: Palladium Source: [PdCl(allyl)]2. Ligand: CP(C)c1ccccc1. Solvent: CCCC#N. Base: KOPiv. Reaction Temperature: 120 degrees centigrade. Reaction Concentration: 0.153 M. Palladium loading: 2.25 mol%. Ligand loading: 5 mol%. Base loading: 3 eq. What is the yield (%) and cost (US dollar per mol) of this reaction?","","-1,-1","[]"
"Here is a chemical reaction. Reactants are: Cn1cnc(C#N)c1, Fc1ccccc1Br. Product is: Cn1cnc(C#N)c1-c1ccccc1F. Reaction type is Pd catalyzed C-H arylation. The reaction conditions of this reaction are: Palladium Source: [PdCl(allyl)]2. Ligand: CP(C)c1ccccc1. Solvent: Cc1ccc(C)cc1. Base: KOPiv. Reaction Temperature: 90 degrees centigrade. Reaction Concentration: 0.1 M. Palladium loading: 2.25 mol%. Ligand loading: 5 mol%. Base loading: 3 eq. What is the yield (%) and cost (US dollar per mol) of this reaction?","","-1,-1","[]"
"Here is a chemical reaction. Reactants are: Cn1cnc(C#N)c1, Fc1ccccc1Br. Product is: Cn1cnc(C#N)c1-c1ccccc1F. Reaction type is Pd catalyzed C-H arylation. The reaction conditions of this reaction are: Palladium Source: [PdCl(allyl)]2. Ligand: CP(C)c1ccccc1. Solvent: Cc1ccc(C)cc1. Base: KOPiv. Reaction Temperature: 105 degrees centigrade. Reaction Concentration: 0.1 M. Palladium loading: 2.25 mol%. Ligand loading: 5 mol%. Base loading: 3 eq. What is the yield (%) and cost (US dollar per mol) of this reaction?","","-1,-1","[]"
"Here is a chemical reaction. Reactants are: Cn1cnc(C#N)c1, Fc1ccccc1Br. Product is: Cn1cnc(C#N)c1-c1ccccc1F. Reaction type is Pd catalyzed C-H arylation. The reaction conditions of this reaction are: Palladium Source: [PdCl(allyl)]2. Ligand: CP(C)c1ccccc1. Solvent: Cc1ccc(C)cc1. Base: KOPiv. Reaction Temperature: 120 degrees centigrade. Reaction Concentration: 0.1 M. Palladium loading: 2.25 mol%. Ligand loading: 5 mol%. Base loading: 3 eq. What is the yield (%) and cost (US dollar per mol) of this reaction?","","-1,-1","[]"
"Here is a chemical reaction. Reactants are: Cn1cnc(C#N)c1, Fc1ccccc1Br. Product is: Cn1cnc(C#N)c1-c1ccccc1F. Reaction type is Pd catalyzed C-H arylation. The reaction conditions of this reaction are: Palladium Source: [PdCl(allyl)]2. Ligand: CP(C)c1ccccc1. Solvent: Cc1ccc(C)cc1. Base: KOPiv. Reaction Temperature: 90 degrees centigrade. Reaction Concentration: 0.057 M. Palladium loading: 2.25 mol%. Ligand loading: 5 mol%. Base loading: 3 eq. What is the yield (%) and cost (US dollar per mol) of this reaction?","","-1,-1","[]"
"Here is a chemical reaction. Reactants are: Cn1cnc(C#N)c1, Fc1ccccc1Br. Product is: Cn1cnc(C#N)c1-c1ccccc1F. Reaction type is Pd catalyzed C-H arylation. The reaction conditions of this reaction are: Palladium Source: [PdCl(allyl)]2. Ligand: CP(C)c1ccccc1. Solvent: Cc1ccc(C)cc1. Base: KOPiv. Reaction Temperature: 105 degrees centigrade. Reaction Concentration: 0.057 M. Palladium loading: 2.25 mol%. Ligand loading: 5 mol%. Base loading: 3 eq. What is the yield (%) and cost (US dollar per mol) of this reaction?","","-1,-1","[]"
"Here is a chemical reaction. Reactants are: Cn1cnc(C#N)c1, Fc1ccccc1Br. Product is: Cn1cnc(C#N)c1-c1ccccc1F. Reaction type is Pd catalyzed C-H arylation. The reaction conditions of this reaction are: Palladium Source: [PdCl(allyl)]2. Ligand: CP(C)c1ccccc1. Solvent: Cc1ccc(C)cc1. Base: KOPiv. Reaction Temperature: 120 degrees centigrade. Reaction Concentration: 0.057 M. Palladium loading: 2.25 mol%. Ligand loading: 5 mol%. Base loading: 3 eq. What is the yield (%) and cost (US dollar per mol) of this reaction?","","-1,-1","[]"
"Here is a chemical reaction. Reactants are: Cn1cnc(C#N)c1, Fc1ccccc1Br. Product is: Cn1cnc(C#N)c1-c1ccccc1F. Reaction type is Pd catalyzed C-H arylation. The reaction conditions of this reaction are: Palladium Source: [PdCl(allyl)]2. Ligand: CP(C)c1ccccc1. Solvent: Cc1ccc(C)cc1. Base: KOPiv. Reaction Temperature: 90 degrees centigrade. Reaction Concentration: 0.153 M. Palladium loading: 2.25 mol%. Ligand loading: 5 mol%. Base loading: 3 eq. What is the yield (%) and cost (US dollar per mol) of this reaction?","","-1,-1","[]"
"Here is a chemical reaction. Reactants are: Cn1cnc(C#N)c1, Fc1ccccc1Br. Product is: Cn1cnc(C#N)c1-c1ccccc1F. Reaction type is Pd catalyzed C-H arylation. The reaction conditions of this reaction are: Palladium Source: [PdCl(allyl)]2. Ligand: CP(C)c1ccccc1. Solvent: Cc1ccc(C)cc1. Base: KOPiv. Reaction Temperature: 105 degrees centigrade. Reaction Concentration: 0.153 M. Palladium loading: 2.25 mol%. Ligand loading: 5 mol%. Base loading: 3 eq. What is the yield (%) and cost (US dollar per mol) of this reaction?","","-1,-1","[]"
"Here is a chemical reaction. Reactants are: Cn1cnc(C#N)c1, Fc1ccccc1Br. Product is: Cn1cnc(C#N)c1-c1ccccc1F. Reaction type is Pd catalyzed C-H arylation. The reaction conditions of this reaction are: Palladium Source: [PdCl(allyl)]2. Ligand: CP(C)c1ccccc1. Solvent: Cc1ccc(C)cc1. Base: KOPiv. Reaction Temperature: 120 degrees centigrade. Reaction Concentration: 0.153 M. Palladium loading: 2.25 mol%. Ligand loading: 5 mol%. Base loading: 3 eq. What is the yield (%) and cost (US dollar per mol) of this reaction?","","-1,-1","[]"
"Here is a chemical reaction. Reactants are: Cn1cnc(C#N)c1, Fc1ccccc1Br. Product is: Cn1cnc(C#N)c1-c1ccccc1F. Reaction type is Pd catalyzed C-H arylation. The reaction conditions of this reaction are: Palladium Source: [PdCl(allyl)]2. Ligand: CP(C)c1ccccc1. Solvent: CC(=O)N(C)C. Base: KOPiv. Reaction Temperature: 90 degrees centigrade. Reaction Concentration: 0.1 M. Palladium loading: 2.25 mol%. Ligand loading: 5 mol%. Base loading: 3 eq. What is the yield (%) and cost (US dollar per mol) of this reaction?","","-1,-1","[]"
"Here is a chemical reaction. Reactants are: Cn1cnc(C#N)c1, Fc1ccccc1Br. Product is: Cn1cnc(C#N)c1-c1ccccc1F. Reaction type is Pd catalyzed C-H arylation. The reaction conditions of this reaction are: Palladium Source: [PdCl(allyl)]2. Ligand: CP(C)c1ccccc1. Solvent: CC(=O)N(C)C. Base: KOPiv. Reaction Temperature: 105 degrees centigrade. Reaction Concentration: 0.1 M. Palladium loading: 2.25 mol%. Ligand loading: 5 mol%. Base loading: 3 eq. What is the yield (%) and cost (US dollar per mol) of this reaction?","","-1,-1","[]"
"Here is a chemical reaction. Reactants are: Cn1cnc(C#N)c1, Fc1ccccc1Br. Product is: Cn1cnc(C#N)c1-c1ccccc1F. Reaction type is Pd catalyzed C-H arylation. The reaction conditions of this reaction are: Palladium Source: [PdCl(allyl)]2. Ligand: CP(C)c1ccccc1. Solvent: CC(=O)N(C)C. Base: KOPiv. Reaction Temperature: 120 degrees centigrade. Reaction Concentration: 0.1 M. Palladium loading: 2.25 mol%. Ligand loading: 5 mol%. Base loading: 3 eq. What is the yield (%) and cost (US dollar per mol) of this reaction?","","-1,-1","[]"
"Here is a chemical reaction. Reactants are: Cn1cnc(C#N)c1, Fc1ccccc1Br. Product is: Cn1cnc(C#N)c1-c1ccccc1F. Reaction type is Pd catalyzed C-H arylation. The reaction conditions of this reaction are: Palladium Source: [PdCl(allyl)]2. Ligand: CP(C)c1ccccc1. Solvent: CC(=O)N(C)C. Base: KOPiv. Reaction Temperature: 90 degrees centigrade. Reaction Concentration: 0.057 M. Palladium loading: 2.25 mol%. Ligand loading: 5 mol%. Base loading: 3 eq. What is the yield (%) and cost (US dollar per mol) of this reaction?","","-1,-1","[]"
"Here is a chemical reaction. Reactants are: Cn1cnc(C#N)c1, Fc1ccccc1Br. Product is: Cn1cnc(C#N)c1-c1ccccc1F. Reaction type is Pd catalyzed C-H arylation. The reaction conditions of this reaction are: Palladium Source: [PdCl(allyl)]2. Ligand: CP(C)c1ccccc1. Solvent: CC(=O)N(C)C. Base: KOPiv. Reaction Temperature: 105 degrees centigrade. Reaction Concentration: 0.057 M. Palladium loading: 2.25 mol%. Ligand loading: 5 mol%. Base loading: 3 eq. What is the yield (%) and cost (US dollar per mol) of this reaction?","","-1,-1","[]"
"Here is a chemical reaction. Reactants are: Cn1cnc(C#N)c1, Fc1ccccc1Br. Product is: Cn1cnc(C#N)c1-c1ccccc1F. Reaction type is Pd catalyzed C-H arylation. The reaction conditions of this reaction are: Palladium Source: [PdCl(allyl)]2. Ligand: CP(C)c1ccccc1. Solvent: CC(=O)N(C)C. Base: KOPiv. Reaction Temperature: 120 degrees centigrade. Reaction Concentration: 0.057 M. Palladium loading: 2.25 mol%. Ligand loading: 5 mol%. Base loading: 3 eq. What is the yield (%) and cost (US dollar per mol) of this reaction?","","-1,-1","[]"
"Here is a chemical reaction. Reactants are: Cn1cnc(C#N)c1, Fc1ccccc1Br. Product is: Cn1cnc(C#N)c1-c1ccccc1F. Reaction type is Pd catalyzed C-H arylation. The reaction conditions of this reaction are: Palladium Source: [PdCl(allyl)]2. Ligand: CP(C)c1ccccc1. Solvent: CC(=O)N(C)C. Base: KOPiv. Reaction Temperature: 90 degrees centigrade. Reaction Concentration: 0.153 M. Palladium loading: 2.25 mol%. Ligand loading: 5 mol%. Base loading: 3 eq. What is the yield (%) and cost (US dollar per mol) of this reaction?","","-1,-1","[]"
"Here is a chemical reaction. Reactants are: Cn1cnc(C#N)c1, Fc1ccccc1Br. Product is: Cn1cnc(C#N)c1-c1ccccc1F. Reaction type is Pd catalyzed C-H arylation. The reaction conditions of this reaction are: Palladium Source: [PdCl(allyl)]2. Ligand: CP(C)c1ccccc1. Solvent: CC(=O)N(C)C. Base: KOPiv. Reaction Temperature: 105 degrees centigrade. Reaction Concentration: 0.153 M. Palladium loading: 2.25 mol%. Ligand loading: 5 mol%. Base loading: 3 eq. What is the yield (%) and cost (US dollar per mol) of this reaction?","","-1,-1","[]"
"Here is a chemical reaction. Reactants are: Cn1cnc(C#N)c1, Fc1ccccc1Br. Product is: Cn1cnc(C#N)c1-c1ccccc1F. Reaction type is Pd catalyzed C-H arylation. The reaction conditions of this reaction are: Palladium Source: [PdCl(allyl)]2. Ligand: CP(C)c1ccccc1. Solvent: CC(=O)N(C)C. Base: KOPiv. Reaction Temperature: 120 degrees centigrade. Reaction Concentration: 0.153 M. Palladium loading: 2.25 mol%. Ligand loading: 5 mol%. Base loading: 3 eq. What is the yield (%) and cost (US dollar per mol) of this reaction?","","-1,-1","[]"
"Here is a chemical reaction. Reactants are: Cn1cnc(C#N)c1, Fc1ccccc1Br. Product is: Cn1cnc(C#N)c1-c1ccccc1F. Reaction type is Pd catalyzed C-H arylation. The reaction conditions of this reaction are: Palladium Source: [PdCl(allyl)]2. Ligand: CP(C)c1ccccc1. Solvent: CCCCOC(C)=O. Base: CsOPiv. Reaction Temperature: 90 degrees centigrade. Reaction Concentration: 0.1 M. Palladium loading: 2.25 mol%. Ligand loading: 5 mol%. Base loading: 3 eq. What is the yield (%) and cost (US dollar per mol) of this reaction?","","-1,-1","[]"
"Here is a chemical reaction. Reactants are: Cn1cnc(C#N)c1, Fc1ccccc1Br. Product is: Cn1cnc(C#N)c1-c1ccccc1F. Reaction type is Pd catalyzed C-H arylation. The reaction conditions of this reaction are: Palladium Source: [PdCl(allyl)]2. Ligand: CP(C)c1ccccc1. Solvent: CCCCOC(C)=O. Base: CsOPiv. Reaction Temperature: 105 degrees centigrade. Reaction Concentration: 0.1 M. Palladium loading: 2.25 mol%. Ligand loading: 5 mol%. Base loading: 3 eq. What is the yield (%) and cost (US dollar per mol) of this reaction?","","-1,-1","[]"
"Here is a chemical reaction. Reactants are: Cn1cnc(C#N)c1, Fc1ccccc1Br. Product is: Cn1cnc(C#N)c1-c1ccccc1F. Reaction type is Pd catalyzed C-H arylation. The reaction conditions of this reaction are: Palladium Source: [PdCl(allyl)]2. Ligand: CP(C)c1ccccc1. Solvent: CCCCOC(C)=O. Base: CsOPiv. Reaction Temperature: 120 degrees centigrade. Reaction Concentration: 0.1 M. Palladium loading: 2.25 mol%. Ligand loading: 5 mol%. Base loading: 3 eq. What is the yield (%) and cost (US dollar per mol) of this reaction?","","-1,-1","[]"
"Here is a chemical reaction. Reactants are: Cn1cnc(C#N)c1, Fc1ccccc1Br. Product is: Cn1cnc(C#N)c1-c1ccccc1F. Reaction type is Pd catalyzed C-H arylation. The reaction conditions of this reaction are: Palladium Source: [PdCl(allyl)]2. Ligand: CP(C)c1ccccc1. Solvent: CCCCOC(C)=O. Base: CsOPiv. Reaction Temperature: 90 degrees centigrade. Reaction Concentration: 0.057 M. Palladium loading: 2.25 mol%. Ligand loading: 5 mol%. Base loading: 3 eq. What is the yield (%) and cost (US dollar per mol) of this reaction?","","-1,-1","[]"
"Here is a chemical reaction. Reactants are: Cn1cnc(C#N)c1, Fc1ccccc1Br. Product is: Cn1cnc(C#N)c1-c1ccccc1F. Reaction type is Pd catalyzed C-H arylation. The reaction conditions of this reaction are: Palladium Source: [PdCl(allyl)]2. Ligand: CP(C)c1ccccc1. Solvent: CCCCOC(C)=O. Base: CsOPiv. Reaction Temperature: 105 degrees centigrade. Reaction Concentration: 0.057 M. Palladium loading: 2.25 mol%. Ligand loading: 5 mol%. Base loading: 3 eq. What is the yield (%) and cost (US dollar per mol) of this reaction?","","-1,-1","[]"
"Here is a chemical reaction. Reactants are: Cn1cnc(C#N)c1, Fc1ccccc1Br. Product is: Cn1cnc(C#N)c1-c1ccccc1F. Reaction type is Pd catalyzed C-H arylation. The reaction conditions of this reaction are: Palladium Source: [PdCl(allyl)]2. Ligand: CP(C)c1ccccc1. Solvent: CCCCOC(C)=O. Base: CsOPiv. Reaction Temperature: 120 degrees centigrade. Reaction Concentration: 0.057 M. Palladium loading: 2.25 mol%. Ligand loading: 5 mol%. Base loading: 3 eq. What is the yield (%) and cost (US dollar per mol) of this reaction?","","-1,-1","[]"
"Here is a chemical reaction. Reactants are: Cn1cnc(C#N)c1, Fc1ccccc1Br. Product is: Cn1cnc(C#N)c1-c1ccccc1F. Reaction type is Pd catalyzed C-H arylation. The reaction conditions of this reaction are: Palladium Source: [PdCl(allyl)]2. Ligand: CP(C)c1ccccc1. Solvent: CCCCOC(C)=O. Base: CsOPiv. Reaction Temperature: 90 degrees centigrade. Reaction Concentration: 0.153 M. Palladium loading: 2.25 mol%. Ligand loading: 5 mol%. Base loading: 3 eq. What is the yield (%) and cost (US dollar per mol) of this reaction?","","-1,-1","[]"
"Here is a chemical reaction. Reactants are: Cn1cnc(C#N)c1, Fc1ccccc1Br. Product is: Cn1cnc(C#N)c1-c1ccccc1F. Reaction type is Pd catalyzed C-H arylation. The reaction conditions of this reaction are: Palladium Source: [PdCl(allyl)]2. Ligand: CP(C)c1ccccc1. Solvent: CCCCOC(C)=O. Base: CsOPiv. Reaction Temperature: 105 degrees centigrade. Reaction Concentration: 0.153 M. Palladium loading: 2.25 mol%. Ligand loading: 5 mol%. Base loading: 3 eq. What is the yield (%) and cost (US dollar per mol) of this reaction?","","-1,-1","[]"
"Here is a chemical reaction. Reactants are: Cn1cnc(C#N)c1, Fc1ccccc1Br. Product is: Cn1cnc(C#N)c1-c1ccccc1F. Reaction type is Pd catalyzed C-H arylation. The reaction conditions of this reaction are: Palladium Source: [PdCl(allyl)]2. Ligand: CP(C)c1ccccc1. Solvent: CCCCOC(C)=O. Base: CsOPiv. Reaction Temperature: 120 degrees centigrade. Reaction Concentration: 0.153 M. Palladium loading: 2.25 mol%. Ligand loading: 5 mol%. Base loading: 3 eq. What is the yield (%) and cost (US dollar per mol) of this reaction?","","-1,-1","[]"
"Here is a chemical reaction. Reactants are: Cn1cnc(C#N)c1, Fc1ccccc1Br. Product is: Cn1cnc(C#N)c1-c1ccccc1F. Reaction type is Pd catalyzed C-H arylation. The reaction conditions of this reaction are: Palladium Source: [PdCl(allyl)]2. Ligand: CP(C)c1ccccc1. Solvent: CCCC#N. Base: CsOPiv. Reaction Temperature: 90 degrees centigrade. Reaction Concentration: 0.1 M. Palladium loading: 2.25 mol%. Ligand loading: 5 mol%. Base loading: 3 eq. What is the yield (%) and cost (US dollar per mol) of this reaction?","","-1,-1","[]"
"Here is a chemical reaction. Reactants are: Cn1cnc(C#N)c1, Fc1ccccc1Br. Product is: Cn1cnc(C#N)c1-c1ccccc1F. Reaction type is Pd catalyzed C-H arylation. The reaction conditions of this reaction are: Palladium Source: [PdCl(allyl)]2. Ligand: CP(C)c1ccccc1. Solvent: CCCC#N. Base: CsOPiv. Reaction Temperature: 105 degrees centigrade. Reaction Concentration: 0.1 M. Palladium loading: 2.25 mol%. Ligand loading: 5 mol%. Base loading: 3 eq. What is the yield (%) and cost (US dollar per mol) of this reaction?","","-1,-1","[]"
"Here is a chemical reaction. Reactants are: Cn1cnc(C#N)c1, Fc1ccccc1Br. Product is: Cn1cnc(C#N)c1-c1ccccc1F. Reaction type is Pd catalyzed C-H arylation. The reaction conditions of this reaction are: Palladium Source: [PdCl(allyl)]2. Ligand: CP(C)c1ccccc1. Solvent: CCCC#N. Base: CsOPiv. Reaction Temperature: 120 degrees centigrade. Reaction Concentration: 0.1 M. Palladium loading: 2.25 mol%. Ligand loading: 5 mol%. Base loading: 3 eq. What is the yield (%) and cost (US dollar per mol) of this reaction?","","-1,-1","[]"
"Here is a chemical reaction. Reactants are: Cn1cnc(C#N)c1, Fc1ccccc1Br. Product is: Cn1cnc(C#N)c1-c1ccccc1F. Reaction type is Pd catalyzed C-H arylation. The reaction conditions of this reaction are: Palladium Source: [PdCl(allyl)]2. Ligand: CP(C)c1ccccc1. Solvent: CCCC#N. Base: CsOPiv. Reaction Temperature: 90 degrees centigrade. Reaction Concentration: 0.057 M. Palladium loading: 2.25 mol%. Ligand loading: 5 mol%. Base loading: 3 eq. What is the yield (%) and cost (US dollar per mol) of this reaction?","","-1,-1","[]"
"Here is a chemical reaction. Reactants are: Cn1cnc(C#N)c1, Fc1ccccc1Br. Product is: Cn1cnc(C#N)c1-c1ccccc1F. Reaction type is Pd catalyzed C-H arylation. The reaction conditions of this reaction are: Palladium Source: [PdCl(allyl)]2. Ligand: CP(C)c1ccccc1. Solvent: CCCC#N. Base: CsOPiv. Reaction Temperature: 105 degrees centigrade. Reaction Concentration: 0.057 M. Palladium loading: 2.25 mol%. Ligand loading: 5 mol%. Base loading: 3 eq. What is the yield (%) and cost (US dollar per mol) of this reaction?","","-1,-1","[]"
"Here is a chemical reaction. Reactants are: Cn1cnc(C#N)c1, Fc1ccccc1Br. Product is: Cn1cnc(C#N)c1-c1ccccc1F. Reaction type is Pd catalyzed C-H arylation. The reaction conditions of this reaction are: Palladium Source: [PdCl(allyl)]2. Ligand: CP(C)c1ccccc1. Solvent: CCCC#N. Base: CsOPiv. Reaction Temperature: 120 degrees centigrade. Reaction Concentration: 0.057 M. Palladium loading: 2.25 mol%. Ligand loading: 5 mol%. Base loading: 3 eq. What is the yield (%) and cost (US dollar per mol) of this reaction?","","-1,-1","[]"
"Here is a chemical reaction. Reactants are: Cn1cnc(C#N)c1, Fc1ccccc1Br. Product is: Cn1cnc(C#N)c1-c1ccccc1F. Reaction type is Pd catalyzed C-H arylation. The reaction conditions of this reaction are: Palladium Source: [PdCl(allyl)]2. Ligand: CP(C)c1ccccc1. Solvent: CCCC#N. Base: CsOPiv. Reaction Temperature: 90 degrees centigrade. Reaction Concentration: 0.153 M. Palladium loading: 2.25 mol%. Ligand loading: 5 mol%. Base loading: 3 eq. What is the yield (%) and cost (US dollar per mol) of this reaction?","","-1,-1","[]"
"Here is a chemical reaction. Reactants are: Cn1cnc(C#N)c1, Fc1ccccc1Br. Product is: Cn1cnc(C#N)c1-c1ccccc1F. Reaction type is Pd catalyzed C-H arylation. The reaction conditions of this reaction are: Palladium Source: [PdCl(allyl)]2. Ligand: CP(C)c1ccccc1. Solvent: CCCC#N. Base: CsOPiv. Reaction Temperature: 105 degrees centigrade. Reaction Concentration: 0.153 M. Palladium loading: 2.25 mol%. Ligand loading: 5 mol%. Base loading: 3 eq. What is the yield (%) and cost (US dollar per mol) of this reaction?","","-1,-1","[]"
"Here is a chemical reaction. Reactants are: Cn1cnc(C#N)c1, Fc1ccccc1Br. Product is: Cn1cnc(C#N)c1-c1ccccc1F. Reaction type is Pd catalyzed C-H arylation. The reaction conditions of this reaction are: Palladium Source: [PdCl(allyl)]2. Ligand: CP(C)c1ccccc1. Solvent: CCCC#N. Base: CsOPiv. Reaction Temperature: 120 degrees centigrade. Reaction Concentration: 0.153 M. Palladium loading: 2.25 mol%. Ligand loading: 5 mol%. Base loading: 3 eq. What is the yield (%) and cost (US dollar per mol) of this reaction?","","-1,-1","[]"
"Here is a chemical reaction. Reactants are: Cn1cnc(C#N)c1, Fc1ccccc1Br. Product is: Cn1cnc(C#N)c1-c1ccccc1F. Reaction type is Pd catalyzed C-H arylation. The reaction conditions of this reaction are: Palladium Source: [PdCl(allyl)]2. Ligand: CP(C)c1ccccc1. Solvent: Cc1ccc(C)cc1. Base: CsOPiv. Reaction Temperature: 90 degrees centigrade. Reaction Concentration: 0.1 M. Palladium loading: 2.25 mol%. Ligand loading: 5 mol%. Base loading: 3 eq. What is the yield (%) and cost (US dollar per mol) of this reaction?","","-1,-1","[]"
"Here is a chemical reaction. Reactants are: Cn1cnc(C#N)c1, Fc1ccccc1Br. Product is: Cn1cnc(C#N)c1-c1ccccc1F. Reaction type is Pd catalyzed C-H arylation. The reaction conditions of this reaction are: Palladium Source: [PdCl(allyl)]2. Ligand: CP(C)c1ccccc1. Solvent: Cc1ccc(C)cc1. Base: CsOPiv. Reaction Temperature: 105 degrees centigrade. Reaction Concentration: 0.1 M. Palladium loading: 2.25 mol%. Ligand loading: 5 mol%. Base loading: 3 eq. What is the yield (%) and cost (US dollar per mol) of this reaction?","","-1,-1","[]"
"Here is a chemical reaction. Reactants are: Cn1cnc(C#N)c1, Fc1ccccc1Br. Product is: Cn1cnc(C#N)c1-c1ccccc1F. Reaction type is Pd catalyzed C-H arylation. The reaction conditions of this reaction are: Palladium Source: [PdCl(allyl)]2. Ligand: CP(C)c1ccccc1. Solvent: Cc1ccc(C)cc1. Base: CsOPiv. Reaction Temperature: 120 degrees centigrade. Reaction Concentration: 0.1 M. Palladium loading: 2.25 mol%. Ligand loading: 5 mol%. Base loading: 3 eq. What is the yield (%) and cost (US dollar per mol) of this reaction?","","-1,-1","[]"
"Here is a chemical reaction. Reactants are: Cn1cnc(C#N)c1, Fc1ccccc1Br. Product is: Cn1cnc(C#N)c1-c1ccccc1F. Reaction type is Pd catalyzed C-H arylation. The reaction conditions of this reaction are: Palladium Source: [PdCl(allyl)]2. Ligand: CP(C)c1ccccc1. Solvent: Cc1ccc(C)cc1. Base: CsOPiv. Reaction Temperature: 90 degrees centigrade. Reaction Concentration: 0.057 M. Palladium loading: 2.25 mol%. Ligand loading: 5 mol%. Base loading: 3 eq. What is the yield (%) and cost (US dollar per mol) of this reaction?","","-1,-1","[]"
"Here is a chemical reaction. Reactants are: Cn1cnc(C#N)c1, Fc1ccccc1Br. Product is: Cn1cnc(C#N)c1-c1ccccc1F. Reaction type is Pd catalyzed C-H arylation. The reaction conditions of this reaction are: Palladium Source: [PdCl(allyl)]2. Ligand: CP(C)c1ccccc1. Solvent: Cc1ccc(C)cc1. Base: CsOPiv. Reaction Temperature: 105 degrees centigrade. Reaction Concentration: 0.057 M. Palladium loading: 2.25 mol%. Ligand loading: 5 mol%. Base loading: 3 eq. What is the yield (%) and cost (US dollar per mol) of this reaction?","","-1,-1","[]"
"Here is a chemical reaction. Reactants are: Cn1cnc(C#N)c1, Fc1ccccc1Br. Product is: Cn1cnc(C#N)c1-c1ccccc1F. Reaction type is Pd catalyzed C-H arylation. The reaction conditions of this reaction are: Palladium Source: [PdCl(allyl)]2. Ligand: CP(C)c1ccccc1. Solvent: Cc1ccc(C)cc1. Base: CsOPiv. Reaction Temperature: 120 degrees centigrade. Reaction Concentration: 0.057 M. Palladium loading: 2.25 mol%. Ligand loading: 5 mol%. Base loading: 3 eq. What is the yield (%) and cost (US dollar per mol) of this reaction?","","-1,-1","[]"
"Here is a chemical reaction. Reactants are: Cn1cnc(C#N)c1, Fc1ccccc1Br. Product is: Cn1cnc(C#N)c1-c1ccccc1F. Reaction type is Pd catalyzed C-H arylation. The reaction conditions of this reaction are: Palladium Source: [PdCl(allyl)]2. Ligand: CP(C)c1ccccc1. Solvent: Cc1ccc(C)cc1. Base: CsOPiv. Reaction Temperature: 90 degrees centigrade. Reaction Concentration: 0.153 M. Palladium loading: 2.25 mol%. Ligand loading: 5 mol%. Base loading: 3 eq. What is the yield (%) and cost (US dollar per mol) of this reaction?","","-1,-1","[]"
"Here is a chemical reaction. Reactants are: Cn1cnc(C#N)c1, Fc1ccccc1Br. Product is: Cn1cnc(C#N)c1-c1ccccc1F. Reaction type is Pd catalyzed C-H arylation. The reaction conditions of this reaction are: Palladium Source: [PdCl(allyl)]2. Ligand: CP(C)c1ccccc1. Solvent: Cc1ccc(C)cc1. Base: CsOPiv. Reaction Temperature: 105 degrees centigrade. Reaction Concentration: 0.153 M. Palladium loading: 2.25 mol%. Ligand loading: 5 mol%. Base loading: 3 eq. What is the yield (%) and cost (US dollar per mol) of this reaction?","","-1,-1","[]"
"Here is a chemical reaction. Reactants are: Cn1cnc(C#N)c1, Fc1ccccc1Br. Product is: Cn1cnc(C#N)c1-c1ccccc1F. Reaction type is Pd catalyzed C-H arylation. The reaction conditions of this reaction are: Palladium Source: [PdCl(allyl)]2. Ligand: CP(C)c1ccccc1. Solvent: Cc1ccc(C)cc1. Base: CsOPiv. Reaction Temperature: 120 degrees centigrade. Reaction Concentration: 0.153 M. Palladium loading: 2.25 mol%. Ligand loading: 5 mol%. Base loading: 3 eq. What is the yield (%) and cost (US dollar per mol) of this reaction?","","-1,-1","[]"
"Here is a chemical reaction. Reactants are: Cn1cnc(C#N)c1, Fc1ccccc1Br. Product is: Cn1cnc(C#N)c1-c1ccccc1F. Reaction type is Pd catalyzed C-H arylation. The reaction conditions of this reaction are: Palladium Source: [PdCl(allyl)]2. Ligand: CP(C)c1ccccc1. Solvent: CC(=O)N(C)C. Base: CsOPiv. Reaction Temperature: 90 degrees centigrade. Reaction Concentration: 0.1 M. Palladium loading: 2.25 mol%. Ligand loading: 5 mol%. Base loading: 3 eq. What is the yield (%) and cost (US dollar per mol) of this reaction?","","-1,-1","[]"
"Here is a chemical reaction. Reactants are: Cn1cnc(C#N)c1, Fc1ccccc1Br. Product is: Cn1cnc(C#N)c1-c1ccccc1F. Reaction type is Pd catalyzed C-H arylation. The reaction conditions of this reaction are: Palladium Source: [PdCl(allyl)]2. Ligand: CP(C)c1ccccc1. Solvent: CC(=O)N(C)C. Base: CsOPiv. Reaction Temperature: 105 degrees centigrade. Reaction Concentration: 0.1 M. Palladium loading: 2.25 mol%. Ligand loading: 5 mol%. Base loading: 3 eq. What is the yield (%) and cost (US dollar per mol) of this reaction?","","-1,-1","[]"
"Here is a chemical reaction. Reactants are: Cn1cnc(C#N)c1, Fc1ccccc1Br. Product is: Cn1cnc(C#N)c1-c1ccccc1F. Reaction type is Pd catalyzed C-H arylation. The reaction conditions of this reaction are: Palladium Source: [PdCl(allyl)]2. Ligand: CP(C)c1ccccc1. Solvent: CC(=O)N(C)C. Base: CsOPiv. Reaction Temperature: 120 degrees centigrade. Reaction Concentration: 0.1 M. Palladium loading: 2.25 mol%. Ligand loading: 5 mol%. Base loading: 3 eq. What is the yield (%) and cost (US dollar per mol) of this reaction?","","-1,-1","[]"
"Here is a chemical reaction. Reactants are: Cn1cnc(C#N)c1, Fc1ccccc1Br. Product is: Cn1cnc(C#N)c1-c1ccccc1F. Reaction type is Pd catalyzed C-H arylation. The reaction conditions of this reaction are: Palladium Source: [PdCl(allyl)]2. Ligand: CP(C)c1ccccc1. Solvent: CC(=O)N(C)C. Base: CsOPiv. Reaction Temperature: 90 degrees centigrade. Reaction Concentration: 0.057 M. Palladium loading: 2.25 mol%. Ligand loading: 5 mol%. Base loading: 3 eq. What is the yield (%) and cost (US dollar per mol) of this reaction?","","-1,-1","[]"
"Here is a chemical reaction. Reactants are: Cn1cnc(C#N)c1, Fc1ccccc1Br. Product is: Cn1cnc(C#N)c1-c1ccccc1F. Reaction type is Pd catalyzed C-H arylation. The reaction conditions of this reaction are: Palladium Source: [PdCl(allyl)]2. Ligand: CP(C)c1ccccc1. Solvent: CC(=O)N(C)C. Base: CsOPiv. Reaction Temperature: 105 degrees centigrade. Reaction Concentration: 0.057 M. Palladium loading: 2.25 mol%. Ligand loading: 5 mol%. Base loading: 3 eq. What is the yield (%) and cost (US dollar per mol) of this reaction?","","-1,-1","[]"
"Here is a chemical reaction. Reactants are: Cn1cnc(C#N)c1, Fc1ccccc1Br. Product is: Cn1cnc(C#N)c1-c1ccccc1F. Reaction type is Pd catalyzed C-H arylation. The reaction conditions of this reaction are: Palladium Source: [PdCl(allyl)]2. Ligand: CP(C)c1ccccc1. Solvent: CC(=O)N(C)C. Base: CsOPiv. Reaction Temperature: 120 degrees centigrade. Reaction Concentration: 0.057 M. Palladium loading: 2.25 mol%. Ligand loading: 5 mol%. Base loading: 3 eq. What is the yield (%) and cost (US dollar per mol) of this reaction?","","-1,-1","[]"
"Here is a chemical reaction. Reactants are: Cn1cnc(C#N)c1, Fc1ccccc1Br. Product is: Cn1cnc(C#N)c1-c1ccccc1F. Reaction type is Pd catalyzed C-H arylation. The reaction conditions of this reaction are: Palladium Source: [PdCl(allyl)]2. Ligand: CP(C)c1ccccc1. Solvent: CC(=O)N(C)C. Base: CsOPiv. Reaction Temperature: 90 degrees centigrade. Reaction Concentration: 0.153 M. Palladium loading: 2.25 mol%. Ligand loading: 5 mol%. Base loading: 3 eq. What is the yield (%) and cost (US dollar per mol) of this reaction?","","-1,-1","[]"
"Here is a chemical reaction. Reactants are: Cn1cnc(C#N)c1, Fc1ccccc1Br. Product is: Cn1cnc(C#N)c1-c1ccccc1F. Reaction type is Pd catalyzed C-H arylation. The reaction conditions of this reaction are: Palladium Source: [PdCl(allyl)]2. Ligand: CP(C)c1ccccc1. Solvent: CC(=O)N(C)C. Base: CsOPiv. Reaction Temperature: 105 degrees centigrade. Reaction Concentration: 0.153 M. Palladium loading: 2.25 mol%. Ligand loading: 5 mol%. Base loading: 3 eq. What is the yield (%) and cost (US dollar per mol) of this reaction?","","-1,-1","[]"
"Here is a chemical reaction. Reactants are: Cn1cnc(C#N)c1, Fc1ccccc1Br. Product is: Cn1cnc(C#N)c1-c1ccccc1F. Reaction type is Pd catalyzed C-H arylation. The reaction conditions of this reaction are: Palladium Source: [PdCl(allyl)]2. Ligand: CP(C)c1ccccc1. Solvent: CC(=O)N(C)C. Base: CsOPiv. Reaction Temperature: 120 degrees centigrade. Reaction Concentration: 0.153 M. Palladium loading: 2.25 mol%. Ligand loading: 5 mol%. Base loading: 3 eq. What is the yield (%) and cost (US dollar per mol) of this reaction?","","-1,-1","[]"
"Here is a chemical reaction. Reactants are: Cn1cnc(C#N)c1, Fc1ccccc1Br. Product is: Cn1cnc(C#N)c1-c1ccccc1F. Reaction type is Pd catalyzed C-H arylation. The reaction conditions of this reaction are: Palladium Source: [PdCl(allyl)]2. Ligand: c1coc(P(c2ccco2)c2ccco2)c1. Solvent: CCCCOC(C)=O. Base: KOAc. Reaction Temperature: 90 degrees centigrade. Reaction Concentration: 0.1 M. Palladium loading: 2.25 mol%. Ligand loading: 5 mol%. Base loading: 3 eq. What is the yield (%) and cost (US dollar per mol) of this reaction?","","-1,-1","[]"
"Here is a chemical reaction. Reactants are: Cn1cnc(C#N)c1, Fc1ccccc1Br. Product is: Cn1cnc(C#N)c1-c1ccccc1F. Reaction type is Pd catalyzed C-H arylation. The reaction conditions of this reaction are: Palladium Source: [PdCl(allyl)]2. Ligand: c1coc(P(c2ccco2)c2ccco2)c1. Solvent: CCCCOC(C)=O. Base: KOAc. Reaction Temperature: 105 degrees centigrade. Reaction Concentration: 0.1 M. Palladium loading: 2.25 mol%. Ligand loading: 5 mol%. Base loading: 3 eq. What is the yield (%) and cost (US dollar per mol) of this reaction?","","-1,-1","[]"
"Here is a chemical reaction. Reactants are: Cn1cnc(C#N)c1, Fc1ccccc1Br. Product is: Cn1cnc(C#N)c1-c1ccccc1F. Reaction type is Pd catalyzed C-H arylation. The reaction conditions of this reaction are: Palladium Source: [PdCl(allyl)]2. Ligand: c1coc(P(c2ccco2)c2ccco2)c1. Solvent: CCCCOC(C)=O. Base: KOAc. Reaction Temperature: 120 degrees centigrade. Reaction Concentration: 0.1 M. Palladium loading: 2.25 mol%. Ligand loading: 5 mol%. Base loading: 3 eq. What is the yield (%) and cost (US dollar per mol) of this reaction?","","-1,-1","[]"
"Here is a chemical reaction. Reactants are: Cn1cnc(C#N)c1, Fc1ccccc1Br. Product is: Cn1cnc(C#N)c1-c1ccccc1F. Reaction type is Pd catalyzed C-H arylation. The reaction conditions of this reaction are: Palladium Source: [PdCl(allyl)]2. Ligand: c1coc(P(c2ccco2)c2ccco2)c1. Solvent: CCCCOC(C)=O. Base: KOAc. Reaction Temperature: 90 degrees centigrade. Reaction Concentration: 0.057 M. Palladium loading: 2.25 mol%. Ligand loading: 5 mol%. Base loading: 3 eq. What is the yield (%) and cost (US dollar per mol) of this reaction?","","-1,-1","[]"
"Here is a chemical reaction. Reactants are: Cn1cnc(C#N)c1, Fc1ccccc1Br. Product is: Cn1cnc(C#N)c1-c1ccccc1F. Reaction type is Pd catalyzed C-H arylation. The reaction conditions of this reaction are: Palladium Source: [PdCl(allyl)]2. Ligand: c1coc(P(c2ccco2)c2ccco2)c1. Solvent: CCCCOC(C)=O. Base: KOAc. Reaction Temperature: 105 degrees centigrade. Reaction Concentration: 0.057 M. Palladium loading: 2.25 mol%. Ligand loading: 5 mol%. Base loading: 3 eq. What is the yield (%) and cost (US dollar per mol) of this reaction?","","-1,-1","[]"
"Here is a chemical reaction. Reactants are: Cn1cnc(C#N)c1, Fc1ccccc1Br. Product is: Cn1cnc(C#N)c1-c1ccccc1F. Reaction type is Pd catalyzed C-H arylation. The reaction conditions of this reaction are: Palladium Source: [PdCl(allyl)]2. Ligand: c1coc(P(c2ccco2)c2ccco2)c1. Solvent: CCCCOC(C)=O. Base: KOAc. Reaction Temperature: 120 degrees centigrade. Reaction Concentration: 0.057 M. Palladium loading: 2.25 mol%. Ligand loading: 5 mol%. Base loading: 3 eq. What is the yield (%) and cost (US dollar per mol) of this reaction?","","-1,-1","[]"
"Here is a chemical reaction. Reactants are: Cn1cnc(C#N)c1, Fc1ccccc1Br. Product is: Cn1cnc(C#N)c1-c1ccccc1F. Reaction type is Pd catalyzed C-H arylation. The reaction conditions of this reaction are: Palladium Source: [PdCl(allyl)]2. Ligand: c1coc(P(c2ccco2)c2ccco2)c1. Solvent: CCCCOC(C)=O. Base: KOAc. Reaction Temperature: 90 degrees centigrade. Reaction Concentration: 0.153 M. Palladium loading: 2.25 mol%. Ligand loading: 5 mol%. Base loading: 3 eq. What is the yield (%) and cost (US dollar per mol) of this reaction?","","-1,-1","[]"
"Here is a chemical reaction. Reactants are: Cn1cnc(C#N)c1, Fc1ccccc1Br. Product is: Cn1cnc(C#N)c1-c1ccccc1F. Reaction type is Pd catalyzed C-H arylation. The reaction conditions of this reaction are: Palladium Source: [PdCl(allyl)]2. Ligand: c1coc(P(c2ccco2)c2ccco2)c1. Solvent: CCCCOC(C)=O. Base: KOAc. Reaction Temperature: 105 degrees centigrade. Reaction Concentration: 0.153 M. Palladium loading: 2.25 mol%. Ligand loading: 5 mol%. Base loading: 3 eq. What is the yield (%) and cost (US dollar per mol) of this reaction?","","-1,-1","[]"
"Here is a chemical reaction. Reactants are: Cn1cnc(C#N)c1, Fc1ccccc1Br. Product is: Cn1cnc(C#N)c1-c1ccccc1F. Reaction type is Pd catalyzed C-H arylation. The reaction conditions of this reaction are: Palladium Source: [PdCl(allyl)]2. Ligand: c1coc(P(c2ccco2)c2ccco2)c1. Solvent: CCCCOC(C)=O. Base: KOAc. Reaction Temperature: 120 degrees centigrade. Reaction Concentration: 0.153 M. Palladium loading: 2.25 mol%. Ligand loading: 5 mol%. Base loading: 3 eq. What is the yield (%) and cost (US dollar per mol) of this reaction?","","-1,-1","[]"
"Here is a chemical reaction. Reactants are: Cn1cnc(C#N)c1, Fc1ccccc1Br. Product is: Cn1cnc(C#N)c1-c1ccccc1F. Reaction type is Pd catalyzed C-H arylation. The reaction conditions of this reaction are: Palladium Source: [PdCl(allyl)]2. Ligand: c1coc(P(c2ccco2)c2ccco2)c1. Solvent: CCCC#N. Base: KOAc. Reaction Temperature: 90 degrees centigrade. Reaction Concentration: 0.1 M. Palladium loading: 2.25 mol%. Ligand loading: 5 mol%. Base loading: 3 eq. What is the yield (%) and cost (US dollar per mol) of this reaction?","","-1,-1","[]"
"Here is a chemical reaction. Reactants are: Cn1cnc(C#N)c1, Fc1ccccc1Br. Product is: Cn1cnc(C#N)c1-c1ccccc1F. Reaction type is Pd catalyzed C-H arylation. The reaction conditions of this reaction are: Palladium Source: [PdCl(allyl)]2. Ligand: c1coc(P(c2ccco2)c2ccco2)c1. Solvent: CCCC#N. Base: KOAc. Reaction Temperature: 105 degrees centigrade. Reaction Concentration: 0.1 M. Palladium loading: 2.25 mol%. Ligand loading: 5 mol%. Base loading: 3 eq. What is the yield (%) and cost (US dollar per mol) of this reaction?","","-1,-1","[]"
"Here is a chemical reaction. Reactants are: Cn1cnc(C#N)c1, Fc1ccccc1Br. Product is: Cn1cnc(C#N)c1-c1ccccc1F. Reaction type is Pd catalyzed C-H arylation. The reaction conditions of this reaction are: Palladium Source: [PdCl(allyl)]2. Ligand: c1coc(P(c2ccco2)c2ccco2)c1. Solvent: CCCC#N. Base: KOAc. Reaction Temperature: 120 degrees centigrade. Reaction Concentration: 0.1 M. Palladium loading: 2.25 mol%. Ligand loading: 5 mol%. Base loading: 3 eq. What is the yield (%) and cost (US dollar per mol) of this reaction?","","-1,-1","[]"
"Here is a chemical reaction. Reactants are: Cn1cnc(C#N)c1, Fc1ccccc1Br. Product is: Cn1cnc(C#N)c1-c1ccccc1F. Reaction type is Pd catalyzed C-H arylation. The reaction conditions of this reaction are: Palladium Source: [PdCl(allyl)]2. Ligand: c1coc(P(c2ccco2)c2ccco2)c1. Solvent: CCCC#N. Base: KOAc. Reaction Temperature: 90 degrees centigrade. Reaction Concentration: 0.057 M. Palladium loading: 2.25 mol%. Ligand loading: 5 mol%. Base loading: 3 eq. What is the yield (%) and cost (US dollar per mol) of this reaction?","","-1,-1","[]"
"Here is a chemical reaction. Reactants are: Cn1cnc(C#N)c1, Fc1ccccc1Br. Product is: Cn1cnc(C#N)c1-c1ccccc1F. Reaction type is Pd catalyzed C-H arylation. The reaction conditions of this reaction are: Palladium Source: [PdCl(allyl)]2. Ligand: c1coc(P(c2ccco2)c2ccco2)c1. Solvent: CCCC#N. Base: KOAc. Reaction Temperature: 105 degrees centigrade. Reaction Concentration: 0.057 M. Palladium loading: 2.25 mol%. Ligand loading: 5 mol%. Base loading: 3 eq. What is the yield (%) and cost (US dollar per mol) of this reaction?","","-1,-1","[]"
"Here is a chemical reaction. Reactants are: Cn1cnc(C#N)c1, Fc1ccccc1Br. Product is: Cn1cnc(C#N)c1-c1ccccc1F. Reaction type is Pd catalyzed C-H arylation. The reaction conditions of this reaction are: Palladium Source: [PdCl(allyl)]2. Ligand: c1coc(P(c2ccco2)c2ccco2)c1. Solvent: CCCC#N. Base: KOAc. Reaction Temperature: 120 degrees centigrade. Reaction Concentration: 0.057 M. Palladium loading: 2.25 mol%. Ligand loading: 5 mol%. Base loading: 3 eq. What is the yield (%) and cost (US dollar per mol) of this reaction?","","-1,-1","[]"
"Here is a chemical reaction. Reactants are: Cn1cnc(C#N)c1, Fc1ccccc1Br. Product is: Cn1cnc(C#N)c1-c1ccccc1F. Reaction type is Pd catalyzed C-H arylation. The reaction conditions of this reaction are: Palladium Source: [PdCl(allyl)]2. Ligand: c1coc(P(c2ccco2)c2ccco2)c1. Solvent: CCCC#N. Base: KOAc. Reaction Temperature: 90 degrees centigrade. Reaction Concentration: 0.153 M. Palladium loading: 2.25 mol%. Ligand loading: 5 mol%. Base loading: 3 eq. What is the yield (%) and cost (US dollar per mol) of this reaction?","","-1,-1","[]"
"Here is a chemical reaction. Reactants are: Cn1cnc(C#N)c1, Fc1ccccc1Br. Product is: Cn1cnc(C#N)c1-c1ccccc1F. Reaction type is Pd catalyzed C-H arylation. The reaction conditions of this reaction are: Palladium Source: [PdCl(allyl)]2. Ligand: c1coc(P(c2ccco2)c2ccco2)c1. Solvent: CCCC#N. Base: KOAc. Reaction Temperature: 105 degrees centigrade. Reaction Concentration: 0.153 M. Palladium loading: 2.25 mol%. Ligand loading: 5 mol%. Base loading: 3 eq. What is the yield (%) and cost (US dollar per mol) of this reaction?","","-1,-1","[]"
"Here is a chemical reaction. Reactants are: Cn1cnc(C#N)c1, Fc1ccccc1Br. Product is: Cn1cnc(C#N)c1-c1ccccc1F. Reaction type is Pd catalyzed C-H arylation. The reaction conditions of this reaction are: Palladium Source: [PdCl(allyl)]2. Ligand: c1coc(P(c2ccco2)c2ccco2)c1. Solvent: CCCC#N. Base: KOAc. Reaction Temperature: 120 degrees centigrade. Reaction Concentration: 0.153 M. Palladium loading: 2.25 mol%. Ligand loading: 5 mol%. Base loading: 3 eq. What is the yield (%) and cost (US dollar per mol) of this reaction?","","-1,-1","[]"
"Here is a chemical reaction. Reactants are: Cn1cnc(C#N)c1, Fc1ccccc1Br. Product is: Cn1cnc(C#N)c1-c1ccccc1F. Reaction type is Pd catalyzed C-H arylation. The reaction conditions of this reaction are: Palladium Source: [PdCl(allyl)]2. Ligand: c1coc(P(c2ccco2)c2ccco2)c1. Solvent: Cc1ccc(C)cc1. Base: KOAc. Reaction Temperature: 90 degrees centigrade. Reaction Concentration: 0.1 M. Palladium loading: 2.25 mol%. Ligand loading: 5 mol%. Base loading: 3 eq. What is the yield (%) and cost (US dollar per mol) of this reaction?","","-1,-1","[]"
"Here is a chemical reaction. Reactants are: Cn1cnc(C#N)c1, Fc1ccccc1Br. Product is: Cn1cnc(C#N)c1-c1ccccc1F. Reaction type is Pd catalyzed C-H arylation. The reaction conditions of this reaction are: Palladium Source: [PdCl(allyl)]2. Ligand: c1coc(P(c2ccco2)c2ccco2)c1. Solvent: Cc1ccc(C)cc1. Base: KOAc. Reaction Temperature: 105 degrees centigrade. Reaction Concentration: 0.1 M. Palladium loading: 2.25 mol%. Ligand loading: 5 mol%. Base loading: 3 eq. What is the yield (%) and cost (US dollar per mol) of this reaction?","","-1,-1","[]"
"Here is a chemical reaction. Reactants are: Cn1cnc(C#N)c1, Fc1ccccc1Br. Product is: Cn1cnc(C#N)c1-c1ccccc1F. Reaction type is Pd catalyzed C-H arylation. The reaction conditions of this reaction are: Palladium Source: [PdCl(allyl)]2. Ligand: c1coc(P(c2ccco2)c2ccco2)c1. Solvent: Cc1ccc(C)cc1. Base: KOAc. Reaction Temperature: 120 degrees centigrade. Reaction Concentration: 0.1 M. Palladium loading: 2.25 mol%. Ligand loading: 5 mol%. Base loading: 3 eq. What is the yield (%) and cost (US dollar per mol) of this reaction?","","-1,-1","[]"
"Here is a chemical reaction. Reactants are: Cn1cnc(C#N)c1, Fc1ccccc1Br. Product is: Cn1cnc(C#N)c1-c1ccccc1F. Reaction type is Pd catalyzed C-H arylation. The reaction conditions of this reaction are: Palladium Source: [PdCl(allyl)]2. Ligand: c1coc(P(c2ccco2)c2ccco2)c1. Solvent: Cc1ccc(C)cc1. Base: KOAc. Reaction Temperature: 90 degrees centigrade. Reaction Concentration: 0.057 M. Palladium loading: 2.25 mol%. Ligand loading: 5 mol%. Base loading: 3 eq. What is the yield (%) and cost (US dollar per mol) of this reaction?","","-1,-1","[]"
"Here is a chemical reaction. Reactants are: Cn1cnc(C#N)c1, Fc1ccccc1Br. Product is: Cn1cnc(C#N)c1-c1ccccc1F. Reaction type is Pd catalyzed C-H arylation. The reaction conditions of this reaction are: Palladium Source: [PdCl(allyl)]2. Ligand: c1coc(P(c2ccco2)c2ccco2)c1. Solvent: Cc1ccc(C)cc1. Base: KOAc. Reaction Temperature: 105 degrees centigrade. Reaction Concentration: 0.057 M. Palladium loading: 2.25 mol%. Ligand loading: 5 mol%. Base loading: 3 eq. What is the yield (%) and cost (US dollar per mol) of this reaction?","","-1,-1","[]"
"Here is a chemical reaction. Reactants are: Cn1cnc(C#N)c1, Fc1ccccc1Br. Product is: Cn1cnc(C#N)c1-c1ccccc1F. Reaction type is Pd catalyzed C-H arylation. The reaction conditions of this reaction are: Palladium Source: [PdCl(allyl)]2. Ligand: c1coc(P(c2ccco2)c2ccco2)c1. Solvent: Cc1ccc(C)cc1. Base: KOAc. Reaction Temperature: 120 degrees centigrade. Reaction Concentration: 0.057 M. Palladium loading: 2.25 mol%. Ligand loading: 5 mol%. Base loading: 3 eq. What is the yield (%) and cost (US dollar per mol) of this reaction?","","-1,-1","[]"
"Here is a chemical reaction. Reactants are: Cn1cnc(C#N)c1, Fc1ccccc1Br. Product is: Cn1cnc(C#N)c1-c1ccccc1F. Reaction type is Pd catalyzed C-H arylation. The reaction conditions of this reaction are: Palladium Source: [PdCl(allyl)]2. Ligand: c1coc(P(c2ccco2)c2ccco2)c1. Solvent: Cc1ccc(C)cc1. Base: KOAc. Reaction Temperature: 90 degrees centigrade. Reaction Concentration: 0.153 M. Palladium loading: 2.25 mol%. Ligand loading: 5 mol%. Base loading: 3 eq. What is the yield (%) and cost (US dollar per mol) of this reaction?","","-1,-1","[]"
"Here is a chemical reaction. Reactants are: Cn1cnc(C#N)c1, Fc1ccccc1Br. Product is: Cn1cnc(C#N)c1-c1ccccc1F. Reaction type is Pd catalyzed C-H arylation. The reaction conditions of this reaction are: Palladium Source: [PdCl(allyl)]2. Ligand: c1coc(P(c2ccco2)c2ccco2)c1. Solvent: Cc1ccc(C)cc1. Base: KOAc. Reaction Temperature: 105 degrees centigrade. Reaction Concentration: 0.153 M. Palladium loading: 2.25 mol%. Ligand loading: 5 mol%. Base loading: 3 eq. What is the yield (%) and cost (US dollar per mol) of this reaction?","","-1,-1","[]"
"Here is a chemical reaction. Reactants are: Cn1cnc(C#N)c1, Fc1ccccc1Br. Product is: Cn1cnc(C#N)c1-c1ccccc1F. Reaction type is Pd catalyzed C-H arylation. The reaction conditions of this reaction are: Palladium Source: [PdCl(allyl)]2. Ligand: c1coc(P(c2ccco2)c2ccco2)c1. Solvent: Cc1ccc(C)cc1. Base: KOAc. Reaction Temperature: 120 degrees centigrade. Reaction Concentration: 0.153 M. Palladium loading: 2.25 mol%. Ligand loading: 5 mol%. Base loading: 3 eq. What is the yield (%) and cost (US dollar per mol) of this reaction?","","-1,-1","[]"
"Here is a chemical reaction. Reactants are: Cn1cnc(C#N)c1, Fc1ccccc1Br. Product is: Cn1cnc(C#N)c1-c1ccccc1F. Reaction type is Pd catalyzed C-H arylation. The reaction conditions of this reaction are: Palladium Source: [PdCl(allyl)]2. Ligand: c1coc(P(c2ccco2)c2ccco2)c1. Solvent: CC(=O)N(C)C. Base: KOAc. Reaction Temperature: 90 degrees centigrade. Reaction Concentration: 0.1 M. Palladium loading: 2.25 mol%. Ligand loading: 5 mol%. Base loading: 3 eq. What is the yield (%) and cost (US dollar per mol) of this reaction?","","-1,-1","[]"
"Here is a chemical reaction. Reactants are: Cn1cnc(C#N)c1, Fc1ccccc1Br. Product is: Cn1cnc(C#N)c1-c1ccccc1F. Reaction type is Pd catalyzed C-H arylation. The reaction conditions of this reaction are: Palladium Source: [PdCl(allyl)]2. Ligand: c1coc(P(c2ccco2)c2ccco2)c1. Solvent: CC(=O)N(C)C. Base: KOAc. Reaction Temperature: 105 degrees centigrade. Reaction Concentration: 0.1 M. Palladium loading: 2.25 mol%. Ligand loading: 5 mol%. Base loading: 3 eq. What is the yield (%) and cost (US dollar per mol) of this reaction?","","-1,-1","[]"
"Here is a chemical reaction. Reactants are: Cn1cnc(C#N)c1, Fc1ccccc1Br. Product is: Cn1cnc(C#N)c1-c1ccccc1F. Reaction type is Pd catalyzed C-H arylation. The reaction conditions of this reaction are: Palladium Source: [PdCl(allyl)]2. Ligand: c1coc(P(c2ccco2)c2ccco2)c1. Solvent: CC(=O)N(C)C. Base: KOAc. Reaction Temperature: 120 degrees centigrade. Reaction Concentration: 0.1 M. Palladium loading: 2.25 mol%. Ligand loading: 5 mol%. Base loading: 3 eq. What is the yield (%) and cost (US dollar per mol) of this reaction?","","-1,-1","[]"
"Here is a chemical reaction. Reactants are: Cn1cnc(C#N)c1, Fc1ccccc1Br. Product is: Cn1cnc(C#N)c1-c1ccccc1F. Reaction type is Pd catalyzed C-H arylation. The reaction conditions of this reaction are: Palladium Source: [PdCl(allyl)]2. Ligand: c1coc(P(c2ccco2)c2ccco2)c1. Solvent: CC(=O)N(C)C. Base: KOAc. Reaction Temperature: 90 degrees centigrade. Reaction Concentration: 0.057 M. Palladium loading: 2.25 mol%. Ligand loading: 5 mol%. Base loading: 3 eq. What is the yield (%) and cost (US dollar per mol) of this reaction?","","-1,-1","[]"
"Here is a chemical reaction. Reactants are: Cn1cnc(C#N)c1, Fc1ccccc1Br. Product is: Cn1cnc(C#N)c1-c1ccccc1F. Reaction type is Pd catalyzed C-H arylation. The reaction conditions of this reaction are: Palladium Source: [PdCl(allyl)]2. Ligand: c1coc(P(c2ccco2)c2ccco2)c1. Solvent: CC(=O)N(C)C. Base: KOAc. Reaction Temperature: 105 degrees centigrade. Reaction Concentration: 0.057 M. Palladium loading: 2.25 mol%. Ligand loading: 5 mol%. Base loading: 3 eq. What is the yield (%) and cost (US dollar per mol) of this reaction?","","-1,-1","[]"
"Here is a chemical reaction. Reactants are: Cn1cnc(C#N)c1, Fc1ccccc1Br. Product is: Cn1cnc(C#N)c1-c1ccccc1F. Reaction type is Pd catalyzed C-H arylation. The reaction conditions of this reaction are: Palladium Source: [PdCl(allyl)]2. Ligand: c1coc(P(c2ccco2)c2ccco2)c1. Solvent: CC(=O)N(C)C. Base: KOAc. Reaction Temperature: 120 degrees centigrade. Reaction Concentration: 0.057 M. Palladium loading: 2.25 mol%. Ligand loading: 5 mol%. Base loading: 3 eq. What is the yield (%) and cost (US dollar per mol) of this reaction?","","-1,-1","[]"
"Here is a chemical reaction. Reactants are: Cn1cnc(C#N)c1, Fc1ccccc1Br. Product is: Cn1cnc(C#N)c1-c1ccccc1F. Reaction type is Pd catalyzed C-H arylation. The reaction conditions of this reaction are: Palladium Source: [PdCl(allyl)]2. Ligand: c1coc(P(c2ccco2)c2ccco2)c1. Solvent: CC(=O)N(C)C. Base: KOAc. Reaction Temperature: 90 degrees centigrade. Reaction Concentration: 0.153 M. Palladium loading: 2.25 mol%. Ligand loading: 5 mol%. Base loading: 3 eq. What is the yield (%) and cost (US dollar per mol) of this reaction?","","-1,-1","[]"
"Here is a chemical reaction. Reactants are: Cn1cnc(C#N)c1, Fc1ccccc1Br. Product is: Cn1cnc(C#N)c1-c1ccccc1F. Reaction type is Pd catalyzed C-H arylation. The reaction conditions of this reaction are: Palladium Source: [PdCl(allyl)]2. Ligand: c1coc(P(c2ccco2)c2ccco2)c1. Solvent: CC(=O)N(C)C. Base: KOAc. Reaction Temperature: 105 degrees centigrade. Reaction Concentration: 0.153 M. Palladium loading: 2.25 mol%. Ligand loading: 5 mol%. Base loading: 3 eq. What is the yield (%) and cost (US dollar per mol) of this reaction?","","-1,-1","[]"
"Here is a chemical reaction. Reactants are: Cn1cnc(C#N)c1, Fc1ccccc1Br. Product is: Cn1cnc(C#N)c1-c1ccccc1F. Reaction type is Pd catalyzed C-H arylation. The reaction conditions of this reaction are: Palladium Source: [PdCl(allyl)]2. Ligand: c1coc(P(c2ccco2)c2ccco2)c1. Solvent: CC(=O)N(C)C. Base: KOAc. Reaction Temperature: 120 degrees centigrade. Reaction Concentration: 0.153 M. Palladium loading: 2.25 mol%. Ligand loading: 5 mol%. Base loading: 3 eq. What is the yield (%) and cost (US dollar per mol) of this reaction?","","-1,-1","[]"
"Here is a chemical reaction. Reactants are: Cn1cnc(C#N)c1, Fc1ccccc1Br. Product is: Cn1cnc(C#N)c1-c1ccccc1F. Reaction type is Pd catalyzed C-H arylation. The reaction conditions of this reaction are: Palladium Source: [PdCl(allyl)]2. Ligand: c1coc(P(c2ccco2)c2ccco2)c1. Solvent: CCCCOC(C)=O. Base: CsOAc. Reaction Temperature: 90 degrees centigrade. Reaction Concentration: 0.1 M. Palladium loading: 2.25 mol%. Ligand loading: 5 mol%. Base loading: 3 eq. What is the yield (%) and cost (US dollar per mol) of this reaction?","","-1,-1","[]"
"Here is a chemical reaction. Reactants are: Cn1cnc(C#N)c1, Fc1ccccc1Br. Product is: Cn1cnc(C#N)c1-c1ccccc1F. Reaction type is Pd catalyzed C-H arylation. The reaction conditions of this reaction are: Palladium Source: [PdCl(allyl)]2. Ligand: c1coc(P(c2ccco2)c2ccco2)c1. Solvent: CCCCOC(C)=O. Base: CsOAc. Reaction Temperature: 105 degrees centigrade. Reaction Concentration: 0.1 M. Palladium loading: 2.25 mol%. Ligand loading: 5 mol%. Base loading: 3 eq. What is the yield (%) and cost (US dollar per mol) of this reaction?","","-1,-1","[]"
"Here is a chemical reaction. Reactants are: Cn1cnc(C#N)c1, Fc1ccccc1Br. Product is: Cn1cnc(C#N)c1-c1ccccc1F. Reaction type is Pd catalyzed C-H arylation. The reaction conditions of this reaction are: Palladium Source: [PdCl(allyl)]2. Ligand: c1coc(P(c2ccco2)c2ccco2)c1. Solvent: CCCCOC(C)=O. Base: CsOAc. Reaction Temperature: 120 degrees centigrade. Reaction Concentration: 0.1 M. Palladium loading: 2.25 mol%. Ligand loading: 5 mol%. Base loading: 3 eq. What is the yield (%) and cost (US dollar per mol) of this reaction?","","-1,-1","[]"
"Here is a chemical reaction. Reactants are: Cn1cnc(C#N)c1, Fc1ccccc1Br. Product is: Cn1cnc(C#N)c1-c1ccccc1F. Reaction type is Pd catalyzed C-H arylation. The reaction conditions of this reaction are: Palladium Source: [PdCl(allyl)]2. Ligand: c1coc(P(c2ccco2)c2ccco2)c1. Solvent: CCCCOC(C)=O. Base: CsOAc. Reaction Temperature: 90 degrees centigrade. Reaction Concentration: 0.057 M. Palladium loading: 2.25 mol%. Ligand loading: 5 mol%. Base loading: 3 eq. What is the yield (%) and cost (US dollar per mol) of this reaction?","","-1,-1","[]"
"Here is a chemical reaction. Reactants are: Cn1cnc(C#N)c1, Fc1ccccc1Br. Product is: Cn1cnc(C#N)c1-c1ccccc1F. Reaction type is Pd catalyzed C-H arylation. The reaction conditions of this reaction are: Palladium Source: [PdCl(allyl)]2. Ligand: c1coc(P(c2ccco2)c2ccco2)c1. Solvent: CCCCOC(C)=O. Base: CsOAc. Reaction Temperature: 105 degrees centigrade. Reaction Concentration: 0.057 M. Palladium loading: 2.25 mol%. Ligand loading: 5 mol%. Base loading: 3 eq. What is the yield (%) and cost (US dollar per mol) of this reaction?","","-1,-1","[]"
"Here is a chemical reaction. Reactants are: Cn1cnc(C#N)c1, Fc1ccccc1Br. Product is: Cn1cnc(C#N)c1-c1ccccc1F. Reaction type is Pd catalyzed C-H arylation. The reaction conditions of this reaction are: Palladium Source: [PdCl(allyl)]2. Ligand: c1coc(P(c2ccco2)c2ccco2)c1. Solvent: CCCCOC(C)=O. Base: CsOAc. Reaction Temperature: 120 degrees centigrade. Reaction Concentration: 0.057 M. Palladium loading: 2.25 mol%. Ligand loading: 5 mol%. Base loading: 3 eq. What is the yield (%) and cost (US dollar per mol) of this reaction?","","-1,-1","[]"
"Here is a chemical reaction. Reactants are: Cn1cnc(C#N)c1, Fc1ccccc1Br. Product is: Cn1cnc(C#N)c1-c1ccccc1F. Reaction type is Pd catalyzed C-H arylation. The reaction conditions of this reaction are: Palladium Source: [PdCl(allyl)]2. Ligand: c1coc(P(c2ccco2)c2ccco2)c1. Solvent: CCCCOC(C)=O. Base: CsOAc. Reaction Temperature: 90 degrees centigrade. Reaction Concentration: 0.153 M. Palladium loading: 2.25 mol%. Ligand loading: 5 mol%. Base loading: 3 eq. What is the yield (%) and cost (US dollar per mol) of this reaction?","","-1,-1","[]"
"Here is a chemical reaction. Reactants are: Cn1cnc(C#N)c1, Fc1ccccc1Br. Product is: Cn1cnc(C#N)c1-c1ccccc1F. Reaction type is Pd catalyzed C-H arylation. The reaction conditions of this reaction are: Palladium Source: [PdCl(allyl)]2. Ligand: c1coc(P(c2ccco2)c2ccco2)c1. Solvent: CCCCOC(C)=O. Base: CsOAc. Reaction Temperature: 105 degrees centigrade. Reaction Concentration: 0.153 M. Palladium loading: 2.25 mol%. Ligand loading: 5 mol%. Base loading: 3 eq. What is the yield (%) and cost (US dollar per mol) of this reaction?","","-1,-1","[]"
"Here is a chemical reaction. Reactants are: Cn1cnc(C#N)c1, Fc1ccccc1Br. Product is: Cn1cnc(C#N)c1-c1ccccc1F. Reaction type is Pd catalyzed C-H arylation. The reaction conditions of this reaction are: Palladium Source: [PdCl(allyl)]2. Ligand: c1coc(P(c2ccco2)c2ccco2)c1. Solvent: CCCCOC(C)=O. Base: CsOAc. Reaction Temperature: 120 degrees centigrade. Reaction Concentration: 0.153 M. Palladium loading: 2.25 mol%. Ligand loading: 5 mol%. Base loading: 3 eq. What is the yield (%) and cost (US dollar per mol) of this reaction?","","-1,-1","[]"
"Here is a chemical reaction. Reactants are: Cn1cnc(C#N)c1, Fc1ccccc1Br. Product is: Cn1cnc(C#N)c1-c1ccccc1F. Reaction type is Pd catalyzed C-H arylation. The reaction conditions of this reaction are: Palladium Source: [PdCl(allyl)]2. Ligand: c1coc(P(c2ccco2)c2ccco2)c1. Solvent: CCCC#N. Base: CsOAc. Reaction Temperature: 90 degrees centigrade. Reaction Concentration: 0.1 M. Palladium loading: 2.25 mol%. Ligand loading: 5 mol%. Base loading: 3 eq. What is the yield (%) and cost (US dollar per mol) of this reaction?","","-1,-1","[]"
"Here is a chemical reaction. Reactants are: Cn1cnc(C#N)c1, Fc1ccccc1Br. Product is: Cn1cnc(C#N)c1-c1ccccc1F. Reaction type is Pd catalyzed C-H arylation. The reaction conditions of this reaction are: Palladium Source: [PdCl(allyl)]2. Ligand: c1coc(P(c2ccco2)c2ccco2)c1. Solvent: CCCC#N. Base: CsOAc. Reaction Temperature: 105 degrees centigrade. Reaction Concentration: 0.1 M. Palladium loading: 2.25 mol%. Ligand loading: 5 mol%. Base loading: 3 eq. What is the yield (%) and cost (US dollar per mol) of this reaction?","","-1,-1","[]"
"Here is a chemical reaction. Reactants are: Cn1cnc(C#N)c1, Fc1ccccc1Br. Product is: Cn1cnc(C#N)c1-c1ccccc1F. Reaction type is Pd catalyzed C-H arylation. The reaction conditions of this reaction are: Palladium Source: [PdCl(allyl)]2. Ligand: c1coc(P(c2ccco2)c2ccco2)c1. Solvent: CCCC#N. Base: CsOAc. Reaction Temperature: 120 degrees centigrade. Reaction Concentration: 0.1 M. Palladium loading: 2.25 mol%. Ligand loading: 5 mol%. Base loading: 3 eq. What is the yield (%) and cost (US dollar per mol) of this reaction?","","-1,-1","[]"
"Here is a chemical reaction. Reactants are: Cn1cnc(C#N)c1, Fc1ccccc1Br. Product is: Cn1cnc(C#N)c1-c1ccccc1F. Reaction type is Pd catalyzed C-H arylation. The reaction conditions of this reaction are: Palladium Source: [PdCl(allyl)]2. Ligand: c1coc(P(c2ccco2)c2ccco2)c1. Solvent: CCCC#N. Base: CsOAc. Reaction Temperature: 90 degrees centigrade. Reaction Concentration: 0.057 M. Palladium loading: 2.25 mol%. Ligand loading: 5 mol%. Base loading: 3 eq. What is the yield (%) and cost (US dollar per mol) of this reaction?","","-1,-1","[]"
"Here is a chemical reaction. Reactants are: Cn1cnc(C#N)c1, Fc1ccccc1Br. Product is: Cn1cnc(C#N)c1-c1ccccc1F. Reaction type is Pd catalyzed C-H arylation. The reaction conditions of this reaction are: Palladium Source: [PdCl(allyl)]2. Ligand: c1coc(P(c2ccco2)c2ccco2)c1. Solvent: CCCC#N. Base: CsOAc. Reaction Temperature: 105 degrees centigrade. Reaction Concentration: 0.057 M. Palladium loading: 2.25 mol%. Ligand loading: 5 mol%. Base loading: 3 eq. What is the yield (%) and cost (US dollar per mol) of this reaction?","","-1,-1","[]"
"Here is a chemical reaction. Reactants are: Cn1cnc(C#N)c1, Fc1ccccc1Br. Product is: Cn1cnc(C#N)c1-c1ccccc1F. Reaction type is Pd catalyzed C-H arylation. The reaction conditions of this reaction are: Palladium Source: [PdCl(allyl)]2. Ligand: c1coc(P(c2ccco2)c2ccco2)c1. Solvent: CCCC#N. Base: CsOAc. Reaction Temperature: 120 degrees centigrade. Reaction Concentration: 0.057 M. Palladium loading: 2.25 mol%. Ligand loading: 5 mol%. Base loading: 3 eq. What is the yield (%) and cost (US dollar per mol) of this reaction?","","-1,-1","[]"
"Here is a chemical reaction. Reactants are: Cn1cnc(C#N)c1, Fc1ccccc1Br. Product is: Cn1cnc(C#N)c1-c1ccccc1F. Reaction type is Pd catalyzed C-H arylation. The reaction conditions of this reaction are: Palladium Source: [PdCl(allyl)]2. Ligand: c1coc(P(c2ccco2)c2ccco2)c1. Solvent: CCCC#N. Base: CsOAc. Reaction Temperature: 90 degrees centigrade. Reaction Concentration: 0.153 M. Palladium loading: 2.25 mol%. Ligand loading: 5 mol%. Base loading: 3 eq. What is the yield (%) and cost (US dollar per mol) of this reaction?","","-1,-1","[]"
"Here is a chemical reaction. Reactants are: Cn1cnc(C#N)c1, Fc1ccccc1Br. Product is: Cn1cnc(C#N)c1-c1ccccc1F. Reaction type is Pd catalyzed C-H arylation. The reaction conditions of this reaction are: Palladium Source: [PdCl(allyl)]2. Ligand: c1coc(P(c2ccco2)c2ccco2)c1. Solvent: CCCC#N. Base: CsOAc. Reaction Temperature: 105 degrees centigrade. Reaction Concentration: 0.153 M. Palladium loading: 2.25 mol%. Ligand loading: 5 mol%. Base loading: 3 eq. What is the yield (%) and cost (US dollar per mol) of this reaction?","","-1,-1","[]"
"Here is a chemical reaction. Reactants are: Cn1cnc(C#N)c1, Fc1ccccc1Br. Product is: Cn1cnc(C#N)c1-c1ccccc1F. Reaction type is Pd catalyzed C-H arylation. The reaction conditions of this reaction are: Palladium Source: [PdCl(allyl)]2. Ligand: c1coc(P(c2ccco2)c2ccco2)c1. Solvent: CCCC#N. Base: CsOAc. Reaction Temperature: 120 degrees centigrade. Reaction Concentration: 0.153 M. Palladium loading: 2.25 mol%. Ligand loading: 5 mol%. Base loading: 3 eq. What is the yield (%) and cost (US dollar per mol) of this reaction?","","-1,-1","[]"
"Here is a chemical reaction. Reactants are: Cn1cnc(C#N)c1, Fc1ccccc1Br. Product is: Cn1cnc(C#N)c1-c1ccccc1F. Reaction type is Pd catalyzed C-H arylation. The reaction conditions of this reaction are: Palladium Source: [PdCl(allyl)]2. Ligand: c1coc(P(c2ccco2)c2ccco2)c1. Solvent: Cc1ccc(C)cc1. Base: CsOAc. Reaction Temperature: 90 degrees centigrade. Reaction Concentration: 0.1 M. Palladium loading: 2.25 mol%. Ligand loading: 5 mol%. Base loading: 3 eq. What is the yield (%) and cost (US dollar per mol) of this reaction?","","-1,-1","[]"
"Here is a chemical reaction. Reactants are: Cn1cnc(C#N)c1, Fc1ccccc1Br. Product is: Cn1cnc(C#N)c1-c1ccccc1F. Reaction type is Pd catalyzed C-H arylation. The reaction conditions of this reaction are: Palladium Source: [PdCl(allyl)]2. Ligand: c1coc(P(c2ccco2)c2ccco2)c1. Solvent: Cc1ccc(C)cc1. Base: CsOAc. Reaction Temperature: 105 degrees centigrade. Reaction Concentration: 0.1 M. Palladium loading: 2.25 mol%. Ligand loading: 5 mol%. Base loading: 3 eq. What is the yield (%) and cost (US dollar per mol) of this reaction?","","-1,-1","[]"
"Here is a chemical reaction. Reactants are: Cn1cnc(C#N)c1, Fc1ccccc1Br. Product is: Cn1cnc(C#N)c1-c1ccccc1F. Reaction type is Pd catalyzed C-H arylation. The reaction conditions of this reaction are: Palladium Source: [PdCl(allyl)]2. Ligand: c1coc(P(c2ccco2)c2ccco2)c1. Solvent: Cc1ccc(C)cc1. Base: CsOAc. Reaction Temperature: 120 degrees centigrade. Reaction Concentration: 0.1 M. Palladium loading: 2.25 mol%. Ligand loading: 5 mol%. Base loading: 3 eq. What is the yield (%) and cost (US dollar per mol) of this reaction?","","-1,-1","[]"
"Here is a chemical reaction. Reactants are: Cn1cnc(C#N)c1, Fc1ccccc1Br. Product is: Cn1cnc(C#N)c1-c1ccccc1F. Reaction type is Pd catalyzed C-H arylation. The reaction conditions of this reaction are: Palladium Source: [PdCl(allyl)]2. Ligand: c1coc(P(c2ccco2)c2ccco2)c1. Solvent: Cc1ccc(C)cc1. Base: CsOAc. Reaction Temperature: 90 degrees centigrade. Reaction Concentration: 0.057 M. Palladium loading: 2.25 mol%. Ligand loading: 5 mol%. Base loading: 3 eq. What is the yield (%) and cost (US dollar per mol) of this reaction?","","-1,-1","[]"
"Here is a chemical reaction. Reactants are: Cn1cnc(C#N)c1, Fc1ccccc1Br. Product is: Cn1cnc(C#N)c1-c1ccccc1F. Reaction type is Pd catalyzed C-H arylation. The reaction conditions of this reaction are: Palladium Source: [PdCl(allyl)]2. Ligand: c1coc(P(c2ccco2)c2ccco2)c1. Solvent: Cc1ccc(C)cc1. Base: CsOAc. Reaction Temperature: 105 degrees centigrade. Reaction Concentration: 0.057 M. Palladium loading: 2.25 mol%. Ligand loading: 5 mol%. Base loading: 3 eq. What is the yield (%) and cost (US dollar per mol) of this reaction?","","-1,-1","[]"
"Here is a chemical reaction. Reactants are: Cn1cnc(C#N)c1, Fc1ccccc1Br. Product is: Cn1cnc(C#N)c1-c1ccccc1F. Reaction type is Pd catalyzed C-H arylation. The reaction conditions of this reaction are: Palladium Source: [PdCl(allyl)]2. Ligand: c1coc(P(c2ccco2)c2ccco2)c1. Solvent: Cc1ccc(C)cc1. Base: CsOAc. Reaction Temperature: 120 degrees centigrade. Reaction Concentration: 0.057 M. Palladium loading: 2.25 mol%. Ligand loading: 5 mol%. Base loading: 3 eq. What is the yield (%) and cost (US dollar per mol) of this reaction?","","-1,-1","[]"
"Here is a chemical reaction. Reactants are: Cn1cnc(C#N)c1, Fc1ccccc1Br. Product is: Cn1cnc(C#N)c1-c1ccccc1F. Reaction type is Pd catalyzed C-H arylation. The reaction conditions of this reaction are: Palladium Source: [PdCl(allyl)]2. Ligand: c1coc(P(c2ccco2)c2ccco2)c1. Solvent: Cc1ccc(C)cc1. Base: CsOAc. Reaction Temperature: 90 degrees centigrade. Reaction Concentration: 0.153 M. Palladium loading: 2.25 mol%. Ligand loading: 5 mol%. Base loading: 3 eq. What is the yield (%) and cost (US dollar per mol) of this reaction?","","-1,-1","[]"
"Here is a chemical reaction. Reactants are: Cn1cnc(C#N)c1, Fc1ccccc1Br. Product is: Cn1cnc(C#N)c1-c1ccccc1F. Reaction type is Pd catalyzed C-H arylation. The reaction conditions of this reaction are: Palladium Source: [PdCl(allyl)]2. Ligand: c1coc(P(c2ccco2)c2ccco2)c1. Solvent: Cc1ccc(C)cc1. Base: CsOAc. Reaction Temperature: 105 degrees centigrade. Reaction Concentration: 0.153 M. Palladium loading: 2.25 mol%. Ligand loading: 5 mol%. Base loading: 3 eq. What is the yield (%) and cost (US dollar per mol) of this reaction?","","-1,-1","[]"
"Here is a chemical reaction. Reactants are: Cn1cnc(C#N)c1, Fc1ccccc1Br. Product is: Cn1cnc(C#N)c1-c1ccccc1F. Reaction type is Pd catalyzed C-H arylation. The reaction conditions of this reaction are: Palladium Source: [PdCl(allyl)]2. Ligand: c1coc(P(c2ccco2)c2ccco2)c1. Solvent: Cc1ccc(C)cc1. Base: CsOAc. Reaction Temperature: 120 degrees centigrade. Reaction Concentration: 0.153 M. Palladium loading: 2.25 mol%. Ligand loading: 5 mol%. Base loading: 3 eq. What is the yield (%) and cost (US dollar per mol) of this reaction?","","-1,-1","[]"
"Here is a chemical reaction. Reactants are: Cn1cnc(C#N)c1, Fc1ccccc1Br. Product is: Cn1cnc(C#N)c1-c1ccccc1F. Reaction type is Pd catalyzed C-H arylation. The reaction conditions of this reaction are: Palladium Source: [PdCl(allyl)]2. Ligand: c1coc(P(c2ccco2)c2ccco2)c1. Solvent: CC(=O)N(C)C. Base: CsOAc. Reaction Temperature: 90 degrees centigrade. Reaction Concentration: 0.1 M. Palladium loading: 2.25 mol%. Ligand loading: 5 mol%. Base loading: 3 eq. What is the yield (%) and cost (US dollar per mol) of this reaction?","","-1,-1","[]"
"Here is a chemical reaction. Reactants are: Cn1cnc(C#N)c1, Fc1ccccc1Br. Product is: Cn1cnc(C#N)c1-c1ccccc1F. Reaction type is Pd catalyzed C-H arylation. The reaction conditions of this reaction are: Palladium Source: [PdCl(allyl)]2. Ligand: c1coc(P(c2ccco2)c2ccco2)c1. Solvent: CC(=O)N(C)C. Base: CsOAc. Reaction Temperature: 105 degrees centigrade. Reaction Concentration: 0.1 M. Palladium loading: 2.25 mol%. Ligand loading: 5 mol%. Base loading: 3 eq. What is the yield (%) and cost (US dollar per mol) of this reaction?","","-1,-1","[]"
"Here is a chemical reaction. Reactants are: Cn1cnc(C#N)c1, Fc1ccccc1Br. Product is: Cn1cnc(C#N)c1-c1ccccc1F. Reaction type is Pd catalyzed C-H arylation. The reaction conditions of this reaction are: Palladium Source: [PdCl(allyl)]2. Ligand: c1coc(P(c2ccco2)c2ccco2)c1. Solvent: CC(=O)N(C)C. Base: CsOAc. Reaction Temperature: 120 degrees centigrade. Reaction Concentration: 0.1 M. Palladium loading: 2.25 mol%. Ligand loading: 5 mol%. Base loading: 3 eq. What is the yield (%) and cost (US dollar per mol) of this reaction?","","-1,-1","[]"
"Here is a chemical reaction. Reactants are: Cn1cnc(C#N)c1, Fc1ccccc1Br. Product is: Cn1cnc(C#N)c1-c1ccccc1F. Reaction type is Pd catalyzed C-H arylation. The reaction conditions of this reaction are: Palladium Source: [PdCl(allyl)]2. Ligand: c1coc(P(c2ccco2)c2ccco2)c1. Solvent: CC(=O)N(C)C. Base: CsOAc. Reaction Temperature: 90 degrees centigrade. Reaction Concentration: 0.057 M. Palladium loading: 2.25 mol%. Ligand loading: 5 mol%. Base loading: 3 eq. What is the yield (%) and cost (US dollar per mol) of this reaction?","","-1,-1","[]"
"Here is a chemical reaction. Reactants are: Cn1cnc(C#N)c1, Fc1ccccc1Br. Product is: Cn1cnc(C#N)c1-c1ccccc1F. Reaction type is Pd catalyzed C-H arylation. The reaction conditions of this reaction are: Palladium Source: [PdCl(allyl)]2. Ligand: c1coc(P(c2ccco2)c2ccco2)c1. Solvent: CC(=O)N(C)C. Base: CsOAc. Reaction Temperature: 105 degrees centigrade. Reaction Concentration: 0.057 M. Palladium loading: 2.25 mol%. Ligand loading: 5 mol%. Base loading: 3 eq. What is the yield (%) and cost (US dollar per mol) of this reaction?","","-1,-1","[]"
"Here is a chemical reaction. Reactants are: Cn1cnc(C#N)c1, Fc1ccccc1Br. Product is: Cn1cnc(C#N)c1-c1ccccc1F. Reaction type is Pd catalyzed C-H arylation. The reaction conditions of this reaction are: Palladium Source: [PdCl(allyl)]2. Ligand: c1coc(P(c2ccco2)c2ccco2)c1. Solvent: CC(=O)N(C)C. Base: CsOAc. Reaction Temperature: 120 degrees centigrade. Reaction Concentration: 0.057 M. Palladium loading: 2.25 mol%. Ligand loading: 5 mol%. Base loading: 3 eq. What is the yield (%) and cost (US dollar per mol) of this reaction?","","-1,-1","[]"
"Here is a chemical reaction. Reactants are: Cn1cnc(C#N)c1, Fc1ccccc1Br. Product is: Cn1cnc(C#N)c1-c1ccccc1F. Reaction type is Pd catalyzed C-H arylation. The reaction conditions of this reaction are: Palladium Source: [PdCl(allyl)]2. Ligand: c1coc(P(c2ccco2)c2ccco2)c1. Solvent: CC(=O)N(C)C. Base: CsOAc. Reaction Temperature: 90 degrees centigrade. Reaction Concentration: 0.153 M. Palladium loading: 2.25 mol%. Ligand loading: 5 mol%. Base loading: 3 eq. What is the yield (%) and cost (US dollar per mol) of this reaction?","","-1,-1","[]"
"Here is a chemical reaction. Reactants are: Cn1cnc(C#N)c1, Fc1ccccc1Br. Product is: Cn1cnc(C#N)c1-c1ccccc1F. Reaction type is Pd catalyzed C-H arylation. The reaction conditions of this reaction are: Palladium Source: [PdCl(allyl)]2. Ligand: c1coc(P(c2ccco2)c2ccco2)c1. Solvent: CC(=O)N(C)C. Base: CsOAc. Reaction Temperature: 105 degrees centigrade. Reaction Concentration: 0.153 M. Palladium loading: 2.25 mol%. Ligand loading: 5 mol%. Base loading: 3 eq. What is the yield (%) and cost (US dollar per mol) of this reaction?","","-1,-1","[]"
"Here is a chemical reaction. Reactants are: Cn1cnc(C#N)c1, Fc1ccccc1Br. Product is: Cn1cnc(C#N)c1-c1ccccc1F. Reaction type is Pd catalyzed C-H arylation. The reaction conditions of this reaction are: Palladium Source: [PdCl(allyl)]2. Ligand: c1coc(P(c2ccco2)c2ccco2)c1. Solvent: CC(=O)N(C)C. Base: CsOAc. Reaction Temperature: 120 degrees centigrade. Reaction Concentration: 0.153 M. Palladium loading: 2.25 mol%. Ligand loading: 5 mol%. Base loading: 3 eq. What is the yield (%) and cost (US dollar per mol) of this reaction?","","-1,-1","[]"
"Here is a chemical reaction. Reactants are: Cn1cnc(C#N)c1, Fc1ccccc1Br. Product is: Cn1cnc(C#N)c1-c1ccccc1F. Reaction type is Pd catalyzed C-H arylation. The reaction conditions of this reaction are: Palladium Source: [PdCl(allyl)]2. Ligand: c1coc(P(c2ccco2)c2ccco2)c1. Solvent: CCCCOC(C)=O. Base: KOPiv. Reaction Temperature: 90 degrees centigrade. Reaction Concentration: 0.1 M. Palladium loading: 2.25 mol%. Ligand loading: 5 mol%. Base loading: 3 eq. What is the yield (%) and cost (US dollar per mol) of this reaction?","","-1,-1","[]"
"Here is a chemical reaction. Reactants are: Cn1cnc(C#N)c1, Fc1ccccc1Br. Product is: Cn1cnc(C#N)c1-c1ccccc1F. Reaction type is Pd catalyzed C-H arylation. The reaction conditions of this reaction are: Palladium Source: [PdCl(allyl)]2. Ligand: c1coc(P(c2ccco2)c2ccco2)c1. Solvent: CCCCOC(C)=O. Base: KOPiv. Reaction Temperature: 105 degrees centigrade. Reaction Concentration: 0.1 M. Palladium loading: 2.25 mol%. Ligand loading: 5 mol%. Base loading: 3 eq. What is the yield (%) and cost (US dollar per mol) of this reaction?","","-1,-1","[]"
"Here is a chemical reaction. Reactants are: Cn1cnc(C#N)c1, Fc1ccccc1Br. Product is: Cn1cnc(C#N)c1-c1ccccc1F. Reaction type is Pd catalyzed C-H arylation. The reaction conditions of this reaction are: Palladium Source: [PdCl(allyl)]2. Ligand: c1coc(P(c2ccco2)c2ccco2)c1. Solvent: CCCCOC(C)=O. Base: KOPiv. Reaction Temperature: 120 degrees centigrade. Reaction Concentration: 0.1 M. Palladium loading: 2.25 mol%. Ligand loading: 5 mol%. Base loading: 3 eq. What is the yield (%) and cost (US dollar per mol) of this reaction?","","-1,-1","[]"
"Here is a chemical reaction. Reactants are: Cn1cnc(C#N)c1, Fc1ccccc1Br. Product is: Cn1cnc(C#N)c1-c1ccccc1F. Reaction type is Pd catalyzed C-H arylation. The reaction conditions of this reaction are: Palladium Source: [PdCl(allyl)]2. Ligand: c1coc(P(c2ccco2)c2ccco2)c1. Solvent: CCCCOC(C)=O. Base: KOPiv. Reaction Temperature: 90 degrees centigrade. Reaction Concentration: 0.057 M. Palladium loading: 2.25 mol%. Ligand loading: 5 mol%. Base loading: 3 eq. What is the yield (%) and cost (US dollar per mol) of this reaction?","","-1,-1","[]"
"Here is a chemical reaction. Reactants are: Cn1cnc(C#N)c1, Fc1ccccc1Br. Product is: Cn1cnc(C#N)c1-c1ccccc1F. Reaction type is Pd catalyzed C-H arylation. The reaction conditions of this reaction are: Palladium Source: [PdCl(allyl)]2. Ligand: c1coc(P(c2ccco2)c2ccco2)c1. Solvent: CCCCOC(C)=O. Base: KOPiv. Reaction Temperature: 105 degrees centigrade. Reaction Concentration: 0.057 M. Palladium loading: 2.25 mol%. Ligand loading: 5 mol%. Base loading: 3 eq. What is the yield (%) and cost (US dollar per mol) of this reaction?","","-1,-1","[]"
"Here is a chemical reaction. Reactants are: Cn1cnc(C#N)c1, Fc1ccccc1Br. Product is: Cn1cnc(C#N)c1-c1ccccc1F. Reaction type is Pd catalyzed C-H arylation. The reaction conditions of this reaction are: Palladium Source: [PdCl(allyl)]2. Ligand: c1coc(P(c2ccco2)c2ccco2)c1. Solvent: CCCCOC(C)=O. Base: KOPiv. Reaction Temperature: 120 degrees centigrade. Reaction Concentration: 0.057 M. Palladium loading: 2.25 mol%. Ligand loading: 5 mol%. Base loading: 3 eq. What is the yield (%) and cost (US dollar per mol) of this reaction?","","-1,-1","[]"
"Here is a chemical reaction. Reactants are: Cn1cnc(C#N)c1, Fc1ccccc1Br. Product is: Cn1cnc(C#N)c1-c1ccccc1F. Reaction type is Pd catalyzed C-H arylation. The reaction conditions of this reaction are: Palladium Source: [PdCl(allyl)]2. Ligand: c1coc(P(c2ccco2)c2ccco2)c1. Solvent: CCCCOC(C)=O. Base: KOPiv. Reaction Temperature: 90 degrees centigrade. Reaction Concentration: 0.153 M. Palladium loading: 2.25 mol%. Ligand loading: 5 mol%. Base loading: 3 eq. What is the yield (%) and cost (US dollar per mol) of this reaction?","","-1,-1","[]"
"Here is a chemical reaction. Reactants are: Cn1cnc(C#N)c1, Fc1ccccc1Br. Product is: Cn1cnc(C#N)c1-c1ccccc1F. Reaction type is Pd catalyzed C-H arylation. The reaction conditions of this reaction are: Palladium Source: [PdCl(allyl)]2. Ligand: c1coc(P(c2ccco2)c2ccco2)c1. Solvent: CCCCOC(C)=O. Base: KOPiv. Reaction Temperature: 105 degrees centigrade. Reaction Concentration: 0.153 M. Palladium loading: 2.25 mol%. Ligand loading: 5 mol%. Base loading: 3 eq. What is the yield (%) and cost (US dollar per mol) of this reaction?","","-1,-1","[]"
"Here is a chemical reaction. Reactants are: Cn1cnc(C#N)c1, Fc1ccccc1Br. Product is: Cn1cnc(C#N)c1-c1ccccc1F. Reaction type is Pd catalyzed C-H arylation. The reaction conditions of this reaction are: Palladium Source: [PdCl(allyl)]2. Ligand: c1coc(P(c2ccco2)c2ccco2)c1. Solvent: CCCCOC(C)=O. Base: KOPiv. Reaction Temperature: 120 degrees centigrade. Reaction Concentration: 0.153 M. Palladium loading: 2.25 mol%. Ligand loading: 5 mol%. Base loading: 3 eq. What is the yield (%) and cost (US dollar per mol) of this reaction?","","-1,-1","[]"
"Here is a chemical reaction. Reactants are: Cn1cnc(C#N)c1, Fc1ccccc1Br. Product is: Cn1cnc(C#N)c1-c1ccccc1F. Reaction type is Pd catalyzed C-H arylation. The reaction conditions of this reaction are: Palladium Source: [PdCl(allyl)]2. Ligand: c1coc(P(c2ccco2)c2ccco2)c1. Solvent: CCCC#N. Base: KOPiv. Reaction Temperature: 90 degrees centigrade. Reaction Concentration: 0.1 M. Palladium loading: 2.25 mol%. Ligand loading: 5 mol%. Base loading: 3 eq. What is the yield (%) and cost (US dollar per mol) of this reaction?","","-1,-1","[]"
"Here is a chemical reaction. Reactants are: Cn1cnc(C#N)c1, Fc1ccccc1Br. Product is: Cn1cnc(C#N)c1-c1ccccc1F. Reaction type is Pd catalyzed C-H arylation. The reaction conditions of this reaction are: Palladium Source: [PdCl(allyl)]2. Ligand: c1coc(P(c2ccco2)c2ccco2)c1. Solvent: CCCC#N. Base: KOPiv. Reaction Temperature: 105 degrees centigrade. Reaction Concentration: 0.1 M. Palladium loading: 2.25 mol%. Ligand loading: 5 mol%. Base loading: 3 eq. What is the yield (%) and cost (US dollar per mol) of this reaction?","","-1,-1","[]"
"Here is a chemical reaction. Reactants are: Cn1cnc(C#N)c1, Fc1ccccc1Br. Product is: Cn1cnc(C#N)c1-c1ccccc1F. Reaction type is Pd catalyzed C-H arylation. The reaction conditions of this reaction are: Palladium Source: [PdCl(allyl)]2. Ligand: c1coc(P(c2ccco2)c2ccco2)c1. Solvent: CCCC#N. Base: KOPiv. Reaction Temperature: 120 degrees centigrade. Reaction Concentration: 0.1 M. Palladium loading: 2.25 mol%. Ligand loading: 5 mol%. Base loading: 3 eq. What is the yield (%) and cost (US dollar per mol) of this reaction?","","-1,-1","[]"
"Here is a chemical reaction. Reactants are: Cn1cnc(C#N)c1, Fc1ccccc1Br. Product is: Cn1cnc(C#N)c1-c1ccccc1F. Reaction type is Pd catalyzed C-H arylation. The reaction conditions of this reaction are: Palladium Source: [PdCl(allyl)]2. Ligand: c1coc(P(c2ccco2)c2ccco2)c1. Solvent: CCCC#N. Base: KOPiv. Reaction Temperature: 90 degrees centigrade. Reaction Concentration: 0.057 M. Palladium loading: 2.25 mol%. Ligand loading: 5 mol%. Base loading: 3 eq. What is the yield (%) and cost (US dollar per mol) of this reaction?","","-1,-1","[]"
"Here is a chemical reaction. Reactants are: Cn1cnc(C#N)c1, Fc1ccccc1Br. Product is: Cn1cnc(C#N)c1-c1ccccc1F. Reaction type is Pd catalyzed C-H arylation. The reaction conditions of this reaction are: Palladium Source: [PdCl(allyl)]2. Ligand: c1coc(P(c2ccco2)c2ccco2)c1. Solvent: CCCC#N. Base: KOPiv. Reaction Temperature: 105 degrees centigrade. Reaction Concentration: 0.057 M. Palladium loading: 2.25 mol%. Ligand loading: 5 mol%. Base loading: 3 eq. What is the yield (%) and cost (US dollar per mol) of this reaction?","","-1,-1","[]"
"Here is a chemical reaction. Reactants are: Cn1cnc(C#N)c1, Fc1ccccc1Br. Product is: Cn1cnc(C#N)c1-c1ccccc1F. Reaction type is Pd catalyzed C-H arylation. The reaction conditions of this reaction are: Palladium Source: [PdCl(allyl)]2. Ligand: c1coc(P(c2ccco2)c2ccco2)c1. Solvent: CCCC#N. Base: KOPiv. Reaction Temperature: 120 degrees centigrade. Reaction Concentration: 0.057 M. Palladium loading: 2.25 mol%. Ligand loading: 5 mol%. Base loading: 3 eq. What is the yield (%) and cost (US dollar per mol) of this reaction?","","-1,-1","[]"
"Here is a chemical reaction. Reactants are: Cn1cnc(C#N)c1, Fc1ccccc1Br. Product is: Cn1cnc(C#N)c1-c1ccccc1F. Reaction type is Pd catalyzed C-H arylation. The reaction conditions of this reaction are: Palladium Source: [PdCl(allyl)]2. Ligand: c1coc(P(c2ccco2)c2ccco2)c1. Solvent: CCCC#N. Base: KOPiv. Reaction Temperature: 90 degrees centigrade. Reaction Concentration: 0.153 M. Palladium loading: 2.25 mol%. Ligand loading: 5 mol%. Base loading: 3 eq. What is the yield (%) and cost (US dollar per mol) of this reaction?","","-1,-1","[]"
"Here is a chemical reaction. Reactants are: Cn1cnc(C#N)c1, Fc1ccccc1Br. Product is: Cn1cnc(C#N)c1-c1ccccc1F. Reaction type is Pd catalyzed C-H arylation. The reaction conditions of this reaction are: Palladium Source: [PdCl(allyl)]2. Ligand: c1coc(P(c2ccco2)c2ccco2)c1. Solvent: CCCC#N. Base: KOPiv. Reaction Temperature: 105 degrees centigrade. Reaction Concentration: 0.153 M. Palladium loading: 2.25 mol%. Ligand loading: 5 mol%. Base loading: 3 eq. What is the yield (%) and cost (US dollar per mol) of this reaction?","","-1,-1","[]"
"Here is a chemical reaction. Reactants are: Cn1cnc(C#N)c1, Fc1ccccc1Br. Product is: Cn1cnc(C#N)c1-c1ccccc1F. Reaction type is Pd catalyzed C-H arylation. The reaction conditions of this reaction are: Palladium Source: [PdCl(allyl)]2. Ligand: c1coc(P(c2ccco2)c2ccco2)c1. Solvent: CCCC#N. Base: KOPiv. Reaction Temperature: 120 degrees centigrade. Reaction Concentration: 0.153 M. Palladium loading: 2.25 mol%. Ligand loading: 5 mol%. Base loading: 3 eq. What is the yield (%) and cost (US dollar per mol) of this reaction?","","-1,-1","[]"
"Here is a chemical reaction. Reactants are: Cn1cnc(C#N)c1, Fc1ccccc1Br. Product is: Cn1cnc(C#N)c1-c1ccccc1F. Reaction type is Pd catalyzed C-H arylation. The reaction conditions of this reaction are: Palladium Source: [PdCl(allyl)]2. Ligand: c1coc(P(c2ccco2)c2ccco2)c1. Solvent: Cc1ccc(C)cc1. Base: KOPiv. Reaction Temperature: 90 degrees centigrade. Reaction Concentration: 0.1 M. Palladium loading: 2.25 mol%. Ligand loading: 5 mol%. Base loading: 3 eq. What is the yield (%) and cost (US dollar per mol) of this reaction?","","-1,-1","[]"
"Here is a chemical reaction. Reactants are: Cn1cnc(C#N)c1, Fc1ccccc1Br. Product is: Cn1cnc(C#N)c1-c1ccccc1F. Reaction type is Pd catalyzed C-H arylation. The reaction conditions of this reaction are: Palladium Source: [PdCl(allyl)]2. Ligand: c1coc(P(c2ccco2)c2ccco2)c1. Solvent: Cc1ccc(C)cc1. Base: KOPiv. Reaction Temperature: 105 degrees centigrade. Reaction Concentration: 0.1 M. Palladium loading: 2.25 mol%. Ligand loading: 5 mol%. Base loading: 3 eq. What is the yield (%) and cost (US dollar per mol) of this reaction?","","-1,-1","[]"
"Here is a chemical reaction. Reactants are: Cn1cnc(C#N)c1, Fc1ccccc1Br. Product is: Cn1cnc(C#N)c1-c1ccccc1F. Reaction type is Pd catalyzed C-H arylation. The reaction conditions of this reaction are: Palladium Source: [PdCl(allyl)]2. Ligand: c1coc(P(c2ccco2)c2ccco2)c1. Solvent: Cc1ccc(C)cc1. Base: KOPiv. Reaction Temperature: 120 degrees centigrade. Reaction Concentration: 0.1 M. Palladium loading: 2.25 mol%. Ligand loading: 5 mol%. Base loading: 3 eq. What is the yield (%) and cost (US dollar per mol) of this reaction?","","-1,-1","[]"
"Here is a chemical reaction. Reactants are: Cn1cnc(C#N)c1, Fc1ccccc1Br. Product is: Cn1cnc(C#N)c1-c1ccccc1F. Reaction type is Pd catalyzed C-H arylation. The reaction conditions of this reaction are: Palladium Source: [PdCl(allyl)]2. Ligand: c1coc(P(c2ccco2)c2ccco2)c1. Solvent: Cc1ccc(C)cc1. Base: KOPiv. Reaction Temperature: 90 degrees centigrade. Reaction Concentration: 0.057 M. Palladium loading: 2.25 mol%. Ligand loading: 5 mol%. Base loading: 3 eq. What is the yield (%) and cost (US dollar per mol) of this reaction?","","-1,-1","[]"
"Here is a chemical reaction. Reactants are: Cn1cnc(C#N)c1, Fc1ccccc1Br. Product is: Cn1cnc(C#N)c1-c1ccccc1F. Reaction type is Pd catalyzed C-H arylation. The reaction conditions of this reaction are: Palladium Source: [PdCl(allyl)]2. Ligand: c1coc(P(c2ccco2)c2ccco2)c1. Solvent: Cc1ccc(C)cc1. Base: KOPiv. Reaction Temperature: 105 degrees centigrade. Reaction Concentration: 0.057 M. Palladium loading: 2.25 mol%. Ligand loading: 5 mol%. Base loading: 3 eq. What is the yield (%) and cost (US dollar per mol) of this reaction?","","-1,-1","[]"
"Here is a chemical reaction. Reactants are: Cn1cnc(C#N)c1, Fc1ccccc1Br. Product is: Cn1cnc(C#N)c1-c1ccccc1F. Reaction type is Pd catalyzed C-H arylation. The reaction conditions of this reaction are: Palladium Source: [PdCl(allyl)]2. Ligand: c1coc(P(c2ccco2)c2ccco2)c1. Solvent: Cc1ccc(C)cc1. Base: KOPiv. Reaction Temperature: 120 degrees centigrade. Reaction Concentration: 0.057 M. Palladium loading: 2.25 mol%. Ligand loading: 5 mol%. Base loading: 3 eq. What is the yield (%) and cost (US dollar per mol) of this reaction?","","-1,-1","[]"
"Here is a chemical reaction. Reactants are: Cn1cnc(C#N)c1, Fc1ccccc1Br. Product is: Cn1cnc(C#N)c1-c1ccccc1F. Reaction type is Pd catalyzed C-H arylation. The reaction conditions of this reaction are: Palladium Source: [PdCl(allyl)]2. Ligand: c1coc(P(c2ccco2)c2ccco2)c1. Solvent: Cc1ccc(C)cc1. Base: KOPiv. Reaction Temperature: 90 degrees centigrade. Reaction Concentration: 0.153 M. Palladium loading: 2.25 mol%. Ligand loading: 5 mol%. Base loading: 3 eq. What is the yield (%) and cost (US dollar per mol) of this reaction?","","-1,-1","[]"
"Here is a chemical reaction. Reactants are: Cn1cnc(C#N)c1, Fc1ccccc1Br. Product is: Cn1cnc(C#N)c1-c1ccccc1F. Reaction type is Pd catalyzed C-H arylation. The reaction conditions of this reaction are: Palladium Source: [PdCl(allyl)]2. Ligand: c1coc(P(c2ccco2)c2ccco2)c1. Solvent: Cc1ccc(C)cc1. Base: KOPiv. Reaction Temperature: 105 degrees centigrade. Reaction Concentration: 0.153 M. Palladium loading: 2.25 mol%. Ligand loading: 5 mol%. Base loading: 3 eq. What is the yield (%) and cost (US dollar per mol) of this reaction?","","-1,-1","[]"
"Here is a chemical reaction. Reactants are: Cn1cnc(C#N)c1, Fc1ccccc1Br. Product is: Cn1cnc(C#N)c1-c1ccccc1F. Reaction type is Pd catalyzed C-H arylation. The reaction conditions of this reaction are: Palladium Source: [PdCl(allyl)]2. Ligand: c1coc(P(c2ccco2)c2ccco2)c1. Solvent: Cc1ccc(C)cc1. Base: KOPiv. Reaction Temperature: 120 degrees centigrade. Reaction Concentration: 0.153 M. Palladium loading: 2.25 mol%. Ligand loading: 5 mol%. Base loading: 3 eq. What is the yield (%) and cost (US dollar per mol) of this reaction?","","-1,-1","[]"
"Here is a chemical reaction. Reactants are: Cn1cnc(C#N)c1, Fc1ccccc1Br. Product is: Cn1cnc(C#N)c1-c1ccccc1F. Reaction type is Pd catalyzed C-H arylation. The reaction conditions of this reaction are: Palladium Source: [PdCl(allyl)]2. Ligand: c1coc(P(c2ccco2)c2ccco2)c1. Solvent: CC(=O)N(C)C. Base: KOPiv. Reaction Temperature: 90 degrees centigrade. Reaction Concentration: 0.1 M. Palladium loading: 2.25 mol%. Ligand loading: 5 mol%. Base loading: 3 eq. What is the yield (%) and cost (US dollar per mol) of this reaction?","","-1,-1","[]"
"Here is a chemical reaction. Reactants are: Cn1cnc(C#N)c1, Fc1ccccc1Br. Product is: Cn1cnc(C#N)c1-c1ccccc1F. Reaction type is Pd catalyzed C-H arylation. The reaction conditions of this reaction are: Palladium Source: [PdCl(allyl)]2. Ligand: c1coc(P(c2ccco2)c2ccco2)c1. Solvent: CC(=O)N(C)C. Base: KOPiv. Reaction Temperature: 105 degrees centigrade. Reaction Concentration: 0.1 M. Palladium loading: 2.25 mol%. Ligand loading: 5 mol%. Base loading: 3 eq. What is the yield (%) and cost (US dollar per mol) of this reaction?","","-1,-1","[]"
"Here is a chemical reaction. Reactants are: Cn1cnc(C#N)c1, Fc1ccccc1Br. Product is: Cn1cnc(C#N)c1-c1ccccc1F. Reaction type is Pd catalyzed C-H arylation. The reaction conditions of this reaction are: Palladium Source: [PdCl(allyl)]2. Ligand: c1coc(P(c2ccco2)c2ccco2)c1. Solvent: CC(=O)N(C)C. Base: KOPiv. Reaction Temperature: 120 degrees centigrade. Reaction Concentration: 0.1 M. Palladium loading: 2.25 mol%. Ligand loading: 5 mol%. Base loading: 3 eq. What is the yield (%) and cost (US dollar per mol) of this reaction?","","-1,-1","[]"
"Here is a chemical reaction. Reactants are: Cn1cnc(C#N)c1, Fc1ccccc1Br. Product is: Cn1cnc(C#N)c1-c1ccccc1F. Reaction type is Pd catalyzed C-H arylation. The reaction conditions of this reaction are: Palladium Source: [PdCl(allyl)]2. Ligand: c1coc(P(c2ccco2)c2ccco2)c1. Solvent: CC(=O)N(C)C. Base: KOPiv. Reaction Temperature: 90 degrees centigrade. Reaction Concentration: 0.057 M. Palladium loading: 2.25 mol%. Ligand loading: 5 mol%. Base loading: 3 eq. What is the yield (%) and cost (US dollar per mol) of this reaction?","","-1,-1","[]"
"Here is a chemical reaction. Reactants are: Cn1cnc(C#N)c1, Fc1ccccc1Br. Product is: Cn1cnc(C#N)c1-c1ccccc1F. Reaction type is Pd catalyzed C-H arylation. The reaction conditions of this reaction are: Palladium Source: [PdCl(allyl)]2. Ligand: c1coc(P(c2ccco2)c2ccco2)c1. Solvent: CC(=O)N(C)C. Base: KOPiv. Reaction Temperature: 105 degrees centigrade. Reaction Concentration: 0.057 M. Palladium loading: 2.25 mol%. Ligand loading: 5 mol%. Base loading: 3 eq. What is the yield (%) and cost (US dollar per mol) of this reaction?","","-1,-1","[]"
"Here is a chemical reaction. Reactants are: Cn1cnc(C#N)c1, Fc1ccccc1Br. Product is: Cn1cnc(C#N)c1-c1ccccc1F. Reaction type is Pd catalyzed C-H arylation. The reaction conditions of this reaction are: Palladium Source: [PdCl(allyl)]2. Ligand: c1coc(P(c2ccco2)c2ccco2)c1. Solvent: CC(=O)N(C)C. Base: KOPiv. Reaction Temperature: 120 degrees centigrade. Reaction Concentration: 0.057 M. Palladium loading: 2.25 mol%. Ligand loading: 5 mol%. Base loading: 3 eq. What is the yield (%) and cost (US dollar per mol) of this reaction?","","-1,-1","[]"
"Here is a chemical reaction. Reactants are: Cn1cnc(C#N)c1, Fc1ccccc1Br. Product is: Cn1cnc(C#N)c1-c1ccccc1F. Reaction type is Pd catalyzed C-H arylation. The reaction conditions of this reaction are: Palladium Source: [PdCl(allyl)]2. Ligand: c1coc(P(c2ccco2)c2ccco2)c1. Solvent: CC(=O)N(C)C. Base: KOPiv. Reaction Temperature: 90 degrees centigrade. Reaction Concentration: 0.153 M. Palladium loading: 2.25 mol%. Ligand loading: 5 mol%. Base loading: 3 eq. What is the yield (%) and cost (US dollar per mol) of this reaction?","","-1,-1","[]"
"Here is a chemical reaction. Reactants are: Cn1cnc(C#N)c1, Fc1ccccc1Br. Product is: Cn1cnc(C#N)c1-c1ccccc1F. Reaction type is Pd catalyzed C-H arylation. The reaction conditions of this reaction are: Palladium Source: [PdCl(allyl)]2. Ligand: c1coc(P(c2ccco2)c2ccco2)c1. Solvent: CC(=O)N(C)C. Base: KOPiv. Reaction Temperature: 105 degrees centigrade. Reaction Concentration: 0.153 M. Palladium loading: 2.25 mol%. Ligand loading: 5 mol%. Base loading: 3 eq. What is the yield (%) and cost (US dollar per mol) of this reaction?","","-1,-1","[]"
"Here is a chemical reaction. Reactants are: Cn1cnc(C#N)c1, Fc1ccccc1Br. Product is: Cn1cnc(C#N)c1-c1ccccc1F. Reaction type is Pd catalyzed C-H arylation. The reaction conditions of this reaction are: Palladium Source: [PdCl(allyl)]2. Ligand: c1coc(P(c2ccco2)c2ccco2)c1. Solvent: CC(=O)N(C)C. Base: KOPiv. Reaction Temperature: 120 degrees centigrade. Reaction Concentration: 0.153 M. Palladium loading: 2.25 mol%. Ligand loading: 5 mol%. Base loading: 3 eq. What is the yield (%) and cost (US dollar per mol) of this reaction?","","-1,-1","[]"
"Here is a chemical reaction. Reactants are: Cn1cnc(C#N)c1, Fc1ccccc1Br. Product is: Cn1cnc(C#N)c1-c1ccccc1F. Reaction type is Pd catalyzed C-H arylation. The reaction conditions of this reaction are: Palladium Source: [PdCl(allyl)]2. Ligand: c1coc(P(c2ccco2)c2ccco2)c1. Solvent: CCCCOC(C)=O. Base: CsOPiv. Reaction Temperature: 90 degrees centigrade. Reaction Concentration: 0.1 M. Palladium loading: 2.25 mol%. Ligand loading: 5 mol%. Base loading: 3 eq. What is the yield (%) and cost (US dollar per mol) of this reaction?","","-1,-1","[]"
"Here is a chemical reaction. Reactants are: Cn1cnc(C#N)c1, Fc1ccccc1Br. Product is: Cn1cnc(C#N)c1-c1ccccc1F. Reaction type is Pd catalyzed C-H arylation. The reaction conditions of this reaction are: Palladium Source: [PdCl(allyl)]2. Ligand: c1coc(P(c2ccco2)c2ccco2)c1. Solvent: CCCCOC(C)=O. Base: CsOPiv. Reaction Temperature: 105 degrees centigrade. Reaction Concentration: 0.1 M. Palladium loading: 2.25 mol%. Ligand loading: 5 mol%. Base loading: 3 eq. What is the yield (%) and cost (US dollar per mol) of this reaction?","","-1,-1","[]"
"Here is a chemical reaction. Reactants are: Cn1cnc(C#N)c1, Fc1ccccc1Br. Product is: Cn1cnc(C#N)c1-c1ccccc1F. Reaction type is Pd catalyzed C-H arylation. The reaction conditions of this reaction are: Palladium Source: [PdCl(allyl)]2. Ligand: c1coc(P(c2ccco2)c2ccco2)c1. Solvent: CCCCOC(C)=O. Base: CsOPiv. Reaction Temperature: 120 degrees centigrade. Reaction Concentration: 0.1 M. Palladium loading: 2.25 mol%. Ligand loading: 5 mol%. Base loading: 3 eq. What is the yield (%) and cost (US dollar per mol) of this reaction?","","-1,-1","[]"
"Here is a chemical reaction. Reactants are: Cn1cnc(C#N)c1, Fc1ccccc1Br. Product is: Cn1cnc(C#N)c1-c1ccccc1F. Reaction type is Pd catalyzed C-H arylation. The reaction conditions of this reaction are: Palladium Source: [PdCl(allyl)]2. Ligand: c1coc(P(c2ccco2)c2ccco2)c1. Solvent: CCCCOC(C)=O. Base: CsOPiv. Reaction Temperature: 90 degrees centigrade. Reaction Concentration: 0.057 M. Palladium loading: 2.25 mol%. Ligand loading: 5 mol%. Base loading: 3 eq. What is the yield (%) and cost (US dollar per mol) of this reaction?","","-1,-1","[]"
"Here is a chemical reaction. Reactants are: Cn1cnc(C#N)c1, Fc1ccccc1Br. Product is: Cn1cnc(C#N)c1-c1ccccc1F. Reaction type is Pd catalyzed C-H arylation. The reaction conditions of this reaction are: Palladium Source: [PdCl(allyl)]2. Ligand: c1coc(P(c2ccco2)c2ccco2)c1. Solvent: CCCCOC(C)=O. Base: CsOPiv. Reaction Temperature: 105 degrees centigrade. Reaction Concentration: 0.057 M. Palladium loading: 2.25 mol%. Ligand loading: 5 mol%. Base loading: 3 eq. What is the yield (%) and cost (US dollar per mol) of this reaction?","","-1,-1","[]"
"Here is a chemical reaction. Reactants are: Cn1cnc(C#N)c1, Fc1ccccc1Br. Product is: Cn1cnc(C#N)c1-c1ccccc1F. Reaction type is Pd catalyzed C-H arylation. The reaction conditions of this reaction are: Palladium Source: [PdCl(allyl)]2. Ligand: c1coc(P(c2ccco2)c2ccco2)c1. Solvent: CCCCOC(C)=O. Base: CsOPiv. Reaction Temperature: 120 degrees centigrade. Reaction Concentration: 0.057 M. Palladium loading: 2.25 mol%. Ligand loading: 5 mol%. Base loading: 3 eq. What is the yield (%) and cost (US dollar per mol) of this reaction?","","-1,-1","[]"
"Here is a chemical reaction. Reactants are: Cn1cnc(C#N)c1, Fc1ccccc1Br. Product is: Cn1cnc(C#N)c1-c1ccccc1F. Reaction type is Pd catalyzed C-H arylation. The reaction conditions of this reaction are: Palladium Source: [PdCl(allyl)]2. Ligand: c1coc(P(c2ccco2)c2ccco2)c1. Solvent: CCCCOC(C)=O. Base: CsOPiv. Reaction Temperature: 90 degrees centigrade. Reaction Concentration: 0.153 M. Palladium loading: 2.25 mol%. Ligand loading: 5 mol%. Base loading: 3 eq. What is the yield (%) and cost (US dollar per mol) of this reaction?","","-1,-1","[]"
"Here is a chemical reaction. Reactants are: Cn1cnc(C#N)c1, Fc1ccccc1Br. Product is: Cn1cnc(C#N)c1-c1ccccc1F. Reaction type is Pd catalyzed C-H arylation. The reaction conditions of this reaction are: Palladium Source: [PdCl(allyl)]2. Ligand: c1coc(P(c2ccco2)c2ccco2)c1. Solvent: CCCCOC(C)=O. Base: CsOPiv. Reaction Temperature: 105 degrees centigrade. Reaction Concentration: 0.153 M. Palladium loading: 2.25 mol%. Ligand loading: 5 mol%. Base loading: 3 eq. What is the yield (%) and cost (US dollar per mol) of this reaction?","","-1,-1","[]"
"Here is a chemical reaction. Reactants are: Cn1cnc(C#N)c1, Fc1ccccc1Br. Product is: Cn1cnc(C#N)c1-c1ccccc1F. Reaction type is Pd catalyzed C-H arylation. The reaction conditions of this reaction are: Palladium Source: [PdCl(allyl)]2. Ligand: c1coc(P(c2ccco2)c2ccco2)c1. Solvent: CCCCOC(C)=O. Base: CsOPiv. Reaction Temperature: 120 degrees centigrade. Reaction Concentration: 0.153 M. Palladium loading: 2.25 mol%. Ligand loading: 5 mol%. Base loading: 3 eq. What is the yield (%) and cost (US dollar per mol) of this reaction?","","-1,-1","[]"
"Here is a chemical reaction. Reactants are: Cn1cnc(C#N)c1, Fc1ccccc1Br. Product is: Cn1cnc(C#N)c1-c1ccccc1F. Reaction type is Pd catalyzed C-H arylation. The reaction conditions of this reaction are: Palladium Source: [PdCl(allyl)]2. Ligand: c1coc(P(c2ccco2)c2ccco2)c1. Solvent: CCCC#N. Base: CsOPiv. Reaction Temperature: 90 degrees centigrade. Reaction Concentration: 0.1 M. Palladium loading: 2.25 mol%. Ligand loading: 5 mol%. Base loading: 3 eq. What is the yield (%) and cost (US dollar per mol) of this reaction?","","-1,-1","[]"
"Here is a chemical reaction. Reactants are: Cn1cnc(C#N)c1, Fc1ccccc1Br. Product is: Cn1cnc(C#N)c1-c1ccccc1F. Reaction type is Pd catalyzed C-H arylation. The reaction conditions of this reaction are: Palladium Source: [PdCl(allyl)]2. Ligand: c1coc(P(c2ccco2)c2ccco2)c1. Solvent: CCCC#N. Base: CsOPiv. Reaction Temperature: 105 degrees centigrade. Reaction Concentration: 0.1 M. Palladium loading: 2.25 mol%. Ligand loading: 5 mol%. Base loading: 3 eq. What is the yield (%) and cost (US dollar per mol) of this reaction?","","-1,-1","[]"
"Here is a chemical reaction. Reactants are: Cn1cnc(C#N)c1, Fc1ccccc1Br. Product is: Cn1cnc(C#N)c1-c1ccccc1F. Reaction type is Pd catalyzed C-H arylation. The reaction conditions of this reaction are: Palladium Source: [PdCl(allyl)]2. Ligand: c1coc(P(c2ccco2)c2ccco2)c1. Solvent: CCCC#N. Base: CsOPiv. Reaction Temperature: 120 degrees centigrade. Reaction Concentration: 0.1 M. Palladium loading: 2.25 mol%. Ligand loading: 5 mol%. Base loading: 3 eq. What is the yield (%) and cost (US dollar per mol) of this reaction?","","-1,-1","[]"
"Here is a chemical reaction. Reactants are: Cn1cnc(C#N)c1, Fc1ccccc1Br. Product is: Cn1cnc(C#N)c1-c1ccccc1F. Reaction type is Pd catalyzed C-H arylation. The reaction conditions of this reaction are: Palladium Source: [PdCl(allyl)]2. Ligand: c1coc(P(c2ccco2)c2ccco2)c1. Solvent: CCCC#N. Base: CsOPiv. Reaction Temperature: 90 degrees centigrade. Reaction Concentration: 0.057 M. Palladium loading: 2.25 mol%. Ligand loading: 5 mol%. Base loading: 3 eq. What is the yield (%) and cost (US dollar per mol) of this reaction?","","-1,-1","[]"
"Here is a chemical reaction. Reactants are: Cn1cnc(C#N)c1, Fc1ccccc1Br. Product is: Cn1cnc(C#N)c1-c1ccccc1F. Reaction type is Pd catalyzed C-H arylation. The reaction conditions of this reaction are: Palladium Source: [PdCl(allyl)]2. Ligand: c1coc(P(c2ccco2)c2ccco2)c1. Solvent: CCCC#N. Base: CsOPiv. Reaction Temperature: 105 degrees centigrade. Reaction Concentration: 0.057 M. Palladium loading: 2.25 mol%. Ligand loading: 5 mol%. Base loading: 3 eq. What is the yield (%) and cost (US dollar per mol) of this reaction?","","-1,-1","[]"
"Here is a chemical reaction. Reactants are: Cn1cnc(C#N)c1, Fc1ccccc1Br. Product is: Cn1cnc(C#N)c1-c1ccccc1F. Reaction type is Pd catalyzed C-H arylation. The reaction conditions of this reaction are: Palladium Source: [PdCl(allyl)]2. Ligand: c1coc(P(c2ccco2)c2ccco2)c1. Solvent: CCCC#N. Base: CsOPiv. Reaction Temperature: 120 degrees centigrade. Reaction Concentration: 0.057 M. Palladium loading: 2.25 mol%. Ligand loading: 5 mol%. Base loading: 3 eq. What is the yield (%) and cost (US dollar per mol) of this reaction?","","-1,-1","[]"
"Here is a chemical reaction. Reactants are: Cn1cnc(C#N)c1, Fc1ccccc1Br. Product is: Cn1cnc(C#N)c1-c1ccccc1F. Reaction type is Pd catalyzed C-H arylation. The reaction conditions of this reaction are: Palladium Source: [PdCl(allyl)]2. Ligand: c1coc(P(c2ccco2)c2ccco2)c1. Solvent: CCCC#N. Base: CsOPiv. Reaction Temperature: 90 degrees centigrade. Reaction Concentration: 0.153 M. Palladium loading: 2.25 mol%. Ligand loading: 5 mol%. Base loading: 3 eq. What is the yield (%) and cost (US dollar per mol) of this reaction?","","-1,-1","[]"
"Here is a chemical reaction. Reactants are: Cn1cnc(C#N)c1, Fc1ccccc1Br. Product is: Cn1cnc(C#N)c1-c1ccccc1F. Reaction type is Pd catalyzed C-H arylation. The reaction conditions of this reaction are: Palladium Source: [PdCl(allyl)]2. Ligand: c1coc(P(c2ccco2)c2ccco2)c1. Solvent: CCCC#N. Base: CsOPiv. Reaction Temperature: 105 degrees centigrade. Reaction Concentration: 0.153 M. Palladium loading: 2.25 mol%. Ligand loading: 5 mol%. Base loading: 3 eq. What is the yield (%) and cost (US dollar per mol) of this reaction?","","-1,-1","[]"
"Here is a chemical reaction. Reactants are: Cn1cnc(C#N)c1, Fc1ccccc1Br. Product is: Cn1cnc(C#N)c1-c1ccccc1F. Reaction type is Pd catalyzed C-H arylation. The reaction conditions of this reaction are: Palladium Source: [PdCl(allyl)]2. Ligand: c1coc(P(c2ccco2)c2ccco2)c1. Solvent: CCCC#N. Base: CsOPiv. Reaction Temperature: 120 degrees centigrade. Reaction Concentration: 0.153 M. Palladium loading: 2.25 mol%. Ligand loading: 5 mol%. Base loading: 3 eq. What is the yield (%) and cost (US dollar per mol) of this reaction?","","-1,-1","[]"
"Here is a chemical reaction. Reactants are: Cn1cnc(C#N)c1, Fc1ccccc1Br. Product is: Cn1cnc(C#N)c1-c1ccccc1F. Reaction type is Pd catalyzed C-H arylation. The reaction conditions of this reaction are: Palladium Source: [PdCl(allyl)]2. Ligand: c1coc(P(c2ccco2)c2ccco2)c1. Solvent: Cc1ccc(C)cc1. Base: CsOPiv. Reaction Temperature: 90 degrees centigrade. Reaction Concentration: 0.1 M. Palladium loading: 2.25 mol%. Ligand loading: 5 mol%. Base loading: 3 eq. What is the yield (%) and cost (US dollar per mol) of this reaction?","","-1,-1","[]"
"Here is a chemical reaction. Reactants are: Cn1cnc(C#N)c1, Fc1ccccc1Br. Product is: Cn1cnc(C#N)c1-c1ccccc1F. Reaction type is Pd catalyzed C-H arylation. The reaction conditions of this reaction are: Palladium Source: [PdCl(allyl)]2. Ligand: c1coc(P(c2ccco2)c2ccco2)c1. Solvent: Cc1ccc(C)cc1. Base: CsOPiv. Reaction Temperature: 105 degrees centigrade. Reaction Concentration: 0.1 M. Palladium loading: 2.25 mol%. Ligand loading: 5 mol%. Base loading: 3 eq. What is the yield (%) and cost (US dollar per mol) of this reaction?","","-1,-1","[]"
"Here is a chemical reaction. Reactants are: Cn1cnc(C#N)c1, Fc1ccccc1Br. Product is: Cn1cnc(C#N)c1-c1ccccc1F. Reaction type is Pd catalyzed C-H arylation. The reaction conditions of this reaction are: Palladium Source: [PdCl(allyl)]2. Ligand: c1coc(P(c2ccco2)c2ccco2)c1. Solvent: Cc1ccc(C)cc1. Base: CsOPiv. Reaction Temperature: 120 degrees centigrade. Reaction Concentration: 0.1 M. Palladium loading: 2.25 mol%. Ligand loading: 5 mol%. Base loading: 3 eq. What is the yield (%) and cost (US dollar per mol) of this reaction?","","-1,-1","[]"
"Here is a chemical reaction. Reactants are: Cn1cnc(C#N)c1, Fc1ccccc1Br. Product is: Cn1cnc(C#N)c1-c1ccccc1F. Reaction type is Pd catalyzed C-H arylation. The reaction conditions of this reaction are: Palladium Source: [PdCl(allyl)]2. Ligand: c1coc(P(c2ccco2)c2ccco2)c1. Solvent: Cc1ccc(C)cc1. Base: CsOPiv. Reaction Temperature: 90 degrees centigrade. Reaction Concentration: 0.057 M. Palladium loading: 2.25 mol%. Ligand loading: 5 mol%. Base loading: 3 eq. What is the yield (%) and cost (US dollar per mol) of this reaction?","","-1,-1","[]"
"Here is a chemical reaction. Reactants are: Cn1cnc(C#N)c1, Fc1ccccc1Br. Product is: Cn1cnc(C#N)c1-c1ccccc1F. Reaction type is Pd catalyzed C-H arylation. The reaction conditions of this reaction are: Palladium Source: [PdCl(allyl)]2. Ligand: c1coc(P(c2ccco2)c2ccco2)c1. Solvent: Cc1ccc(C)cc1. Base: CsOPiv. Reaction Temperature: 105 degrees centigrade. Reaction Concentration: 0.057 M. Palladium loading: 2.25 mol%. Ligand loading: 5 mol%. Base loading: 3 eq. What is the yield (%) and cost (US dollar per mol) of this reaction?","","-1,-1","[]"
"Here is a chemical reaction. Reactants are: Cn1cnc(C#N)c1, Fc1ccccc1Br. Product is: Cn1cnc(C#N)c1-c1ccccc1F. Reaction type is Pd catalyzed C-H arylation. The reaction conditions of this reaction are: Palladium Source: [PdCl(allyl)]2. Ligand: c1coc(P(c2ccco2)c2ccco2)c1. Solvent: Cc1ccc(C)cc1. Base: CsOPiv. Reaction Temperature: 120 degrees centigrade. Reaction Concentration: 0.057 M. Palladium loading: 2.25 mol%. Ligand loading: 5 mol%. Base loading: 3 eq. What is the yield (%) and cost (US dollar per mol) of this reaction?","","-1,-1","[]"
"Here is a chemical reaction. Reactants are: Cn1cnc(C#N)c1, Fc1ccccc1Br. Product is: Cn1cnc(C#N)c1-c1ccccc1F. Reaction type is Pd catalyzed C-H arylation. The reaction conditions of this reaction are: Palladium Source: [PdCl(allyl)]2. Ligand: c1coc(P(c2ccco2)c2ccco2)c1. Solvent: Cc1ccc(C)cc1. Base: CsOPiv. Reaction Temperature: 90 degrees centigrade. Reaction Concentration: 0.153 M. Palladium loading: 2.25 mol%. Ligand loading: 5 mol%. Base loading: 3 eq. What is the yield (%) and cost (US dollar per mol) of this reaction?","","-1,-1","[]"
"Here is a chemical reaction. Reactants are: Cn1cnc(C#N)c1, Fc1ccccc1Br. Product is: Cn1cnc(C#N)c1-c1ccccc1F. Reaction type is Pd catalyzed C-H arylation. The reaction conditions of this reaction are: Palladium Source: [PdCl(allyl)]2. Ligand: c1coc(P(c2ccco2)c2ccco2)c1. Solvent: Cc1ccc(C)cc1. Base: CsOPiv. Reaction Temperature: 105 degrees centigrade. Reaction Concentration: 0.153 M. Palladium loading: 2.25 mol%. Ligand loading: 5 mol%. Base loading: 3 eq. What is the yield (%) and cost (US dollar per mol) of this reaction?","","-1,-1","[]"
"Here is a chemical reaction. Reactants are: Cn1cnc(C#N)c1, Fc1ccccc1Br. Product is: Cn1cnc(C#N)c1-c1ccccc1F. Reaction type is Pd catalyzed C-H arylation. The reaction conditions of this reaction are: Palladium Source: [PdCl(allyl)]2. Ligand: c1coc(P(c2ccco2)c2ccco2)c1. Solvent: Cc1ccc(C)cc1. Base: CsOPiv. Reaction Temperature: 120 degrees centigrade. Reaction Concentration: 0.153 M. Palladium loading: 2.25 mol%. Ligand loading: 5 mol%. Base loading: 3 eq. What is the yield (%) and cost (US dollar per mol) of this reaction?","","-1,-1","[]"
"Here is a chemical reaction. Reactants are: Cn1cnc(C#N)c1, Fc1ccccc1Br. Product is: Cn1cnc(C#N)c1-c1ccccc1F. Reaction type is Pd catalyzed C-H arylation. The reaction conditions of this reaction are: Palladium Source: [PdCl(allyl)]2. Ligand: c1coc(P(c2ccco2)c2ccco2)c1. Solvent: CC(=O)N(C)C. Base: CsOPiv. Reaction Temperature: 90 degrees centigrade. Reaction Concentration: 0.1 M. Palladium loading: 2.25 mol%. Ligand loading: 5 mol%. Base loading: 3 eq. What is the yield (%) and cost (US dollar per mol) of this reaction?","","-1,-1","[]"
"Here is a chemical reaction. Reactants are: Cn1cnc(C#N)c1, Fc1ccccc1Br. Product is: Cn1cnc(C#N)c1-c1ccccc1F. Reaction type is Pd catalyzed C-H arylation. The reaction conditions of this reaction are: Palladium Source: [PdCl(allyl)]2. Ligand: c1coc(P(c2ccco2)c2ccco2)c1. Solvent: CC(=O)N(C)C. Base: CsOPiv. Reaction Temperature: 105 degrees centigrade. Reaction Concentration: 0.1 M. Palladium loading: 2.25 mol%. Ligand loading: 5 mol%. Base loading: 3 eq. What is the yield (%) and cost (US dollar per mol) of this reaction?","","-1,-1","[]"
"Here is a chemical reaction. Reactants are: Cn1cnc(C#N)c1, Fc1ccccc1Br. Product is: Cn1cnc(C#N)c1-c1ccccc1F. Reaction type is Pd catalyzed C-H arylation. The reaction conditions of this reaction are: Palladium Source: [PdCl(allyl)]2. Ligand: c1coc(P(c2ccco2)c2ccco2)c1. Solvent: CC(=O)N(C)C. Base: CsOPiv. Reaction Temperature: 120 degrees centigrade. Reaction Concentration: 0.1 M. Palladium loading: 2.25 mol%. Ligand loading: 5 mol%. Base loading: 3 eq. What is the yield (%) and cost (US dollar per mol) of this reaction?","","-1,-1","[]"
"Here is a chemical reaction. Reactants are: Cn1cnc(C#N)c1, Fc1ccccc1Br. Product is: Cn1cnc(C#N)c1-c1ccccc1F. Reaction type is Pd catalyzed C-H arylation. The reaction conditions of this reaction are: Palladium Source: [PdCl(allyl)]2. Ligand: c1coc(P(c2ccco2)c2ccco2)c1. Solvent: CC(=O)N(C)C. Base: CsOPiv. Reaction Temperature: 90 degrees centigrade. Reaction Concentration: 0.057 M. Palladium loading: 2.25 mol%. Ligand loading: 5 mol%. Base loading: 3 eq. What is the yield (%) and cost (US dollar per mol) of this reaction?","","-1,-1","[]"
"Here is a chemical reaction. Reactants are: Cn1cnc(C#N)c1, Fc1ccccc1Br. Product is: Cn1cnc(C#N)c1-c1ccccc1F. Reaction type is Pd catalyzed C-H arylation. The reaction conditions of this reaction are: Palladium Source: [PdCl(allyl)]2. Ligand: c1coc(P(c2ccco2)c2ccco2)c1. Solvent: CC(=O)N(C)C. Base: CsOPiv. Reaction Temperature: 105 degrees centigrade. Reaction Concentration: 0.057 M. Palladium loading: 2.25 mol%. Ligand loading: 5 mol%. Base loading: 3 eq. What is the yield (%) and cost (US dollar per mol) of this reaction?","","-1,-1","[]"
"Here is a chemical reaction. Reactants are: Cn1cnc(C#N)c1, Fc1ccccc1Br. Product is: Cn1cnc(C#N)c1-c1ccccc1F. Reaction type is Pd catalyzed C-H arylation. The reaction conditions of this reaction are: Palladium Source: [PdCl(allyl)]2. Ligand: c1coc(P(c2ccco2)c2ccco2)c1. Solvent: CC(=O)N(C)C. Base: CsOPiv. Reaction Temperature: 120 degrees centigrade. Reaction Concentration: 0.057 M. Palladium loading: 2.25 mol%. Ligand loading: 5 mol%. Base loading: 3 eq. What is the yield (%) and cost (US dollar per mol) of this reaction?","","-1,-1","[]"
"Here is a chemical reaction. Reactants are: Cn1cnc(C#N)c1, Fc1ccccc1Br. Product is: Cn1cnc(C#N)c1-c1ccccc1F. Reaction type is Pd catalyzed C-H arylation. The reaction conditions of this reaction are: Palladium Source: [PdCl(allyl)]2. Ligand: c1coc(P(c2ccco2)c2ccco2)c1. Solvent: CC(=O)N(C)C. Base: CsOPiv. Reaction Temperature: 90 degrees centigrade. Reaction Concentration: 0.153 M. Palladium loading: 2.25 mol%. Ligand loading: 5 mol%. Base loading: 3 eq. What is the yield (%) and cost (US dollar per mol) of this reaction?","","-1,-1","[]"
"Here is a chemical reaction. Reactants are: Cn1cnc(C#N)c1, Fc1ccccc1Br. Product is: Cn1cnc(C#N)c1-c1ccccc1F. Reaction type is Pd catalyzed C-H arylation. The reaction conditions of this reaction are: Palladium Source: [PdCl(allyl)]2. Ligand: c1coc(P(c2ccco2)c2ccco2)c1. Solvent: CC(=O)N(C)C. Base: CsOPiv. Reaction Temperature: 105 degrees centigrade. Reaction Concentration: 0.153 M. Palladium loading: 2.25 mol%. Ligand loading: 5 mol%. Base loading: 3 eq. What is the yield (%) and cost (US dollar per mol) of this reaction?","","-1,-1","[]"
"Here is a chemical reaction. Reactants are: Cn1cnc(C#N)c1, Fc1ccccc1Br. Product is: Cn1cnc(C#N)c1-c1ccccc1F. Reaction type is Pd catalyzed C-H arylation. The reaction conditions of this reaction are: Palladium Source: [PdCl(allyl)]2. Ligand: c1coc(P(c2ccco2)c2ccco2)c1. Solvent: CC(=O)N(C)C. Base: CsOPiv. Reaction Temperature: 120 degrees centigrade. Reaction Concentration: 0.153 M. Palladium loading: 2.25 mol%. Ligand loading: 5 mol%. Base loading: 3 eq. What is the yield (%) and cost (US dollar per mol) of this reaction?","","-1,-1","[]"
"Here is a chemical reaction. Reactants are: Cn1cnc(C#N)c1, Fc1ccccc1Br. Product is: Cn1cnc(C#N)c1-c1ccccc1F. Reaction type is Pd catalyzed C-H arylation. The reaction conditions of this reaction are: Palladium Source: [PdCl(allyl)]2. Ligand: CP(c1ccccc1)c1ccccc1. Solvent: CCCCOC(C)=O. Base: KOAc. Reaction Temperature: 90 degrees centigrade. Reaction Concentration: 0.1 M. Palladium loading: 2.25 mol%. Ligand loading: 5 mol%. Base loading: 3 eq. What is the yield (%) and cost (US dollar per mol) of this reaction?","","-1,-1","[]"
"Here is a chemical reaction. Reactants are: Cn1cnc(C#N)c1, Fc1ccccc1Br. Product is: Cn1cnc(C#N)c1-c1ccccc1F. Reaction type is Pd catalyzed C-H arylation. The reaction conditions of this reaction are: Palladium Source: [PdCl(allyl)]2. Ligand: CP(c1ccccc1)c1ccccc1. Solvent: CCCCOC(C)=O. Base: KOAc. Reaction Temperature: 105 degrees centigrade. Reaction Concentration: 0.1 M. Palladium loading: 2.25 mol%. Ligand loading: 5 mol%. Base loading: 3 eq. What is the yield (%) and cost (US dollar per mol) of this reaction?","","-1,-1","[]"
"Here is a chemical reaction. Reactants are: Cn1cnc(C#N)c1, Fc1ccccc1Br. Product is: Cn1cnc(C#N)c1-c1ccccc1F. Reaction type is Pd catalyzed C-H arylation. The reaction conditions of this reaction are: Palladium Source: [PdCl(allyl)]2. Ligand: CP(c1ccccc1)c1ccccc1. Solvent: CCCCOC(C)=O. Base: KOAc. Reaction Temperature: 120 degrees centigrade. Reaction Concentration: 0.1 M. Palladium loading: 2.25 mol%. Ligand loading: 5 mol%. Base loading: 3 eq. What is the yield (%) and cost (US dollar per mol) of this reaction?","","-1,-1","[]"
"Here is a chemical reaction. Reactants are: Cn1cnc(C#N)c1, Fc1ccccc1Br. Product is: Cn1cnc(C#N)c1-c1ccccc1F. Reaction type is Pd catalyzed C-H arylation. The reaction conditions of this reaction are: Palladium Source: [PdCl(allyl)]2. Ligand: CP(c1ccccc1)c1ccccc1. Solvent: CCCCOC(C)=O. Base: KOAc. Reaction Temperature: 90 degrees centigrade. Reaction Concentration: 0.057 M. Palladium loading: 2.25 mol%. Ligand loading: 5 mol%. Base loading: 3 eq. What is the yield (%) and cost (US dollar per mol) of this reaction?","","-1,-1","[]"
"Here is a chemical reaction. Reactants are: Cn1cnc(C#N)c1, Fc1ccccc1Br. Product is: Cn1cnc(C#N)c1-c1ccccc1F. Reaction type is Pd catalyzed C-H arylation. The reaction conditions of this reaction are: Palladium Source: [PdCl(allyl)]2. Ligand: CP(c1ccccc1)c1ccccc1. Solvent: CCCCOC(C)=O. Base: KOAc. Reaction Temperature: 105 degrees centigrade. Reaction Concentration: 0.057 M. Palladium loading: 2.25 mol%. Ligand loading: 5 mol%. Base loading: 3 eq. What is the yield (%) and cost (US dollar per mol) of this reaction?","","-1,-1","[]"
"Here is a chemical reaction. Reactants are: Cn1cnc(C#N)c1, Fc1ccccc1Br. Product is: Cn1cnc(C#N)c1-c1ccccc1F. Reaction type is Pd catalyzed C-H arylation. The reaction conditions of this reaction are: Palladium Source: [PdCl(allyl)]2. Ligand: CP(c1ccccc1)c1ccccc1. Solvent: CCCCOC(C)=O. Base: KOAc. Reaction Temperature: 120 degrees centigrade. Reaction Concentration: 0.057 M. Palladium loading: 2.25 mol%. Ligand loading: 5 mol%. Base loading: 3 eq. What is the yield (%) and cost (US dollar per mol) of this reaction?","","-1,-1","[]"
"Here is a chemical reaction. Reactants are: Cn1cnc(C#N)c1, Fc1ccccc1Br. Product is: Cn1cnc(C#N)c1-c1ccccc1F. Reaction type is Pd catalyzed C-H arylation. The reaction conditions of this reaction are: Palladium Source: [PdCl(allyl)]2. Ligand: CP(c1ccccc1)c1ccccc1. Solvent: CCCCOC(C)=O. Base: KOAc. Reaction Temperature: 90 degrees centigrade. Reaction Concentration: 0.153 M. Palladium loading: 2.25 mol%. Ligand loading: 5 mol%. Base loading: 3 eq. What is the yield (%) and cost (US dollar per mol) of this reaction?","","-1,-1","[]"
"Here is a chemical reaction. Reactants are: Cn1cnc(C#N)c1, Fc1ccccc1Br. Product is: Cn1cnc(C#N)c1-c1ccccc1F. Reaction type is Pd catalyzed C-H arylation. The reaction conditions of this reaction are: Palladium Source: [PdCl(allyl)]2. Ligand: CP(c1ccccc1)c1ccccc1. Solvent: CCCCOC(C)=O. Base: KOAc. Reaction Temperature: 105 degrees centigrade. Reaction Concentration: 0.153 M. Palladium loading: 2.25 mol%. Ligand loading: 5 mol%. Base loading: 3 eq. What is the yield (%) and cost (US dollar per mol) of this reaction?","","-1,-1","[]"
"Here is a chemical reaction. Reactants are: Cn1cnc(C#N)c1, Fc1ccccc1Br. Product is: Cn1cnc(C#N)c1-c1ccccc1F. Reaction type is Pd catalyzed C-H arylation. The reaction conditions of this reaction are: Palladium Source: [PdCl(allyl)]2. Ligand: CP(c1ccccc1)c1ccccc1. Solvent: CCCCOC(C)=O. Base: KOAc. Reaction Temperature: 120 degrees centigrade. Reaction Concentration: 0.153 M. Palladium loading: 2.25 mol%. Ligand loading: 5 mol%. Base loading: 3 eq. What is the yield (%) and cost (US dollar per mol) of this reaction?","","-1,-1","[]"
"Here is a chemical reaction. Reactants are: Cn1cnc(C#N)c1, Fc1ccccc1Br. Product is: Cn1cnc(C#N)c1-c1ccccc1F. Reaction type is Pd catalyzed C-H arylation. The reaction conditions of this reaction are: Palladium Source: [PdCl(allyl)]2. Ligand: CP(c1ccccc1)c1ccccc1. Solvent: CCCC#N. Base: KOAc. Reaction Temperature: 90 degrees centigrade. Reaction Concentration: 0.1 M. Palladium loading: 2.25 mol%. Ligand loading: 5 mol%. Base loading: 3 eq. What is the yield (%) and cost (US dollar per mol) of this reaction?","","-1,-1","[]"
"Here is a chemical reaction. Reactants are: Cn1cnc(C#N)c1, Fc1ccccc1Br. Product is: Cn1cnc(C#N)c1-c1ccccc1F. Reaction type is Pd catalyzed C-H arylation. The reaction conditions of this reaction are: Palladium Source: [PdCl(allyl)]2. Ligand: CP(c1ccccc1)c1ccccc1. Solvent: CCCC#N. Base: KOAc. Reaction Temperature: 105 degrees centigrade. Reaction Concentration: 0.1 M. Palladium loading: 2.25 mol%. Ligand loading: 5 mol%. Base loading: 3 eq. What is the yield (%) and cost (US dollar per mol) of this reaction?","","-1,-1","[]"
"Here is a chemical reaction. Reactants are: Cn1cnc(C#N)c1, Fc1ccccc1Br. Product is: Cn1cnc(C#N)c1-c1ccccc1F. Reaction type is Pd catalyzed C-H arylation. The reaction conditions of this reaction are: Palladium Source: [PdCl(allyl)]2. Ligand: CP(c1ccccc1)c1ccccc1. Solvent: CCCC#N. Base: KOAc. Reaction Temperature: 120 degrees centigrade. Reaction Concentration: 0.1 M. Palladium loading: 2.25 mol%. Ligand loading: 5 mol%. Base loading: 3 eq. What is the yield (%) and cost (US dollar per mol) of this reaction?","","-1,-1","[]"
"Here is a chemical reaction. Reactants are: Cn1cnc(C#N)c1, Fc1ccccc1Br. Product is: Cn1cnc(C#N)c1-c1ccccc1F. Reaction type is Pd catalyzed C-H arylation. The reaction conditions of this reaction are: Palladium Source: [PdCl(allyl)]2. Ligand: CP(c1ccccc1)c1ccccc1. Solvent: CCCC#N. Base: KOAc. Reaction Temperature: 90 degrees centigrade. Reaction Concentration: 0.057 M. Palladium loading: 2.25 mol%. Ligand loading: 5 mol%. Base loading: 3 eq. What is the yield (%) and cost (US dollar per mol) of this reaction?","","-1,-1","[]"
"Here is a chemical reaction. Reactants are: Cn1cnc(C#N)c1, Fc1ccccc1Br. Product is: Cn1cnc(C#N)c1-c1ccccc1F. Reaction type is Pd catalyzed C-H arylation. The reaction conditions of this reaction are: Palladium Source: [PdCl(allyl)]2. Ligand: CP(c1ccccc1)c1ccccc1. Solvent: CCCC#N. Base: KOAc. Reaction Temperature: 105 degrees centigrade. Reaction Concentration: 0.057 M. Palladium loading: 2.25 mol%. Ligand loading: 5 mol%. Base loading: 3 eq. What is the yield (%) and cost (US dollar per mol) of this reaction?","","-1,-1","[]"
"Here is a chemical reaction. Reactants are: Cn1cnc(C#N)c1, Fc1ccccc1Br. Product is: Cn1cnc(C#N)c1-c1ccccc1F. Reaction type is Pd catalyzed C-H arylation. The reaction conditions of this reaction are: Palladium Source: [PdCl(allyl)]2. Ligand: CP(c1ccccc1)c1ccccc1. Solvent: CCCC#N. Base: KOAc. Reaction Temperature: 120 degrees centigrade. Reaction Concentration: 0.057 M. Palladium loading: 2.25 mol%. Ligand loading: 5 mol%. Base loading: 3 eq. What is the yield (%) and cost (US dollar per mol) of this reaction?","","-1,-1","[]"
"Here is a chemical reaction. Reactants are: Cn1cnc(C#N)c1, Fc1ccccc1Br. Product is: Cn1cnc(C#N)c1-c1ccccc1F. Reaction type is Pd catalyzed C-H arylation. The reaction conditions of this reaction are: Palladium Source: [PdCl(allyl)]2. Ligand: CP(c1ccccc1)c1ccccc1. Solvent: CCCC#N. Base: KOAc. Reaction Temperature: 90 degrees centigrade. Reaction Concentration: 0.153 M. Palladium loading: 2.25 mol%. Ligand loading: 5 mol%. Base loading: 3 eq. What is the yield (%) and cost (US dollar per mol) of this reaction?","","-1,-1","[]"
"Here is a chemical reaction. Reactants are: Cn1cnc(C#N)c1, Fc1ccccc1Br. Product is: Cn1cnc(C#N)c1-c1ccccc1F. Reaction type is Pd catalyzed C-H arylation. The reaction conditions of this reaction are: Palladium Source: [PdCl(allyl)]2. Ligand: CP(c1ccccc1)c1ccccc1. Solvent: CCCC#N. Base: KOAc. Reaction Temperature: 105 degrees centigrade. Reaction Concentration: 0.153 M. Palladium loading: 2.25 mol%. Ligand loading: 5 mol%. Base loading: 3 eq. What is the yield (%) and cost (US dollar per mol) of this reaction?","","-1,-1","[]"
"Here is a chemical reaction. Reactants are: Cn1cnc(C#N)c1, Fc1ccccc1Br. Product is: Cn1cnc(C#N)c1-c1ccccc1F. Reaction type is Pd catalyzed C-H arylation. The reaction conditions of this reaction are: Palladium Source: [PdCl(allyl)]2. Ligand: CP(c1ccccc1)c1ccccc1. Solvent: CCCC#N. Base: KOAc. Reaction Temperature: 120 degrees centigrade. Reaction Concentration: 0.153 M. Palladium loading: 2.25 mol%. Ligand loading: 5 mol%. Base loading: 3 eq. What is the yield (%) and cost (US dollar per mol) of this reaction?","","-1,-1","[]"
"Here is a chemical reaction. Reactants are: Cn1cnc(C#N)c1, Fc1ccccc1Br. Product is: Cn1cnc(C#N)c1-c1ccccc1F. Reaction type is Pd catalyzed C-H arylation. The reaction conditions of this reaction are: Palladium Source: [PdCl(allyl)]2. Ligand: CP(c1ccccc1)c1ccccc1. Solvent: Cc1ccc(C)cc1. Base: KOAc. Reaction Temperature: 90 degrees centigrade. Reaction Concentration: 0.1 M. Palladium loading: 2.25 mol%. Ligand loading: 5 mol%. Base loading: 3 eq. What is the yield (%) and cost (US dollar per mol) of this reaction?","","-1,-1","[]"
"Here is a chemical reaction. Reactants are: Cn1cnc(C#N)c1, Fc1ccccc1Br. Product is: Cn1cnc(C#N)c1-c1ccccc1F. Reaction type is Pd catalyzed C-H arylation. The reaction conditions of this reaction are: Palladium Source: [PdCl(allyl)]2. Ligand: CP(c1ccccc1)c1ccccc1. Solvent: Cc1ccc(C)cc1. Base: KOAc. Reaction Temperature: 105 degrees centigrade. Reaction Concentration: 0.1 M. Palladium loading: 2.25 mol%. Ligand loading: 5 mol%. Base loading: 3 eq. What is the yield (%) and cost (US dollar per mol) of this reaction?","","-1,-1","[]"
"Here is a chemical reaction. Reactants are: Cn1cnc(C#N)c1, Fc1ccccc1Br. Product is: Cn1cnc(C#N)c1-c1ccccc1F. Reaction type is Pd catalyzed C-H arylation. The reaction conditions of this reaction are: Palladium Source: [PdCl(allyl)]2. Ligand: CP(c1ccccc1)c1ccccc1. Solvent: Cc1ccc(C)cc1. Base: KOAc. Reaction Temperature: 120 degrees centigrade. Reaction Concentration: 0.1 M. Palladium loading: 2.25 mol%. Ligand loading: 5 mol%. Base loading: 3 eq. What is the yield (%) and cost (US dollar per mol) of this reaction?","","-1,-1","[]"
"Here is a chemical reaction. Reactants are: Cn1cnc(C#N)c1, Fc1ccccc1Br. Product is: Cn1cnc(C#N)c1-c1ccccc1F. Reaction type is Pd catalyzed C-H arylation. The reaction conditions of this reaction are: Palladium Source: [PdCl(allyl)]2. Ligand: CP(c1ccccc1)c1ccccc1. Solvent: Cc1ccc(C)cc1. Base: KOAc. Reaction Temperature: 90 degrees centigrade. Reaction Concentration: 0.057 M. Palladium loading: 2.25 mol%. Ligand loading: 5 mol%. Base loading: 3 eq. What is the yield (%) and cost (US dollar per mol) of this reaction?","","-1,-1","[]"
"Here is a chemical reaction. Reactants are: Cn1cnc(C#N)c1, Fc1ccccc1Br. Product is: Cn1cnc(C#N)c1-c1ccccc1F. Reaction type is Pd catalyzed C-H arylation. The reaction conditions of this reaction are: Palladium Source: [PdCl(allyl)]2. Ligand: CP(c1ccccc1)c1ccccc1. Solvent: Cc1ccc(C)cc1. Base: KOAc. Reaction Temperature: 105 degrees centigrade. Reaction Concentration: 0.057 M. Palladium loading: 2.25 mol%. Ligand loading: 5 mol%. Base loading: 3 eq. What is the yield (%) and cost (US dollar per mol) of this reaction?","","-1,-1","[]"
"Here is a chemical reaction. Reactants are: Cn1cnc(C#N)c1, Fc1ccccc1Br. Product is: Cn1cnc(C#N)c1-c1ccccc1F. Reaction type is Pd catalyzed C-H arylation. The reaction conditions of this reaction are: Palladium Source: [PdCl(allyl)]2. Ligand: CP(c1ccccc1)c1ccccc1. Solvent: Cc1ccc(C)cc1. Base: KOAc. Reaction Temperature: 120 degrees centigrade. Reaction Concentration: 0.057 M. Palladium loading: 2.25 mol%. Ligand loading: 5 mol%. Base loading: 3 eq. What is the yield (%) and cost (US dollar per mol) of this reaction?","","-1,-1","[]"
"Here is a chemical reaction. Reactants are: Cn1cnc(C#N)c1, Fc1ccccc1Br. Product is: Cn1cnc(C#N)c1-c1ccccc1F. Reaction type is Pd catalyzed C-H arylation. The reaction conditions of this reaction are: Palladium Source: [PdCl(allyl)]2. Ligand: CP(c1ccccc1)c1ccccc1. Solvent: Cc1ccc(C)cc1. Base: KOAc. Reaction Temperature: 90 degrees centigrade. Reaction Concentration: 0.153 M. Palladium loading: 2.25 mol%. Ligand loading: 5 mol%. Base loading: 3 eq. What is the yield (%) and cost (US dollar per mol) of this reaction?","","-1,-1","[]"
"Here is a chemical reaction. Reactants are: Cn1cnc(C#N)c1, Fc1ccccc1Br. Product is: Cn1cnc(C#N)c1-c1ccccc1F. Reaction type is Pd catalyzed C-H arylation. The reaction conditions of this reaction are: Palladium Source: [PdCl(allyl)]2. Ligand: CP(c1ccccc1)c1ccccc1. Solvent: Cc1ccc(C)cc1. Base: KOAc. Reaction Temperature: 105 degrees centigrade. Reaction Concentration: 0.153 M. Palladium loading: 2.25 mol%. Ligand loading: 5 mol%. Base loading: 3 eq. What is the yield (%) and cost (US dollar per mol) of this reaction?","","-1,-1","[]"
"Here is a chemical reaction. Reactants are: Cn1cnc(C#N)c1, Fc1ccccc1Br. Product is: Cn1cnc(C#N)c1-c1ccccc1F. Reaction type is Pd catalyzed C-H arylation. The reaction conditions of this reaction are: Palladium Source: [PdCl(allyl)]2. Ligand: CP(c1ccccc1)c1ccccc1. Solvent: Cc1ccc(C)cc1. Base: KOAc. Reaction Temperature: 120 degrees centigrade. Reaction Concentration: 0.153 M. Palladium loading: 2.25 mol%. Ligand loading: 5 mol%. Base loading: 3 eq. What is the yield (%) and cost (US dollar per mol) of this reaction?","","-1,-1","[]"
"Here is a chemical reaction. Reactants are: Cn1cnc(C#N)c1, Fc1ccccc1Br. Product is: Cn1cnc(C#N)c1-c1ccccc1F. Reaction type is Pd catalyzed C-H arylation. The reaction conditions of this reaction are: Palladium Source: [PdCl(allyl)]2. Ligand: CP(c1ccccc1)c1ccccc1. Solvent: CC(=O)N(C)C. Base: KOAc. Reaction Temperature: 90 degrees centigrade. Reaction Concentration: 0.1 M. Palladium loading: 2.25 mol%. Ligand loading: 5 mol%. Base loading: 3 eq. What is the yield (%) and cost (US dollar per mol) of this reaction?","","-1,-1","[]"
"Here is a chemical reaction. Reactants are: Cn1cnc(C#N)c1, Fc1ccccc1Br. Product is: Cn1cnc(C#N)c1-c1ccccc1F. Reaction type is Pd catalyzed C-H arylation. The reaction conditions of this reaction are: Palladium Source: [PdCl(allyl)]2. Ligand: CP(c1ccccc1)c1ccccc1. Solvent: CC(=O)N(C)C. Base: KOAc. Reaction Temperature: 105 degrees centigrade. Reaction Concentration: 0.1 M. Palladium loading: 2.25 mol%. Ligand loading: 5 mol%. Base loading: 3 eq. What is the yield (%) and cost (US dollar per mol) of this reaction?","","-1,-1","[]"
"Here is a chemical reaction. Reactants are: Cn1cnc(C#N)c1, Fc1ccccc1Br. Product is: Cn1cnc(C#N)c1-c1ccccc1F. Reaction type is Pd catalyzed C-H arylation. The reaction conditions of this reaction are: Palladium Source: [PdCl(allyl)]2. Ligand: CP(c1ccccc1)c1ccccc1. Solvent: CC(=O)N(C)C. Base: KOAc. Reaction Temperature: 120 degrees centigrade. Reaction Concentration: 0.1 M. Palladium loading: 2.25 mol%. Ligand loading: 5 mol%. Base loading: 3 eq. What is the yield (%) and cost (US dollar per mol) of this reaction?","","-1,-1","[]"
"Here is a chemical reaction. Reactants are: Cn1cnc(C#N)c1, Fc1ccccc1Br. Product is: Cn1cnc(C#N)c1-c1ccccc1F. Reaction type is Pd catalyzed C-H arylation. The reaction conditions of this reaction are: Palladium Source: [PdCl(allyl)]2. Ligand: CP(c1ccccc1)c1ccccc1. Solvent: CC(=O)N(C)C. Base: KOAc. Reaction Temperature: 90 degrees centigrade. Reaction Concentration: 0.057 M. Palladium loading: 2.25 mol%. Ligand loading: 5 mol%. Base loading: 3 eq. What is the yield (%) and cost (US dollar per mol) of this reaction?","","-1,-1","[]"
"Here is a chemical reaction. Reactants are: Cn1cnc(C#N)c1, Fc1ccccc1Br. Product is: Cn1cnc(C#N)c1-c1ccccc1F. Reaction type is Pd catalyzed C-H arylation. The reaction conditions of this reaction are: Palladium Source: [PdCl(allyl)]2. Ligand: CP(c1ccccc1)c1ccccc1. Solvent: CC(=O)N(C)C. Base: KOAc. Reaction Temperature: 105 degrees centigrade. Reaction Concentration: 0.057 M. Palladium loading: 2.25 mol%. Ligand loading: 5 mol%. Base loading: 3 eq. What is the yield (%) and cost (US dollar per mol) of this reaction?","","-1,-1","[]"
"Here is a chemical reaction. Reactants are: Cn1cnc(C#N)c1, Fc1ccccc1Br. Product is: Cn1cnc(C#N)c1-c1ccccc1F. Reaction type is Pd catalyzed C-H arylation. The reaction conditions of this reaction are: Palladium Source: [PdCl(allyl)]2. Ligand: CP(c1ccccc1)c1ccccc1. Solvent: CC(=O)N(C)C. Base: KOAc. Reaction Temperature: 120 degrees centigrade. Reaction Concentration: 0.057 M. Palladium loading: 2.25 mol%. Ligand loading: 5 mol%. Base loading: 3 eq. What is the yield (%) and cost (US dollar per mol) of this reaction?","","-1,-1","[]"
"Here is a chemical reaction. Reactants are: Cn1cnc(C#N)c1, Fc1ccccc1Br. Product is: Cn1cnc(C#N)c1-c1ccccc1F. Reaction type is Pd catalyzed C-H arylation. The reaction conditions of this reaction are: Palladium Source: [PdCl(allyl)]2. Ligand: CP(c1ccccc1)c1ccccc1. Solvent: CC(=O)N(C)C. Base: KOAc. Reaction Temperature: 90 degrees centigrade. Reaction Concentration: 0.153 M. Palladium loading: 2.25 mol%. Ligand loading: 5 mol%. Base loading: 3 eq. What is the yield (%) and cost (US dollar per mol) of this reaction?","","-1,-1","[]"
"Here is a chemical reaction. Reactants are: Cn1cnc(C#N)c1, Fc1ccccc1Br. Product is: Cn1cnc(C#N)c1-c1ccccc1F. Reaction type is Pd catalyzed C-H arylation. The reaction conditions of this reaction are: Palladium Source: [PdCl(allyl)]2. Ligand: CP(c1ccccc1)c1ccccc1. Solvent: CC(=O)N(C)C. Base: KOAc. Reaction Temperature: 105 degrees centigrade. Reaction Concentration: 0.153 M. Palladium loading: 2.25 mol%. Ligand loading: 5 mol%. Base loading: 3 eq. What is the yield (%) and cost (US dollar per mol) of this reaction?","","-1,-1","[]"
"Here is a chemical reaction. Reactants are: Cn1cnc(C#N)c1, Fc1ccccc1Br. Product is: Cn1cnc(C#N)c1-c1ccccc1F. Reaction type is Pd catalyzed C-H arylation. The reaction conditions of this reaction are: Palladium Source: [PdCl(allyl)]2. Ligand: CP(c1ccccc1)c1ccccc1. Solvent: CC(=O)N(C)C. Base: KOAc. Reaction Temperature: 120 degrees centigrade. Reaction Concentration: 0.153 M. Palladium loading: 2.25 mol%. Ligand loading: 5 mol%. Base loading: 3 eq. What is the yield (%) and cost (US dollar per mol) of this reaction?","","-1,-1","[]"
"Here is a chemical reaction. Reactants are: Cn1cnc(C#N)c1, Fc1ccccc1Br. Product is: Cn1cnc(C#N)c1-c1ccccc1F. Reaction type is Pd catalyzed C-H arylation. The reaction conditions of this reaction are: Palladium Source: [PdCl(allyl)]2. Ligand: CP(c1ccccc1)c1ccccc1. Solvent: CCCCOC(C)=O. Base: CsOAc. Reaction Temperature: 90 degrees centigrade. Reaction Concentration: 0.1 M. Palladium loading: 2.25 mol%. Ligand loading: 5 mol%. Base loading: 3 eq. What is the yield (%) and cost (US dollar per mol) of this reaction?","","-1,-1","[]"
"Here is a chemical reaction. Reactants are: Cn1cnc(C#N)c1, Fc1ccccc1Br. Product is: Cn1cnc(C#N)c1-c1ccccc1F. Reaction type is Pd catalyzed C-H arylation. The reaction conditions of this reaction are: Palladium Source: [PdCl(allyl)]2. Ligand: CP(c1ccccc1)c1ccccc1. Solvent: CCCCOC(C)=O. Base: CsOAc. Reaction Temperature: 105 degrees centigrade. Reaction Concentration: 0.1 M. Palladium loading: 2.25 mol%. Ligand loading: 5 mol%. Base loading: 3 eq. What is the yield (%) and cost (US dollar per mol) of this reaction?","","-1,-1","[]"
"Here is a chemical reaction. Reactants are: Cn1cnc(C#N)c1, Fc1ccccc1Br. Product is: Cn1cnc(C#N)c1-c1ccccc1F. Reaction type is Pd catalyzed C-H arylation. The reaction conditions of this reaction are: Palladium Source: [PdCl(allyl)]2. Ligand: CP(c1ccccc1)c1ccccc1. Solvent: CCCCOC(C)=O. Base: CsOAc. Reaction Temperature: 120 degrees centigrade. Reaction Concentration: 0.1 M. Palladium loading: 2.25 mol%. Ligand loading: 5 mol%. Base loading: 3 eq. What is the yield (%) and cost (US dollar per mol) of this reaction?","","-1,-1","[]"
"Here is a chemical reaction. Reactants are: Cn1cnc(C#N)c1, Fc1ccccc1Br. Product is: Cn1cnc(C#N)c1-c1ccccc1F. Reaction type is Pd catalyzed C-H arylation. The reaction conditions of this reaction are: Palladium Source: [PdCl(allyl)]2. Ligand: CP(c1ccccc1)c1ccccc1. Solvent: CCCCOC(C)=O. Base: CsOAc. Reaction Temperature: 90 degrees centigrade. Reaction Concentration: 0.057 M. Palladium loading: 2.25 mol%. Ligand loading: 5 mol%. Base loading: 3 eq. What is the yield (%) and cost (US dollar per mol) of this reaction?","","-1,-1","[]"
"Here is a chemical reaction. Reactants are: Cn1cnc(C#N)c1, Fc1ccccc1Br. Product is: Cn1cnc(C#N)c1-c1ccccc1F. Reaction type is Pd catalyzed C-H arylation. The reaction conditions of this reaction are: Palladium Source: [PdCl(allyl)]2. Ligand: CP(c1ccccc1)c1ccccc1. Solvent: CCCCOC(C)=O. Base: CsOAc. Reaction Temperature: 105 degrees centigrade. Reaction Concentration: 0.057 M. Palladium loading: 2.25 mol%. Ligand loading: 5 mol%. Base loading: 3 eq. What is the yield (%) and cost (US dollar per mol) of this reaction?","","-1,-1","[]"
"Here is a chemical reaction. Reactants are: Cn1cnc(C#N)c1, Fc1ccccc1Br. Product is: Cn1cnc(C#N)c1-c1ccccc1F. Reaction type is Pd catalyzed C-H arylation. The reaction conditions of this reaction are: Palladium Source: [PdCl(allyl)]2. Ligand: CP(c1ccccc1)c1ccccc1. Solvent: CCCCOC(C)=O. Base: CsOAc. Reaction Temperature: 120 degrees centigrade. Reaction Concentration: 0.057 M. Palladium loading: 2.25 mol%. Ligand loading: 5 mol%. Base loading: 3 eq. What is the yield (%) and cost (US dollar per mol) of this reaction?","","-1,-1","[]"
"Here is a chemical reaction. Reactants are: Cn1cnc(C#N)c1, Fc1ccccc1Br. Product is: Cn1cnc(C#N)c1-c1ccccc1F. Reaction type is Pd catalyzed C-H arylation. The reaction conditions of this reaction are: Palladium Source: [PdCl(allyl)]2. Ligand: CP(c1ccccc1)c1ccccc1. Solvent: CCCCOC(C)=O. Base: CsOAc. Reaction Temperature: 90 degrees centigrade. Reaction Concentration: 0.153 M. Palladium loading: 2.25 mol%. Ligand loading: 5 mol%. Base loading: 3 eq. What is the yield (%) and cost (US dollar per mol) of this reaction?","","-1,-1","[]"
"Here is a chemical reaction. Reactants are: Cn1cnc(C#N)c1, Fc1ccccc1Br. Product is: Cn1cnc(C#N)c1-c1ccccc1F. Reaction type is Pd catalyzed C-H arylation. The reaction conditions of this reaction are: Palladium Source: [PdCl(allyl)]2. Ligand: CP(c1ccccc1)c1ccccc1. Solvent: CCCCOC(C)=O. Base: CsOAc. Reaction Temperature: 105 degrees centigrade. Reaction Concentration: 0.153 M. Palladium loading: 2.25 mol%. Ligand loading: 5 mol%. Base loading: 3 eq. What is the yield (%) and cost (US dollar per mol) of this reaction?","","-1,-1","[]"
"Here is a chemical reaction. Reactants are: Cn1cnc(C#N)c1, Fc1ccccc1Br. Product is: Cn1cnc(C#N)c1-c1ccccc1F. Reaction type is Pd catalyzed C-H arylation. The reaction conditions of this reaction are: Palladium Source: [PdCl(allyl)]2. Ligand: CP(c1ccccc1)c1ccccc1. Solvent: CCCCOC(C)=O. Base: CsOAc. Reaction Temperature: 120 degrees centigrade. Reaction Concentration: 0.153 M. Palladium loading: 2.25 mol%. Ligand loading: 5 mol%. Base loading: 3 eq. What is the yield (%) and cost (US dollar per mol) of this reaction?","","-1,-1","[]"
"Here is a chemical reaction. Reactants are: Cn1cnc(C#N)c1, Fc1ccccc1Br. Product is: Cn1cnc(C#N)c1-c1ccccc1F. Reaction type is Pd catalyzed C-H arylation. The reaction conditions of this reaction are: Palladium Source: [PdCl(allyl)]2. Ligand: CP(c1ccccc1)c1ccccc1. Solvent: CCCC#N. Base: CsOAc. Reaction Temperature: 90 degrees centigrade. Reaction Concentration: 0.1 M. Palladium loading: 2.25 mol%. Ligand loading: 5 mol%. Base loading: 3 eq. What is the yield (%) and cost (US dollar per mol) of this reaction?","","-1,-1","[]"
"Here is a chemical reaction. Reactants are: Cn1cnc(C#N)c1, Fc1ccccc1Br. Product is: Cn1cnc(C#N)c1-c1ccccc1F. Reaction type is Pd catalyzed C-H arylation. The reaction conditions of this reaction are: Palladium Source: [PdCl(allyl)]2. Ligand: CP(c1ccccc1)c1ccccc1. Solvent: CCCC#N. Base: CsOAc. Reaction Temperature: 105 degrees centigrade. Reaction Concentration: 0.1 M. Palladium loading: 2.25 mol%. Ligand loading: 5 mol%. Base loading: 3 eq. What is the yield (%) and cost (US dollar per mol) of this reaction?","","-1,-1","[]"
"Here is a chemical reaction. Reactants are: Cn1cnc(C#N)c1, Fc1ccccc1Br. Product is: Cn1cnc(C#N)c1-c1ccccc1F. Reaction type is Pd catalyzed C-H arylation. The reaction conditions of this reaction are: Palladium Source: [PdCl(allyl)]2. Ligand: CP(c1ccccc1)c1ccccc1. Solvent: CCCC#N. Base: CsOAc. Reaction Temperature: 120 degrees centigrade. Reaction Concentration: 0.1 M. Palladium loading: 2.25 mol%. Ligand loading: 5 mol%. Base loading: 3 eq. What is the yield (%) and cost (US dollar per mol) of this reaction?","","-1,-1","[]"
"Here is a chemical reaction. Reactants are: Cn1cnc(C#N)c1, Fc1ccccc1Br. Product is: Cn1cnc(C#N)c1-c1ccccc1F. Reaction type is Pd catalyzed C-H arylation. The reaction conditions of this reaction are: Palladium Source: [PdCl(allyl)]2. Ligand: CP(c1ccccc1)c1ccccc1. Solvent: CCCC#N. Base: CsOAc. Reaction Temperature: 90 degrees centigrade. Reaction Concentration: 0.057 M. Palladium loading: 2.25 mol%. Ligand loading: 5 mol%. Base loading: 3 eq. What is the yield (%) and cost (US dollar per mol) of this reaction?","","-1,-1","[]"
"Here is a chemical reaction. Reactants are: Cn1cnc(C#N)c1, Fc1ccccc1Br. Product is: Cn1cnc(C#N)c1-c1ccccc1F. Reaction type is Pd catalyzed C-H arylation. The reaction conditions of this reaction are: Palladium Source: [PdCl(allyl)]2. Ligand: CP(c1ccccc1)c1ccccc1. Solvent: CCCC#N. Base: CsOAc. Reaction Temperature: 105 degrees centigrade. Reaction Concentration: 0.057 M. Palladium loading: 2.25 mol%. Ligand loading: 5 mol%. Base loading: 3 eq. What is the yield (%) and cost (US dollar per mol) of this reaction?","","-1,-1","[]"
"Here is a chemical reaction. Reactants are: Cn1cnc(C#N)c1, Fc1ccccc1Br. Product is: Cn1cnc(C#N)c1-c1ccccc1F. Reaction type is Pd catalyzed C-H arylation. The reaction conditions of this reaction are: Palladium Source: [PdCl(allyl)]2. Ligand: CP(c1ccccc1)c1ccccc1. Solvent: CCCC#N. Base: CsOAc. Reaction Temperature: 120 degrees centigrade. Reaction Concentration: 0.057 M. Palladium loading: 2.25 mol%. Ligand loading: 5 mol%. Base loading: 3 eq. What is the yield (%) and cost (US dollar per mol) of this reaction?","","-1,-1","[]"
"Here is a chemical reaction. Reactants are: Cn1cnc(C#N)c1, Fc1ccccc1Br. Product is: Cn1cnc(C#N)c1-c1ccccc1F. Reaction type is Pd catalyzed C-H arylation. The reaction conditions of this reaction are: Palladium Source: [PdCl(allyl)]2. Ligand: CP(c1ccccc1)c1ccccc1. Solvent: CCCC#N. Base: CsOAc. Reaction Temperature: 90 degrees centigrade. Reaction Concentration: 0.153 M. Palladium loading: 2.25 mol%. Ligand loading: 5 mol%. Base loading: 3 eq. What is the yield (%) and cost (US dollar per mol) of this reaction?","","-1,-1","[]"
"Here is a chemical reaction. Reactants are: Cn1cnc(C#N)c1, Fc1ccccc1Br. Product is: Cn1cnc(C#N)c1-c1ccccc1F. Reaction type is Pd catalyzed C-H arylation. The reaction conditions of this reaction are: Palladium Source: [PdCl(allyl)]2. Ligand: CP(c1ccccc1)c1ccccc1. Solvent: CCCC#N. Base: CsOAc. Reaction Temperature: 105 degrees centigrade. Reaction Concentration: 0.153 M. Palladium loading: 2.25 mol%. Ligand loading: 5 mol%. Base loading: 3 eq. What is the yield (%) and cost (US dollar per mol) of this reaction?","","-1,-1","[]"
"Here is a chemical reaction. Reactants are: Cn1cnc(C#N)c1, Fc1ccccc1Br. Product is: Cn1cnc(C#N)c1-c1ccccc1F. Reaction type is Pd catalyzed C-H arylation. The reaction conditions of this reaction are: Palladium Source: [PdCl(allyl)]2. Ligand: CP(c1ccccc1)c1ccccc1. Solvent: CCCC#N. Base: CsOAc. Reaction Temperature: 120 degrees centigrade. Reaction Concentration: 0.153 M. Palladium loading: 2.25 mol%. Ligand loading: 5 mol%. Base loading: 3 eq. What is the yield (%) and cost (US dollar per mol) of this reaction?","","-1,-1","[]"
"Here is a chemical reaction. Reactants are: Cn1cnc(C#N)c1, Fc1ccccc1Br. Product is: Cn1cnc(C#N)c1-c1ccccc1F. Reaction type is Pd catalyzed C-H arylation. The reaction conditions of this reaction are: Palladium Source: [PdCl(allyl)]2. Ligand: CP(c1ccccc1)c1ccccc1. Solvent: Cc1ccc(C)cc1. Base: CsOAc. Reaction Temperature: 90 degrees centigrade. Reaction Concentration: 0.1 M. Palladium loading: 2.25 mol%. Ligand loading: 5 mol%. Base loading: 3 eq. What is the yield (%) and cost (US dollar per mol) of this reaction?","","-1,-1","[]"
"Here is a chemical reaction. Reactants are: Cn1cnc(C#N)c1, Fc1ccccc1Br. Product is: Cn1cnc(C#N)c1-c1ccccc1F. Reaction type is Pd catalyzed C-H arylation. The reaction conditions of this reaction are: Palladium Source: [PdCl(allyl)]2. Ligand: CP(c1ccccc1)c1ccccc1. Solvent: Cc1ccc(C)cc1. Base: CsOAc. Reaction Temperature: 105 degrees centigrade. Reaction Concentration: 0.1 M. Palladium loading: 2.25 mol%. Ligand loading: 5 mol%. Base loading: 3 eq. What is the yield (%) and cost (US dollar per mol) of this reaction?","","-1,-1","[]"
"Here is a chemical reaction. Reactants are: Cn1cnc(C#N)c1, Fc1ccccc1Br. Product is: Cn1cnc(C#N)c1-c1ccccc1F. Reaction type is Pd catalyzed C-H arylation. The reaction conditions of this reaction are: Palladium Source: [PdCl(allyl)]2. Ligand: CP(c1ccccc1)c1ccccc1. Solvent: Cc1ccc(C)cc1. Base: CsOAc. Reaction Temperature: 120 degrees centigrade. Reaction Concentration: 0.1 M. Palladium loading: 2.25 mol%. Ligand loading: 5 mol%. Base loading: 3 eq. What is the yield (%) and cost (US dollar per mol) of this reaction?","","-1,-1","[]"
"Here is a chemical reaction. Reactants are: Cn1cnc(C#N)c1, Fc1ccccc1Br. Product is: Cn1cnc(C#N)c1-c1ccccc1F. Reaction type is Pd catalyzed C-H arylation. The reaction conditions of this reaction are: Palladium Source: [PdCl(allyl)]2. Ligand: CP(c1ccccc1)c1ccccc1. Solvent: Cc1ccc(C)cc1. Base: CsOAc. Reaction Temperature: 90 degrees centigrade. Reaction Concentration: 0.057 M. Palladium loading: 2.25 mol%. Ligand loading: 5 mol%. Base loading: 3 eq. What is the yield (%) and cost (US dollar per mol) of this reaction?","","-1,-1","[]"
"Here is a chemical reaction. Reactants are: Cn1cnc(C#N)c1, Fc1ccccc1Br. Product is: Cn1cnc(C#N)c1-c1ccccc1F. Reaction type is Pd catalyzed C-H arylation. The reaction conditions of this reaction are: Palladium Source: [PdCl(allyl)]2. Ligand: CP(c1ccccc1)c1ccccc1. Solvent: Cc1ccc(C)cc1. Base: CsOAc. Reaction Temperature: 105 degrees centigrade. Reaction Concentration: 0.057 M. Palladium loading: 2.25 mol%. Ligand loading: 5 mol%. Base loading: 3 eq. What is the yield (%) and cost (US dollar per mol) of this reaction?","","-1,-1","[]"
"Here is a chemical reaction. Reactants are: Cn1cnc(C#N)c1, Fc1ccccc1Br. Product is: Cn1cnc(C#N)c1-c1ccccc1F. Reaction type is Pd catalyzed C-H arylation. The reaction conditions of this reaction are: Palladium Source: [PdCl(allyl)]2. Ligand: CP(c1ccccc1)c1ccccc1. Solvent: Cc1ccc(C)cc1. Base: CsOAc. Reaction Temperature: 120 degrees centigrade. Reaction Concentration: 0.057 M. Palladium loading: 2.25 mol%. Ligand loading: 5 mol%. Base loading: 3 eq. What is the yield (%) and cost (US dollar per mol) of this reaction?","","-1,-1","[]"
"Here is a chemical reaction. Reactants are: Cn1cnc(C#N)c1, Fc1ccccc1Br. Product is: Cn1cnc(C#N)c1-c1ccccc1F. Reaction type is Pd catalyzed C-H arylation. The reaction conditions of this reaction are: Palladium Source: [PdCl(allyl)]2. Ligand: CP(c1ccccc1)c1ccccc1. Solvent: Cc1ccc(C)cc1. Base: CsOAc. Reaction Temperature: 90 degrees centigrade. Reaction Concentration: 0.153 M. Palladium loading: 2.25 mol%. Ligand loading: 5 mol%. Base loading: 3 eq. What is the yield (%) and cost (US dollar per mol) of this reaction?","","-1,-1","[]"
"Here is a chemical reaction. Reactants are: Cn1cnc(C#N)c1, Fc1ccccc1Br. Product is: Cn1cnc(C#N)c1-c1ccccc1F. Reaction type is Pd catalyzed C-H arylation. The reaction conditions of this reaction are: Palladium Source: [PdCl(allyl)]2. Ligand: CP(c1ccccc1)c1ccccc1. Solvent: Cc1ccc(C)cc1. Base: CsOAc. Reaction Temperature: 105 degrees centigrade. Reaction Concentration: 0.153 M. Palladium loading: 2.25 mol%. Ligand loading: 5 mol%. Base loading: 3 eq. What is the yield (%) and cost (US dollar per mol) of this reaction?","","-1,-1","[]"
"Here is a chemical reaction. Reactants are: Cn1cnc(C#N)c1, Fc1ccccc1Br. Product is: Cn1cnc(C#N)c1-c1ccccc1F. Reaction type is Pd catalyzed C-H arylation. The reaction conditions of this reaction are: Palladium Source: [PdCl(allyl)]2. Ligand: CP(c1ccccc1)c1ccccc1. Solvent: Cc1ccc(C)cc1. Base: CsOAc. Reaction Temperature: 120 degrees centigrade. Reaction Concentration: 0.153 M. Palladium loading: 2.25 mol%. Ligand loading: 5 mol%. Base loading: 3 eq. What is the yield (%) and cost (US dollar per mol) of this reaction?","","-1,-1","[]"
"Here is a chemical reaction. Reactants are: Cn1cnc(C#N)c1, Fc1ccccc1Br. Product is: Cn1cnc(C#N)c1-c1ccccc1F. Reaction type is Pd catalyzed C-H arylation. The reaction conditions of this reaction are: Palladium Source: [PdCl(allyl)]2. Ligand: CP(c1ccccc1)c1ccccc1. Solvent: CC(=O)N(C)C. Base: CsOAc. Reaction Temperature: 90 degrees centigrade. Reaction Concentration: 0.1 M. Palladium loading: 2.25 mol%. Ligand loading: 5 mol%. Base loading: 3 eq. What is the yield (%) and cost (US dollar per mol) of this reaction?","","-1,-1","[]"
"Here is a chemical reaction. Reactants are: Cn1cnc(C#N)c1, Fc1ccccc1Br. Product is: Cn1cnc(C#N)c1-c1ccccc1F. Reaction type is Pd catalyzed C-H arylation. The reaction conditions of this reaction are: Palladium Source: [PdCl(allyl)]2. Ligand: CP(c1ccccc1)c1ccccc1. Solvent: CC(=O)N(C)C. Base: CsOAc. Reaction Temperature: 105 degrees centigrade. Reaction Concentration: 0.1 M. Palladium loading: 2.25 mol%. Ligand loading: 5 mol%. Base loading: 3 eq. What is the yield (%) and cost (US dollar per mol) of this reaction?","","-1,-1","[]"
"Here is a chemical reaction. Reactants are: Cn1cnc(C#N)c1, Fc1ccccc1Br. Product is: Cn1cnc(C#N)c1-c1ccccc1F. Reaction type is Pd catalyzed C-H arylation. The reaction conditions of this reaction are: Palladium Source: [PdCl(allyl)]2. Ligand: CP(c1ccccc1)c1ccccc1. Solvent: CC(=O)N(C)C. Base: CsOAc. Reaction Temperature: 120 degrees centigrade. Reaction Concentration: 0.1 M. Palladium loading: 2.25 mol%. Ligand loading: 5 mol%. Base loading: 3 eq. What is the yield (%) and cost (US dollar per mol) of this reaction?","","-1,-1","[]"
"Here is a chemical reaction. Reactants are: Cn1cnc(C#N)c1, Fc1ccccc1Br. Product is: Cn1cnc(C#N)c1-c1ccccc1F. Reaction type is Pd catalyzed C-H arylation. The reaction conditions of this reaction are: Palladium Source: [PdCl(allyl)]2. Ligand: CP(c1ccccc1)c1ccccc1. Solvent: CC(=O)N(C)C. Base: CsOAc. Reaction Temperature: 90 degrees centigrade. Reaction Concentration: 0.057 M. Palladium loading: 2.25 mol%. Ligand loading: 5 mol%. Base loading: 3 eq. What is the yield (%) and cost (US dollar per mol) of this reaction?","","-1,-1","[]"
"Here is a chemical reaction. Reactants are: Cn1cnc(C#N)c1, Fc1ccccc1Br. Product is: Cn1cnc(C#N)c1-c1ccccc1F. Reaction type is Pd catalyzed C-H arylation. The reaction conditions of this reaction are: Palladium Source: [PdCl(allyl)]2. Ligand: CP(c1ccccc1)c1ccccc1. Solvent: CC(=O)N(C)C. Base: CsOAc. Reaction Temperature: 105 degrees centigrade. Reaction Concentration: 0.057 M. Palladium loading: 2.25 mol%. Ligand loading: 5 mol%. Base loading: 3 eq. What is the yield (%) and cost (US dollar per mol) of this reaction?","","-1,-1","[]"
"Here is a chemical reaction. Reactants are: Cn1cnc(C#N)c1, Fc1ccccc1Br. Product is: Cn1cnc(C#N)c1-c1ccccc1F. Reaction type is Pd catalyzed C-H arylation. The reaction conditions of this reaction are: Palladium Source: [PdCl(allyl)]2. Ligand: CP(c1ccccc1)c1ccccc1. Solvent: CC(=O)N(C)C. Base: CsOAc. Reaction Temperature: 120 degrees centigrade. Reaction Concentration: 0.057 M. Palladium loading: 2.25 mol%. Ligand loading: 5 mol%. Base loading: 3 eq. What is the yield (%) and cost (US dollar per mol) of this reaction?","","-1,-1","[]"
"Here is a chemical reaction. Reactants are: Cn1cnc(C#N)c1, Fc1ccccc1Br. Product is: Cn1cnc(C#N)c1-c1ccccc1F. Reaction type is Pd catalyzed C-H arylation. The reaction conditions of this reaction are: Palladium Source: [PdCl(allyl)]2. Ligand: CP(c1ccccc1)c1ccccc1. Solvent: CC(=O)N(C)C. Base: CsOAc. Reaction Temperature: 90 degrees centigrade. Reaction Concentration: 0.153 M. Palladium loading: 2.25 mol%. Ligand loading: 5 mol%. Base loading: 3 eq. What is the yield (%) and cost (US dollar per mol) of this reaction?","","-1,-1","[]"
"Here is a chemical reaction. Reactants are: Cn1cnc(C#N)c1, Fc1ccccc1Br. Product is: Cn1cnc(C#N)c1-c1ccccc1F. Reaction type is Pd catalyzed C-H arylation. The reaction conditions of this reaction are: Palladium Source: [PdCl(allyl)]2. Ligand: CP(c1ccccc1)c1ccccc1. Solvent: CC(=O)N(C)C. Base: CsOAc. Reaction Temperature: 105 degrees centigrade. Reaction Concentration: 0.153 M. Palladium loading: 2.25 mol%. Ligand loading: 5 mol%. Base loading: 3 eq. What is the yield (%) and cost (US dollar per mol) of this reaction?","","-1,-1","[]"
"Here is a chemical reaction. Reactants are: Cn1cnc(C#N)c1, Fc1ccccc1Br. Product is: Cn1cnc(C#N)c1-c1ccccc1F. Reaction type is Pd catalyzed C-H arylation. The reaction conditions of this reaction are: Palladium Source: [PdCl(allyl)]2. Ligand: CP(c1ccccc1)c1ccccc1. Solvent: CC(=O)N(C)C. Base: CsOAc. Reaction Temperature: 120 degrees centigrade. Reaction Concentration: 0.153 M. Palladium loading: 2.25 mol%. Ligand loading: 5 mol%. Base loading: 3 eq. What is the yield (%) and cost (US dollar per mol) of this reaction?","","-1,-1","[]"
"Here is a chemical reaction. Reactants are: Cn1cnc(C#N)c1, Fc1ccccc1Br. Product is: Cn1cnc(C#N)c1-c1ccccc1F. Reaction type is Pd catalyzed C-H arylation. The reaction conditions of this reaction are: Palladium Source: [PdCl(allyl)]2. Ligand: CP(c1ccccc1)c1ccccc1. Solvent: CCCCOC(C)=O. Base: KOPiv. Reaction Temperature: 90 degrees centigrade. Reaction Concentration: 0.1 M. Palladium loading: 2.25 mol%. Ligand loading: 5 mol%. Base loading: 3 eq. What is the yield (%) and cost (US dollar per mol) of this reaction?","","-1,-1","[]"
"Here is a chemical reaction. Reactants are: Cn1cnc(C#N)c1, Fc1ccccc1Br. Product is: Cn1cnc(C#N)c1-c1ccccc1F. Reaction type is Pd catalyzed C-H arylation. The reaction conditions of this reaction are: Palladium Source: [PdCl(allyl)]2. Ligand: CP(c1ccccc1)c1ccccc1. Solvent: CCCCOC(C)=O. Base: KOPiv. Reaction Temperature: 105 degrees centigrade. Reaction Concentration: 0.1 M. Palladium loading: 2.25 mol%. Ligand loading: 5 mol%. Base loading: 3 eq. What is the yield (%) and cost (US dollar per mol) of this reaction?","","-1,-1","[]"
"Here is a chemical reaction. Reactants are: Cn1cnc(C#N)c1, Fc1ccccc1Br. Product is: Cn1cnc(C#N)c1-c1ccccc1F. Reaction type is Pd catalyzed C-H arylation. The reaction conditions of this reaction are: Palladium Source: [PdCl(allyl)]2. Ligand: CP(c1ccccc1)c1ccccc1. Solvent: CCCCOC(C)=O. Base: KOPiv. Reaction Temperature: 120 degrees centigrade. Reaction Concentration: 0.1 M. Palladium loading: 2.25 mol%. Ligand loading: 5 mol%. Base loading: 3 eq. What is the yield (%) and cost (US dollar per mol) of this reaction?","","-1,-1","[]"
"Here is a chemical reaction. Reactants are: Cn1cnc(C#N)c1, Fc1ccccc1Br. Product is: Cn1cnc(C#N)c1-c1ccccc1F. Reaction type is Pd catalyzed C-H arylation. The reaction conditions of this reaction are: Palladium Source: [PdCl(allyl)]2. Ligand: CP(c1ccccc1)c1ccccc1. Solvent: CCCCOC(C)=O. Base: KOPiv. Reaction Temperature: 90 degrees centigrade. Reaction Concentration: 0.057 M. Palladium loading: 2.25 mol%. Ligand loading: 5 mol%. Base loading: 3 eq. What is the yield (%) and cost (US dollar per mol) of this reaction?","","-1,-1","[]"
"Here is a chemical reaction. Reactants are: Cn1cnc(C#N)c1, Fc1ccccc1Br. Product is: Cn1cnc(C#N)c1-c1ccccc1F. Reaction type is Pd catalyzed C-H arylation. The reaction conditions of this reaction are: Palladium Source: [PdCl(allyl)]2. Ligand: CP(c1ccccc1)c1ccccc1. Solvent: CCCCOC(C)=O. Base: KOPiv. Reaction Temperature: 105 degrees centigrade. Reaction Concentration: 0.057 M. Palladium loading: 2.25 mol%. Ligand loading: 5 mol%. Base loading: 3 eq. What is the yield (%) and cost (US dollar per mol) of this reaction?","","-1,-1","[]"
"Here is a chemical reaction. Reactants are: Cn1cnc(C#N)c1, Fc1ccccc1Br. Product is: Cn1cnc(C#N)c1-c1ccccc1F. Reaction type is Pd catalyzed C-H arylation. The reaction conditions of this reaction are: Palladium Source: [PdCl(allyl)]2. Ligand: CP(c1ccccc1)c1ccccc1. Solvent: CCCCOC(C)=O. Base: KOPiv. Reaction Temperature: 120 degrees centigrade. Reaction Concentration: 0.057 M. Palladium loading: 2.25 mol%. Ligand loading: 5 mol%. Base loading: 3 eq. What is the yield (%) and cost (US dollar per mol) of this reaction?","","-1,-1","[]"
"Here is a chemical reaction. Reactants are: Cn1cnc(C#N)c1, Fc1ccccc1Br. Product is: Cn1cnc(C#N)c1-c1ccccc1F. Reaction type is Pd catalyzed C-H arylation. The reaction conditions of this reaction are: Palladium Source: [PdCl(allyl)]2. Ligand: CP(c1ccccc1)c1ccccc1. Solvent: CCCCOC(C)=O. Base: KOPiv. Reaction Temperature: 90 degrees centigrade. Reaction Concentration: 0.153 M. Palladium loading: 2.25 mol%. Ligand loading: 5 mol%. Base loading: 3 eq. What is the yield (%) and cost (US dollar per mol) of this reaction?","","-1,-1","[]"
"Here is a chemical reaction. Reactants are: Cn1cnc(C#N)c1, Fc1ccccc1Br. Product is: Cn1cnc(C#N)c1-c1ccccc1F. Reaction type is Pd catalyzed C-H arylation. The reaction conditions of this reaction are: Palladium Source: [PdCl(allyl)]2. Ligand: CP(c1ccccc1)c1ccccc1. Solvent: CCCCOC(C)=O. Base: KOPiv. Reaction Temperature: 105 degrees centigrade. Reaction Concentration: 0.153 M. Palladium loading: 2.25 mol%. Ligand loading: 5 mol%. Base loading: 3 eq. What is the yield (%) and cost (US dollar per mol) of this reaction?","","-1,-1","[]"
"Here is a chemical reaction. Reactants are: Cn1cnc(C#N)c1, Fc1ccccc1Br. Product is: Cn1cnc(C#N)c1-c1ccccc1F. Reaction type is Pd catalyzed C-H arylation. The reaction conditions of this reaction are: Palladium Source: [PdCl(allyl)]2. Ligand: CP(c1ccccc1)c1ccccc1. Solvent: CCCCOC(C)=O. Base: KOPiv. Reaction Temperature: 120 degrees centigrade. Reaction Concentration: 0.153 M. Palladium loading: 2.25 mol%. Ligand loading: 5 mol%. Base loading: 3 eq. What is the yield (%) and cost (US dollar per mol) of this reaction?","","-1,-1","[]"
"Here is a chemical reaction. Reactants are: Cn1cnc(C#N)c1, Fc1ccccc1Br. Product is: Cn1cnc(C#N)c1-c1ccccc1F. Reaction type is Pd catalyzed C-H arylation. The reaction conditions of this reaction are: Palladium Source: [PdCl(allyl)]2. Ligand: CP(c1ccccc1)c1ccccc1. Solvent: CCCC#N. Base: KOPiv. Reaction Temperature: 90 degrees centigrade. Reaction Concentration: 0.1 M. Palladium loading: 2.25 mol%. Ligand loading: 5 mol%. Base loading: 3 eq. What is the yield (%) and cost (US dollar per mol) of this reaction?","","-1,-1","[]"
"Here is a chemical reaction. Reactants are: Cn1cnc(C#N)c1, Fc1ccccc1Br. Product is: Cn1cnc(C#N)c1-c1ccccc1F. Reaction type is Pd catalyzed C-H arylation. The reaction conditions of this reaction are: Palladium Source: [PdCl(allyl)]2. Ligand: CP(c1ccccc1)c1ccccc1. Solvent: CCCC#N. Base: KOPiv. Reaction Temperature: 105 degrees centigrade. Reaction Concentration: 0.1 M. Palladium loading: 2.25 mol%. Ligand loading: 5 mol%. Base loading: 3 eq. What is the yield (%) and cost (US dollar per mol) of this reaction?","","-1,-1","[]"
"Here is a chemical reaction. Reactants are: Cn1cnc(C#N)c1, Fc1ccccc1Br. Product is: Cn1cnc(C#N)c1-c1ccccc1F. Reaction type is Pd catalyzed C-H arylation. The reaction conditions of this reaction are: Palladium Source: [PdCl(allyl)]2. Ligand: CP(c1ccccc1)c1ccccc1. Solvent: CCCC#N. Base: KOPiv. Reaction Temperature: 120 degrees centigrade. Reaction Concentration: 0.1 M. Palladium loading: 2.25 mol%. Ligand loading: 5 mol%. Base loading: 3 eq. What is the yield (%) and cost (US dollar per mol) of this reaction?","","-1,-1","[]"
"Here is a chemical reaction. Reactants are: Cn1cnc(C#N)c1, Fc1ccccc1Br. Product is: Cn1cnc(C#N)c1-c1ccccc1F. Reaction type is Pd catalyzed C-H arylation. The reaction conditions of this reaction are: Palladium Source: [PdCl(allyl)]2. Ligand: CP(c1ccccc1)c1ccccc1. Solvent: CCCC#N. Base: KOPiv. Reaction Temperature: 90 degrees centigrade. Reaction Concentration: 0.057 M. Palladium loading: 2.25 mol%. Ligand loading: 5 mol%. Base loading: 3 eq. What is the yield (%) and cost (US dollar per mol) of this reaction?","","-1,-1","[]"
"Here is a chemical reaction. Reactants are: Cn1cnc(C#N)c1, Fc1ccccc1Br. Product is: Cn1cnc(C#N)c1-c1ccccc1F. Reaction type is Pd catalyzed C-H arylation. The reaction conditions of this reaction are: Palladium Source: [PdCl(allyl)]2. Ligand: CP(c1ccccc1)c1ccccc1. Solvent: CCCC#N. Base: KOPiv. Reaction Temperature: 105 degrees centigrade. Reaction Concentration: 0.057 M. Palladium loading: 2.25 mol%. Ligand loading: 5 mol%. Base loading: 3 eq. What is the yield (%) and cost (US dollar per mol) of this reaction?","","-1,-1","[]"
"Here is a chemical reaction. Reactants are: Cn1cnc(C#N)c1, Fc1ccccc1Br. Product is: Cn1cnc(C#N)c1-c1ccccc1F. Reaction type is Pd catalyzed C-H arylation. The reaction conditions of this reaction are: Palladium Source: [PdCl(allyl)]2. Ligand: CP(c1ccccc1)c1ccccc1. Solvent: CCCC#N. Base: KOPiv. Reaction Temperature: 120 degrees centigrade. Reaction Concentration: 0.057 M. Palladium loading: 2.25 mol%. Ligand loading: 5 mol%. Base loading: 3 eq. What is the yield (%) and cost (US dollar per mol) of this reaction?","","-1,-1","[]"
"Here is a chemical reaction. Reactants are: Cn1cnc(C#N)c1, Fc1ccccc1Br. Product is: Cn1cnc(C#N)c1-c1ccccc1F. Reaction type is Pd catalyzed C-H arylation. The reaction conditions of this reaction are: Palladium Source: [PdCl(allyl)]2. Ligand: CP(c1ccccc1)c1ccccc1. Solvent: CCCC#N. Base: KOPiv. Reaction Temperature: 90 degrees centigrade. Reaction Concentration: 0.153 M. Palladium loading: 2.25 mol%. Ligand loading: 5 mol%. Base loading: 3 eq. What is the yield (%) and cost (US dollar per mol) of this reaction?","","-1,-1","[]"
"Here is a chemical reaction. Reactants are: Cn1cnc(C#N)c1, Fc1ccccc1Br. Product is: Cn1cnc(C#N)c1-c1ccccc1F. Reaction type is Pd catalyzed C-H arylation. The reaction conditions of this reaction are: Palladium Source: [PdCl(allyl)]2. Ligand: CP(c1ccccc1)c1ccccc1. Solvent: CCCC#N. Base: KOPiv. Reaction Temperature: 105 degrees centigrade. Reaction Concentration: 0.153 M. Palladium loading: 2.25 mol%. Ligand loading: 5 mol%. Base loading: 3 eq. What is the yield (%) and cost (US dollar per mol) of this reaction?","","-1,-1","[]"
"Here is a chemical reaction. Reactants are: Cn1cnc(C#N)c1, Fc1ccccc1Br. Product is: Cn1cnc(C#N)c1-c1ccccc1F. Reaction type is Pd catalyzed C-H arylation. The reaction conditions of this reaction are: Palladium Source: [PdCl(allyl)]2. Ligand: CP(c1ccccc1)c1ccccc1. Solvent: CCCC#N. Base: KOPiv. Reaction Temperature: 120 degrees centigrade. Reaction Concentration: 0.153 M. Palladium loading: 2.25 mol%. Ligand loading: 5 mol%. Base loading: 3 eq. What is the yield (%) and cost (US dollar per mol) of this reaction?","","-1,-1","[]"
"Here is a chemical reaction. Reactants are: Cn1cnc(C#N)c1, Fc1ccccc1Br. Product is: Cn1cnc(C#N)c1-c1ccccc1F. Reaction type is Pd catalyzed C-H arylation. The reaction conditions of this reaction are: Palladium Source: [PdCl(allyl)]2. Ligand: CP(c1ccccc1)c1ccccc1. Solvent: Cc1ccc(C)cc1. Base: KOPiv. Reaction Temperature: 90 degrees centigrade. Reaction Concentration: 0.1 M. Palladium loading: 2.25 mol%. Ligand loading: 5 mol%. Base loading: 3 eq. What is the yield (%) and cost (US dollar per mol) of this reaction?","","-1,-1","[]"
"Here is a chemical reaction. Reactants are: Cn1cnc(C#N)c1, Fc1ccccc1Br. Product is: Cn1cnc(C#N)c1-c1ccccc1F. Reaction type is Pd catalyzed C-H arylation. The reaction conditions of this reaction are: Palladium Source: [PdCl(allyl)]2. Ligand: CP(c1ccccc1)c1ccccc1. Solvent: Cc1ccc(C)cc1. Base: KOPiv. Reaction Temperature: 105 degrees centigrade. Reaction Concentration: 0.1 M. Palladium loading: 2.25 mol%. Ligand loading: 5 mol%. Base loading: 3 eq. What is the yield (%) and cost (US dollar per mol) of this reaction?","","-1,-1","[]"
"Here is a chemical reaction. Reactants are: Cn1cnc(C#N)c1, Fc1ccccc1Br. Product is: Cn1cnc(C#N)c1-c1ccccc1F. Reaction type is Pd catalyzed C-H arylation. The reaction conditions of this reaction are: Palladium Source: [PdCl(allyl)]2. Ligand: CP(c1ccccc1)c1ccccc1. Solvent: Cc1ccc(C)cc1. Base: KOPiv. Reaction Temperature: 120 degrees centigrade. Reaction Concentration: 0.1 M. Palladium loading: 2.25 mol%. Ligand loading: 5 mol%. Base loading: 3 eq. What is the yield (%) and cost (US dollar per mol) of this reaction?","","-1,-1","[]"
"Here is a chemical reaction. Reactants are: Cn1cnc(C#N)c1, Fc1ccccc1Br. Product is: Cn1cnc(C#N)c1-c1ccccc1F. Reaction type is Pd catalyzed C-H arylation. The reaction conditions of this reaction are: Palladium Source: [PdCl(allyl)]2. Ligand: CP(c1ccccc1)c1ccccc1. Solvent: Cc1ccc(C)cc1. Base: KOPiv. Reaction Temperature: 90 degrees centigrade. Reaction Concentration: 0.057 M. Palladium loading: 2.25 mol%. Ligand loading: 5 mol%. Base loading: 3 eq. What is the yield (%) and cost (US dollar per mol) of this reaction?","","-1,-1","[]"
"Here is a chemical reaction. Reactants are: Cn1cnc(C#N)c1, Fc1ccccc1Br. Product is: Cn1cnc(C#N)c1-c1ccccc1F. Reaction type is Pd catalyzed C-H arylation. The reaction conditions of this reaction are: Palladium Source: [PdCl(allyl)]2. Ligand: CP(c1ccccc1)c1ccccc1. Solvent: Cc1ccc(C)cc1. Base: KOPiv. Reaction Temperature: 105 degrees centigrade. Reaction Concentration: 0.057 M. Palladium loading: 2.25 mol%. Ligand loading: 5 mol%. Base loading: 3 eq. What is the yield (%) and cost (US dollar per mol) of this reaction?","","-1,-1","[]"
"Here is a chemical reaction. Reactants are: Cn1cnc(C#N)c1, Fc1ccccc1Br. Product is: Cn1cnc(C#N)c1-c1ccccc1F. Reaction type is Pd catalyzed C-H arylation. The reaction conditions of this reaction are: Palladium Source: [PdCl(allyl)]2. Ligand: CP(c1ccccc1)c1ccccc1. Solvent: Cc1ccc(C)cc1. Base: KOPiv. Reaction Temperature: 120 degrees centigrade. Reaction Concentration: 0.057 M. Palladium loading: 2.25 mol%. Ligand loading: 5 mol%. Base loading: 3 eq. What is the yield (%) and cost (US dollar per mol) of this reaction?","","-1,-1","[]"
"Here is a chemical reaction. Reactants are: Cn1cnc(C#N)c1, Fc1ccccc1Br. Product is: Cn1cnc(C#N)c1-c1ccccc1F. Reaction type is Pd catalyzed C-H arylation. The reaction conditions of this reaction are: Palladium Source: [PdCl(allyl)]2. Ligand: CP(c1ccccc1)c1ccccc1. Solvent: Cc1ccc(C)cc1. Base: KOPiv. Reaction Temperature: 90 degrees centigrade. Reaction Concentration: 0.153 M. Palladium loading: 2.25 mol%. Ligand loading: 5 mol%. Base loading: 3 eq. What is the yield (%) and cost (US dollar per mol) of this reaction?","","-1,-1","[]"
"Here is a chemical reaction. Reactants are: Cn1cnc(C#N)c1, Fc1ccccc1Br. Product is: Cn1cnc(C#N)c1-c1ccccc1F. Reaction type is Pd catalyzed C-H arylation. The reaction conditions of this reaction are: Palladium Source: [PdCl(allyl)]2. Ligand: CP(c1ccccc1)c1ccccc1. Solvent: Cc1ccc(C)cc1. Base: KOPiv. Reaction Temperature: 105 degrees centigrade. Reaction Concentration: 0.153 M. Palladium loading: 2.25 mol%. Ligand loading: 5 mol%. Base loading: 3 eq. What is the yield (%) and cost (US dollar per mol) of this reaction?","","-1,-1","[]"
"Here is a chemical reaction. Reactants are: Cn1cnc(C#N)c1, Fc1ccccc1Br. Product is: Cn1cnc(C#N)c1-c1ccccc1F. Reaction type is Pd catalyzed C-H arylation. The reaction conditions of this reaction are: Palladium Source: [PdCl(allyl)]2. Ligand: CP(c1ccccc1)c1ccccc1. Solvent: Cc1ccc(C)cc1. Base: KOPiv. Reaction Temperature: 120 degrees centigrade. Reaction Concentration: 0.153 M. Palladium loading: 2.25 mol%. Ligand loading: 5 mol%. Base loading: 3 eq. What is the yield (%) and cost (US dollar per mol) of this reaction?","","-1,-1","[]"
"Here is a chemical reaction. Reactants are: Cn1cnc(C#N)c1, Fc1ccccc1Br. Product is: Cn1cnc(C#N)c1-c1ccccc1F. Reaction type is Pd catalyzed C-H arylation. The reaction conditions of this reaction are: Palladium Source: [PdCl(allyl)]2. Ligand: CP(c1ccccc1)c1ccccc1. Solvent: CC(=O)N(C)C. Base: KOPiv. Reaction Temperature: 90 degrees centigrade. Reaction Concentration: 0.1 M. Palladium loading: 2.25 mol%. Ligand loading: 5 mol%. Base loading: 3 eq. What is the yield (%) and cost (US dollar per mol) of this reaction?","","-1,-1","[]"
"Here is a chemical reaction. Reactants are: Cn1cnc(C#N)c1, Fc1ccccc1Br. Product is: Cn1cnc(C#N)c1-c1ccccc1F. Reaction type is Pd catalyzed C-H arylation. The reaction conditions of this reaction are: Palladium Source: [PdCl(allyl)]2. Ligand: CP(c1ccccc1)c1ccccc1. Solvent: CC(=O)N(C)C. Base: KOPiv. Reaction Temperature: 105 degrees centigrade. Reaction Concentration: 0.1 M. Palladium loading: 2.25 mol%. Ligand loading: 5 mol%. Base loading: 3 eq. What is the yield (%) and cost (US dollar per mol) of this reaction?","","-1,-1","[]"
"Here is a chemical reaction. Reactants are: Cn1cnc(C#N)c1, Fc1ccccc1Br. Product is: Cn1cnc(C#N)c1-c1ccccc1F. Reaction type is Pd catalyzed C-H arylation. The reaction conditions of this reaction are: Palladium Source: [PdCl(allyl)]2. Ligand: CP(c1ccccc1)c1ccccc1. Solvent: CC(=O)N(C)C. Base: KOPiv. Reaction Temperature: 120 degrees centigrade. Reaction Concentration: 0.1 M. Palladium loading: 2.25 mol%. Ligand loading: 5 mol%. Base loading: 3 eq. What is the yield (%) and cost (US dollar per mol) of this reaction?","","-1,-1","[]"
"Here is a chemical reaction. Reactants are: Cn1cnc(C#N)c1, Fc1ccccc1Br. Product is: Cn1cnc(C#N)c1-c1ccccc1F. Reaction type is Pd catalyzed C-H arylation. The reaction conditions of this reaction are: Palladium Source: [PdCl(allyl)]2. Ligand: CP(c1ccccc1)c1ccccc1. Solvent: CC(=O)N(C)C. Base: KOPiv. Reaction Temperature: 90 degrees centigrade. Reaction Concentration: 0.057 M. Palladium loading: 2.25 mol%. Ligand loading: 5 mol%. Base loading: 3 eq. What is the yield (%) and cost (US dollar per mol) of this reaction?","","-1,-1","[]"
"Here is a chemical reaction. Reactants are: Cn1cnc(C#N)c1, Fc1ccccc1Br. Product is: Cn1cnc(C#N)c1-c1ccccc1F. Reaction type is Pd catalyzed C-H arylation. The reaction conditions of this reaction are: Palladium Source: [PdCl(allyl)]2. Ligand: CP(c1ccccc1)c1ccccc1. Solvent: CC(=O)N(C)C. Base: KOPiv. Reaction Temperature: 105 degrees centigrade. Reaction Concentration: 0.057 M. Palladium loading: 2.25 mol%. Ligand loading: 5 mol%. Base loading: 3 eq. What is the yield (%) and cost (US dollar per mol) of this reaction?","","-1,-1","[]"
"Here is a chemical reaction. Reactants are: Cn1cnc(C#N)c1, Fc1ccccc1Br. Product is: Cn1cnc(C#N)c1-c1ccccc1F. Reaction type is Pd catalyzed C-H arylation. The reaction conditions of this reaction are: Palladium Source: [PdCl(allyl)]2. Ligand: CP(c1ccccc1)c1ccccc1. Solvent: CC(=O)N(C)C. Base: KOPiv. Reaction Temperature: 120 degrees centigrade. Reaction Concentration: 0.057 M. Palladium loading: 2.25 mol%. Ligand loading: 5 mol%. Base loading: 3 eq. What is the yield (%) and cost (US dollar per mol) of this reaction?","","-1,-1","[]"
"Here is a chemical reaction. Reactants are: Cn1cnc(C#N)c1, Fc1ccccc1Br. Product is: Cn1cnc(C#N)c1-c1ccccc1F. Reaction type is Pd catalyzed C-H arylation. The reaction conditions of this reaction are: Palladium Source: [PdCl(allyl)]2. Ligand: CP(c1ccccc1)c1ccccc1. Solvent: CC(=O)N(C)C. Base: KOPiv. Reaction Temperature: 90 degrees centigrade. Reaction Concentration: 0.153 M. Palladium loading: 2.25 mol%. Ligand loading: 5 mol%. Base loading: 3 eq. What is the yield (%) and cost (US dollar per mol) of this reaction?","","-1,-1","[]"
"Here is a chemical reaction. Reactants are: Cn1cnc(C#N)c1, Fc1ccccc1Br. Product is: Cn1cnc(C#N)c1-c1ccccc1F. Reaction type is Pd catalyzed C-H arylation. The reaction conditions of this reaction are: Palladium Source: [PdCl(allyl)]2. Ligand: CP(c1ccccc1)c1ccccc1. Solvent: CC(=O)N(C)C. Base: KOPiv. Reaction Temperature: 105 degrees centigrade. Reaction Concentration: 0.153 M. Palladium loading: 2.25 mol%. Ligand loading: 5 mol%. Base loading: 3 eq. What is the yield (%) and cost (US dollar per mol) of this reaction?","","-1,-1","[]"
"Here is a chemical reaction. Reactants are: Cn1cnc(C#N)c1, Fc1ccccc1Br. Product is: Cn1cnc(C#N)c1-c1ccccc1F. Reaction type is Pd catalyzed C-H arylation. The reaction conditions of this reaction are: Palladium Source: [PdCl(allyl)]2. Ligand: CP(c1ccccc1)c1ccccc1. Solvent: CC(=O)N(C)C. Base: KOPiv. Reaction Temperature: 120 degrees centigrade. Reaction Concentration: 0.153 M. Palladium loading: 2.25 mol%. Ligand loading: 5 mol%. Base loading: 3 eq. What is the yield (%) and cost (US dollar per mol) of this reaction?","","-1,-1","[]"
"Here is a chemical reaction. Reactants are: Cn1cnc(C#N)c1, Fc1ccccc1Br. Product is: Cn1cnc(C#N)c1-c1ccccc1F. Reaction type is Pd catalyzed C-H arylation. The reaction conditions of this reaction are: Palladium Source: [PdCl(allyl)]2. Ligand: CP(c1ccccc1)c1ccccc1. Solvent: CCCCOC(C)=O. Base: CsOPiv. Reaction Temperature: 90 degrees centigrade. Reaction Concentration: 0.1 M. Palladium loading: 2.25 mol%. Ligand loading: 5 mol%. Base loading: 3 eq. What is the yield (%) and cost (US dollar per mol) of this reaction?","","-1,-1","[]"
"Here is a chemical reaction. Reactants are: Cn1cnc(C#N)c1, Fc1ccccc1Br. Product is: Cn1cnc(C#N)c1-c1ccccc1F. Reaction type is Pd catalyzed C-H arylation. The reaction conditions of this reaction are: Palladium Source: [PdCl(allyl)]2. Ligand: CP(c1ccccc1)c1ccccc1. Solvent: CCCCOC(C)=O. Base: CsOPiv. Reaction Temperature: 105 degrees centigrade. Reaction Concentration: 0.1 M. Palladium loading: 2.25 mol%. Ligand loading: 5 mol%. Base loading: 3 eq. What is the yield (%) and cost (US dollar per mol) of this reaction?","","-1,-1","[]"
"Here is a chemical reaction. Reactants are: Cn1cnc(C#N)c1, Fc1ccccc1Br. Product is: Cn1cnc(C#N)c1-c1ccccc1F. Reaction type is Pd catalyzed C-H arylation. The reaction conditions of this reaction are: Palladium Source: [PdCl(allyl)]2. Ligand: CP(c1ccccc1)c1ccccc1. Solvent: CCCCOC(C)=O. Base: CsOPiv. Reaction Temperature: 120 degrees centigrade. Reaction Concentration: 0.1 M. Palladium loading: 2.25 mol%. Ligand loading: 5 mol%. Base loading: 3 eq. What is the yield (%) and cost (US dollar per mol) of this reaction?","","-1,-1","[]"
"Here is a chemical reaction. Reactants are: Cn1cnc(C#N)c1, Fc1ccccc1Br. Product is: Cn1cnc(C#N)c1-c1ccccc1F. Reaction type is Pd catalyzed C-H arylation. The reaction conditions of this reaction are: Palladium Source: [PdCl(allyl)]2. Ligand: CP(c1ccccc1)c1ccccc1. Solvent: CCCCOC(C)=O. Base: CsOPiv. Reaction Temperature: 90 degrees centigrade. Reaction Concentration: 0.057 M. Palladium loading: 2.25 mol%. Ligand loading: 5 mol%. Base loading: 3 eq. What is the yield (%) and cost (US dollar per mol) of this reaction?","","-1,-1","[]"
"Here is a chemical reaction. Reactants are: Cn1cnc(C#N)c1, Fc1ccccc1Br. Product is: Cn1cnc(C#N)c1-c1ccccc1F. Reaction type is Pd catalyzed C-H arylation. The reaction conditions of this reaction are: Palladium Source: [PdCl(allyl)]2. Ligand: CP(c1ccccc1)c1ccccc1. Solvent: CCCCOC(C)=O. Base: CsOPiv. Reaction Temperature: 105 degrees centigrade. Reaction Concentration: 0.057 M. Palladium loading: 2.25 mol%. Ligand loading: 5 mol%. Base loading: 3 eq. What is the yield (%) and cost (US dollar per mol) of this reaction?","","-1,-1","[]"
"Here is a chemical reaction. Reactants are: Cn1cnc(C#N)c1, Fc1ccccc1Br. Product is: Cn1cnc(C#N)c1-c1ccccc1F. Reaction type is Pd catalyzed C-H arylation. The reaction conditions of this reaction are: Palladium Source: [PdCl(allyl)]2. Ligand: CP(c1ccccc1)c1ccccc1. Solvent: CCCCOC(C)=O. Base: CsOPiv. Reaction Temperature: 120 degrees centigrade. Reaction Concentration: 0.057 M. Palladium loading: 2.25 mol%. Ligand loading: 5 mol%. Base loading: 3 eq. What is the yield (%) and cost (US dollar per mol) of this reaction?","","-1,-1","[]"
"Here is a chemical reaction. Reactants are: Cn1cnc(C#N)c1, Fc1ccccc1Br. Product is: Cn1cnc(C#N)c1-c1ccccc1F. Reaction type is Pd catalyzed C-H arylation. The reaction conditions of this reaction are: Palladium Source: [PdCl(allyl)]2. Ligand: CP(c1ccccc1)c1ccccc1. Solvent: CCCCOC(C)=O. Base: CsOPiv. Reaction Temperature: 90 degrees centigrade. Reaction Concentration: 0.153 M. Palladium loading: 2.25 mol%. Ligand loading: 5 mol%. Base loading: 3 eq. What is the yield (%) and cost (US dollar per mol) of this reaction?","","-1,-1","[]"
"Here is a chemical reaction. Reactants are: Cn1cnc(C#N)c1, Fc1ccccc1Br. Product is: Cn1cnc(C#N)c1-c1ccccc1F. Reaction type is Pd catalyzed C-H arylation. The reaction conditions of this reaction are: Palladium Source: [PdCl(allyl)]2. Ligand: CP(c1ccccc1)c1ccccc1. Solvent: CCCCOC(C)=O. Base: CsOPiv. Reaction Temperature: 105 degrees centigrade. Reaction Concentration: 0.153 M. Palladium loading: 2.25 mol%. Ligand loading: 5 mol%. Base loading: 3 eq. What is the yield (%) and cost (US dollar per mol) of this reaction?","","-1,-1","[]"
"Here is a chemical reaction. Reactants are: Cn1cnc(C#N)c1, Fc1ccccc1Br. Product is: Cn1cnc(C#N)c1-c1ccccc1F. Reaction type is Pd catalyzed C-H arylation. The reaction conditions of this reaction are: Palladium Source: [PdCl(allyl)]2. Ligand: CP(c1ccccc1)c1ccccc1. Solvent: CCCCOC(C)=O. Base: CsOPiv. Reaction Temperature: 120 degrees centigrade. Reaction Concentration: 0.153 M. Palladium loading: 2.25 mol%. Ligand loading: 5 mol%. Base loading: 3 eq. What is the yield (%) and cost (US dollar per mol) of this reaction?","","-1,-1","[]"
"Here is a chemical reaction. Reactants are: Cn1cnc(C#N)c1, Fc1ccccc1Br. Product is: Cn1cnc(C#N)c1-c1ccccc1F. Reaction type is Pd catalyzed C-H arylation. The reaction conditions of this reaction are: Palladium Source: [PdCl(allyl)]2. Ligand: CP(c1ccccc1)c1ccccc1. Solvent: CCCC#N. Base: CsOPiv. Reaction Temperature: 90 degrees centigrade. Reaction Concentration: 0.1 M. Palladium loading: 2.25 mol%. Ligand loading: 5 mol%. Base loading: 3 eq. What is the yield (%) and cost (US dollar per mol) of this reaction?","","-1,-1","[]"
"Here is a chemical reaction. Reactants are: Cn1cnc(C#N)c1, Fc1ccccc1Br. Product is: Cn1cnc(C#N)c1-c1ccccc1F. Reaction type is Pd catalyzed C-H arylation. The reaction conditions of this reaction are: Palladium Source: [PdCl(allyl)]2. Ligand: CP(c1ccccc1)c1ccccc1. Solvent: CCCC#N. Base: CsOPiv. Reaction Temperature: 105 degrees centigrade. Reaction Concentration: 0.1 M. Palladium loading: 2.25 mol%. Ligand loading: 5 mol%. Base loading: 3 eq. What is the yield (%) and cost (US dollar per mol) of this reaction?","","-1,-1","[]"
"Here is a chemical reaction. Reactants are: Cn1cnc(C#N)c1, Fc1ccccc1Br. Product is: Cn1cnc(C#N)c1-c1ccccc1F. Reaction type is Pd catalyzed C-H arylation. The reaction conditions of this reaction are: Palladium Source: [PdCl(allyl)]2. Ligand: CP(c1ccccc1)c1ccccc1. Solvent: CCCC#N. Base: CsOPiv. Reaction Temperature: 120 degrees centigrade. Reaction Concentration: 0.1 M. Palladium loading: 2.25 mol%. Ligand loading: 5 mol%. Base loading: 3 eq. What is the yield (%) and cost (US dollar per mol) of this reaction?","","-1,-1","[]"
"Here is a chemical reaction. Reactants are: Cn1cnc(C#N)c1, Fc1ccccc1Br. Product is: Cn1cnc(C#N)c1-c1ccccc1F. Reaction type is Pd catalyzed C-H arylation. The reaction conditions of this reaction are: Palladium Source: [PdCl(allyl)]2. Ligand: CP(c1ccccc1)c1ccccc1. Solvent: CCCC#N. Base: CsOPiv. Reaction Temperature: 90 degrees centigrade. Reaction Concentration: 0.057 M. Palladium loading: 2.25 mol%. Ligand loading: 5 mol%. Base loading: 3 eq. What is the yield (%) and cost (US dollar per mol) of this reaction?","","-1,-1","[]"
"Here is a chemical reaction. Reactants are: Cn1cnc(C#N)c1, Fc1ccccc1Br. Product is: Cn1cnc(C#N)c1-c1ccccc1F. Reaction type is Pd catalyzed C-H arylation. The reaction conditions of this reaction are: Palladium Source: [PdCl(allyl)]2. Ligand: CP(c1ccccc1)c1ccccc1. Solvent: CCCC#N. Base: CsOPiv. Reaction Temperature: 105 degrees centigrade. Reaction Concentration: 0.057 M. Palladium loading: 2.25 mol%. Ligand loading: 5 mol%. Base loading: 3 eq. What is the yield (%) and cost (US dollar per mol) of this reaction?","","-1,-1","[]"
"Here is a chemical reaction. Reactants are: Cn1cnc(C#N)c1, Fc1ccccc1Br. Product is: Cn1cnc(C#N)c1-c1ccccc1F. Reaction type is Pd catalyzed C-H arylation. The reaction conditions of this reaction are: Palladium Source: [PdCl(allyl)]2. Ligand: CP(c1ccccc1)c1ccccc1. Solvent: CCCC#N. Base: CsOPiv. Reaction Temperature: 120 degrees centigrade. Reaction Concentration: 0.057 M. Palladium loading: 2.25 mol%. Ligand loading: 5 mol%. Base loading: 3 eq. What is the yield (%) and cost (US dollar per mol) of this reaction?","","-1,-1","[]"
"Here is a chemical reaction. Reactants are: Cn1cnc(C#N)c1, Fc1ccccc1Br. Product is: Cn1cnc(C#N)c1-c1ccccc1F. Reaction type is Pd catalyzed C-H arylation. The reaction conditions of this reaction are: Palladium Source: [PdCl(allyl)]2. Ligand: CP(c1ccccc1)c1ccccc1. Solvent: CCCC#N. Base: CsOPiv. Reaction Temperature: 90 degrees centigrade. Reaction Concentration: 0.153 M. Palladium loading: 2.25 mol%. Ligand loading: 5 mol%. Base loading: 3 eq. What is the yield (%) and cost (US dollar per mol) of this reaction?","","-1,-1","[]"
"Here is a chemical reaction. Reactants are: Cn1cnc(C#N)c1, Fc1ccccc1Br. Product is: Cn1cnc(C#N)c1-c1ccccc1F. Reaction type is Pd catalyzed C-H arylation. The reaction conditions of this reaction are: Palladium Source: [PdCl(allyl)]2. Ligand: CP(c1ccccc1)c1ccccc1. Solvent: CCCC#N. Base: CsOPiv. Reaction Temperature: 105 degrees centigrade. Reaction Concentration: 0.153 M. Palladium loading: 2.25 mol%. Ligand loading: 5 mol%. Base loading: 3 eq. What is the yield (%) and cost (US dollar per mol) of this reaction?","","-1,-1","[]"
"Here is a chemical reaction. Reactants are: Cn1cnc(C#N)c1, Fc1ccccc1Br. Product is: Cn1cnc(C#N)c1-c1ccccc1F. Reaction type is Pd catalyzed C-H arylation. The reaction conditions of this reaction are: Palladium Source: [PdCl(allyl)]2. Ligand: CP(c1ccccc1)c1ccccc1. Solvent: CCCC#N. Base: CsOPiv. Reaction Temperature: 120 degrees centigrade. Reaction Concentration: 0.153 M. Palladium loading: 2.25 mol%. Ligand loading: 5 mol%. Base loading: 3 eq. What is the yield (%) and cost (US dollar per mol) of this reaction?","","-1,-1","[]"
"Here is a chemical reaction. Reactants are: Cn1cnc(C#N)c1, Fc1ccccc1Br. Product is: Cn1cnc(C#N)c1-c1ccccc1F. Reaction type is Pd catalyzed C-H arylation. The reaction conditions of this reaction are: Palladium Source: [PdCl(allyl)]2. Ligand: CP(c1ccccc1)c1ccccc1. Solvent: Cc1ccc(C)cc1. Base: CsOPiv. Reaction Temperature: 90 degrees centigrade. Reaction Concentration: 0.1 M. Palladium loading: 2.25 mol%. Ligand loading: 5 mol%. Base loading: 3 eq. What is the yield (%) and cost (US dollar per mol) of this reaction?","","-1,-1","[]"
"Here is a chemical reaction. Reactants are: Cn1cnc(C#N)c1, Fc1ccccc1Br. Product is: Cn1cnc(C#N)c1-c1ccccc1F. Reaction type is Pd catalyzed C-H arylation. The reaction conditions of this reaction are: Palladium Source: [PdCl(allyl)]2. Ligand: CP(c1ccccc1)c1ccccc1. Solvent: Cc1ccc(C)cc1. Base: CsOPiv. Reaction Temperature: 105 degrees centigrade. Reaction Concentration: 0.1 M. Palladium loading: 2.25 mol%. Ligand loading: 5 mol%. Base loading: 3 eq. What is the yield (%) and cost (US dollar per mol) of this reaction?","","-1,-1","[]"
"Here is a chemical reaction. Reactants are: Cn1cnc(C#N)c1, Fc1ccccc1Br. Product is: Cn1cnc(C#N)c1-c1ccccc1F. Reaction type is Pd catalyzed C-H arylation. The reaction conditions of this reaction are: Palladium Source: [PdCl(allyl)]2. Ligand: CP(c1ccccc1)c1ccccc1. Solvent: Cc1ccc(C)cc1. Base: CsOPiv. Reaction Temperature: 120 degrees centigrade. Reaction Concentration: 0.1 M. Palladium loading: 2.25 mol%. Ligand loading: 5 mol%. Base loading: 3 eq. What is the yield (%) and cost (US dollar per mol) of this reaction?","","-1,-1","[]"
"Here is a chemical reaction. Reactants are: Cn1cnc(C#N)c1, Fc1ccccc1Br. Product is: Cn1cnc(C#N)c1-c1ccccc1F. Reaction type is Pd catalyzed C-H arylation. The reaction conditions of this reaction are: Palladium Source: [PdCl(allyl)]2. Ligand: CP(c1ccccc1)c1ccccc1. Solvent: Cc1ccc(C)cc1. Base: CsOPiv. Reaction Temperature: 90 degrees centigrade. Reaction Concentration: 0.057 M. Palladium loading: 2.25 mol%. Ligand loading: 5 mol%. Base loading: 3 eq. What is the yield (%) and cost (US dollar per mol) of this reaction?","","-1,-1","[]"
"Here is a chemical reaction. Reactants are: Cn1cnc(C#N)c1, Fc1ccccc1Br. Product is: Cn1cnc(C#N)c1-c1ccccc1F. Reaction type is Pd catalyzed C-H arylation. The reaction conditions of this reaction are: Palladium Source: [PdCl(allyl)]2. Ligand: CP(c1ccccc1)c1ccccc1. Solvent: Cc1ccc(C)cc1. Base: CsOPiv. Reaction Temperature: 105 degrees centigrade. Reaction Concentration: 0.057 M. Palladium loading: 2.25 mol%. Ligand loading: 5 mol%. Base loading: 3 eq. What is the yield (%) and cost (US dollar per mol) of this reaction?","","-1,-1","[]"
"Here is a chemical reaction. Reactants are: Cn1cnc(C#N)c1, Fc1ccccc1Br. Product is: Cn1cnc(C#N)c1-c1ccccc1F. Reaction type is Pd catalyzed C-H arylation. The reaction conditions of this reaction are: Palladium Source: [PdCl(allyl)]2. Ligand: CP(c1ccccc1)c1ccccc1. Solvent: Cc1ccc(C)cc1. Base: CsOPiv. Reaction Temperature: 120 degrees centigrade. Reaction Concentration: 0.057 M. Palladium loading: 2.25 mol%. Ligand loading: 5 mol%. Base loading: 3 eq. What is the yield (%) and cost (US dollar per mol) of this reaction?","","-1,-1","[]"
"Here is a chemical reaction. Reactants are: Cn1cnc(C#N)c1, Fc1ccccc1Br. Product is: Cn1cnc(C#N)c1-c1ccccc1F. Reaction type is Pd catalyzed C-H arylation. The reaction conditions of this reaction are: Palladium Source: [PdCl(allyl)]2. Ligand: CP(c1ccccc1)c1ccccc1. Solvent: Cc1ccc(C)cc1. Base: CsOPiv. Reaction Temperature: 90 degrees centigrade. Reaction Concentration: 0.153 M. Palladium loading: 2.25 mol%. Ligand loading: 5 mol%. Base loading: 3 eq. What is the yield (%) and cost (US dollar per mol) of this reaction?","","-1,-1","[]"
"Here is a chemical reaction. Reactants are: Cn1cnc(C#N)c1, Fc1ccccc1Br. Product is: Cn1cnc(C#N)c1-c1ccccc1F. Reaction type is Pd catalyzed C-H arylation. The reaction conditions of this reaction are: Palladium Source: [PdCl(allyl)]2. Ligand: CP(c1ccccc1)c1ccccc1. Solvent: Cc1ccc(C)cc1. Base: CsOPiv. Reaction Temperature: 105 degrees centigrade. Reaction Concentration: 0.153 M. Palladium loading: 2.25 mol%. Ligand loading: 5 mol%. Base loading: 3 eq. What is the yield (%) and cost (US dollar per mol) of this reaction?","","-1,-1","[]"
"Here is a chemical reaction. Reactants are: Cn1cnc(C#N)c1, Fc1ccccc1Br. Product is: Cn1cnc(C#N)c1-c1ccccc1F. Reaction type is Pd catalyzed C-H arylation. The reaction conditions of this reaction are: Palladium Source: [PdCl(allyl)]2. Ligand: CP(c1ccccc1)c1ccccc1. Solvent: Cc1ccc(C)cc1. Base: CsOPiv. Reaction Temperature: 120 degrees centigrade. Reaction Concentration: 0.153 M. Palladium loading: 2.25 mol%. Ligand loading: 5 mol%. Base loading: 3 eq. What is the yield (%) and cost (US dollar per mol) of this reaction?","","-1,-1","[]"
"Here is a chemical reaction. Reactants are: Cn1cnc(C#N)c1, Fc1ccccc1Br. Product is: Cn1cnc(C#N)c1-c1ccccc1F. Reaction type is Pd catalyzed C-H arylation. The reaction conditions of this reaction are: Palladium Source: [PdCl(allyl)]2. Ligand: CP(c1ccccc1)c1ccccc1. Solvent: CC(=O)N(C)C. Base: CsOPiv. Reaction Temperature: 90 degrees centigrade. Reaction Concentration: 0.1 M. Palladium loading: 2.25 mol%. Ligand loading: 5 mol%. Base loading: 3 eq. What is the yield (%) and cost (US dollar per mol) of this reaction?","","-1,-1","[]"
"Here is a chemical reaction. Reactants are: Cn1cnc(C#N)c1, Fc1ccccc1Br. Product is: Cn1cnc(C#N)c1-c1ccccc1F. Reaction type is Pd catalyzed C-H arylation. The reaction conditions of this reaction are: Palladium Source: [PdCl(allyl)]2. Ligand: CP(c1ccccc1)c1ccccc1. Solvent: CC(=O)N(C)C. Base: CsOPiv. Reaction Temperature: 105 degrees centigrade. Reaction Concentration: 0.1 M. Palladium loading: 2.25 mol%. Ligand loading: 5 mol%. Base loading: 3 eq. What is the yield (%) and cost (US dollar per mol) of this reaction?","","-1,-1","[]"
"Here is a chemical reaction. Reactants are: Cn1cnc(C#N)c1, Fc1ccccc1Br. Product is: Cn1cnc(C#N)c1-c1ccccc1F. Reaction type is Pd catalyzed C-H arylation. The reaction conditions of this reaction are: Palladium Source: [PdCl(allyl)]2. Ligand: CP(c1ccccc1)c1ccccc1. Solvent: CC(=O)N(C)C. Base: CsOPiv. Reaction Temperature: 120 degrees centigrade. Reaction Concentration: 0.1 M. Palladium loading: 2.25 mol%. Ligand loading: 5 mol%. Base loading: 3 eq. What is the yield (%) and cost (US dollar per mol) of this reaction?","","-1,-1","[]"
"Here is a chemical reaction. Reactants are: Cn1cnc(C#N)c1, Fc1ccccc1Br. Product is: Cn1cnc(C#N)c1-c1ccccc1F. Reaction type is Pd catalyzed C-H arylation. The reaction conditions of this reaction are: Palladium Source: [PdCl(allyl)]2. Ligand: CP(c1ccccc1)c1ccccc1. Solvent: CC(=O)N(C)C. Base: CsOPiv. Reaction Temperature: 90 degrees centigrade. Reaction Concentration: 0.057 M. Palladium loading: 2.25 mol%. Ligand loading: 5 mol%. Base loading: 3 eq. What is the yield (%) and cost (US dollar per mol) of this reaction?","","-1,-1","[]"
"Here is a chemical reaction. Reactants are: Cn1cnc(C#N)c1, Fc1ccccc1Br. Product is: Cn1cnc(C#N)c1-c1ccccc1F. Reaction type is Pd catalyzed C-H arylation. The reaction conditions of this reaction are: Palladium Source: [PdCl(allyl)]2. Ligand: CP(c1ccccc1)c1ccccc1. Solvent: CC(=O)N(C)C. Base: CsOPiv. Reaction Temperature: 105 degrees centigrade. Reaction Concentration: 0.057 M. Palladium loading: 2.25 mol%. Ligand loading: 5 mol%. Base loading: 3 eq. What is the yield (%) and cost (US dollar per mol) of this reaction?","","-1,-1","[]"
"Here is a chemical reaction. Reactants are: Cn1cnc(C#N)c1, Fc1ccccc1Br. Product is: Cn1cnc(C#N)c1-c1ccccc1F. Reaction type is Pd catalyzed C-H arylation. The reaction conditions of this reaction are: Palladium Source: [PdCl(allyl)]2. Ligand: CP(c1ccccc1)c1ccccc1. Solvent: CC(=O)N(C)C. Base: CsOPiv. Reaction Temperature: 120 degrees centigrade. Reaction Concentration: 0.057 M. Palladium loading: 2.25 mol%. Ligand loading: 5 mol%. Base loading: 3 eq. What is the yield (%) and cost (US dollar per mol) of this reaction?","","-1,-1","[]"
"Here is a chemical reaction. Reactants are: Cn1cnc(C#N)c1, Fc1ccccc1Br. Product is: Cn1cnc(C#N)c1-c1ccccc1F. Reaction type is Pd catalyzed C-H arylation. The reaction conditions of this reaction are: Palladium Source: [PdCl(allyl)]2. Ligand: CP(c1ccccc1)c1ccccc1. Solvent: CC(=O)N(C)C. Base: CsOPiv. Reaction Temperature: 90 degrees centigrade. Reaction Concentration: 0.153 M. Palladium loading: 2.25 mol%. Ligand loading: 5 mol%. Base loading: 3 eq. What is the yield (%) and cost (US dollar per mol) of this reaction?","","-1,-1","[]"
"Here is a chemical reaction. Reactants are: Cn1cnc(C#N)c1, Fc1ccccc1Br. Product is: Cn1cnc(C#N)c1-c1ccccc1F. Reaction type is Pd catalyzed C-H arylation. The reaction conditions of this reaction are: Palladium Source: [PdCl(allyl)]2. Ligand: CP(c1ccccc1)c1ccccc1. Solvent: CC(=O)N(C)C. Base: CsOPiv. Reaction Temperature: 105 degrees centigrade. Reaction Concentration: 0.153 M. Palladium loading: 2.25 mol%. Ligand loading: 5 mol%. Base loading: 3 eq. What is the yield (%) and cost (US dollar per mol) of this reaction?","","-1,-1","[]"
"Here is a chemical reaction. Reactants are: Cn1cnc(C#N)c1, Fc1ccccc1Br. Product is: Cn1cnc(C#N)c1-c1ccccc1F. Reaction type is Pd catalyzed C-H arylation. The reaction conditions of this reaction are: Palladium Source: [PdCl(allyl)]2. Ligand: CP(c1ccccc1)c1ccccc1. Solvent: CC(=O)N(C)C. Base: CsOPiv. Reaction Temperature: 120 degrees centigrade. Reaction Concentration: 0.153 M. Palladium loading: 2.25 mol%. Ligand loading: 5 mol%. Base loading: 3 eq. What is the yield (%) and cost (US dollar per mol) of this reaction?","","-1,-1","[]"
