"instruction","input","output","history"
"Here is a chemical reaction. Reactants are: Cn1cnc(C#N)c1, Fc1ccccc1Br. Product is: Cn1cnc(C#N)c1-c1ccccc1F. Reaction type is Pd catalyzed C-H arylation. The reaction conditions of this reaction are: Palladium Source: [PdCl(allyl)]2. Ligand: CC(C)c1cc(C(C)C)c(-c2ccccc2P(C2CCCCC2)C2CCCCC2)c(C(C)C)c1. Solvent: CC(=O)N(C)C. Base: CsOPiv. Reaction Temperature: 90 degrees centigrade. Reaction Concentration: 0.153 M. Palladium loading: 2.25 mol%. Ligand loading: 5 mol%. Base loading: 3 eq. What is the yield (%) and cost (US dollar per mol) of this reaction?","","27.79,0.116292458","[]"
"Here is a chemical reaction. Reactants are: Cn1cnc(C#N)c1, Fc1ccccc1Br. Product is: Cn1cnc(C#N)c1-c1ccccc1F. Reaction type is Pd catalyzed C-H arylation. The reaction conditions of this reaction are: Palladium Source: [PdCl(allyl)]2. Ligand: CP(c1ccccc1)c1ccccc1. Solvent: CCCCOC(C)=O. Base: KOAc. Reaction Temperature: 90 degrees centigrade. Reaction Concentration: 0.057 M. Palladium loading: 2.25 mol%. Ligand loading: 5 mol%. Base loading: 3 eq. What is the yield (%) and cost (US dollar per mol) of this reaction?","","0.0,0.05762498","[]"
"Here is a chemical reaction. Reactants are: Cn1cnc(C#N)c1, Fc1ccccc1Br. Product is: Cn1cnc(C#N)c1-c1ccccc1F. Reaction type is Pd catalyzed C-H arylation. The reaction conditions of this reaction are: Palladium Source: [PdCl(allyl)]2. Ligand: c1ccc(P(c2ccccc2)c2ccccc2)cc1. Solvent: CCCCOC(C)=O. Base: KOAc. Reaction Temperature: 90 degrees centigrade. Reaction Concentration: 0.153 M. Palladium loading: 2.25 mol%. Ligand loading: 5 mol%. Base loading: 3 eq. What is the yield (%) and cost (US dollar per mol) of this reaction?","","1.39,0.029494637","[]"
"Here is a chemical reaction. Reactants are: Cn1cnc(C#N)c1, Fc1ccccc1Br. Product is: Cn1cnc(C#N)c1-c1ccccc1F. Reaction type is Pd catalyzed C-H arylation. The reaction conditions of this reaction are: Palladium Source: [PdCl(allyl)]2. Ligand: CC12C[C@]3(C)O[C@@](C)(C[C@@](C)(O3)P1c1ccccc1)O2. Solvent: CCCCOC(C)=O. Base: KOPiv. Reaction Temperature: 90 degrees centigrade. Reaction Concentration: 0.153 M. Palladium loading: 2.25 mol%. Ligand loading: 5 mol%. Base loading: 3 eq. What is the yield (%) and cost (US dollar per mol) of this reaction?","","22.65,0.059991823","[]"
"Here is a chemical reaction. Reactants are: Cn1cnc(C#N)c1, Fc1ccccc1Br. Product is: Cn1cnc(C#N)c1-c1ccccc1F. Reaction type is Pd catalyzed C-H arylation. The reaction conditions of this reaction are: Palladium Source: [PdCl(allyl)]2. Ligand: COc1ccc(OC)c(P(c2cc(C(F)(F)F)cc(C(F)(F)F)c2)c2cc(C(F)(F)F)cc(C(F)(F)F)c2)c1-c1c(C(C)C)cc(C(C)C)cc1C(C)C. Solvent: CC(=O)N(C)C. Base: CsOAc. Reaction Temperature: 105 degrees centigrade. Reaction Concentration: 0.057 M. Palladium loading: 2.25 mol%. Ligand loading: 5 mol%. Base loading: 3 eq. What is the yield (%) and cost (US dollar per mol) of this reaction?","","71.97,0.411846987","[]"
"Here is a chemical reaction. Reactants are: Cn1cnc(C#N)c1, Fc1ccccc1Br. Product is: Cn1cnc(C#N)c1-c1ccccc1F. Reaction type is Pd catalyzed C-H arylation. The reaction conditions of this reaction are: Palladium Source: [PdCl(allyl)]2. Ligand: CP(c1ccccc1)c1ccccc1. Solvent: CCCCOC(C)=O. Base: CsOPiv. Reaction Temperature: 90 degrees centigrade. Reaction Concentration: 0.1 M. Palladium loading: 2.25 mol%. Ligand loading: 5 mol%. Base loading: 3 eq. What is the yield (%) and cost (US dollar per mol) of this reaction?","","0.0,0.125440798","[]"
"Here is a chemical reaction. Reactants are: Cn1cnc(C#N)c1, Fc1ccccc1Br. Product is: Cn1cnc(C#N)c1-c1ccccc1F. Reaction type is Pd catalyzed C-H arylation. The reaction conditions of this reaction are: Palladium Source: [PdCl(allyl)]2. Ligand: CC(C)c1cc(C(C)C)c(-c2ccccc2P(C2CCCCC2)C2CCCCC2)c(C(C)C)c1. Solvent: CC(=O)N(C)C. Base: CsOPiv. Reaction Temperature: 105 degrees centigrade. Reaction Concentration: 0.1 M. Palladium loading: 2.25 mol%. Ligand loading: 5 mol%. Base loading: 3 eq. What is the yield (%) and cost (US dollar per mol) of this reaction?","","29.16,0.120946897","[]"
"Here is a chemical reaction. Reactants are: Cn1cnc(C#N)c1, Fc1ccccc1Br. Product is: Cn1cnc(C#N)c1-c1ccccc1F. Reaction type is Pd catalyzed C-H arylation. The reaction conditions of this reaction are: Palladium Source: [PdCl(allyl)]2. Ligand: c1ccc(P(c2ccccc2)c2ccccc2)cc1. Solvent: Cc1ccc(C)cc1. Base: KOAc. Reaction Temperature: 120 degrees centigrade. Reaction Concentration: 0.153 M. Palladium loading: 2.25 mol%. Ligand loading: 5 mol%. Base loading: 3 eq. What is the yield (%) and cost (US dollar per mol) of this reaction?","","5.22,0.023233406","[]"
"Here is a chemical reaction. Reactants are: Cn1cnc(C#N)c1, Fc1ccccc1Br. Product is: Cn1cnc(C#N)c1-c1ccccc1F. Reaction type is Pd catalyzed C-H arylation. The reaction conditions of this reaction are: Palladium Source: [PdCl(allyl)]2. Ligand: CC12C[C@]3(C)O[C@@](C)(C[C@@](C)(O3)P1c1ccccc1)O2. Solvent: CC(=O)N(C)C. Base: KOAc. Reaction Temperature: 105 degrees centigrade. Reaction Concentration: 0.1 M. Palladium loading: 2.25 mol%. Ligand loading: 5 mol%. Base loading: 3 eq. What is the yield (%) and cost (US dollar per mol) of this reaction?","","80.38,0.057995393","[]"
"Here is a chemical reaction. Reactants are: Cn1cnc(C#N)c1, Fc1ccccc1Br. Product is: Cn1cnc(C#N)c1-c1ccccc1F. Reaction type is Pd catalyzed C-H arylation. The reaction conditions of this reaction are: Palladium Source: [PdCl(allyl)]2. Ligand: CN(C)c1cccc(N(C)C)c1-c1ccccc1P(c1ccccc1)C(C)(C)C. Solvent: Cc1ccc(C)cc1. Base: CsOPiv. Reaction Temperature: 105 degrees centigrade. Reaction Concentration: 0.153 M. Palladium loading: 2.25 mol%. Ligand loading: 5 mol%. Base loading: 3 eq. What is the yield (%) and cost (US dollar per mol) of this reaction?","","29.56,0.352316381","[]"
"Here is a chemical reaction. Reactants are: Cn1cnc(C#N)c1, Fc1ccccc1Br. Product is: Cn1cnc(C#N)c1-c1ccccc1F. Reaction type is Pd catalyzed C-H arylation. The reaction conditions of this reaction are: Palladium Source: [PdCl(allyl)]2. Ligand: CP(C)c1ccccc1. Solvent: CCCC#N. Base: CsOAc. Reaction Temperature: 90 degrees centigrade. Reaction Concentration: 0.153 M. Palladium loading: 2.25 mol%. Ligand loading: 5 mol%. Base loading: 3 eq. What is the yield (%) and cost (US dollar per mol) of this reaction?","","0.0,0.08143296","[]"
"Here is a chemical reaction. Reactants are: Cn1cnc(C#N)c1, Fc1ccccc1Br. Product is: Cn1cnc(C#N)c1-c1ccccc1F. Reaction type is Pd catalyzed C-H arylation. The reaction conditions of this reaction are: Palladium Source: [PdCl(allyl)]2. Ligand: CC(C)Oc1cccc(OC(C)C)c1P(C1CCCCC1)C1CCCCC1. Solvent: CC(=O)N(C)C. Base: CsOPiv. Reaction Temperature: 90 degrees centigrade. Reaction Concentration: 0.057 M. Palladium loading: 2.25 mol%. Ligand loading: 5 mol%. Base loading: 3 eq. What is the yield (%) and cost (US dollar per mol) of this reaction?","","11.07,0.134938742","[]"
"Here is a chemical reaction. Reactants are: Cn1cnc(C#N)c1, Fc1ccccc1Br. Product is: Cn1cnc(C#N)c1-c1ccccc1F. Reaction type is Pd catalyzed C-H arylation. The reaction conditions of this reaction are: Palladium Source: [PdCl(allyl)]2. Ligand: CN(C)c1cccc(N(C)C)c1-c1ccccc1P(c1ccccc1)C(C)(C)C. Solvent: CCCCOC(C)=O. Base: KOPiv. Reaction Temperature: 90 degrees centigrade. Reaction Concentration: 0.057 M. Palladium loading: 2.25 mol%. Ligand loading: 5 mol%. Base loading: 3 eq. What is the yield (%) and cost (US dollar per mol) of this reaction?","","17.9,0.29819309","[]"
"Here is a chemical reaction. Reactants are: Cn1cnc(C#N)c1, Fc1ccccc1Br. Product is: Cn1cnc(C#N)c1-c1ccccc1F. Reaction type is Pd catalyzed C-H arylation. The reaction conditions of this reaction are: Palladium Source: [PdCl(allyl)]2. Ligand: CC(C)c1cc(C(C)C)c(-c2ccccc2P(C2CCCCC2)C2CCCCC2)c(C(C)C)c1. Solvent: CCCC#N. Base: KOAc. Reaction Temperature: 105 degrees centigrade. Reaction Concentration: 0.057 M. Palladium loading: 2.25 mol%. Ligand loading: 5 mol%. Base loading: 3 eq. What is the yield (%) and cost (US dollar per mol) of this reaction?","","12.54,0.0752656","[]"
"Here is a chemical reaction. Reactants are: Cn1cnc(C#N)c1, Fc1ccccc1Br. Product is: Cn1cnc(C#N)c1-c1ccccc1F. Reaction type is Pd catalyzed C-H arylation. The reaction conditions of this reaction are: Palladium Source: [PdCl(allyl)]2. Ligand: CN(C)c1cccc(N(C)C)c1-c1ccccc1P(c1ccccc1)C(C)(C)C. Solvent: CC(=O)N(C)C. Base: CsOAc. Reaction Temperature: 120 degrees centigrade. Reaction Concentration: 0.057 M. Palladium loading: 2.25 mol%. Ligand loading: 5 mol%. Base loading: 3 eq. What is the yield (%) and cost (US dollar per mol) of this reaction?","","66.84,0.324732958","[]"
"Here is a chemical reaction. Reactants are: Cn1cnc(C#N)c1, Fc1ccccc1Br. Product is: Cn1cnc(C#N)c1-c1ccccc1F. Reaction type is Pd catalyzed C-H arylation. The reaction conditions of this reaction are: Palladium Source: [PdCl(allyl)]2. Ligand: c1ccc(P(c2ccccc2)c2ccccc2)cc1. Solvent: CC(=O)N(C)C. Base: KOPiv. Reaction Temperature: 90 degrees centigrade. Reaction Concentration: 0.057 M. Palladium loading: 2.25 mol%. Ligand loading: 5 mol%. Base loading: 3 eq. What is the yield (%) and cost (US dollar per mol) of this reaction?","","46.46,0.035459033","[]"
"Here is a chemical reaction. Reactants are: Cn1cnc(C#N)c1, Fc1ccccc1Br. Product is: Cn1cnc(C#N)c1-c1ccccc1F. Reaction type is Pd catalyzed C-H arylation. The reaction conditions of this reaction are: Palladium Source: [PdCl(allyl)]2. Ligand: CC(C)(C)P(c1ccccc1)C(C)(C)C. Solvent: CCCCOC(C)=O. Base: KOAc. Reaction Temperature: 120 degrees centigrade. Reaction Concentration: 0.057 M. Palladium loading: 2.25 mol%. Ligand loading: 5 mol%. Base loading: 3 eq. What is the yield (%) and cost (US dollar per mol) of this reaction?","","0.0,0.073475425","[]"
"Here is a chemical reaction. Reactants are: Cn1cnc(C#N)c1, Fc1ccccc1Br. Product is: Cn1cnc(C#N)c1-c1ccccc1F. Reaction type is Pd catalyzed C-H arylation. The reaction conditions of this reaction are: Palladium Source: [PdCl(allyl)]2. Ligand: CP(C)c1ccccc1. Solvent: CC(=O)N(C)C. Base: CsOAc. Reaction Temperature: 120 degrees centigrade. Reaction Concentration: 0.153 M. Palladium loading: 2.25 mol%. Ligand loading: 5 mol%. Base loading: 3 eq. What is the yield (%) and cost (US dollar per mol) of this reaction?","","2.79,0.069464293","[]"
"Here is a chemical reaction. Reactants are: Cn1cnc(C#N)c1, Fc1ccccc1Br. Product is: Cn1cnc(C#N)c1-c1ccccc1F. Reaction type is Pd catalyzed C-H arylation. The reaction conditions of this reaction are: Palladium Source: [PdCl(allyl)]2. Ligand: CC(C)Oc1cccc(OC(C)C)c1P(C1CCCCC1)C1CCCCC1. Solvent: CCCC#N. Base: CsOAc. Reaction Temperature: 90 degrees centigrade. Reaction Concentration: 0.057 M. Palladium loading: 2.25 mol%. Ligand loading: 5 mol%. Base loading: 3 eq. What is the yield (%) and cost (US dollar per mol) of this reaction?","","21.15,0.124748518","[]"
"Here is a chemical reaction. Reactants are: Cn1cnc(C#N)c1, Fc1ccccc1Br. Product is: Cn1cnc(C#N)c1-c1ccccc1F. Reaction type is Pd catalyzed C-H arylation. The reaction conditions of this reaction are: Palladium Source: [PdCl(allyl)]2. Ligand: CP(c1ccccc1)c1ccccc1. Solvent: CCCCOC(C)=O. Base: CsOPiv. Reaction Temperature: 90 degrees centigrade. Reaction Concentration: 0.153 M. Palladium loading: 2.25 mol%. Ligand loading: 5 mol%. Base loading: 3 eq. What is the yield (%) and cost (US dollar per mol) of this reaction?","","0.0,0.116919229","[]"
"Here is a chemical reaction. Reactants are: Cn1cnc(C#N)c1, Fc1ccccc1Br. Product is: Cn1cnc(C#N)c1-c1ccccc1F. Reaction type is Pd catalyzed C-H arylation. The reaction conditions of this reaction are: Palladium Source: [PdCl(allyl)]2. Ligand: CN(C)c1cccc(N(C)C)c1-c1ccccc1P(c1ccccc1)C(C)(C)C. Solvent: CCCCOC(C)=O. Base: CsOPiv. Reaction Temperature: 120 degrees centigrade. Reaction Concentration: 0.057 M. Palladium loading: 2.25 mol%. Ligand loading: 5 mol%. Base loading: 3 eq. What is the yield (%) and cost (US dollar per mol) of this reaction?","","8.24,0.385606769","[]"
"Here is a chemical reaction. Reactants are: Cn1cnc(C#N)c1, Fc1ccccc1Br. Product is: Cn1cnc(C#N)c1-c1ccccc1F. Reaction type is Pd catalyzed C-H arylation. The reaction conditions of this reaction are: Palladium Source: [PdCl(allyl)]2. Ligand: CC(C)c1cc(C(C)C)c(-c2ccccc2P(C2CCCCC2)C2CCCCC2)c(C(C)C)c1. Solvent: Cc1ccc(C)cc1. Base: KOPiv. Reaction Temperature: 90 degrees centigrade. Reaction Concentration: 0.057 M. Palladium loading: 2.25 mol%. Ligand loading: 5 mol%. Base loading: 3 eq. What is the yield (%) and cost (US dollar per mol) of this reaction?","","23.45,0.04757534","[]"
"Here is a chemical reaction. Reactants are: Cn1cnc(C#N)c1, Fc1ccccc1Br. Product is: Cn1cnc(C#N)c1-c1ccccc1F. Reaction type is Pd catalyzed C-H arylation. The reaction conditions of this reaction are: Palladium Source: [PdCl(allyl)]2. Ligand: CC(C)Oc1cccc(OC(C)C)c1P(C1CCCCC1)C1CCCCC1. Solvent: Cc1ccc(C)cc1. Base: CsOPiv. Reaction Temperature: 105 degrees centigrade. Reaction Concentration: 0.057 M. Palladium loading: 2.25 mol%. Ligand loading: 5 mol%. Base loading: 3 eq. What is the yield (%) and cost (US dollar per mol) of this reaction?","","12.53,0.138919859","[]"
"Here is a chemical reaction. Reactants are: Cn1cnc(C#N)c1, Fc1ccccc1Br. Product is: Cn1cnc(C#N)c1-c1ccccc1F. Reaction type is Pd catalyzed C-H arylation. The reaction conditions of this reaction are: Palladium Source: [PdCl(allyl)]2. Ligand: c1ccc(P(c2ccccc2)c2ccccc2)cc1. Solvent: CCCCOC(C)=O. Base: CsOAc. Reaction Temperature: 105 degrees centigrade. Reaction Concentration: 0.153 M. Palladium loading: 2.25 mol%. Ligand loading: 5 mol%. Base loading: 3 eq. What is the yield (%) and cost (US dollar per mol) of this reaction?","","4.2,0.075010888","[]"
"Here is a chemical reaction. Reactants are: Cn1cnc(C#N)c1, Fc1ccccc1Br. Product is: Cn1cnc(C#N)c1-c1ccccc1F. Reaction type is Pd catalyzed C-H arylation. The reaction conditions of this reaction are: Palladium Source: [PdCl(allyl)]2. Ligand: CN(C)c1cccc(N(C)C)c1-c1ccccc1P(c1ccccc1)C(C)(C)C. Solvent: CCCCOC(C)=O. Base: CsOAc. Reaction Temperature: 120 degrees centigrade. Reaction Concentration: 0.1 M. Palladium loading: 2.25 mol%. Ligand loading: 5 mol%. Base loading: 3 eq. What is the yield (%) and cost (US dollar per mol) of this reaction?","","0.0,0.326129261","[]"
"Here is a chemical reaction. Reactants are: Cn1cnc(C#N)c1, Fc1ccccc1Br. Product is: Cn1cnc(C#N)c1-c1ccccc1F. Reaction type is Pd catalyzed C-H arylation. The reaction conditions of this reaction are: Palladium Source: [PdCl(allyl)]2. Ligand: CC(C)(C)P(c1ccccc1)C(C)(C)C. Solvent: CCCCOC(C)=O. Base: CsOAc. Reaction Temperature: 120 degrees centigrade. Reaction Concentration: 0.153 M. Palladium loading: 2.25 mol%. Ligand loading: 5 mol%. Base loading: 3 eq. What is the yield (%) and cost (US dollar per mol) of this reaction?","","0.0,0.091896408","[]"
"Here is a chemical reaction. Reactants are: Cn1cnc(C#N)c1, Fc1ccccc1Br. Product is: Cn1cnc(C#N)c1-c1ccccc1F. Reaction type is Pd catalyzed C-H arylation. The reaction conditions of this reaction are: Palladium Source: [PdCl(allyl)]2. Ligand: CC(C)c1cc(C(C)C)c(-c2ccccc2P(C2CCCCC2)C2CCCCC2)c(C(C)C)c1. Solvent: Cc1ccc(C)cc1. Base: CsOPiv. Reaction Temperature: 105 degrees centigrade. Reaction Concentration: 0.057 M. Palladium loading: 2.25 mol%. Ligand loading: 5 mol%. Base loading: 3 eq. What is the yield (%) and cost (US dollar per mol) of this reaction?","","39.81,0.135103062","[]"
"Here is a chemical reaction. Reactants are: Cn1cnc(C#N)c1, Fc1ccccc1Br. Product is: Cn1cnc(C#N)c1-c1ccccc1F. Reaction type is Pd catalyzed C-H arylation. The reaction conditions of this reaction are: Palladium Source: [PdCl(allyl)]2. Ligand: C1CCC(P(C2CCCCC2)C2CCCCC2)CC1. Solvent: CC(=O)N(C)C. Base: KOPiv. Reaction Temperature: 90 degrees centigrade. Reaction Concentration: 0.057 M. Palladium loading: 2.25 mol%. Ligand loading: 5 mol%. Base loading: 3 eq. What is the yield (%) and cost (US dollar per mol) of this reaction?","","5.85,0.041209879","[]"
"Here is a chemical reaction. Reactants are: Cn1cnc(C#N)c1, Fc1ccccc1Br. Product is: Cn1cnc(C#N)c1-c1ccccc1F. Reaction type is Pd catalyzed C-H arylation. The reaction conditions of this reaction are: Palladium Source: [PdCl(allyl)]2. Ligand: CP(C)c1ccccc1. Solvent: CCCC#N. Base: CsOAc. Reaction Temperature: 90 degrees centigrade. Reaction Concentration: 0.057 M. Palladium loading: 2.25 mol%. Ligand loading: 5 mol%. Base loading: 3 eq. What is the yield (%) and cost (US dollar per mol) of this reaction?","","0.0,0.114786933","[]"
"Here is a chemical reaction. Reactants are: Cn1cnc(C#N)c1, Fc1ccccc1Br. Product is: Cn1cnc(C#N)c1-c1ccccc1F. Reaction type is Pd catalyzed C-H arylation. The reaction conditions of this reaction are: Palladium Source: [PdCl(allyl)]2. Ligand: CN(C)c1cccc(N(C)C)c1-c1ccccc1P(c1ccccc1)C(C)(C)C. Solvent: CCCC#N. Base: KOAc. Reaction Temperature: 90 degrees centigrade. Reaction Concentration: 0.153 M. Palladium loading: 2.25 mol%. Ligand loading: 5 mol%. Base loading: 3 eq. What is the yield (%) and cost (US dollar per mol) of this reaction?","","4.97,0.276276575","[]"
"Here is a chemical reaction. Reactants are: Cn1cnc(C#N)c1, Fc1ccccc1Br. Product is: Cn1cnc(C#N)c1-c1ccccc1F. Reaction type is Pd catalyzed C-H arylation. The reaction conditions of this reaction are: Palladium Source: [PdCl(allyl)]2. Ligand: CC12C[C@]3(C)O[C@@](C)(C[C@@](C)(O3)P1c1ccccc1)O2. Solvent: Cc1ccc(C)cc1. Base: KOAc. Reaction Temperature: 90 degrees centigrade. Reaction Concentration: 0.1 M. Palladium loading: 2.25 mol%. Ligand loading: 5 mol%. Base loading: 3 eq. What is the yield (%) and cost (US dollar per mol) of this reaction?","","11.95,0.060133799","[]"
"Here is a chemical reaction. Reactants are: Cn1cnc(C#N)c1, Fc1ccccc1Br. Product is: Cn1cnc(C#N)c1-c1ccccc1F. Reaction type is Pd catalyzed C-H arylation. The reaction conditions of this reaction are: Palladium Source: [PdCl(allyl)]2. Ligand: c1ccc(P(c2ccccc2)c2ccccc2)cc1. Solvent: CCCCOC(C)=O. Base: CsOAc. Reaction Temperature: 90 degrees centigrade. Reaction Concentration: 0.057 M. Palladium loading: 2.25 mol%. Ligand loading: 5 mol%. Base loading: 3 eq. What is the yield (%) and cost (US dollar per mol) of this reaction?","","1.03,0.102072521","[]"
"Here is a chemical reaction. Reactants are: Cn1cnc(C#N)c1, Fc1ccccc1Br. Product is: Cn1cnc(C#N)c1-c1ccccc1F. Reaction type is Pd catalyzed C-H arylation. The reaction conditions of this reaction are: Palladium Source: [PdCl(allyl)]2. Ligand: CC(C)c1cc(C(C)C)c(-c2ccccc2P(C2CCCCC2)C2CCCCC2)c(C(C)C)c1. Solvent: Cc1ccc(C)cc1. Base: KOAc. Reaction Temperature: 90 degrees centigrade. Reaction Concentration: 0.1 M. Palladium loading: 2.25 mol%. Ligand loading: 5 mol%. Base loading: 3 eq. What is the yield (%) and cost (US dollar per mol) of this reaction?","","25.5,0.036908701","[]"
"Here is a chemical reaction. Reactants are: Cn1cnc(C#N)c1, Fc1ccccc1Br. Product is: Cn1cnc(C#N)c1-c1ccccc1F. Reaction type is Pd catalyzed C-H arylation. The reaction conditions of this reaction are: Palladium Source: [PdCl(allyl)]2. Ligand: CP(c1ccccc1)c1ccccc1. Solvent: CCCC#N. Base: CsOPiv. Reaction Temperature: 120 degrees centigrade. Reaction Concentration: 0.153 M. Palladium loading: 2.25 mol%. Ligand loading: 5 mol%. Base loading: 3 eq. What is the yield (%) and cost (US dollar per mol) of this reaction?","","0.0,0.121050397","[]"
"Here is a chemical reaction. Reactants are: Cn1cnc(C#N)c1, Fc1ccccc1Br. Product is: Cn1cnc(C#N)c1-c1ccccc1F. Reaction type is Pd catalyzed C-H arylation. The reaction conditions of this reaction are: Palladium Source: [PdCl(allyl)]2. Ligand: CC12C[C@]3(C)O[C@@](C)(C[C@@](C)(O3)P1c1ccccc1)O2. Solvent: CC(=O)N(C)C. Base: CsOPiv. Reaction Temperature: 120 degrees centigrade. Reaction Concentration: 0.1 M. Palladium loading: 2.25 mol%. Ligand loading: 5 mol%. Base loading: 3 eq. What is the yield (%) and cost (US dollar per mol) of this reaction?","","83.85,0.144379109","[]"
"Here is a chemical reaction. Reactants are: Cn1cnc(C#N)c1, Fc1ccccc1Br. Product is: Cn1cnc(C#N)c1-c1ccccc1F. Reaction type is Pd catalyzed C-H arylation. The reaction conditions of this reaction are: Palladium Source: [PdCl(allyl)]2. Ligand: CP(c1ccccc1)c1ccccc1. Solvent: CC(=O)N(C)C. Base: KOAc. Reaction Temperature: 120 degrees centigrade. Reaction Concentration: 0.153 M. Palladium loading: 2.25 mol%. Ligand loading: 5 mol%. Base loading: 3 eq. What is the yield (%) and cost (US dollar per mol) of this reaction?","","7.5,0.022721597","[]"
"Here is a chemical reaction. Reactants are: Cn1cnc(C#N)c1, Fc1ccccc1Br. Product is: Cn1cnc(C#N)c1-c1ccccc1F. Reaction type is Pd catalyzed C-H arylation. The reaction conditions of this reaction are: Palladium Source: [PdCl(allyl)]2. Ligand: CP(c1ccccc1)c1ccccc1. Solvent: Cc1ccc(C)cc1. Base: KOPiv. Reaction Temperature: 105 degrees centigrade. Reaction Concentration: 0.153 M. Palladium loading: 2.25 mol%. Ligand loading: 5 mol%. Base loading: 3 eq. What is the yield (%) and cost (US dollar per mol) of this reaction?","","0.22,0.023179556","[]"
"Here is a chemical reaction. Reactants are: Cn1cnc(C#N)c1, Fc1ccccc1Br. Product is: Cn1cnc(C#N)c1-c1ccccc1F. Reaction type is Pd catalyzed C-H arylation. The reaction conditions of this reaction are: Palladium Source: [PdCl(allyl)]2. Ligand: COc1ccc(OC)c(P(c2cc(C(F)(F)F)cc(C(F)(F)F)c2)c2cc(C(F)(F)F)cc(C(F)(F)F)c2)c1-c1c(C(C)C)cc(C(C)C)cc1C(C)C. Solvent: CCCC#N. Base: CsOAc. Reaction Temperature: 120 degrees centigrade. Reaction Concentration: 0.153 M. Palladium loading: 2.25 mol%. Ligand loading: 5 mol%. Base loading: 3 eq. What is the yield (%) and cost (US dollar per mol) of this reaction?","","27.41,0.40904856","[]"
"Here is a chemical reaction. Reactants are: Cn1cnc(C#N)c1, Fc1ccccc1Br. Product is: Cn1cnc(C#N)c1-c1ccccc1F. Reaction type is Pd catalyzed C-H arylation. The reaction conditions of this reaction are: Palladium Source: [PdCl(allyl)]2. Ligand: COc1ccc(OC)c(P(C2CCCCC2)C2CCCCC2)c1-c1c(C(C)C)cc(C(C)C)cc1C(C)C. Solvent: CCCCOC(C)=O. Base: CsOPiv. Reaction Temperature: 120 degrees centigrade. Reaction Concentration: 0.153 M. Palladium loading: 2.25 mol%. Ligand loading: 5 mol%. Base loading: 3 eq. What is the yield (%) and cost (US dollar per mol) of this reaction?","","25.67,0.235472859","[]"
"Here is a chemical reaction. Reactants are: Cn1cnc(C#N)c1, Fc1ccccc1Br. Product is: Cn1cnc(C#N)c1-c1ccccc1F. Reaction type is Pd catalyzed C-H arylation. The reaction conditions of this reaction are: Palladium Source: [PdCl(allyl)]2. Ligand: COc1ccc(OC)c(P(c2cc(C(F)(F)F)cc(C(F)(F)F)c2)c2cc(C(F)(F)F)cc(C(F)(F)F)c2)c1-c1c(C(C)C)cc(C(C)C)cc1C(C)C. Solvent: Cc1ccc(C)cc1. Base: CsOAc. Reaction Temperature: 120 degrees centigrade. Reaction Concentration: 0.057 M. Palladium loading: 2.25 mol%. Ligand loading: 5 mol%. Base loading: 3 eq. What is the yield (%) and cost (US dollar per mol) of this reaction?","","6.44,0.415630316","[]"
"Here is a chemical reaction. Reactants are: Cn1cnc(C#N)c1, Fc1ccccc1Br. Product is: Cn1cnc(C#N)c1-c1ccccc1F. Reaction type is Pd catalyzed C-H arylation. The reaction conditions of this reaction are: Palladium Source: [PdCl(allyl)]2. Ligand: c1coc(P(c2ccco2)c2ccco2)c1. Solvent: CCCCOC(C)=O. Base: KOAc. Reaction Temperature: 90 degrees centigrade. Reaction Concentration: 0.153 M. Palladium loading: 2.25 mol%. Ligand loading: 5 mol%. Base loading: 3 eq. What is the yield (%) and cost (US dollar per mol) of this reaction?","","10.04,0.041843595","[]"
"Here is a chemical reaction. Reactants are: Cn1cnc(C#N)c1, Fc1ccccc1Br. Product is: Cn1cnc(C#N)c1-c1ccccc1F. Reaction type is Pd catalyzed C-H arylation. The reaction conditions of this reaction are: Palladium Source: [PdCl(allyl)]2. Ligand: C1CCC(P(C2CCCCC2)C2CCCCC2)CC1. Solvent: Cc1ccc(C)cc1. Base: CsOPiv. Reaction Temperature: 120 degrees centigrade. Reaction Concentration: 0.153 M. Palladium loading: 2.25 mol%. Ligand loading: 5 mol%. Base loading: 3 eq. What is the yield (%) and cost (US dollar per mol) of this reaction?","","0.83,0.115459012","[]"
"Here is a chemical reaction. Reactants are: Cn1cnc(C#N)c1, Fc1ccccc1Br. Product is: Cn1cnc(C#N)c1-c1ccccc1F. Reaction type is Pd catalyzed C-H arylation. The reaction conditions of this reaction are: Palladium Source: [PdCl(allyl)]2. Ligand: CC12C[C@]3(C)O[C@@](C)(C[C@@](C)(O3)P1c1ccccc1)O2. Solvent: CCCCOC(C)=O. Base: CsOAc. Reaction Temperature: 90 degrees centigrade. Reaction Concentration: 0.153 M. Palladium loading: 2.25 mol%. Ligand loading: 5 mol%. Base loading: 3 eq. What is the yield (%) and cost (US dollar per mol) of this reaction?","","31.58,0.106636797","[]"
"Here is a chemical reaction. Reactants are: Cn1cnc(C#N)c1, Fc1ccccc1Br. Product is: Cn1cnc(C#N)c1-c1ccccc1F. Reaction type is Pd catalyzed C-H arylation. The reaction conditions of this reaction are: Palladium Source: [PdCl(allyl)]2. Ligand: c1ccc(P(c2ccccc2)c2ccccc2)cc1. Solvent: CCCC#N. Base: KOAc. Reaction Temperature: 105 degrees centigrade. Reaction Concentration: 0.153 M. Palladium loading: 2.25 mol%. Ligand loading: 5 mol%. Base loading: 3 eq. What is the yield (%) and cost (US dollar per mol) of this reaction?","","6.67,0.0336692","[]"
"Here is a chemical reaction. Reactants are: Cn1cnc(C#N)c1, Fc1ccccc1Br. Product is: Cn1cnc(C#N)c1-c1ccccc1F. Reaction type is Pd catalyzed C-H arylation. The reaction conditions of this reaction are: Palladium Source: [PdCl(allyl)]2. Ligand: CP(C)c1ccccc1. Solvent: CCCC#N. Base: KOPiv. Reaction Temperature: 120 degrees centigrade. Reaction Concentration: 0.1 M. Palladium loading: 2.25 mol%. Ligand loading: 5 mol%. Base loading: 3 eq. What is the yield (%) and cost (US dollar per mol) of this reaction?","","0.0,0.045334292","[]"
"Here is a chemical reaction. Reactants are: Cn1cnc(C#N)c1, Fc1ccccc1Br. Product is: Cn1cnc(C#N)c1-c1ccccc1F. Reaction type is Pd catalyzed C-H arylation. The reaction conditions of this reaction are: Palladium Source: [PdCl(allyl)]2. Ligand: CC(C)Oc1cccc(OC(C)C)c1P(C1CCCCC1)C1CCCCC1. Solvent: CC(=O)N(C)C. Base: CsOAc. Reaction Temperature: 90 degrees centigrade. Reaction Concentration: 0.153 M. Palladium loading: 2.25 mol%. Ligand loading: 5 mol%. Base loading: 3 eq. What is the yield (%) and cost (US dollar per mol) of this reaction?","","14.72,0.079297876","[]"
"Here is a chemical reaction. Reactants are: Cn1cnc(C#N)c1, Fc1ccccc1Br. Product is: Cn1cnc(C#N)c1-c1ccccc1F. Reaction type is Pd catalyzed C-H arylation. The reaction conditions of this reaction are: Palladium Source: [PdCl(allyl)]2. Ligand: CC(C)Oc1cccc(OC(C)C)c1P(C1CCCCC1)C1CCCCC1. Solvent: Cc1ccc(C)cc1. Base: CsOPiv. Reaction Temperature: 90 degrees centigrade. Reaction Concentration: 0.057 M. Palladium loading: 2.25 mol%. Ligand loading: 5 mol%. Base loading: 3 eq. What is the yield (%) and cost (US dollar per mol) of this reaction?","","0.76,0.138876901","[]"
"Here is a chemical reaction. Reactants are: Cn1cnc(C#N)c1, Fc1ccccc1Br. Product is: Cn1cnc(C#N)c1-c1ccccc1F. Reaction type is Pd catalyzed C-H arylation. The reaction conditions of this reaction are: Palladium Source: [PdCl(allyl)]2. Ligand: c1coc(P(c2ccco2)c2ccco2)c1. Solvent: Cc1ccc(C)cc1. Base: KOAc. Reaction Temperature: 120 degrees centigrade. Reaction Concentration: 0.057 M. Palladium loading: 2.25 mol%. Ligand loading: 5 mol%. Base loading: 3 eq. What is the yield (%) and cost (US dollar per mol) of this reaction?","","4.66,0.052704011","[]"
"Here is a chemical reaction. Reactants are: Cn1cnc(C#N)c1, Fc1ccccc1Br. Product is: Cn1cnc(C#N)c1-c1ccccc1F. Reaction type is Pd catalyzed C-H arylation. The reaction conditions of this reaction are: Palladium Source: [PdCl(allyl)]2. Ligand: CC12C[C@]3(C)O[C@@](C)(C[C@@](C)(O3)P1c1ccccc1)O2. Solvent: CCCC#N. Base: KOPiv. Reaction Temperature: 90 degrees centigrade. Reaction Concentration: 0.1 M. Palladium loading: 2.25 mol%. Ligand loading: 5 mol%. Base loading: 3 eq. What is the yield (%) and cost (US dollar per mol) of this reaction?","","57.18,0.074930712","[]"
"Here is a chemical reaction. Reactants are: Cn1cnc(C#N)c1, Fc1ccccc1Br. Product is: Cn1cnc(C#N)c1-c1ccccc1F. Reaction type is Pd catalyzed C-H arylation. The reaction conditions of this reaction are: Palladium Source: [PdCl(allyl)]2. Ligand: CP(C)c1ccccc1. Solvent: CC(=O)N(C)C. Base: CsOPiv. Reaction Temperature: 120 degrees centigrade. Reaction Concentration: 0.153 M. Palladium loading: 2.25 mol%. Ligand loading: 5 mol%. Base loading: 3 eq. What is the yield (%) and cost (US dollar per mol) of this reaction?","","0.0,0.110329516","[]"
"Here is a chemical reaction. Reactants are: Cn1cnc(C#N)c1, Fc1ccccc1Br. Product is: Cn1cnc(C#N)c1-c1ccccc1F. Reaction type is Pd catalyzed C-H arylation. The reaction conditions of this reaction are: Palladium Source: [PdCl(allyl)]2. Ligand: CN(C)c1cccc(N(C)C)c1-c1ccccc1P(c1ccccc1)C(C)(C)C. Solvent: Cc1ccc(C)cc1. Base: CsOPiv. Reaction Temperature: 90 degrees centigrade. Reaction Concentration: 0.1 M. Palladium loading: 2.25 mol%. Ligand loading: 5 mol%. Base loading: 3 eq. What is the yield (%) and cost (US dollar per mol) of this reaction?","","31.97,0.357729099","[]"
"Here is a chemical reaction. Reactants are: Cn1cnc(C#N)c1, Fc1ccccc1Br. Product is: Cn1cnc(C#N)c1-c1ccccc1F. Reaction type is Pd catalyzed C-H arylation. The reaction conditions of this reaction are: Palladium Source: [PdCl(allyl)]2. Ligand: CN(C)c1cccc(N(C)C)c1-c1ccccc1P(c1ccccc1)C(C)(C)C. Solvent: CCCCOC(C)=O. Base: KOAc. Reaction Temperature: 120 degrees centigrade. Reaction Concentration: 0.153 M. Palladium loading: 2.25 mol%. Ligand loading: 5 mol%. Base loading: 3 eq. What is the yield (%) and cost (US dollar per mol) of this reaction?","","0.0,0.272107247","[]"
"Here is a chemical reaction. Reactants are: Cn1cnc(C#N)c1, Fc1ccccc1Br. Product is: Cn1cnc(C#N)c1-c1ccccc1F. Reaction type is Pd catalyzed C-H arylation. The reaction conditions of this reaction are: Palladium Source: [PdCl(allyl)]2. Ligand: CP(c1ccccc1)c1ccccc1. Solvent: Cc1ccc(C)cc1. Base: KOPiv. Reaction Temperature: 90 degrees centigrade. Reaction Concentration: 0.1 M. Palladium loading: 2.25 mol%. Ligand loading: 5 mol%. Base loading: 3 eq. What is the yield (%) and cost (US dollar per mol) of this reaction?","","0.0,0.028582675","[]"
"Here is a chemical reaction. Reactants are: Cn1cnc(C#N)c1, Fc1ccccc1Br. Product is: Cn1cnc(C#N)c1-c1ccccc1F. Reaction type is Pd catalyzed C-H arylation. The reaction conditions of this reaction are: Palladium Source: [PdCl(allyl)]2. Ligand: CP(c1ccccc1)c1ccccc1. Solvent: CC(=O)N(C)C. Base: CsOPiv. Reaction Temperature: 105 degrees centigrade. Reaction Concentration: 0.1 M. Palladium loading: 2.25 mol%. Ligand loading: 5 mol%. Base loading: 3 eq. What is the yield (%) and cost (US dollar per mol) of this reaction?","","4.3,0.113736574","[]"
"Here is a chemical reaction. Reactants are: Cn1cnc(C#N)c1, Fc1ccccc1Br. Product is: Cn1cnc(C#N)c1-c1ccccc1F. Reaction type is Pd catalyzed C-H arylation. The reaction conditions of this reaction are: Palladium Source: [PdCl(allyl)]2. Ligand: CC(C)(C)P(c1ccccc1)C(C)(C)C. Solvent: CC(=O)N(C)C. Base: KOAc. Reaction Temperature: 120 degrees centigrade. Reaction Concentration: 0.057 M. Palladium loading: 2.25 mol%. Ligand loading: 5 mol%. Base loading: 3 eq. What is the yield (%) and cost (US dollar per mol) of this reaction?","","2.13,0.053334682","[]"
"Here is a chemical reaction. Reactants are: Cn1cnc(C#N)c1, Fc1ccccc1Br. Product is: Cn1cnc(C#N)c1-c1ccccc1F. Reaction type is Pd catalyzed C-H arylation. The reaction conditions of this reaction are: Palladium Source: [PdCl(allyl)]2. Ligand: COc1ccc(OC)c(P(c2cc(C(F)(F)F)cc(C(F)(F)F)c2)c2cc(C(F)(F)F)cc(C(F)(F)F)c2)c1-c1c(C(C)C)cc(C(C)C)cc1C(C)C. Solvent: Cc1ccc(C)cc1. Base: KOAc. Reaction Temperature: 120 degrees centigrade. Reaction Concentration: 0.057 M. Palladium loading: 2.25 mol%. Ligand loading: 5 mol%. Base loading: 3 eq. What is the yield (%) and cost (US dollar per mol) of this reaction?","","5.4,0.370126074","[]"
"Here is a chemical reaction. Reactants are: Cn1cnc(C#N)c1, Fc1ccccc1Br. Product is: Cn1cnc(C#N)c1-c1ccccc1F. Reaction type is Pd catalyzed C-H arylation. The reaction conditions of this reaction are: Palladium Source: [PdCl(allyl)]2. Ligand: CP(c1ccccc1)c1ccccc1. Solvent: CCCCOC(C)=O. Base: CsOPiv. Reaction Temperature: 105 degrees centigrade. Reaction Concentration: 0.1 M. Palladium loading: 2.25 mol%. Ligand loading: 5 mol%. Base loading: 3 eq. What is the yield (%) and cost (US dollar per mol) of this reaction?","","0.0,0.125440798","[]"
"Here is a chemical reaction. Reactants are: Cn1cnc(C#N)c1, Fc1ccccc1Br. Product is: Cn1cnc(C#N)c1-c1ccccc1F. Reaction type is Pd catalyzed C-H arylation. The reaction conditions of this reaction are: Palladium Source: [PdCl(allyl)]2. Ligand: COc1ccc(OC)c(P(c2cc(C(F)(F)F)cc(C(F)(F)F)c2)c2cc(C(F)(F)F)cc(C(F)(F)F)c2)c1-c1c(C(C)C)cc(C(C)C)cc1C(C)C. Solvent: Cc1ccc(C)cc1. Base: KOAc. Reaction Temperature: 120 degrees centigrade. Reaction Concentration: 0.153 M. Palladium loading: 2.25 mol%. Ligand loading: 5 mol%. Base loading: 3 eq. What is the yield (%) and cost (US dollar per mol) of this reaction?","","7.88,0.352962783","[]"
"Here is a chemical reaction. Reactants are: Cn1cnc(C#N)c1, Fc1ccccc1Br. Product is: Cn1cnc(C#N)c1-c1ccccc1F. Reaction type is Pd catalyzed C-H arylation. The reaction conditions of this reaction are: Palladium Source: [PdCl(allyl)]2. Ligand: COc1ccc(OC)c(P(C2CCCCC2)C2CCCCC2)c1-c1c(C(C)C)cc(C(C)C)cc1C(C)C. Solvent: Cc1ccc(C)cc1. Base: CsOPiv. Reaction Temperature: 120 degrees centigrade. Reaction Concentration: 0.057 M. Palladium loading: 2.25 mol%. Ligand loading: 5 mol%. Base loading: 3 eq. What is the yield (%) and cost (US dollar per mol) of this reaction?","","26.52,0.246325146","[]"
"Here is a chemical reaction. Reactants are: Cn1cnc(C#N)c1, Fc1ccccc1Br. Product is: Cn1cnc(C#N)c1-c1ccccc1F. Reaction type is Pd catalyzed C-H arylation. The reaction conditions of this reaction are: Palladium Source: [PdCl(allyl)]2. Ligand: CP(c1ccccc1)c1ccccc1. Solvent: CC(=O)N(C)C. Base: KOPiv. Reaction Temperature: 105 degrees centigrade. Reaction Concentration: 0.057 M. Palladium loading: 2.25 mol%. Ligand loading: 5 mol%. Base loading: 3 eq. What is the yield (%) and cost (US dollar per mol) of this reaction?","","22.92,0.036449871","[]"
"Here is a chemical reaction. Reactants are: Cn1cnc(C#N)c1, Fc1ccccc1Br. Product is: Cn1cnc(C#N)c1-c1ccccc1F. Reaction type is Pd catalyzed C-H arylation. The reaction conditions of this reaction are: Palladium Source: [PdCl(allyl)]2. Ligand: COc1ccc(OC)c(P(C2CCCCC2)C2CCCCC2)c1-c1c(C(C)C)cc(C(C)C)cc1C(C)C. Solvent: Cc1ccc(C)cc1. Base: KOPiv. Reaction Temperature: 105 degrees centigrade. Reaction Concentration: 0.057 M. Palladium loading: 2.25 mol%. Ligand loading: 5 mol%. Base loading: 3 eq. What is the yield (%) and cost (US dollar per mol) of this reaction?","","29.85,0.158869288","[]"
"Here is a chemical reaction. Reactants are: Cn1cnc(C#N)c1, Fc1ccccc1Br. Product is: Cn1cnc(C#N)c1-c1ccccc1F. Reaction type is Pd catalyzed C-H arylation. The reaction conditions of this reaction are: Palladium Source: [PdCl(allyl)]2. Ligand: c1ccc(P(c2ccccc2)c2ccccc2)cc1. Solvent: CCCCOC(C)=O. Base: KOAc. Reaction Temperature: 105 degrees centigrade. Reaction Concentration: 0.153 M. Palladium loading: 2.25 mol%. Ligand loading: 5 mol%. Base loading: 3 eq. What is the yield (%) and cost (US dollar per mol) of this reaction?","","4.51,0.029512185","[]"
"Here is a chemical reaction. Reactants are: Cn1cnc(C#N)c1, Fc1ccccc1Br. Product is: Cn1cnc(C#N)c1-c1ccccc1F. Reaction type is Pd catalyzed C-H arylation. The reaction conditions of this reaction are: Palladium Source: [PdCl(allyl)]2. Ligand: CC(C)(C)P(c1ccccc1)C(C)(C)C. Solvent: CC(=O)N(C)C. Base: CsOPiv. Reaction Temperature: 90 degrees centigrade. Reaction Concentration: 0.1 M. Palladium loading: 2.25 mol%. Ligand loading: 5 mol%. Base loading: 3 eq. What is the yield (%) and cost (US dollar per mol) of this reaction?","","0.0,0.129574623","[]"
"Here is a chemical reaction. Reactants are: Cn1cnc(C#N)c1, Fc1ccccc1Br. Product is: Cn1cnc(C#N)c1-c1ccccc1F. Reaction type is Pd catalyzed C-H arylation. The reaction conditions of this reaction are: Palladium Source: [PdCl(allyl)]2. Ligand: c1coc(P(c2ccco2)c2ccco2)c1. Solvent: CCCC#N. Base: KOPiv. Reaction Temperature: 105 degrees centigrade. Reaction Concentration: 0.1 M. Palladium loading: 2.25 mol%. Ligand loading: 5 mol%. Base loading: 3 eq. What is the yield (%) and cost (US dollar per mol) of this reaction?","","46.99,0.055680869","[]"
"Here is a chemical reaction. Reactants are: Cn1cnc(C#N)c1, Fc1ccccc1Br. Product is: Cn1cnc(C#N)c1-c1ccccc1F. Reaction type is Pd catalyzed C-H arylation. The reaction conditions of this reaction are: Palladium Source: [PdCl(allyl)]2. Ligand: CP(c1ccccc1)c1ccccc1. Solvent: CC(=O)N(C)C. Base: CsOAc. Reaction Temperature: 105 degrees centigrade. Reaction Concentration: 0.057 M. Palladium loading: 2.25 mol%. Ligand loading: 5 mol%. Base loading: 3 eq. What is the yield (%) and cost (US dollar per mol) of this reaction?","","20.41,0.083037381","[]"
"Here is a chemical reaction. Reactants are: Cn1cnc(C#N)c1, Fc1ccccc1Br. Product is: Cn1cnc(C#N)c1-c1ccccc1F. Reaction type is Pd catalyzed C-H arylation. The reaction conditions of this reaction are: Palladium Source: [PdCl(allyl)]2. Ligand: CC(C)Oc1cccc(OC(C)C)c1P(C1CCCCC1)C1CCCCC1. Solvent: CCCCOC(C)=O. Base: KOPiv. Reaction Temperature: 105 degrees centigrade. Reaction Concentration: 0.153 M. Palladium loading: 2.25 mol%. Ligand loading: 5 mol%. Base loading: 3 eq. What is the yield (%) and cost (US dollar per mol) of this reaction?","","13.22,0.040580594","[]"
"Here is a chemical reaction. Reactants are: Cn1cnc(C#N)c1, Fc1ccccc1Br. Product is: Cn1cnc(C#N)c1-c1ccccc1F. Reaction type is Pd catalyzed C-H arylation. The reaction conditions of this reaction are: Palladium Source: [PdCl(allyl)]2. Ligand: COc1ccc(OC)c(P(C2CCCCC2)C2CCCCC2)c1-c1c(C(C)C)cc(C(C)C)cc1C(C)C. Solvent: CCCC#N. Base: CsOPiv. Reaction Temperature: 120 degrees centigrade. Reaction Concentration: 0.057 M. Palladium loading: 2.25 mol%. Ligand loading: 5 mol%. Base loading: 3 eq. What is the yield (%) and cost (US dollar per mol) of this reaction?","","42.63,0.273140939","[]"
"Here is a chemical reaction. Reactants are: Cn1cnc(C#N)c1, Fc1ccccc1Br. Product is: Cn1cnc(C#N)c1-c1ccccc1F. Reaction type is Pd catalyzed C-H arylation. The reaction conditions of this reaction are: Palladium Source: [PdCl(allyl)]2. Ligand: CC(C)c1cc(C(C)C)c(-c2ccccc2P(C2CCCCC2)C2CCCCC2)c(C(C)C)c1. Solvent: Cc1ccc(C)cc1. Base: KOAc. Reaction Temperature: 120 degrees centigrade. Reaction Concentration: 0.057 M. Palladium loading: 2.25 mol%. Ligand loading: 5 mol%. Base loading: 3 eq. What is the yield (%) and cost (US dollar per mol) of this reaction?","","45.62,0.048750555","[]"
"Here is a chemical reaction. Reactants are: Cn1cnc(C#N)c1, Fc1ccccc1Br. Product is: Cn1cnc(C#N)c1-c1ccccc1F. Reaction type is Pd catalyzed C-H arylation. The reaction conditions of this reaction are: Palladium Source: [PdCl(allyl)]2. Ligand: CC(C)(C)P(c1ccccc1)C(C)(C)C. Solvent: CCCCOC(C)=O. Base: KOPiv. Reaction Temperature: 105 degrees centigrade. Reaction Concentration: 0.153 M. Palladium loading: 2.25 mol%. Ligand loading: 5 mol%. Base loading: 3 eq. What is the yield (%) and cost (US dollar per mol) of this reaction?","","0.0,0.045301662","[]"
"Here is a chemical reaction. Reactants are: Cn1cnc(C#N)c1, Fc1ccccc1Br. Product is: Cn1cnc(C#N)c1-c1ccccc1F. Reaction type is Pd catalyzed C-H arylation. The reaction conditions of this reaction are: Palladium Source: [PdCl(allyl)]2. Ligand: c1coc(P(c2ccco2)c2ccco2)c1. Solvent: CCCCOC(C)=O. Base: CsOAc. Reaction Temperature: 105 degrees centigrade. Reaction Concentration: 0.057 M. Palladium loading: 2.25 mol%. Ligand loading: 5 mol%. Base loading: 3 eq. What is the yield (%) and cost (US dollar per mol) of this reaction?","","14.5,0.11444859","[]"
"Here is a chemical reaction. Reactants are: Cn1cnc(C#N)c1, Fc1ccccc1Br. Product is: Cn1cnc(C#N)c1-c1ccccc1F. Reaction type is Pd catalyzed C-H arylation. The reaction conditions of this reaction are: Palladium Source: [PdCl(allyl)]2. Ligand: CC(C)Oc1cccc(OC(C)C)c1P(C1CCCCC1)C1CCCCC1. Solvent: CCCCOC(C)=O. Base: CsOPiv. Reaction Temperature: 90 degrees centigrade. Reaction Concentration: 0.057 M. Palladium loading: 2.25 mol%. Ligand loading: 5 mol%. Base loading: 3 eq. What is the yield (%) and cost (US dollar per mol) of this reaction?","","11.0,0.155115582","[]"
"Here is a chemical reaction. Reactants are: Cn1cnc(C#N)c1, Fc1ccccc1Br. Product is: Cn1cnc(C#N)c1-c1ccccc1F. Reaction type is Pd catalyzed C-H arylation. The reaction conditions of this reaction are: Palladium Source: [PdCl(allyl)]2. Ligand: COc1ccc(OC)c(P(C2CCCCC2)C2CCCCC2)c1-c1c(C(C)C)cc(C(C)C)cc1C(C)C. Solvent: CC(=O)N(C)C. Base: KOPiv. Reaction Temperature: 90 degrees centigrade. Reaction Concentration: 0.153 M. Palladium loading: 2.25 mol%. Ligand loading: 5 mol%. Base loading: 3 eq. What is the yield (%) and cost (US dollar per mol) of this reaction?","","0.66,0.140016826","[]"
"Here is a chemical reaction. Reactants are: Cn1cnc(C#N)c1, Fc1ccccc1Br. Product is: Cn1cnc(C#N)c1-c1ccccc1F. Reaction type is Pd catalyzed C-H arylation. The reaction conditions of this reaction are: Palladium Source: [PdCl(allyl)]2. Ligand: C1CCC(P(C2CCCCC2)C2CCCCC2)CC1. Solvent: CCCC#N. Base: CsOAc. Reaction Temperature: 90 degrees centigrade. Reaction Concentration: 0.1 M. Palladium loading: 2.25 mol%. Ligand loading: 5 mol%. Base loading: 3 eq. What is the yield (%) and cost (US dollar per mol) of this reaction?","","0.0,0.095482427","[]"
"Here is a chemical reaction. Reactants are: Cn1cnc(C#N)c1, Fc1ccccc1Br. Product is: Cn1cnc(C#N)c1-c1ccccc1F. Reaction type is Pd catalyzed C-H arylation. The reaction conditions of this reaction are: Palladium Source: [PdCl(allyl)]2. Ligand: C1CCC(P(C2CCCCC2)C2CCCCC2)CC1. Solvent: CC(=O)N(C)C. Base: CsOAc. Reaction Temperature: 120 degrees centigrade. Reaction Concentration: 0.057 M. Palladium loading: 2.25 mol%. Ligand loading: 5 mol%. Base loading: 3 eq. What is the yield (%) and cost (US dollar per mol) of this reaction?","","35.61,0.087890417","[]"
"Here is a chemical reaction. Reactants are: Cn1cnc(C#N)c1, Fc1ccccc1Br. Product is: Cn1cnc(C#N)c1-c1ccccc1F. Reaction type is Pd catalyzed C-H arylation. The reaction conditions of this reaction are: Palladium Source: [PdCl(allyl)]2. Ligand: CC(C)Oc1cccc(OC(C)C)c1P(C1CCCCC1)C1CCCCC1. Solvent: CCCC#N. Base: CsOAc. Reaction Temperature: 120 degrees centigrade. Reaction Concentration: 0.1 M. Palladium loading: 2.25 mol%. Ligand loading: 5 mol%. Base loading: 3 eq. What is the yield (%) and cost (US dollar per mol) of this reaction?","","40.61,0.10204004","[]"
"Here is a chemical reaction. Reactants are: Cn1cnc(C#N)c1, Fc1ccccc1Br. Product is: Cn1cnc(C#N)c1-c1ccccc1F. Reaction type is Pd catalyzed C-H arylation. The reaction conditions of this reaction are: Palladium Source: [PdCl(allyl)]2. Ligand: CC(C)Oc1cccc(OC(C)C)c1P(C1CCCCC1)C1CCCCC1. Solvent: CCCC#N. Base: KOAc. Reaction Temperature: 105 degrees centigrade. Reaction Concentration: 0.153 M. Palladium loading: 2.25 mol%. Ligand loading: 5 mol%. Base loading: 3 eq. What is the yield (%) and cost (US dollar per mol) of this reaction?","","11.6,0.045820772","[]"
"Here is a chemical reaction. Reactants are: Cn1cnc(C#N)c1, Fc1ccccc1Br. Product is: Cn1cnc(C#N)c1-c1ccccc1F. Reaction type is Pd catalyzed C-H arylation. The reaction conditions of this reaction are: Palladium Source: [PdCl(allyl)]2. Ligand: COc1ccc(OC)c(P(C2CCCCC2)C2CCCCC2)c1-c1c(C(C)C)cc(C(C)C)cc1C(C)C. Solvent: CC(=O)N(C)C. Base: CsOPiv. Reaction Temperature: 120 degrees centigrade. Reaction Concentration: 0.1 M. Palladium loading: 2.25 mol%. Ligand loading: 5 mol%. Base loading: 3 eq. What is the yield (%) and cost (US dollar per mol) of this reaction?","","0.0,0.232133425","[]"
"Here is a chemical reaction. Reactants are: Cn1cnc(C#N)c1, Fc1ccccc1Br. Product is: Cn1cnc(C#N)c1-c1ccccc1F. Reaction type is Pd catalyzed C-H arylation. The reaction conditions of this reaction are: Palladium Source: [PdCl(allyl)]2. Ligand: C1CCC(P(C2CCCCC2)C2CCCCC2)CC1. Solvent: CCCC#N. Base: CsOPiv. Reaction Temperature: 90 degrees centigrade. Reaction Concentration: 0.153 M. Palladium loading: 2.25 mol%. Ligand loading: 5 mol%. Base loading: 3 eq. What is the yield (%) and cost (US dollar per mol) of this reaction?","","0.0,0.125859615","[]"
"Here is a chemical reaction. Reactants are: Cn1cnc(C#N)c1, Fc1ccccc1Br. Product is: Cn1cnc(C#N)c1-c1ccccc1F. Reaction type is Pd catalyzed C-H arylation. The reaction conditions of this reaction are: Palladium Source: [PdCl(allyl)]2. Ligand: C1CCC(P(C2CCCCC2)C2CCCCC2)CC1. Solvent: Cc1ccc(C)cc1. Base: CsOAc. Reaction Temperature: 105 degrees centigrade. Reaction Concentration: 0.153 M. Palladium loading: 2.25 mol%. Ligand loading: 5 mol%. Base loading: 3 eq. What is the yield (%) and cost (US dollar per mol) of this reaction?","","0.28,0.074583739","[]"
"Here is a chemical reaction. Reactants are: Cn1cnc(C#N)c1, Fc1ccccc1Br. Product is: Cn1cnc(C#N)c1-c1ccccc1F. Reaction type is Pd catalyzed C-H arylation. The reaction conditions of this reaction are: Palladium Source: [PdCl(allyl)]2. Ligand: CC(C)(C)P(c1ccccc1)C(C)(C)C. Solvent: CCCCOC(C)=O. Base: KOAc. Reaction Temperature: 105 degrees centigrade. Reaction Concentration: 0.1 M. Palladium loading: 2.25 mol%. Ligand loading: 5 mol%. Base loading: 3 eq. What is the yield (%) and cost (US dollar per mol) of this reaction?","","0.0,0.05491753","[]"
"Here is a chemical reaction. Reactants are: Cn1cnc(C#N)c1, Fc1ccccc1Br. Product is: Cn1cnc(C#N)c1-c1ccccc1F. Reaction type is Pd catalyzed C-H arylation. The reaction conditions of this reaction are: Palladium Source: [PdCl(allyl)]2. Ligand: CP(C)c1ccccc1. Solvent: CCCCOC(C)=O. Base: KOAc. Reaction Temperature: 90 degrees centigrade. Reaction Concentration: 0.057 M. Palladium loading: 2.25 mol%. Ligand loading: 5 mol%. Base loading: 3 eq. What is the yield (%) and cost (US dollar per mol) of this reaction?","","0.0,0.058880809","[]"
"Here is a chemical reaction. Reactants are: Cn1cnc(C#N)c1, Fc1ccccc1Br. Product is: Cn1cnc(C#N)c1-c1ccccc1F. Reaction type is Pd catalyzed C-H arylation. The reaction conditions of this reaction are: Palladium Source: [PdCl(allyl)]2. Ligand: COc1ccc(OC)c(P(c2cc(C(F)(F)F)cc(C(F)(F)F)c2)c2cc(C(F)(F)F)cc(C(F)(F)F)c2)c1-c1c(C(C)C)cc(C(C)C)cc1C(C)C. Solvent: CC(=O)N(C)C. Base: KOPiv. Reaction Temperature: 90 degrees centigrade. Reaction Concentration: 0.057 M. Palladium loading: 2.25 mol%. Ligand loading: 5 mol%. Base loading: 3 eq. What is the yield (%) and cost (US dollar per mol) of this reaction?","","7.12,0.365065293","[]"
"Here is a chemical reaction. Reactants are: Cn1cnc(C#N)c1, Fc1ccccc1Br. Product is: Cn1cnc(C#N)c1-c1ccccc1F. Reaction type is Pd catalyzed C-H arylation. The reaction conditions of this reaction are: Palladium Source: [PdCl(allyl)]2. Ligand: COc1ccc(OC)c(P(C2CCCCC2)C2CCCCC2)c1-c1c(C(C)C)cc(C(C)C)cc1C(C)C. Solvent: Cc1ccc(C)cc1. Base: KOPiv. Reaction Temperature: 120 degrees centigrade. Reaction Concentration: 0.153 M. Palladium loading: 2.25 mol%. Ligand loading: 5 mol%. Base loading: 3 eq. What is the yield (%) and cost (US dollar per mol) of this reaction?","","49.57,0.141768918","[]"
"Here is a chemical reaction. Reactants are: Cn1cnc(C#N)c1, Fc1ccccc1Br. Product is: Cn1cnc(C#N)c1-c1ccccc1F. Reaction type is Pd catalyzed C-H arylation. The reaction conditions of this reaction are: Palladium Source: [PdCl(allyl)]2. Ligand: CC12C[C@]3(C)O[C@@](C)(C[C@@](C)(O3)P1c1ccccc1)O2. Solvent: CCCC#N. Base: CsOPiv. Reaction Temperature: 90 degrees centigrade. Reaction Concentration: 0.057 M. Palladium loading: 2.25 mol%. Ligand loading: 5 mol%. Base loading: 3 eq. What is the yield (%) and cost (US dollar per mol) of this reaction?","","43.22,0.185149431","[]"
"Here is a chemical reaction. Reactants are: Cn1cnc(C#N)c1, Fc1ccccc1Br. Product is: Cn1cnc(C#N)c1-c1ccccc1F. Reaction type is Pd catalyzed C-H arylation. The reaction conditions of this reaction are: Palladium Source: [PdCl(allyl)]2. Ligand: CP(C)c1ccccc1. Solvent: CC(=O)N(C)C. Base: CsOAc. Reaction Temperature: 105 degrees centigrade. Reaction Concentration: 0.057 M. Palladium loading: 2.25 mol%. Ligand loading: 5 mol%. Base loading: 3 eq. What is the yield (%) and cost (US dollar per mol) of this reaction?","","0.0,0.084234372","[]"
"Here is a chemical reaction. Reactants are: Cn1cnc(C#N)c1, Fc1ccccc1Br. Product is: Cn1cnc(C#N)c1-c1ccccc1F. Reaction type is Pd catalyzed C-H arylation. The reaction conditions of this reaction are: Palladium Source: [PdCl(allyl)]2. Ligand: CC12C[C@]3(C)O[C@@](C)(C[C@@](C)(O3)P1c1ccccc1)O2. Solvent: CCCCOC(C)=O. Base: KOAc. Reaction Temperature: 90 degrees centigrade. Reaction Concentration: 0.1 M. Palladium loading: 2.25 mol%. Ligand loading: 5 mol%. Base loading: 3 eq. What is the yield (%) and cost (US dollar per mol) of this reaction?","","14.83,0.069563708","[]"
"Here is a chemical reaction. Reactants are: Cn1cnc(C#N)c1, Fc1ccccc1Br. Product is: Cn1cnc(C#N)c1-c1ccccc1F. Reaction type is Pd catalyzed C-H arylation. The reaction conditions of this reaction are: Palladium Source: [PdCl(allyl)]2. Ligand: c1coc(P(c2ccco2)c2ccco2)c1. Solvent: CCCCOC(C)=O. Base: CsOAc. Reaction Temperature: 120 degrees centigrade. Reaction Concentration: 0.057 M. Palladium loading: 2.25 mol%. Ligand loading: 5 mol%. Base loading: 3 eq. What is the yield (%) and cost (US dollar per mol) of this reaction?","","12.14,0.114435316","[]"
"Here is a chemical reaction. Reactants are: Cn1cnc(C#N)c1, Fc1ccccc1Br. Product is: Cn1cnc(C#N)c1-c1ccccc1F. Reaction type is Pd catalyzed C-H arylation. The reaction conditions of this reaction are: Palladium Source: [PdCl(allyl)]2. Ligand: CN(C)c1cccc(N(C)C)c1-c1ccccc1P(c1ccccc1)C(C)(C)C. Solvent: CC(=O)N(C)C. Base: CsOAc. Reaction Temperature: 105 degrees centigrade. Reaction Concentration: 0.057 M. Palladium loading: 2.25 mol%. Ligand loading: 5 mol%. Base loading: 3 eq. What is the yield (%) and cost (US dollar per mol) of this reaction?","","42.43,0.32466259","[]"
"Here is a chemical reaction. Reactants are: Cn1cnc(C#N)c1, Fc1ccccc1Br. Product is: Cn1cnc(C#N)c1-c1ccccc1F. Reaction type is Pd catalyzed C-H arylation. The reaction conditions of this reaction are: Palladium Source: [PdCl(allyl)]2. Ligand: CC(C)Oc1cccc(OC(C)C)c1P(C1CCCCC1)C1CCCCC1. Solvent: CCCC#N. Base: CsOAc. Reaction Temperature: 120 degrees centigrade. Reaction Concentration: 0.153 M. Palladium loading: 2.25 mol%. Ligand loading: 5 mol%. Base loading: 3 eq. What is the yield (%) and cost (US dollar per mol) of this reaction?","","36.46,0.091512098","[]"
"Here is a chemical reaction. Reactants are: Cn1cnc(C#N)c1, Fc1ccccc1Br. Product is: Cn1cnc(C#N)c1-c1ccccc1F. Reaction type is Pd catalyzed C-H arylation. The reaction conditions of this reaction are: Palladium Source: [PdCl(allyl)]2. Ligand: CC(C)Oc1cccc(OC(C)C)c1P(C1CCCCC1)C1CCCCC1. Solvent: CCCC#N. Base: CsOAc. Reaction Temperature: 105 degrees centigrade. Reaction Concentration: 0.1 M. Palladium loading: 2.25 mol%. Ligand loading: 5 mol%. Base loading: 3 eq. What is the yield (%) and cost (US dollar per mol) of this reaction?","","33.34,0.10198422","[]"
"Here is a chemical reaction. Reactants are: Cn1cnc(C#N)c1, Fc1ccccc1Br. Product is: Cn1cnc(C#N)c1-c1ccccc1F. Reaction type is Pd catalyzed C-H arylation. The reaction conditions of this reaction are: Palladium Source: [PdCl(allyl)]2. Ligand: c1coc(P(c2ccco2)c2ccco2)c1. Solvent: CC(=O)N(C)C. Base: CsOAc. Reaction Temperature: 120 degrees centigrade. Reaction Concentration: 0.057 M. Palladium loading: 2.25 mol%. Ligand loading: 5 mol%. Base loading: 3 eq. What is the yield (%) and cost (US dollar per mol) of this reaction?","","78.6,0.094446738","[]"
"Here is a chemical reaction. Reactants are: Cn1cnc(C#N)c1, Fc1ccccc1Br. Product is: Cn1cnc(C#N)c1-c1ccccc1F. Reaction type is Pd catalyzed C-H arylation. The reaction conditions of this reaction are: Palladium Source: [PdCl(allyl)]2. Ligand: CC(C)Oc1cccc(OC(C)C)c1P(C1CCCCC1)C1CCCCC1. Solvent: CCCCOC(C)=O. Base: CsOAc. Reaction Temperature: 120 degrees centigrade. Reaction Concentration: 0.153 M. Palladium loading: 2.25 mol%. Ligand loading: 5 mol%. Base loading: 3 eq. What is the yield (%) and cost (US dollar per mol) of this reaction?","","23.3,0.087232035","[]"
"Here is a chemical reaction. Reactants are: Cn1cnc(C#N)c1, Fc1ccccc1Br. Product is: Cn1cnc(C#N)c1-c1ccccc1F. Reaction type is Pd catalyzed C-H arylation. The reaction conditions of this reaction are: Palladium Source: [PdCl(allyl)]2. Ligand: c1coc(P(c2ccco2)c2ccco2)c1. Solvent: CC(=O)N(C)C. Base: KOPiv. Reaction Temperature: 105 degrees centigrade. Reaction Concentration: 0.1 M. Palladium loading: 2.25 mol%. Ligand loading: 5 mol%. Base loading: 3 eq. What is the yield (%) and cost (US dollar per mol) of this reaction?","","73.59,0.037709917","[]"
"Here is a chemical reaction. Reactants are: Cn1cnc(C#N)c1, Fc1ccccc1Br. Product is: Cn1cnc(C#N)c1-c1ccccc1F. Reaction type is Pd catalyzed C-H arylation. The reaction conditions of this reaction are: Palladium Source: [PdCl(allyl)]2. Ligand: COc1ccc(OC)c(P(C2CCCCC2)C2CCCCC2)c1-c1c(C(C)C)cc(C(C)C)cc1C(C)C. Solvent: Cc1ccc(C)cc1. Base: KOPiv. Reaction Temperature: 105 degrees centigrade. Reaction Concentration: 0.1 M. Palladium loading: 2.25 mol%. Ligand loading: 5 mol%. Base loading: 3 eq. What is the yield (%) and cost (US dollar per mol) of this reaction?","","29.17,0.147098385","[]"
"Here is a chemical reaction. Reactants are: Cn1cnc(C#N)c1, Fc1ccccc1Br. Product is: Cn1cnc(C#N)c1-c1ccccc1F. Reaction type is Pd catalyzed C-H arylation. The reaction conditions of this reaction are: Palladium Source: [PdCl(allyl)]2. Ligand: CC12C[C@]3(C)O[C@@](C)(C[C@@](C)(O3)P1c1ccccc1)O2. Solvent: CCCC#N. Base: CsOAc. Reaction Temperature: 120 degrees centigrade. Reaction Concentration: 0.057 M. Palladium loading: 2.25 mol%. Ligand loading: 5 mol%. Base loading: 3 eq. What is the yield (%) and cost (US dollar per mol) of this reaction?","","50.74,0.144333905","[]"
"Here is a chemical reaction. Reactants are: Cn1cnc(C#N)c1, Fc1ccccc1Br. Product is: Cn1cnc(C#N)c1-c1ccccc1F. Reaction type is Pd catalyzed C-H arylation. The reaction conditions of this reaction are: Palladium Source: [PdCl(allyl)]2. Ligand: CC12C[C@]3(C)O[C@@](C)(C[C@@](C)(O3)P1c1ccccc1)O2. Solvent: Cc1ccc(C)cc1. Base: CsOPiv. Reaction Temperature: 120 degrees centigrade. Reaction Concentration: 0.153 M. Palladium loading: 2.25 mol%. Ligand loading: 5 mol%. Base loading: 3 eq. What is the yield (%) and cost (US dollar per mol) of this reaction?","","19.13,0.141129795","[]"
"Here is a chemical reaction. Reactants are: Cn1cnc(C#N)c1, Fc1ccccc1Br. Product is: Cn1cnc(C#N)c1-c1ccccc1F. Reaction type is Pd catalyzed C-H arylation. The reaction conditions of this reaction are: Palladium Source: [PdCl(allyl)]2. Ligand: CC(C)c1cc(C(C)C)c(-c2ccccc2P(C2CCCCC2)C2CCCCC2)c(C(C)C)c1. Solvent: CCCC#N. Base: CsOPiv. Reaction Temperature: 120 degrees centigrade. Reaction Concentration: 0.057 M. Palladium loading: 2.25 mol%. Ligand loading: 5 mol%. Base loading: 3 eq. What is the yield (%) and cost (US dollar per mol) of this reaction?","","31.51,0.161784968","[]"
"Here is a chemical reaction. Reactants are: Cn1cnc(C#N)c1, Fc1ccccc1Br. Product is: Cn1cnc(C#N)c1-c1ccccc1F. Reaction type is Pd catalyzed C-H arylation. The reaction conditions of this reaction are: Palladium Source: [PdCl(allyl)]2. Ligand: COc1ccc(OC)c(P(C2CCCCC2)C2CCCCC2)c1-c1c(C(C)C)cc(C(C)C)cc1C(C)C. Solvent: CCCCOC(C)=O. Base: KOPiv. Reaction Temperature: 105 degrees centigrade. Reaction Concentration: 0.057 M. Palladium loading: 2.25 mol%. Ligand loading: 5 mol%. Base loading: 3 eq. What is the yield (%) and cost (US dollar per mol) of this reaction?","","48.88,0.175214857","[]"
"Here is a chemical reaction. Reactants are: Cn1cnc(C#N)c1, Fc1ccccc1Br. Product is: Cn1cnc(C#N)c1-c1ccccc1F. Reaction type is Pd catalyzed C-H arylation. The reaction conditions of this reaction are: Palladium Source: [PdCl(allyl)]2. Ligand: C1CCC(P(C2CCCCC2)C2CCCCC2)CC1. Solvent: Cc1ccc(C)cc1. Base: KOAc. Reaction Temperature: 90 degrees centigrade. Reaction Concentration: 0.153 M. Palladium loading: 2.25 mol%. Ligand loading: 5 mol%. Base loading: 3 eq. What is the yield (%) and cost (US dollar per mol) of this reaction?","","0.0,0.029082271","[]"
"Here is a chemical reaction. Reactants are: Cn1cnc(C#N)c1, Fc1ccccc1Br. Product is: Cn1cnc(C#N)c1-c1ccccc1F. Reaction type is Pd catalyzed C-H arylation. The reaction conditions of this reaction are: Palladium Source: [PdCl(allyl)]2. Ligand: CP(c1ccccc1)c1ccccc1. Solvent: CC(=O)N(C)C. Base: CsOAc. Reaction Temperature: 90 degrees centigrade. Reaction Concentration: 0.153 M. Palladium loading: 2.25 mol%. Ligand loading: 5 mol%. Base loading: 3 eq. What is the yield (%) and cost (US dollar per mol) of this reaction?","","3.61,0.068210829","[]"
"Here is a chemical reaction. Reactants are: Cn1cnc(C#N)c1, Fc1ccccc1Br. Product is: Cn1cnc(C#N)c1-c1ccccc1F. Reaction type is Pd catalyzed C-H arylation. The reaction conditions of this reaction are: Palladium Source: [PdCl(allyl)]2. Ligand: c1ccc(P(c2ccccc2)c2ccccc2)cc1. Solvent: CCCCOC(C)=O. Base: CsOPiv. Reaction Temperature: 105 degrees centigrade. Reaction Concentration: 0.1 M. Palladium loading: 2.25 mol%. Ligand loading: 5 mol%. Base loading: 3 eq. What is the yield (%) and cost (US dollar per mol) of this reaction?","","0.91,0.124387218","[]"
"Here is a chemical reaction. Reactants are: Cn1cnc(C#N)c1, Fc1ccccc1Br. Product is: Cn1cnc(C#N)c1-c1ccccc1F. Reaction type is Pd catalyzed C-H arylation. The reaction conditions of this reaction are: Palladium Source: [PdCl(allyl)]2. Ligand: CC(C)c1cc(C(C)C)c(-c2ccccc2P(C2CCCCC2)C2CCCCC2)c(C(C)C)c1. Solvent: CCCC#N. Base: KOAc. Reaction Temperature: 105 degrees centigrade. Reaction Concentration: 0.1 M. Palladium loading: 2.25 mol%. Ligand loading: 5 mol%. Base loading: 3 eq. What is the yield (%) and cost (US dollar per mol) of this reaction?","","47.3,0.052674599","[]"
"Here is a chemical reaction. Reactants are: Cn1cnc(C#N)c1, Fc1ccccc1Br. Product is: Cn1cnc(C#N)c1-c1ccccc1F. Reaction type is Pd catalyzed C-H arylation. The reaction conditions of this reaction are: Palladium Source: [PdCl(allyl)]2. Ligand: CC12C[C@]3(C)O[C@@](C)(C[C@@](C)(O3)P1c1ccccc1)O2. Solvent: CC(=O)N(C)C. Base: KOAc. Reaction Temperature: 105 degrees centigrade. Reaction Concentration: 0.153 M. Palladium loading: 2.25 mol%. Ligand loading: 5 mol%. Base loading: 3 eq. What is the yield (%) and cost (US dollar per mol) of this reaction?","","87.0,0.053363987","[]"
"Here is a chemical reaction. Reactants are: Cn1cnc(C#N)c1, Fc1ccccc1Br. Product is: Cn1cnc(C#N)c1-c1ccccc1F. Reaction type is Pd catalyzed C-H arylation. The reaction conditions of this reaction are: Palladium Source: [PdCl(allyl)]2. Ligand: C1CCC(P(C2CCCCC2)C2CCCCC2)CC1. Solvent: CCCCOC(C)=O. Base: CsOPiv. Reaction Temperature: 105 degrees centigrade. Reaction Concentration: 0.1 M. Palladium loading: 2.25 mol%. Ligand loading: 5 mol%. Base loading: 3 eq. What is the yield (%) and cost (US dollar per mol) of this reaction?","","0.0,0.130250015","[]"
"Here is a chemical reaction. Reactants are: Cn1cnc(C#N)c1, Fc1ccccc1Br. Product is: Cn1cnc(C#N)c1-c1ccccc1F. Reaction type is Pd catalyzed C-H arylation. The reaction conditions of this reaction are: Palladium Source: [PdCl(allyl)]2. Ligand: CC12C[C@]3(C)O[C@@](C)(C[C@@](C)(O3)P1c1ccccc1)O2. Solvent: Cc1ccc(C)cc1. Base: KOAc. Reaction Temperature: 90 degrees centigrade. Reaction Concentration: 0.057 M. Palladium loading: 2.25 mol%. Ligand loading: 5 mol%. Base loading: 3 eq. What is the yield (%) and cost (US dollar per mol) of this reaction?","","8.45,0.071889446","[]"
"Here is a chemical reaction. Reactants are: Cn1cnc(C#N)c1, Fc1ccccc1Br. Product is: Cn1cnc(C#N)c1-c1ccccc1F. Reaction type is Pd catalyzed C-H arylation. The reaction conditions of this reaction are: Palladium Source: [PdCl(allyl)]2. Ligand: CP(C)c1ccccc1. Solvent: CCCC#N. Base: KOPiv. Reaction Temperature: 120 degrees centigrade. Reaction Concentration: 0.153 M. Palladium loading: 2.25 mol%. Ligand loading: 5 mol%. Base loading: 3 eq. What is the yield (%) and cost (US dollar per mol) of this reaction?","","0.0,0.034838214","[]"
"Here is a chemical reaction. Reactants are: Cn1cnc(C#N)c1, Fc1ccccc1Br. Product is: Cn1cnc(C#N)c1-c1ccccc1F. Reaction type is Pd catalyzed C-H arylation. The reaction conditions of this reaction are: Palladium Source: [PdCl(allyl)]2. Ligand: CC12C[C@]3(C)O[C@@](C)(C[C@@](C)(O3)P1c1ccccc1)O2. Solvent: CC(=O)N(C)C. Base: KOPiv. Reaction Temperature: 90 degrees centigrade. Reaction Concentration: 0.153 M. Palladium loading: 2.25 mol%. Ligand loading: 5 mol%. Base loading: 3 eq. What is the yield (%) and cost (US dollar per mol) of this reaction?","","61.09,0.052194994","[]"
"Here is a chemical reaction. Reactants are: Cn1cnc(C#N)c1, Fc1ccccc1Br. Product is: Cn1cnc(C#N)c1-c1ccccc1F. Reaction type is Pd catalyzed C-H arylation. The reaction conditions of this reaction are: Palladium Source: [PdCl(allyl)]2. Ligand: CC12C[C@]3(C)O[C@@](C)(C[C@@](C)(O3)P1c1ccccc1)O2. Solvent: CC(=O)N(C)C. Base: CsOPiv. Reaction Temperature: 105 degrees centigrade. Reaction Concentration: 0.057 M. Palladium loading: 2.25 mol%. Ligand loading: 5 mol%. Base loading: 3 eq. What is the yield (%) and cost (US dollar per mol) of this reaction?","","91.06,0.154527525","[]"
"Here is a chemical reaction. Reactants are: Cn1cnc(C#N)c1, Fc1ccccc1Br. Product is: Cn1cnc(C#N)c1-c1ccccc1F. Reaction type is Pd catalyzed C-H arylation. The reaction conditions of this reaction are: Palladium Source: [PdCl(allyl)]2. Ligand: CC(C)Oc1cccc(OC(C)C)c1P(C1CCCCC1)C1CCCCC1. Solvent: Cc1ccc(C)cc1. Base: KOPiv. Reaction Temperature: 105 degrees centigrade. Reaction Concentration: 0.057 M. Palladium loading: 2.25 mol%. Ligand loading: 5 mol%. Base loading: 3 eq. What is the yield (%) and cost (US dollar per mol) of this reaction?","","24.06,0.051493928","[]"
"Here is a chemical reaction. Reactants are: Cn1cnc(C#N)c1, Fc1ccccc1Br. Product is: Cn1cnc(C#N)c1-c1ccccc1F. Reaction type is Pd catalyzed C-H arylation. The reaction conditions of this reaction are: Palladium Source: [PdCl(allyl)]2. Ligand: CC12C[C@]3(C)O[C@@](C)(C[C@@](C)(O3)P1c1ccccc1)O2. Solvent: CCCCOC(C)=O. Base: KOPiv. Reaction Temperature: 120 degrees centigrade. Reaction Concentration: 0.057 M. Palladium loading: 2.25 mol%. Ligand loading: 5 mol%. Base loading: 3 eq. What is the yield (%) and cost (US dollar per mol) of this reaction?","","33.69,0.087133382","[]"
"Here is a chemical reaction. Reactants are: Cn1cnc(C#N)c1, Fc1ccccc1Br. Product is: Cn1cnc(C#N)c1-c1ccccc1F. Reaction type is Pd catalyzed C-H arylation. The reaction conditions of this reaction are: Palladium Source: [PdCl(allyl)]2. Ligand: CC(C)c1cc(C(C)C)c(-c2ccccc2P(C2CCCCC2)C2CCCCC2)c(C(C)C)c1. Solvent: CCCCOC(C)=O. Base: CsOAc. Reaction Temperature: 90 degrees centigrade. Reaction Concentration: 0.057 M. Palladium loading: 2.25 mol%. Ligand loading: 5 mol%. Base loading: 3 eq. What is the yield (%) and cost (US dollar per mol) of this reaction?","","61.71,0.110611176","[]"
"Here is a chemical reaction. Reactants are: Cn1cnc(C#N)c1, Fc1ccccc1Br. Product is: Cn1cnc(C#N)c1-c1ccccc1F. Reaction type is Pd catalyzed C-H arylation. The reaction conditions of this reaction are: Palladium Source: [PdCl(allyl)]2. Ligand: COc1ccc(OC)c(P(c2cc(C(F)(F)F)cc(C(F)(F)F)c2)c2cc(C(F)(F)F)cc(C(F)(F)F)c2)c1-c1c(C(C)C)cc(C(C)C)cc1C(C)C. Solvent: CCCC#N. Base: CsOPiv. Reaction Temperature: 105 degrees centigrade. Reaction Concentration: 0.057 M. Palladium loading: 2.25 mol%. Ligand loading: 5 mol%. Base loading: 3 eq. What is the yield (%) and cost (US dollar per mol) of this reaction?","","10.68,0.483147343","[]"
"Here is a chemical reaction. Reactants are: Cn1cnc(C#N)c1, Fc1ccccc1Br. Product is: Cn1cnc(C#N)c1-c1ccccc1F. Reaction type is Pd catalyzed C-H arylation. The reaction conditions of this reaction are: Palladium Source: [PdCl(allyl)]2. Ligand: CC(C)c1cc(C(C)C)c(-c2ccccc2P(C2CCCCC2)C2CCCCC2)c(C(C)C)c1. Solvent: Cc1ccc(C)cc1. Base: CsOAc. Reaction Temperature: 90 degrees centigrade. Reaction Concentration: 0.1 M. Palladium loading: 2.25 mol%. Ligand loading: 5 mol%. Base loading: 3 eq. What is the yield (%) and cost (US dollar per mol) of this reaction?","","59.27,0.082532399","[]"
"Here is a chemical reaction. Reactants are: Cn1cnc(C#N)c1, Fc1ccccc1Br. Product is: Cn1cnc(C#N)c1-c1ccccc1F. Reaction type is Pd catalyzed C-H arylation. The reaction conditions of this reaction are: Palladium Source: [PdCl(allyl)]2. Ligand: CC(C)c1cc(C(C)C)c(-c2ccccc2P(C2CCCCC2)C2CCCCC2)c(C(C)C)c1. Solvent: Cc1ccc(C)cc1. Base: CsOPiv. Reaction Temperature: 90 degrees centigrade. Reaction Concentration: 0.057 M. Palladium loading: 2.25 mol%. Ligand loading: 5 mol%. Base loading: 3 eq. What is the yield (%) and cost (US dollar per mol) of this reaction?","","34.98,0.135085434","[]"
"Here is a chemical reaction. Reactants are: Cn1cnc(C#N)c1, Fc1ccccc1Br. Product is: Cn1cnc(C#N)c1-c1ccccc1F. Reaction type is Pd catalyzed C-H arylation. The reaction conditions of this reaction are: Palladium Source: [PdCl(allyl)]2. Ligand: CC(C)(C)P(c1ccccc1)C(C)(C)C. Solvent: CCCC#N. Base: KOPiv. Reaction Temperature: 105 degrees centigrade. Reaction Concentration: 0.057 M. Palladium loading: 2.25 mol%. Ligand loading: 5 mol%. Base loading: 3 eq. What is the yield (%) and cost (US dollar per mol) of this reaction?","","0.0,0.082786803","[]"
"Here is a chemical reaction. Reactants are: Cn1cnc(C#N)c1, Fc1ccccc1Br. Product is: Cn1cnc(C#N)c1-c1ccccc1F. Reaction type is Pd catalyzed C-H arylation. The reaction conditions of this reaction are: Palladium Source: [PdCl(allyl)]2. Ligand: CC(C)c1cc(C(C)C)c(-c2ccccc2P(C2CCCCC2)C2CCCCC2)c(C(C)C)c1. Solvent: CCCC#N. Base: CsOPiv. Reaction Temperature: 120 degrees centigrade. Reaction Concentration: 0.1 M. Palladium loading: 2.25 mol%. Ligand loading: 5 mol%. Base loading: 3 eq. What is the yield (%) and cost (US dollar per mol) of this reaction?","","59.81,0.139144366","[]"
"Here is a chemical reaction. Reactants are: Cn1cnc(C#N)c1, Fc1ccccc1Br. Product is: Cn1cnc(C#N)c1-c1ccccc1F. Reaction type is Pd catalyzed C-H arylation. The reaction conditions of this reaction are: Palladium Source: [PdCl(allyl)]2. Ligand: CP(C)c1ccccc1. Solvent: Cc1ccc(C)cc1. Base: CsOPiv. Reaction Temperature: 90 degrees centigrade. Reaction Concentration: 0.153 M. Palladium loading: 2.25 mol%. Ligand loading: 5 mol%. Base loading: 3 eq. What is the yield (%) and cost (US dollar per mol) of this reaction?","","0.0,0.111902594","[]"
"Here is a chemical reaction. Reactants are: Cn1cnc(C#N)c1, Fc1ccccc1Br. Product is: Cn1cnc(C#N)c1-c1ccccc1F. Reaction type is Pd catalyzed C-H arylation. The reaction conditions of this reaction are: Palladium Source: [PdCl(allyl)]2. Ligand: COc1ccc(OC)c(P(C2CCCCC2)C2CCCCC2)c1-c1c(C(C)C)cc(C(C)C)cc1C(C)C. Solvent: CCCCOC(C)=O. Base: KOPiv. Reaction Temperature: 90 degrees centigrade. Reaction Concentration: 0.057 M. Palladium loading: 2.25 mol%. Ligand loading: 5 mol%. Base loading: 3 eq. What is the yield (%) and cost (US dollar per mol) of this reaction?","","61.94,0.175288313","[]"
"Here is a chemical reaction. Reactants are: Cn1cnc(C#N)c1, Fc1ccccc1Br. Product is: Cn1cnc(C#N)c1-c1ccccc1F. Reaction type is Pd catalyzed C-H arylation. The reaction conditions of this reaction are: Palladium Source: [PdCl(allyl)]2. Ligand: CC(C)c1cc(C(C)C)c(-c2ccccc2P(C2CCCCC2)C2CCCCC2)c(C(C)C)c1. Solvent: CCCCOC(C)=O. Base: CsOAc. Reaction Temperature: 105 degrees centigrade. Reaction Concentration: 0.1 M. Palladium loading: 2.25 mol%. Ligand loading: 5 mol%. Base loading: 3 eq. What is the yield (%) and cost (US dollar per mol) of this reaction?","","86.43,0.092192321","[]"
"Here is a chemical reaction. Reactants are: Cn1cnc(C#N)c1, Fc1ccccc1Br. Product is: Cn1cnc(C#N)c1-c1ccccc1F. Reaction type is Pd catalyzed C-H arylation. The reaction conditions of this reaction are: Palladium Source: [PdCl(allyl)]2. Ligand: COc1ccc(OC)c(P(c2cc(C(F)(F)F)cc(C(F)(F)F)c2)c2cc(C(F)(F)F)cc(C(F)(F)F)c2)c1-c1c(C(C)C)cc(C(C)C)cc1C(C)C. Solvent: Cc1ccc(C)cc1. Base: KOPiv. Reaction Temperature: 90 degrees centigrade. Reaction Concentration: 0.057 M. Palladium loading: 2.25 mol%. Ligand loading: 5 mol%. Base loading: 3 eq. What is the yield (%) and cost (US dollar per mol) of this reaction?","","7.25,0.369038526","[]"
"Here is a chemical reaction. Reactants are: Cn1cnc(C#N)c1, Fc1ccccc1Br. Product is: Cn1cnc(C#N)c1-c1ccccc1F. Reaction type is Pd catalyzed C-H arylation. The reaction conditions of this reaction are: Palladium Source: [PdCl(allyl)]2. Ligand: CC12C[C@]3(C)O[C@@](C)(C[C@@](C)(O3)P1c1ccccc1)O2. Solvent: Cc1ccc(C)cc1. Base: CsOAc. Reaction Temperature: 105 degrees centigrade. Reaction Concentration: 0.153 M. Palladium loading: 2.25 mol%. Ligand loading: 5 mol%. Base loading: 3 eq. What is the yield (%) and cost (US dollar per mol) of this reaction?","","80.69,0.100481207","[]"
"Here is a chemical reaction. Reactants are: Cn1cnc(C#N)c1, Fc1ccccc1Br. Product is: Cn1cnc(C#N)c1-c1ccccc1F. Reaction type is Pd catalyzed C-H arylation. The reaction conditions of this reaction are: Palladium Source: [PdCl(allyl)]2. Ligand: CP(C)c1ccccc1. Solvent: Cc1ccc(C)cc1. Base: KOAc. Reaction Temperature: 90 degrees centigrade. Reaction Concentration: 0.057 M. Palladium loading: 2.25 mol%. Ligand loading: 5 mol%. Base loading: 3 eq. What is the yield (%) and cost (US dollar per mol) of this reaction?","","0.0,0.042701224","[]"
"Here is a chemical reaction. Reactants are: Cn1cnc(C#N)c1, Fc1ccccc1Br. Product is: Cn1cnc(C#N)c1-c1ccccc1F. Reaction type is Pd catalyzed C-H arylation. The reaction conditions of this reaction are: Palladium Source: [PdCl(allyl)]2. Ligand: c1coc(P(c2ccco2)c2ccco2)c1. Solvent: CCCC#N. Base: KOPiv. Reaction Temperature: 120 degrees centigrade. Reaction Concentration: 0.153 M. Palladium loading: 2.25 mol%. Ligand loading: 5 mol%. Base loading: 3 eq. What is the yield (%) and cost (US dollar per mol) of this reaction?","","53.11,0.045231781","[]"
"Here is a chemical reaction. Reactants are: Cn1cnc(C#N)c1, Fc1ccccc1Br. Product is: Cn1cnc(C#N)c1-c1ccccc1F. Reaction type is Pd catalyzed C-H arylation. The reaction conditions of this reaction are: Palladium Source: [PdCl(allyl)]2. Ligand: c1ccc(P(c2ccccc2)c2ccccc2)cc1. Solvent: CCCC#N. Base: CsOAc. Reaction Temperature: 120 degrees centigrade. Reaction Concentration: 0.153 M. Palladium loading: 2.25 mol%. Ligand loading: 5 mol%. Base loading: 3 eq. What is the yield (%) and cost (US dollar per mol) of this reaction?","","19.64,0.079269232","[]"
"Here is a chemical reaction. Reactants are: Cn1cnc(C#N)c1, Fc1ccccc1Br. Product is: Cn1cnc(C#N)c1-c1ccccc1F. Reaction type is Pd catalyzed C-H arylation. The reaction conditions of this reaction are: Palladium Source: [PdCl(allyl)]2. Ligand: CP(c1ccccc1)c1ccccc1. Solvent: Cc1ccc(C)cc1. Base: CsOPiv. Reaction Temperature: 105 degrees centigrade. Reaction Concentration: 0.057 M. Palladium loading: 2.25 mol%. Ligand loading: 5 mol%. Base loading: 3 eq. What is the yield (%) and cost (US dollar per mol) of this reaction?","","0.0,0.127819108","[]"
"Here is a chemical reaction. Reactants are: Cn1cnc(C#N)c1, Fc1ccccc1Br. Product is: Cn1cnc(C#N)c1-c1ccccc1F. Reaction type is Pd catalyzed C-H arylation. The reaction conditions of this reaction are: Palladium Source: [PdCl(allyl)]2. Ligand: C1CCC(P(C2CCCCC2)C2CCCCC2)CC1. Solvent: CC(=O)N(C)C. Base: CsOPiv. Reaction Temperature: 105 degrees centigrade. Reaction Concentration: 0.057 M. Palladium loading: 2.25 mol%. Ligand loading: 5 mol%. Base loading: 3 eq. What is the yield (%) and cost (US dollar per mol) of this reaction?","","11.52,0.128694237","[]"
"Here is a chemical reaction. Reactants are: Cn1cnc(C#N)c1, Fc1ccccc1Br. Product is: Cn1cnc(C#N)c1-c1ccccc1F. Reaction type is Pd catalyzed C-H arylation. The reaction conditions of this reaction are: Palladium Source: [PdCl(allyl)]2. Ligand: CC12C[C@]3(C)O[C@@](C)(C[C@@](C)(O3)P1c1ccccc1)O2. Solvent: CCCC#N. Base: KOAc. Reaction Temperature: 120 degrees centigrade. Reaction Concentration: 0.153 M. Palladium loading: 2.25 mol%. Ligand loading: 5 mol%. Base loading: 3 eq. What is the yield (%) and cost (US dollar per mol) of this reaction?","","80.86,0.065710753","[]"
"Here is a chemical reaction. Reactants are: Cn1cnc(C#N)c1, Fc1ccccc1Br. Product is: Cn1cnc(C#N)c1-c1ccccc1F. Reaction type is Pd catalyzed C-H arylation. The reaction conditions of this reaction are: Palladium Source: [PdCl(allyl)]2. Ligand: COc1ccc(OC)c(P(c2cc(C(F)(F)F)cc(C(F)(F)F)c2)c2cc(C(F)(F)F)cc(C(F)(F)F)c2)c1-c1c(C(C)C)cc(C(C)C)cc1C(C)C. Solvent: CC(=O)N(C)C. Base: CsOAc. Reaction Temperature: 120 degrees centigrade. Reaction Concentration: 0.057 M. Palladium loading: 2.25 mol%. Ligand loading: 5 mol%. Base loading: 3 eq. What is the yield (%) and cost (US dollar per mol) of this reaction?","","81.48,0.411874402","[]"
"Here is a chemical reaction. Reactants are: Cn1cnc(C#N)c1, Fc1ccccc1Br. Product is: Cn1cnc(C#N)c1-c1ccccc1F. Reaction type is Pd catalyzed C-H arylation. The reaction conditions of this reaction are: Palladium Source: [PdCl(allyl)]2. Ligand: COc1ccc(OC)c(P(c2cc(C(F)(F)F)cc(C(F)(F)F)c2)c2cc(C(F)(F)F)cc(C(F)(F)F)c2)c1-c1c(C(C)C)cc(C(C)C)cc1C(C)C. Solvent: CCCC#N. Base: KOAc. Reaction Temperature: 120 degrees centigrade. Reaction Concentration: 0.1 M. Palladium loading: 2.25 mol%. Ligand loading: 5 mol%. Base loading: 3 eq. What is the yield (%) and cost (US dollar per mol) of this reaction?","","20.08,0.373987911","[]"
"Here is a chemical reaction. Reactants are: Cn1cnc(C#N)c1, Fc1ccccc1Br. Product is: Cn1cnc(C#N)c1-c1ccccc1F. Reaction type is Pd catalyzed C-H arylation. The reaction conditions of this reaction are: Palladium Source: [PdCl(allyl)]2. Ligand: CN(C)c1cccc(N(C)C)c1-c1ccccc1P(c1ccccc1)C(C)(C)C. Solvent: Cc1ccc(C)cc1. Base: KOPiv. Reaction Temperature: 105 degrees centigrade. Reaction Concentration: 0.057 M. Palladium loading: 2.25 mol%. Ligand loading: 5 mol%. Base loading: 3 eq. What is the yield (%) and cost (US dollar per mol) of this reaction?","","21.43,0.28199104","[]"
"Here is a chemical reaction. Reactants are: Cn1cnc(C#N)c1, Fc1ccccc1Br. Product is: Cn1cnc(C#N)c1-c1ccccc1F. Reaction type is Pd catalyzed C-H arylation. The reaction conditions of this reaction are: Palladium Source: [PdCl(allyl)]2. Ligand: C1CCC(P(C2CCCCC2)C2CCCCC2)CC1. Solvent: Cc1ccc(C)cc1. Base: KOAc. Reaction Temperature: 120 degrees centigrade. Reaction Concentration: 0.153 M. Palladium loading: 2.25 mol%. Ligand loading: 5 mol%. Base loading: 3 eq. What is the yield (%) and cost (US dollar per mol) of this reaction?","","0.0,0.029082271","[]"
"Here is a chemical reaction. Reactants are: Cn1cnc(C#N)c1, Fc1ccccc1Br. Product is: Cn1cnc(C#N)c1-c1ccccc1F. Reaction type is Pd catalyzed C-H arylation. The reaction conditions of this reaction are: Palladium Source: [PdCl(allyl)]2. Ligand: COc1ccc(OC)c(P(C2CCCCC2)C2CCCCC2)c1-c1c(C(C)C)cc(C(C)C)cc1C(C)C. Solvent: CCCC#N. Base: KOPiv. Reaction Temperature: 105 degrees centigrade. Reaction Concentration: 0.1 M. Palladium loading: 2.25 mol%. Ligand loading: 5 mol%. Base loading: 3 eq. What is the yield (%) and cost (US dollar per mol) of this reaction?","","56.05,0.162918073","[]"
"Here is a chemical reaction. Reactants are: Cn1cnc(C#N)c1, Fc1ccccc1Br. Product is: Cn1cnc(C#N)c1-c1ccccc1F. Reaction type is Pd catalyzed C-H arylation. The reaction conditions of this reaction are: Palladium Source: [PdCl(allyl)]2. Ligand: CC12C[C@]3(C)O[C@@](C)(C[C@@](C)(O3)P1c1ccccc1)O2. Solvent: CCCCOC(C)=O. Base: KOPiv. Reaction Temperature: 90 degrees centigrade. Reaction Concentration: 0.057 M. Palladium loading: 2.25 mol%. Ligand loading: 5 mol%. Base loading: 3 eq. What is the yield (%) and cost (US dollar per mol) of this reaction?","","17.63,0.087043051","[]"
"Here is a chemical reaction. Reactants are: Cn1cnc(C#N)c1, Fc1ccccc1Br. Product is: Cn1cnc(C#N)c1-c1ccccc1F. Reaction type is Pd catalyzed C-H arylation. The reaction conditions of this reaction are: Palladium Source: [PdCl(allyl)]2. Ligand: CC(C)(C)P(c1ccccc1)C(C)(C)C. Solvent: CC(=O)N(C)C. Base: CsOPiv. Reaction Temperature: 120 degrees centigrade. Reaction Concentration: 0.153 M. Palladium loading: 2.25 mol%. Ligand loading: 5 mol%. Base loading: 3 eq. What is the yield (%) and cost (US dollar per mol) of this reaction?","","0.0,0.124924132","[]"
"Here is a chemical reaction. Reactants are: Cn1cnc(C#N)c1, Fc1ccccc1Br. Product is: Cn1cnc(C#N)c1-c1ccccc1F. Reaction type is Pd catalyzed C-H arylation. The reaction conditions of this reaction are: Palladium Source: [PdCl(allyl)]2. Ligand: C1CCC(P(C2CCCCC2)C2CCCCC2)CC1. Solvent: CCCC#N. Base: KOAc. Reaction Temperature: 105 degrees centigrade. Reaction Concentration: 0.057 M. Palladium loading: 2.25 mol%. Ligand loading: 5 mol%. Base loading: 3 eq. What is the yield (%) and cost (US dollar per mol) of this reaction?","","0.0,0.072839876","[]"
"Here is a chemical reaction. Reactants are: Cn1cnc(C#N)c1, Fc1ccccc1Br. Product is: Cn1cnc(C#N)c1-c1ccccc1F. Reaction type is Pd catalyzed C-H arylation. The reaction conditions of this reaction are: Palladium Source: [PdCl(allyl)]2. Ligand: CC(C)Oc1cccc(OC(C)C)c1P(C1CCCCC1)C1CCCCC1. Solvent: CC(=O)N(C)C. Base: KOPiv. Reaction Temperature: 105 degrees centigrade. Reaction Concentration: 0.1 M. Palladium loading: 2.25 mol%. Ligand loading: 5 mol%. Base loading: 3 eq. What is the yield (%) and cost (US dollar per mol) of this reaction?","","38.15,0.037421164","[]"
"Here is a chemical reaction. Reactants are: Cn1cnc(C#N)c1, Fc1ccccc1Br. Product is: Cn1cnc(C#N)c1-c1ccccc1F. Reaction type is Pd catalyzed C-H arylation. The reaction conditions of this reaction are: Palladium Source: [PdCl(allyl)]2. Ligand: C1CCC(P(C2CCCCC2)C2CCCCC2)CC1. Solvent: CC(=O)N(C)C. Base: KOAc. Reaction Temperature: 90 degrees centigrade. Reaction Concentration: 0.1 M. Palladium loading: 2.25 mol%. Ligand loading: 5 mol%. Base loading: 3 eq. What is the yield (%) and cost (US dollar per mol) of this reaction?","","1.71,0.032164613","[]"
"Here is a chemical reaction. Reactants are: Cn1cnc(C#N)c1, Fc1ccccc1Br. Product is: Cn1cnc(C#N)c1-c1ccccc1F. Reaction type is Pd catalyzed C-H arylation. The reaction conditions of this reaction are: Palladium Source: [PdCl(allyl)]2. Ligand: CC(C)Oc1cccc(OC(C)C)c1P(C1CCCCC1)C1CCCCC1. Solvent: CCCC#N. Base: CsOPiv. Reaction Temperature: 105 degrees centigrade. Reaction Concentration: 0.057 M. Palladium loading: 2.25 mol%. Ligand loading: 5 mol%. Base loading: 3 eq. What is the yield (%) and cost (US dollar per mol) of this reaction?","","46.17,0.165813892","[]"
"Here is a chemical reaction. Reactants are: Cn1cnc(C#N)c1, Fc1ccccc1Br. Product is: Cn1cnc(C#N)c1-c1ccccc1F. Reaction type is Pd catalyzed C-H arylation. The reaction conditions of this reaction are: Palladium Source: [PdCl(allyl)]2. Ligand: COc1ccc(OC)c(P(C2CCCCC2)C2CCCCC2)c1-c1c(C(C)C)cc(C(C)C)cc1C(C)C. Solvent: CC(=O)N(C)C. Base: KOPiv. Reaction Temperature: 120 degrees centigrade. Reaction Concentration: 0.057 M. Palladium loading: 2.25 mol%. Ligand loading: 5 mol%. Base loading: 3 eq. What is the yield (%) and cost (US dollar per mol) of this reaction?","","0.0,0.154793045","[]"
"Here is a chemical reaction. Reactants are: Cn1cnc(C#N)c1, Fc1ccccc1Br. Product is: Cn1cnc(C#N)c1-c1ccccc1F. Reaction type is Pd catalyzed C-H arylation. The reaction conditions of this reaction are: Palladium Source: [PdCl(allyl)]2. Ligand: c1ccc(P(c2ccccc2)c2ccccc2)cc1. Solvent: CCCC#N. Base: KOAc. Reaction Temperature: 120 degrees centigrade. Reaction Concentration: 0.1 M. Palladium loading: 2.25 mol%. Ligand loading: 5 mol%. Base loading: 3 eq. What is the yield (%) and cost (US dollar per mol) of this reaction?","","12.65,0.044211194","[]"
"Here is a chemical reaction. Reactants are: Cn1cnc(C#N)c1, Fc1ccccc1Br. Product is: Cn1cnc(C#N)c1-c1ccccc1F. Reaction type is Pd catalyzed C-H arylation. The reaction conditions of this reaction are: Palladium Source: [PdCl(allyl)]2. Ligand: CC(C)c1cc(C(C)C)c(-c2ccccc2P(C2CCCCC2)C2CCCCC2)c(C(C)C)c1. Solvent: CCCCOC(C)=O. Base: KOPiv. Reaction Temperature: 120 degrees centigrade. Reaction Concentration: 0.1 M. Palladium loading: 2.25 mol%. Ligand loading: 5 mol%. Base loading: 3 eq. What is the yield (%) and cost (US dollar per mol) of this reaction?","","66.49,0.045485421","[]"
"Here is a chemical reaction. Reactants are: Cn1cnc(C#N)c1, Fc1ccccc1Br. Product is: Cn1cnc(C#N)c1-c1ccccc1F. Reaction type is Pd catalyzed C-H arylation. The reaction conditions of this reaction are: Palladium Source: [PdCl(allyl)]2. Ligand: CC12C[C@]3(C)O[C@@](C)(C[C@@](C)(O3)P1c1ccccc1)O2. Solvent: CCCC#N. Base: CsOAc. Reaction Temperature: 105 degrees centigrade. Reaction Concentration: 0.057 M. Palladium loading: 2.25 mol%. Ligand loading: 5 mol%. Base loading: 3 eq. What is the yield (%) and cost (US dollar per mol) of this reaction?","","67.85,0.144465279","[]"
"Here is a chemical reaction. Reactants are: Cn1cnc(C#N)c1, Fc1ccccc1Br. Product is: Cn1cnc(C#N)c1-c1ccccc1F. Reaction type is Pd catalyzed C-H arylation. The reaction conditions of this reaction are: Palladium Source: [PdCl(allyl)]2. Ligand: CC(C)c1cc(C(C)C)c(-c2ccccc2P(C2CCCCC2)C2CCCCC2)c(C(C)C)c1. Solvent: CCCCOC(C)=O. Base: CsOPiv. Reaction Temperature: 120 degrees centigrade. Reaction Concentration: 0.057 M. Palladium loading: 2.25 mol%. Ligand loading: 5 mol%. Base loading: 3 eq. What is the yield (%) and cost (US dollar per mol) of this reaction?","","22.87,0.151265984","[]"
"Here is a chemical reaction. Reactants are: Cn1cnc(C#N)c1, Fc1ccccc1Br. Product is: Cn1cnc(C#N)c1-c1ccccc1F. Reaction type is Pd catalyzed C-H arylation. The reaction conditions of this reaction are: Palladium Source: [PdCl(allyl)]2. Ligand: CP(c1ccccc1)c1ccccc1. Solvent: CCCCOC(C)=O. Base: KOAc. Reaction Temperature: 120 degrees centigrade. Reaction Concentration: 0.057 M. Palladium loading: 2.25 mol%. Ligand loading: 5 mol%. Base loading: 3 eq. What is the yield (%) and cost (US dollar per mol) of this reaction?","","0.0,0.05762498","[]"
"Here is a chemical reaction. Reactants are: Cn1cnc(C#N)c1, Fc1ccccc1Br. Product is: Cn1cnc(C#N)c1-c1ccccc1F. Reaction type is Pd catalyzed C-H arylation. The reaction conditions of this reaction are: Palladium Source: [PdCl(allyl)]2. Ligand: COc1ccc(OC)c(P(C2CCCCC2)C2CCCCC2)c1-c1c(C(C)C)cc(C(C)C)cc1C(C)C. Solvent: Cc1ccc(C)cc1. Base: CsOAc. Reaction Temperature: 90 degrees centigrade. Reaction Concentration: 0.153 M. Palladium loading: 2.25 mol%. Ligand loading: 5 mol%. Base loading: 3 eq. What is the yield (%) and cost (US dollar per mol) of this reaction?","","41.03,0.188332496","[]"
"Here is a chemical reaction. Reactants are: Cn1cnc(C#N)c1, Fc1ccccc1Br. Product is: Cn1cnc(C#N)c1-c1ccccc1F. Reaction type is Pd catalyzed C-H arylation. The reaction conditions of this reaction are: Palladium Source: [PdCl(allyl)]2. Ligand: CP(c1ccccc1)c1ccccc1. Solvent: CCCC#N. Base: KOAc. Reaction Temperature: 120 degrees centigrade. Reaction Concentration: 0.153 M. Palladium loading: 2.25 mol%. Ligand loading: 5 mol%. Base loading: 3 eq. What is the yield (%) and cost (US dollar per mol) of this reaction?","","0.0,0.034676685","[]"
"Here is a chemical reaction. Reactants are: Cn1cnc(C#N)c1, Fc1ccccc1Br. Product is: Cn1cnc(C#N)c1-c1ccccc1F. Reaction type is Pd catalyzed C-H arylation. The reaction conditions of this reaction are: Palladium Source: [PdCl(allyl)]2. Ligand: CC(C)(C)P(c1ccccc1)C(C)(C)C. Solvent: CCCC#N. Base: CsOPiv. Reaction Temperature: 90 degrees centigrade. Reaction Concentration: 0.057 M. Palladium loading: 2.25 mol%. Ligand loading: 5 mol%. Base loading: 3 eq. What is the yield (%) and cost (US dollar per mol) of this reaction?","","0.0,0.170254815","[]"
"Here is a chemical reaction. Reactants are: Cn1cnc(C#N)c1, Fc1ccccc1Br. Product is: Cn1cnc(C#N)c1-c1ccccc1F. Reaction type is Pd catalyzed C-H arylation. The reaction conditions of this reaction are: Palladium Source: [PdCl(allyl)]2. Ligand: CC(C)c1cc(C(C)C)c(-c2ccccc2P(C2CCCCC2)C2CCCCC2)c(C(C)C)c1. Solvent: CC(=O)N(C)C. Base: CsOAc. Reaction Temperature: 120 degrees centigrade. Reaction Concentration: 0.057 M. Palladium loading: 2.25 mol%. Ligand loading: 5 mol%. Base loading: 3 eq. What is the yield (%) and cost (US dollar per mol) of this reaction?","","88.41,0.090372068","[]"
"Here is a chemical reaction. Reactants are: Cn1cnc(C#N)c1, Fc1ccccc1Br. Product is: Cn1cnc(C#N)c1-c1ccccc1F. Reaction type is Pd catalyzed C-H arylation. The reaction conditions of this reaction are: Palladium Source: [PdCl(allyl)]2. Ligand: C1CCC(P(C2CCCCC2)C2CCCCC2)CC1. Solvent: CCCCOC(C)=O. Base: KOAc. Reaction Temperature: 90 degrees centigrade. Reaction Concentration: 0.057 M. Palladium loading: 2.25 mol%. Ligand loading: 5 mol%. Base loading: 3 eq. What is the yield (%) and cost (US dollar per mol) of this reaction?","","0.0,0.062434198","[]"
"Here is a chemical reaction. Reactants are: Cn1cnc(C#N)c1, Fc1ccccc1Br. Product is: Cn1cnc(C#N)c1-c1ccccc1F. Reaction type is Pd catalyzed C-H arylation. The reaction conditions of this reaction are: Palladium Source: [PdCl(allyl)]2. Ligand: CN(C)c1cccc(N(C)C)c1-c1ccccc1P(c1ccccc1)C(C)(C)C. Solvent: CCCC#N. Base: KOPiv. Reaction Temperature: 105 degrees centigrade. Reaction Concentration: 0.1 M. Palladium loading: 2.25 mol%. Ligand loading: 5 mol%. Base loading: 3 eq. What is the yield (%) and cost (US dollar per mol) of this reaction?","","6.39,0.285689257","[]"
"Here is a chemical reaction. Reactants are: Cn1cnc(C#N)c1, Fc1ccccc1Br. Product is: Cn1cnc(C#N)c1-c1ccccc1F. Reaction type is Pd catalyzed C-H arylation. The reaction conditions of this reaction are: Palladium Source: [PdCl(allyl)]2. Ligand: CC(C)Oc1cccc(OC(C)C)c1P(C1CCCCC1)C1CCCCC1. Solvent: CCCCOC(C)=O. Base: CsOAc. Reaction Temperature: 120 degrees centigrade. Reaction Concentration: 0.1 M. Palladium loading: 2.25 mol%. Ligand loading: 5 mol%. Base loading: 3 eq. What is the yield (%) and cost (US dollar per mol) of this reaction?","","29.75,0.095789882","[]"
"Here is a chemical reaction. Reactants are: Cn1cnc(C#N)c1, Fc1ccccc1Br. Product is: Cn1cnc(C#N)c1-c1ccccc1F. Reaction type is Pd catalyzed C-H arylation. The reaction conditions of this reaction are: Palladium Source: [PdCl(allyl)]2. Ligand: CC(C)Oc1cccc(OC(C)C)c1P(C1CCCCC1)C1CCCCC1. Solvent: Cc1ccc(C)cc1. Base: KOAc. Reaction Temperature: 105 degrees centigrade. Reaction Concentration: 0.153 M. Palladium loading: 2.25 mol%. Ligand loading: 5 mol%. Base loading: 3 eq. What is the yield (%) and cost (US dollar per mol) of this reaction?","","0.83,0.035331102","[]"
"Here is a chemical reaction. Reactants are: Cn1cnc(C#N)c1, Fc1ccccc1Br. Product is: Cn1cnc(C#N)c1-c1ccccc1F. Reaction type is Pd catalyzed C-H arylation. The reaction conditions of this reaction are: Palladium Source: [PdCl(allyl)]2. Ligand: COc1ccc(OC)c(P(c2cc(C(F)(F)F)cc(C(F)(F)F)c2)c2cc(C(F)(F)F)cc(C(F)(F)F)c2)c1-c1c(C(C)C)cc(C(C)C)cc1C(C)C. Solvent: CCCC#N. Base: CsOPiv. Reaction Temperature: 90 degrees centigrade. Reaction Concentration: 0.057 M. Palladium loading: 2.25 mol%. Ligand loading: 5 mol%. Base loading: 3 eq. What is the yield (%) and cost (US dollar per mol) of this reaction?","","11.65,0.483154791","[]"
"Here is a chemical reaction. Reactants are: Cn1cnc(C#N)c1, Fc1ccccc1Br. Product is: Cn1cnc(C#N)c1-c1ccccc1F. Reaction type is Pd catalyzed C-H arylation. The reaction conditions of this reaction are: Palladium Source: [PdCl(allyl)]2. Ligand: COc1ccc(OC)c(P(C2CCCCC2)C2CCCCC2)c1-c1c(C(C)C)cc(C(C)C)cc1C(C)C. Solvent: Cc1ccc(C)cc1. Base: KOAc. Reaction Temperature: 120 degrees centigrade. Reaction Concentration: 0.057 M. Palladium loading: 2.25 mol%. Ligand loading: 5 mol%. Base loading: 3 eq. What is the yield (%) and cost (US dollar per mol) of this reaction?","","8.69,0.159886359","[]"
"Here is a chemical reaction. Reactants are: Cn1cnc(C#N)c1, Fc1ccccc1Br. Product is: Cn1cnc(C#N)c1-c1ccccc1F. Reaction type is Pd catalyzed C-H arylation. The reaction conditions of this reaction are: Palladium Source: [PdCl(allyl)]2. Ligand: CP(C)c1ccccc1. Solvent: CC(=O)N(C)C. Base: KOAc. Reaction Temperature: 90 degrees centigrade. Reaction Concentration: 0.1 M. Palladium loading: 2.25 mol%. Ligand loading: 5 mol%. Base loading: 3 eq. What is the yield (%) and cost (US dollar per mol) of this reaction?","","0.0,0.028606294","[]"
"Here is a chemical reaction. Reactants are: Cn1cnc(C#N)c1, Fc1ccccc1Br. Product is: Cn1cnc(C#N)c1-c1ccccc1F. Reaction type is Pd catalyzed C-H arylation. The reaction conditions of this reaction are: Palladium Source: [PdCl(allyl)]2. Ligand: c1coc(P(c2ccco2)c2ccco2)c1. Solvent: CCCC#N. Base: CsOPiv. Reaction Temperature: 120 degrees centigrade. Reaction Concentration: 0.057 M. Palladium loading: 2.25 mol%. Ligand loading: 5 mol%. Base loading: 3 eq. What is the yield (%) and cost (US dollar per mol) of this reaction?","","23.81,0.165828796","[]"
"Here is a chemical reaction. Reactants are: Cn1cnc(C#N)c1, Fc1ccccc1Br. Product is: Cn1cnc(C#N)c1-c1ccccc1F. Reaction type is Pd catalyzed C-H arylation. The reaction conditions of this reaction are: Palladium Source: [PdCl(allyl)]2. Ligand: C1CCC(P(C2CCCCC2)C2CCCCC2)CC1. Solvent: CCCCOC(C)=O. Base: CsOPiv. Reaction Temperature: 105 degrees centigrade. Reaction Concentration: 0.057 M. Palladium loading: 2.25 mol%. Ligand loading: 5 mol%. Base loading: 3 eq. What is the yield (%) and cost (US dollar per mol) of this reaction?","","0.0,0.14880791","[]"
"Here is a chemical reaction. Reactants are: Cn1cnc(C#N)c1, Fc1ccccc1Br. Product is: Cn1cnc(C#N)c1-c1ccccc1F. Reaction type is Pd catalyzed C-H arylation. The reaction conditions of this reaction are: Palladium Source: [PdCl(allyl)]2. Ligand: CC(C)c1cc(C(C)C)c(-c2ccccc2P(C2CCCCC2)C2CCCCC2)c(C(C)C)c1. Solvent: Cc1ccc(C)cc1. Base: KOPiv. Reaction Temperature: 120 degrees centigrade. Reaction Concentration: 0.1 M. Palladium loading: 2.25 mol%. Ligand loading: 5 mol%. Base loading: 3 eq. What is the yield (%) and cost (US dollar per mol) of this reaction?","","44.74,0.035884622","[]"
"Here is a chemical reaction. Reactants are: Cn1cnc(C#N)c1, Fc1ccccc1Br. Product is: Cn1cnc(C#N)c1-c1ccccc1F. Reaction type is Pd catalyzed C-H arylation. The reaction conditions of this reaction are: Palladium Source: [PdCl(allyl)]2. Ligand: COc1ccc(OC)c(P(C2CCCCC2)C2CCCCC2)c1-c1c(C(C)C)cc(C(C)C)cc1C(C)C. Solvent: CCCC#N. Base: CsOAc. Reaction Temperature: 90 degrees centigrade. Reaction Concentration: 0.057 M. Palladium loading: 2.25 mol%. Ligand loading: 5 mol%. Base loading: 3 eq. What is the yield (%) and cost (US dollar per mol) of this reaction?","","36.72,0.232222295","[]"
"Here is a chemical reaction. Reactants are: Cn1cnc(C#N)c1, Fc1ccccc1Br. Product is: Cn1cnc(C#N)c1-c1ccccc1F. Reaction type is Pd catalyzed C-H arylation. The reaction conditions of this reaction are: Palladium Source: [PdCl(allyl)]2. Ligand: CN(C)c1cccc(N(C)C)c1-c1ccccc1P(c1ccccc1)C(C)(C)C. Solvent: CCCC#N. Base: CsOPiv. Reaction Temperature: 105 degrees centigrade. Reaction Concentration: 0.1 M. Palladium loading: 2.25 mol%. Ligand loading: 5 mol%. Base loading: 3 eq. What is the yield (%) and cost (US dollar per mol) of this reaction?","","5.41,0.373149744","[]"
"Here is a chemical reaction. Reactants are: Cn1cnc(C#N)c1, Fc1ccccc1Br. Product is: Cn1cnc(C#N)c1-c1ccccc1F. Reaction type is Pd catalyzed C-H arylation. The reaction conditions of this reaction are: Palladium Source: [PdCl(allyl)]2. Ligand: CC12C[C@]3(C)O[C@@](C)(C[C@@](C)(O3)P1c1ccccc1)O2. Solvent: CC(=O)N(C)C. Base: CsOAc. Reaction Temperature: 105 degrees centigrade. Reaction Concentration: 0.1 M. Palladium loading: 2.25 mol%. Ligand loading: 5 mol%. Base loading: 3 eq. What is the yield (%) and cost (US dollar per mol) of this reaction?","","83.25,0.103504113","[]"
"Here is a chemical reaction. Reactants are: Cn1cnc(C#N)c1, Fc1ccccc1Br. Product is: Cn1cnc(C#N)c1-c1ccccc1F. Reaction type is Pd catalyzed C-H arylation. The reaction conditions of this reaction are: Palladium Source: [PdCl(allyl)]2. Ligand: CN(C)c1cccc(N(C)C)c1-c1ccccc1P(c1ccccc1)C(C)(C)C. Solvent: CC(=O)N(C)C. Base: CsOAc. Reaction Temperature: 120 degrees centigrade. Reaction Concentration: 0.153 M. Palladium loading: 2.25 mol%. Ligand loading: 5 mol%. Base loading: 3 eq. What is the yield (%) and cost (US dollar per mol) of this reaction?","","32.21,0.309855006","[]"
"Here is a chemical reaction. Reactants are: Cn1cnc(C#N)c1, Fc1ccccc1Br. Product is: Cn1cnc(C#N)c1-c1ccccc1F. Reaction type is Pd catalyzed C-H arylation. The reaction conditions of this reaction are: Palladium Source: [PdCl(allyl)]2. Ligand: c1ccc(P(c2ccccc2)c2ccccc2)cc1. Solvent: CCCC#N. Base: CsOPiv. Reaction Temperature: 120 degrees centigrade. Reaction Concentration: 0.057 M. Palladium loading: 2.25 mol%. Ligand loading: 5 mol%. Base loading: 3 eq. What is the yield (%) and cost (US dollar per mol) of this reaction?","","9.46,0.153418308","[]"
"Here is a chemical reaction. Reactants are: Cn1cnc(C#N)c1, Fc1ccccc1Br. Product is: Cn1cnc(C#N)c1-c1ccccc1F. Reaction type is Pd catalyzed C-H arylation. The reaction conditions of this reaction are: Palladium Source: [PdCl(allyl)]2. Ligand: CC(C)(C)P(c1ccccc1)C(C)(C)C. Solvent: Cc1ccc(C)cc1. Base: KOAc. Reaction Temperature: 120 degrees centigrade. Reaction Concentration: 0.153 M. Palladium loading: 2.25 mol%. Ligand loading: 5 mol%. Base loading: 3 eq. What is the yield (%) and cost (US dollar per mol) of this reaction?","","0.0,0.040123498","[]"
"Here is a chemical reaction. Reactants are: Cn1cnc(C#N)c1, Fc1ccccc1Br. Product is: Cn1cnc(C#N)c1-c1ccccc1F. Reaction type is Pd catalyzed C-H arylation. The reaction conditions of this reaction are: Palladium Source: [PdCl(allyl)]2. Ligand: CC(C)c1cc(C(C)C)c(-c2ccccc2P(C2CCCCC2)C2CCCCC2)c(C(C)C)c1. Solvent: CCCCOC(C)=O. Base: KOPiv. Reaction Temperature: 105 degrees centigrade. Reaction Concentration: 0.1 M. Palladium loading: 2.25 mol%. Ligand loading: 5 mol%. Base loading: 3 eq. What is the yield (%) and cost (US dollar per mol) of this reaction?","","48.25,0.045382829","[]"
"Here is a chemical reaction. Reactants are: Cn1cnc(C#N)c1, Fc1ccccc1Br. Product is: Cn1cnc(C#N)c1-c1ccccc1F. Reaction type is Pd catalyzed C-H arylation. The reaction conditions of this reaction are: Palladium Source: [PdCl(allyl)]2. Ligand: CC12C[C@]3(C)O[C@@](C)(C[C@@](C)(O3)P1c1ccccc1)O2. Solvent: CCCC#N. Base: KOAc. Reaction Temperature: 90 degrees centigrade. Reaction Concentration: 0.1 M. Palladium loading: 2.25 mol%. Ligand loading: 5 mol%. Base loading: 3 eq. What is the yield (%) and cost (US dollar per mol) of this reaction?","","16.04,0.075709131","[]"
"Here is a chemical reaction. Reactants are: Cn1cnc(C#N)c1, Fc1ccccc1Br. Product is: Cn1cnc(C#N)c1-c1ccccc1F. Reaction type is Pd catalyzed C-H arylation. The reaction conditions of this reaction are: Palladium Source: [PdCl(allyl)]2. Ligand: CC(C)(C)P(c1ccccc1)C(C)(C)C. Solvent: CCCCOC(C)=O. Base: CsOPiv. Reaction Temperature: 120 degrees centigrade. Reaction Concentration: 0.1 M. Palladium loading: 2.25 mol%. Ligand loading: 5 mol%. Base loading: 3 eq. What is the yield (%) and cost (US dollar per mol) of this reaction?","","0.0,0.141291242","[]"
"Here is a chemical reaction. Reactants are: Cn1cnc(C#N)c1, Fc1ccccc1Br. Product is: Cn1cnc(C#N)c1-c1ccccc1F. Reaction type is Pd catalyzed C-H arylation. The reaction conditions of this reaction are: Palladium Source: [PdCl(allyl)]2. Ligand: C1CCC(P(C2CCCCC2)C2CCCCC2)CC1. Solvent: CCCC#N. Base: CsOPiv. Reaction Temperature: 120 degrees centigrade. Reaction Concentration: 0.153 M. Palladium loading: 2.25 mol%. Ligand loading: 5 mol%. Base loading: 3 eq. What is the yield (%) and cost (US dollar per mol) of this reaction?","","3.33,0.125885183","[]"
"Here is a chemical reaction. Reactants are: Cn1cnc(C#N)c1, Fc1ccccc1Br. Product is: Cn1cnc(C#N)c1-c1ccccc1F. Reaction type is Pd catalyzed C-H arylation. The reaction conditions of this reaction are: Palladium Source: [PdCl(allyl)]2. Ligand: CC(C)c1cc(C(C)C)c(-c2ccccc2P(C2CCCCC2)C2CCCCC2)c(C(C)C)c1. Solvent: CCCC#N. Base: CsOAc. Reaction Temperature: 90 degrees centigrade. Reaction Concentration: 0.153 M. Palladium loading: 2.25 mol%. Ligand loading: 5 mol%. Base loading: 3 eq. What is the yield (%) and cost (US dollar per mol) of this reaction?","","0.0,0.087315789","[]"
"Here is a chemical reaction. Reactants are: Cn1cnc(C#N)c1, Fc1ccccc1Br. Product is: Cn1cnc(C#N)c1-c1ccccc1F. Reaction type is Pd catalyzed C-H arylation. The reaction conditions of this reaction are: Palladium Source: [PdCl(allyl)]2. Ligand: CP(C)c1ccccc1. Solvent: CC(=O)N(C)C. Base: CsOPiv. Reaction Temperature: 90 degrees centigrade. Reaction Concentration: 0.057 M. Palladium loading: 2.25 mol%. Ligand loading: 5 mol%. Base loading: 3 eq. What is the yield (%) and cost (US dollar per mol) of this reaction?","","0.0,0.125107638","[]"
"Here is a chemical reaction. Reactants are: Cn1cnc(C#N)c1, Fc1ccccc1Br. Product is: Cn1cnc(C#N)c1-c1ccccc1F. Reaction type is Pd catalyzed C-H arylation. The reaction conditions of this reaction are: Palladium Source: [PdCl(allyl)]2. Ligand: CC(C)Oc1cccc(OC(C)C)c1P(C1CCCCC1)C1CCCCC1. Solvent: CCCCOC(C)=O. Base: KOAc. Reaction Temperature: 120 degrees centigrade. Reaction Concentration: 0.057 M. Palladium loading: 2.25 mol%. Ligand loading: 5 mol%. Base loading: 3 eq. What is the yield (%) and cost (US dollar per mol) of this reaction?","","0.0,0.06868","[]"
"Here is a chemical reaction. Reactants are: Cn1cnc(C#N)c1, Fc1ccccc1Br. Product is: Cn1cnc(C#N)c1-c1ccccc1F. Reaction type is Pd catalyzed C-H arylation. The reaction conditions of this reaction are: Palladium Source: [PdCl(allyl)]2. Ligand: COc1ccc(OC)c(P(C2CCCCC2)C2CCCCC2)c1-c1c(C(C)C)cc(C(C)C)cc1C(C)C. Solvent: Cc1ccc(C)cc1. Base: KOPiv. Reaction Temperature: 120 degrees centigrade. Reaction Concentration: 0.1 M. Palladium loading: 2.25 mol%. Ligand loading: 5 mol%. Base loading: 3 eq. What is the yield (%) and cost (US dollar per mol) of this reaction?","","37.36,0.147128277","[]"
"Here is a chemical reaction. Reactants are: Cn1cnc(C#N)c1, Fc1ccccc1Br. Product is: Cn1cnc(C#N)c1-c1ccccc1F. Reaction type is Pd catalyzed C-H arylation. The reaction conditions of this reaction are: Palladium Source: [PdCl(allyl)]2. Ligand: CC(C)c1cc(C(C)C)c(-c2ccccc2P(C2CCCCC2)C2CCCCC2)c(C(C)C)c1. Solvent: CCCCOC(C)=O. Base: CsOPiv. Reaction Temperature: 105 degrees centigrade. Reaction Concentration: 0.153 M. Palladium loading: 2.25 mol%. Ligand loading: 5 mol%. Base loading: 3 eq. What is the yield (%) and cost (US dollar per mol) of this reaction?","","5.53,0.124088991","[]"
"Here is a chemical reaction. Reactants are: Cn1cnc(C#N)c1, Fc1ccccc1Br. Product is: Cn1cnc(C#N)c1-c1ccccc1F. Reaction type is Pd catalyzed C-H arylation. The reaction conditions of this reaction are: Palladium Source: [PdCl(allyl)]2. Ligand: CN(C)c1cccc(N(C)C)c1-c1ccccc1P(c1ccccc1)C(C)(C)C. Solvent: CC(=O)N(C)C. Base: CsOPiv. Reaction Temperature: 120 degrees centigrade. Reaction Concentration: 0.1 M. Palladium loading: 2.25 mol%. Ligand loading: 5 mol%. Base loading: 3 eq. What is the yield (%) and cost (US dollar per mol) of this reaction?","","17.43,0.355336154","[]"
"Here is a chemical reaction. Reactants are: Cn1cnc(C#N)c1, Fc1ccccc1Br. Product is: Cn1cnc(C#N)c1-c1ccccc1F. Reaction type is Pd catalyzed C-H arylation. The reaction conditions of this reaction are: Palladium Source: [PdCl(allyl)]2. Ligand: COc1ccc(OC)c(P(C2CCCCC2)C2CCCCC2)c1-c1c(C(C)C)cc(C(C)C)cc1C(C)C. Solvent: CCCC#N. Base: CsOPiv. Reaction Temperature: 90 degrees centigrade. Reaction Concentration: 0.153 M. Palladium loading: 2.25 mol%. Ligand loading: 5 mol%. Base loading: 3 eq. What is the yield (%) and cost (US dollar per mol) of this reaction?","","54.55,0.239878489","[]"
"Here is a chemical reaction. Reactants are: Cn1cnc(C#N)c1, Fc1ccccc1Br. Product is: Cn1cnc(C#N)c1-c1ccccc1F. Reaction type is Pd catalyzed C-H arylation. The reaction conditions of this reaction are: Palladium Source: [PdCl(allyl)]2. Ligand: CC(C)Oc1cccc(OC(C)C)c1P(C1CCCCC1)C1CCCCC1. Solvent: Cc1ccc(C)cc1. Base: KOPiv. Reaction Temperature: 90 degrees centigrade. Reaction Concentration: 0.1 M. Palladium loading: 2.25 mol%. Ligand loading: 5 mol%. Base loading: 3 eq. What is the yield (%) and cost (US dollar per mol) of this reaction?","","4.73,0.039654958","[]"
"Here is a chemical reaction. Reactants are: Cn1cnc(C#N)c1, Fc1ccccc1Br. Product is: Cn1cnc(C#N)c1-c1ccccc1F. Reaction type is Pd catalyzed C-H arylation. The reaction conditions of this reaction are: Palladium Source: [PdCl(allyl)]2. Ligand: CC(C)Oc1cccc(OC(C)C)c1P(C1CCCCC1)C1CCCCC1. Solvent: CCCC#N. Base: CsOAc. Reaction Temperature: 105 degrees centigrade. Reaction Concentration: 0.153 M. Palladium loading: 2.25 mol%. Ligand loading: 5 mol%. Base loading: 3 eq. What is the yield (%) and cost (US dollar per mol) of this reaction?","","28.37,0.091449981","[]"
"Here is a chemical reaction. Reactants are: Cn1cnc(C#N)c1, Fc1ccccc1Br. Product is: Cn1cnc(C#N)c1-c1ccccc1F. Reaction type is Pd catalyzed C-H arylation. The reaction conditions of this reaction are: Palladium Source: [PdCl(allyl)]2. Ligand: COc1ccc(OC)c(P(C2CCCCC2)C2CCCCC2)c1-c1c(C(C)C)cc(C(C)C)cc1C(C)C. Solvent: CCCC#N. Base: KOPiv. Reaction Temperature: 105 degrees centigrade. Reaction Concentration: 0.057 M. Palladium loading: 2.25 mol%. Ligand loading: 5 mol%. Base loading: 3 eq. What is the yield (%) and cost (US dollar per mol) of this reaction?","","29.14,0.185569348","[]"
"Here is a chemical reaction. Reactants are: Cn1cnc(C#N)c1, Fc1ccccc1Br. Product is: Cn1cnc(C#N)c1-c1ccccc1F. Reaction type is Pd catalyzed C-H arylation. The reaction conditions of this reaction are: Palladium Source: [PdCl(allyl)]2. Ligand: COc1ccc(OC)c(P(C2CCCCC2)C2CCCCC2)c1-c1c(C(C)C)cc(C(C)C)cc1C(C)C. Solvent: CCCC#N. Base: CsOAc. Reaction Temperature: 105 degrees centigrade. Reaction Concentration: 0.057 M. Palladium loading: 2.25 mol%. Ligand loading: 5 mol%. Base loading: 3 eq. What is the yield (%) and cost (US dollar per mol) of this reaction?","","45.11,0.232286715","[]"
"Here is a chemical reaction. Reactants are: Cn1cnc(C#N)c1, Fc1ccccc1Br. Product is: Cn1cnc(C#N)c1-c1ccccc1F. Reaction type is Pd catalyzed C-H arylation. The reaction conditions of this reaction are: Palladium Source: [PdCl(allyl)]2. Ligand: C1CCC(P(C2CCCCC2)C2CCCCC2)CC1. Solvent: CC(=O)N(C)C. Base: KOAc. Reaction Temperature: 120 degrees centigrade. Reaction Concentration: 0.057 M. Palladium loading: 2.25 mol%. Ligand loading: 5 mol%. Base loading: 3 eq. What is the yield (%) and cost (US dollar per mol) of this reaction?","","18.38,0.0423403","[]"
"Here is a chemical reaction. Reactants are: Cn1cnc(C#N)c1, Fc1ccccc1Br. Product is: Cn1cnc(C#N)c1-c1ccccc1F. Reaction type is Pd catalyzed C-H arylation. The reaction conditions of this reaction are: Palladium Source: [PdCl(allyl)]2. Ligand: c1ccc(P(c2ccccc2)c2ccccc2)cc1. Solvent: CC(=O)N(C)C. Base: KOPiv. Reaction Temperature: 105 degrees centigrade. Reaction Concentration: 0.057 M. Palladium loading: 2.25 mol%. Ligand loading: 5 mol%. Base loading: 3 eq. What is the yield (%) and cost (US dollar per mol) of this reaction?","","63.61,0.035508473","[]"
"Here is a chemical reaction. Reactants are: Cn1cnc(C#N)c1, Fc1ccccc1Br. Product is: Cn1cnc(C#N)c1-c1ccccc1F. Reaction type is Pd catalyzed C-H arylation. The reaction conditions of this reaction are: Palladium Source: [PdCl(allyl)]2. Ligand: CC(C)(C)P(c1ccccc1)C(C)(C)C. Solvent: Cc1ccc(C)cc1. Base: KOPiv. Reaction Temperature: 120 degrees centigrade. Reaction Concentration: 0.1 M. Palladium loading: 2.25 mol%. Ligand loading: 5 mol%. Base loading: 3 eq. What is the yield (%) and cost (US dollar per mol) of this reaction?","","0.0,0.04443312","[]"
"Here is a chemical reaction. Reactants are: Cn1cnc(C#N)c1, Fc1ccccc1Br. Product is: Cn1cnc(C#N)c1-c1ccccc1F. Reaction type is Pd catalyzed C-H arylation. The reaction conditions of this reaction are: Palladium Source: [PdCl(allyl)]2. Ligand: CC(C)c1cc(C(C)C)c(-c2ccccc2P(C2CCCCC2)C2CCCCC2)c(C(C)C)c1. Solvent: CC(=O)N(C)C. Base: KOPiv. Reaction Temperature: 120 degrees centigrade. Reaction Concentration: 0.1 M. Palladium loading: 2.25 mol%. Ligand loading: 5 mol%. Base loading: 3 eq. What is the yield (%) and cost (US dollar per mol) of this reaction?","","80.61,0.033627204","[]"
"Here is a chemical reaction. Reactants are: Cn1cnc(C#N)c1, Fc1ccccc1Br. Product is: Cn1cnc(C#N)c1-c1ccccc1F. Reaction type is Pd catalyzed C-H arylation. The reaction conditions of this reaction are: Palladium Source: [PdCl(allyl)]2. Ligand: CC12C[C@]3(C)O[C@@](C)(C[C@@](C)(O3)P1c1ccccc1)O2. Solvent: CCCC#N. Base: CsOAc. Reaction Temperature: 90 degrees centigrade. Reaction Concentration: 0.057 M. Palladium loading: 2.25 mol%. Ligand loading: 5 mol%. Base loading: 3 eq. What is the yield (%) and cost (US dollar per mol) of this reaction?","","57.85,0.144388497","[]"
"Here is a chemical reaction. Reactants are: Cn1cnc(C#N)c1, Fc1ccccc1Br. Product is: Cn1cnc(C#N)c1-c1ccccc1F. Reaction type is Pd catalyzed C-H arylation. The reaction conditions of this reaction are: Palladium Source: [PdCl(allyl)]2. Ligand: CP(c1ccccc1)c1ccccc1. Solvent: CCCC#N. Base: KOPiv. Reaction Temperature: 120 degrees centigrade. Reaction Concentration: 0.153 M. Palladium loading: 2.25 mol%. Ligand loading: 5 mol%. Base loading: 3 eq. What is the yield (%) and cost (US dollar per mol) of this reaction?","","0.0,0.033582385","[]"
"Here is a chemical reaction. Reactants are: Cn1cnc(C#N)c1, Fc1ccccc1Br. Product is: Cn1cnc(C#N)c1-c1ccccc1F. Reaction type is Pd catalyzed C-H arylation. The reaction conditions of this reaction are: Palladium Source: [PdCl(allyl)]2. Ligand: CC(C)Oc1cccc(OC(C)C)c1P(C1CCCCC1)C1CCCCC1. Solvent: Cc1ccc(C)cc1. Base: KOPiv. Reaction Temperature: 105 degrees centigrade. Reaction Concentration: 0.1 M. Palladium loading: 2.25 mol%. Ligand loading: 5 mol%. Base loading: 3 eq. What is the yield (%) and cost (US dollar per mol) of this reaction?","","10.98,0.039677769","[]"
"Here is a chemical reaction. Reactants are: Cn1cnc(C#N)c1, Fc1ccccc1Br. Product is: Cn1cnc(C#N)c1-c1ccccc1F. Reaction type is Pd catalyzed C-H arylation. The reaction conditions of this reaction are: Palladium Source: [PdCl(allyl)]2. Ligand: C1CCC(P(C2CCCCC2)C2CCCCC2)CC1. Solvent: CCCC#N. Base: CsOPiv. Reaction Temperature: 120 degrees centigrade. Reaction Concentration: 0.1 M. Palladium loading: 2.25 mol%. Ligand loading: 5 mol%. Base loading: 3 eq. What is the yield (%) and cost (US dollar per mol) of this reaction?","","3.1,0.136379496","[]"
"Here is a chemical reaction. Reactants are: Cn1cnc(C#N)c1, Fc1ccccc1Br. Product is: Cn1cnc(C#N)c1-c1ccccc1F. Reaction type is Pd catalyzed C-H arylation. The reaction conditions of this reaction are: Palladium Source: [PdCl(allyl)]2. Ligand: C1CCC(P(C2CCCCC2)C2CCCCC2)CC1. Solvent: Cc1ccc(C)cc1. Base: CsOPiv. Reaction Temperature: 90 degrees centigrade. Reaction Concentration: 0.057 M. Palladium loading: 2.25 mol%. Ligand loading: 5 mol%. Base loading: 3 eq. What is the yield (%) and cost (US dollar per mol) of this reaction?","","0.0,0.132628326","[]"
"Here is a chemical reaction. Reactants are: Cn1cnc(C#N)c1, Fc1ccccc1Br. Product is: Cn1cnc(C#N)c1-c1ccccc1F. Reaction type is Pd catalyzed C-H arylation. The reaction conditions of this reaction are: Palladium Source: [PdCl(allyl)]2. Ligand: CN(C)c1cccc(N(C)C)c1-c1ccccc1P(c1ccccc1)C(C)(C)C. Solvent: CCCC#N. Base: KOPiv. Reaction Temperature: 105 degrees centigrade. Reaction Concentration: 0.057 M. Palladium loading: 2.25 mol%. Ligand loading: 5 mol%. Base loading: 3 eq. What is the yield (%) and cost (US dollar per mol) of this reaction?","","5.77,0.308542391","[]"
"Here is a chemical reaction. Reactants are: Cn1cnc(C#N)c1, Fc1ccccc1Br. Product is: Cn1cnc(C#N)c1-c1ccccc1F. Reaction type is Pd catalyzed C-H arylation. The reaction conditions of this reaction are: Palladium Source: [PdCl(allyl)]2. Ligand: C1CCC(P(C2CCCCC2)C2CCCCC2)CC1. Solvent: CCCCOC(C)=O. Base: CsOPiv. Reaction Temperature: 120 degrees centigrade. Reaction Concentration: 0.1 M. Palladium loading: 2.25 mol%. Ligand loading: 5 mol%. Base loading: 3 eq. What is the yield (%) and cost (US dollar per mol) of this reaction?","","1.37,0.130257721","[]"
"Here is a chemical reaction. Reactants are: Cn1cnc(C#N)c1, Fc1ccccc1Br. Product is: Cn1cnc(C#N)c1-c1ccccc1F. Reaction type is Pd catalyzed C-H arylation. The reaction conditions of this reaction are: Palladium Source: [PdCl(allyl)]2. Ligand: CC(C)(C)P(c1ccccc1)C(C)(C)C. Solvent: CCCCOC(C)=O. Base: CsOPiv. Reaction Temperature: 105 degrees centigrade. Reaction Concentration: 0.1 M. Palladium loading: 2.25 mol%. Ligand loading: 5 mol%. Base loading: 3 eq. What is the yield (%) and cost (US dollar per mol) of this reaction?","","0.0,0.141291242","[]"
"Here is a chemical reaction. Reactants are: Cn1cnc(C#N)c1, Fc1ccccc1Br. Product is: Cn1cnc(C#N)c1-c1ccccc1F. Reaction type is Pd catalyzed C-H arylation. The reaction conditions of this reaction are: Palladium Source: [PdCl(allyl)]2. Ligand: COc1ccc(OC)c(P(c2cc(C(F)(F)F)cc(C(F)(F)F)c2)c2cc(C(F)(F)F)cc(C(F)(F)F)c2)c1-c1c(C(C)C)cc(C(C)C)cc1C(C)C. Solvent: CCCC#N. Base: CsOAc. Reaction Temperature: 120 degrees centigrade. Reaction Concentration: 0.057 M. Palladium loading: 2.25 mol%. Ligand loading: 5 mol%. Base loading: 3 eq. What is the yield (%) and cost (US dollar per mol) of this reaction?","","23.23,0.442370438","[]"
"Here is a chemical reaction. Reactants are: Cn1cnc(C#N)c1, Fc1ccccc1Br. Product is: Cn1cnc(C#N)c1-c1ccccc1F. Reaction type is Pd catalyzed C-H arylation. The reaction conditions of this reaction are: Palladium Source: [PdCl(allyl)]2. Ligand: c1ccc(P(c2ccccc2)c2ccccc2)cc1. Solvent: CCCC#N. Base: KOPiv. Reaction Temperature: 90 degrees centigrade. Reaction Concentration: 0.057 M. Palladium loading: 2.25 mol%. Ligand loading: 5 mol%. Base loading: 3 eq. What is the yield (%) and cost (US dollar per mol) of this reaction?","","5.92,0.065923115","[]"
"Here is a chemical reaction. Reactants are: Cn1cnc(C#N)c1, Fc1ccccc1Br. Product is: Cn1cnc(C#N)c1-c1ccccc1F. Reaction type is Pd catalyzed C-H arylation. The reaction conditions of this reaction are: Palladium Source: [PdCl(allyl)]2. Ligand: c1ccc(P(c2ccccc2)c2ccccc2)cc1. Solvent: CCCC#N. Base: KOAc. Reaction Temperature: 90 degrees centigrade. Reaction Concentration: 0.1 M. Palladium loading: 2.25 mol%. Ligand loading: 5 mol%. Base loading: 3 eq. What is the yield (%) and cost (US dollar per mol) of this reaction?","","2.83,0.044135794","[]"
"Here is a chemical reaction. Reactants are: Cn1cnc(C#N)c1, Fc1ccccc1Br. Product is: Cn1cnc(C#N)c1-c1ccccc1F. Reaction type is Pd catalyzed C-H arylation. The reaction conditions of this reaction are: Palladium Source: [PdCl(allyl)]2. Ligand: c1coc(P(c2ccco2)c2ccco2)c1. Solvent: Cc1ccc(C)cc1. Base: CsOAc. Reaction Temperature: 120 degrees centigrade. Reaction Concentration: 0.153 M. Palladium loading: 2.25 mol%. Ligand loading: 5 mol%. Base loading: 3 eq. What is the yield (%) and cost (US dollar per mol) of this reaction?","","53.02,0.081208617","[]"
"Here is a chemical reaction. Reactants are: Cn1cnc(C#N)c1, Fc1ccccc1Br. Product is: Cn1cnc(C#N)c1-c1ccccc1F. Reaction type is Pd catalyzed C-H arylation. The reaction conditions of this reaction are: Palladium Source: [PdCl(allyl)]2. Ligand: CP(c1ccccc1)c1ccccc1. Solvent: CCCCOC(C)=O. Base: CsOAc. Reaction Temperature: 120 degrees centigrade. Reaction Concentration: 0.057 M. Palladium loading: 2.25 mol%. Ligand loading: 5 mol%. Base loading: 3 eq. What is the yield (%) and cost (US dollar per mol) of this reaction?","","0.0,0.103125427","[]"
"Here is a chemical reaction. Reactants are: Cn1cnc(C#N)c1, Fc1ccccc1Br. Product is: Cn1cnc(C#N)c1-c1ccccc1F. Reaction type is Pd catalyzed C-H arylation. The reaction conditions of this reaction are: Palladium Source: [PdCl(allyl)]2. Ligand: CC12C[C@]3(C)O[C@@](C)(C[C@@](C)(O3)P1c1ccccc1)O2. Solvent: CCCCOC(C)=O. Base: CsOAc. Reaction Temperature: 90 degrees centigrade. Reaction Concentration: 0.057 M. Palladium loading: 2.25 mol%. Ligand loading: 5 mol%. Base loading: 3 eq. What is the yield (%) and cost (US dollar per mol) of this reaction?","","20.2,0.133652252","[]"
"Here is a chemical reaction. Reactants are: Cn1cnc(C#N)c1, Fc1ccccc1Br. Product is: Cn1cnc(C#N)c1-c1ccccc1F. Reaction type is Pd catalyzed C-H arylation. The reaction conditions of this reaction are: Palladium Source: [PdCl(allyl)]2. Ligand: CN(C)c1cccc(N(C)C)c1-c1ccccc1P(c1ccccc1)C(C)(C)C. Solvent: Cc1ccc(C)cc1. Base: KOAc. Reaction Temperature: 120 degrees centigrade. Reaction Concentration: 0.057 M. Palladium loading: 2.25 mol%. Ligand loading: 5 mol%. Base loading: 3 eq. What is the yield (%) and cost (US dollar per mol) of this reaction?","","0.15,0.283007673","[]"
"Here is a chemical reaction. Reactants are: Cn1cnc(C#N)c1, Fc1ccccc1Br. Product is: Cn1cnc(C#N)c1-c1ccccc1F. Reaction type is Pd catalyzed C-H arylation. The reaction conditions of this reaction are: Palladium Source: [PdCl(allyl)]2. Ligand: CC12C[C@]3(C)O[C@@](C)(C[C@@](C)(O3)P1c1ccccc1)O2. Solvent: Cc1ccc(C)cc1. Base: KOAc. Reaction Temperature: 90 degrees centigrade. Reaction Concentration: 0.153 M. Palladium loading: 2.25 mol%. Ligand loading: 5 mol%. Base loading: 3 eq. What is the yield (%) and cost (US dollar per mol) of this reaction?","","16.95,0.054748126","[]"
"Here is a chemical reaction. Reactants are: Cn1cnc(C#N)c1, Fc1ccccc1Br. Product is: Cn1cnc(C#N)c1-c1ccccc1F. Reaction type is Pd catalyzed C-H arylation. The reaction conditions of this reaction are: Palladium Source: [PdCl(allyl)]2. Ligand: CC12C[C@]3(C)O[C@@](C)(C[C@@](C)(O3)P1c1ccccc1)O2. Solvent: Cc1ccc(C)cc1. Base: KOPiv. Reaction Temperature: 105 degrees centigrade. Reaction Concentration: 0.057 M. Palladium loading: 2.25 mol%. Ligand loading: 5 mol%. Base loading: 3 eq. What is the yield (%) and cost (US dollar per mol) of this reaction?","","17.0,0.070826351","[]"
"Here is a chemical reaction. Reactants are: Cn1cnc(C#N)c1, Fc1ccccc1Br. Product is: Cn1cnc(C#N)c1-c1ccccc1F. Reaction type is Pd catalyzed C-H arylation. The reaction conditions of this reaction are: Palladium Source: [PdCl(allyl)]2. Ligand: C1CCC(P(C2CCCCC2)C2CCCCC2)CC1. Solvent: CC(=O)N(C)C. Base: CsOAc. Reaction Temperature: 90 degrees centigrade. Reaction Concentration: 0.057 M. Palladium loading: 2.25 mol%. Ligand loading: 5 mol%. Base loading: 3 eq. What is the yield (%) and cost (US dollar per mol) of this reaction?","","8.04,0.087810939","[]"
"Here is a chemical reaction. Reactants are: Cn1cnc(C#N)c1, Fc1ccccc1Br. Product is: Cn1cnc(C#N)c1-c1ccccc1F. Reaction type is Pd catalyzed C-H arylation. The reaction conditions of this reaction are: Palladium Source: [PdCl(allyl)]2. Ligand: c1ccc(P(c2ccccc2)c2ccccc2)cc1. Solvent: CCCCOC(C)=O. Base: KOAc. Reaction Temperature: 120 degrees centigrade. Reaction Concentration: 0.057 M. Palladium loading: 2.25 mol%. Ligand loading: 5 mol%. Base loading: 3 eq. What is the yield (%) and cost (US dollar per mol) of this reaction?","","5.67,0.056598173","[]"
"Here is a chemical reaction. Reactants are: Cn1cnc(C#N)c1, Fc1ccccc1Br. Product is: Cn1cnc(C#N)c1-c1ccccc1F. Reaction type is Pd catalyzed C-H arylation. The reaction conditions of this reaction are: Palladium Source: [PdCl(allyl)]2. Ligand: COc1ccc(OC)c(P(C2CCCCC2)C2CCCCC2)c1-c1c(C(C)C)cc(C(C)C)cc1C(C)C. Solvent: CCCCOC(C)=O. Base: CsOPiv. Reaction Temperature: 90 degrees centigrade. Reaction Concentration: 0.1 M. Palladium loading: 2.25 mol%. Ligand loading: 5 mol%. Base loading: 3 eq. What is the yield (%) and cost (US dollar per mol) of this reaction?","","23.75,0.243983628","[]"
"Here is a chemical reaction. Reactants are: Cn1cnc(C#N)c1, Fc1ccccc1Br. Product is: Cn1cnc(C#N)c1-c1ccccc1F. Reaction type is Pd catalyzed C-H arylation. The reaction conditions of this reaction are: Palladium Source: [PdCl(allyl)]2. Ligand: CC12C[C@]3(C)O[C@@](C)(C[C@@](C)(O3)P1c1ccccc1)O2. Solvent: CCCC#N. Base: KOAc. Reaction Temperature: 105 degrees centigrade. Reaction Concentration: 0.153 M. Palladium loading: 2.25 mol%. Ligand loading: 5 mol%. Base loading: 3 eq. What is the yield (%) and cost (US dollar per mol) of this reaction?","","50.75,0.065479563","[]"
"Here is a chemical reaction. Reactants are: Cn1cnc(C#N)c1, Fc1ccccc1Br. Product is: Cn1cnc(C#N)c1-c1ccccc1F. Reaction type is Pd catalyzed C-H arylation. The reaction conditions of this reaction are: Palladium Source: [PdCl(allyl)]2. Ligand: CC(C)(C)P(c1ccccc1)C(C)(C)C. Solvent: CCCCOC(C)=O. Base: KOPiv. Reaction Temperature: 120 degrees centigrade. Reaction Concentration: 0.1 M. Palladium loading: 2.25 mol%. Ligand loading: 5 mol%. Base loading: 3 eq. What is the yield (%) and cost (US dollar per mol) of this reaction?","","0.0,0.05382323","[]"
"Here is a chemical reaction. Reactants are: Cn1cnc(C#N)c1, Fc1ccccc1Br. Product is: Cn1cnc(C#N)c1-c1ccccc1F. Reaction type is Pd catalyzed C-H arylation. The reaction conditions of this reaction are: Palladium Source: [PdCl(allyl)]2. Ligand: CP(c1ccccc1)c1ccccc1. Solvent: CCCCOC(C)=O. Base: CsOAc. Reaction Temperature: 90 degrees centigrade. Reaction Concentration: 0.1 M. Palladium loading: 2.25 mol%. Ligand loading: 5 mol%. Base loading: 3 eq. What is the yield (%) and cost (US dollar per mol) of this reaction?","","0.0,0.084567532","[]"
"Here is a chemical reaction. Reactants are: Cn1cnc(C#N)c1, Fc1ccccc1Br. Product is: Cn1cnc(C#N)c1-c1ccccc1F. Reaction type is Pd catalyzed C-H arylation. The reaction conditions of this reaction are: Palladium Source: [PdCl(allyl)]2. Ligand: CP(C)c1ccccc1. Solvent: Cc1ccc(C)cc1. Base: KOPiv. Reaction Temperature: 105 degrees centigrade. Reaction Concentration: 0.057 M. Palladium loading: 2.25 mol%. Ligand loading: 5 mol%. Base loading: 3 eq. What is the yield (%) and cost (US dollar per mol) of this reaction?","","0.0,0.041606925","[]"
"Here is a chemical reaction. Reactants are: Cn1cnc(C#N)c1, Fc1ccccc1Br. Product is: Cn1cnc(C#N)c1-c1ccccc1F. Reaction type is Pd catalyzed C-H arylation. The reaction conditions of this reaction are: Palladium Source: [PdCl(allyl)]2. Ligand: CP(c1ccccc1)c1ccccc1. Solvent: Cc1ccc(C)cc1. Base: KOAc. Reaction Temperature: 105 degrees centigrade. Reaction Concentration: 0.153 M. Palladium loading: 2.25 mol%. Ligand loading: 5 mol%. Base loading: 3 eq. What is the yield (%) and cost (US dollar per mol) of this reaction?","","0.0,0.024273053","[]"
"Here is a chemical reaction. Reactants are: Cn1cnc(C#N)c1, Fc1ccccc1Br. Product is: Cn1cnc(C#N)c1-c1ccccc1F. Reaction type is Pd catalyzed C-H arylation. The reaction conditions of this reaction are: Palladium Source: [PdCl(allyl)]2. Ligand: COc1ccc(OC)c(P(C2CCCCC2)C2CCCCC2)c1-c1c(C(C)C)cc(C(C)C)cc1C(C)C. Solvent: CCCCOC(C)=O. Base: CsOPiv. Reaction Temperature: 105 degrees centigrade. Reaction Concentration: 0.057 M. Palladium loading: 2.25 mol%. Ligand loading: 5 mol%. Base loading: 3 eq. What is the yield (%) and cost (US dollar per mol) of this reaction?","","49.23,0.262684837","[]"
"Here is a chemical reaction. Reactants are: Cn1cnc(C#N)c1, Fc1ccccc1Br. Product is: Cn1cnc(C#N)c1-c1ccccc1F. Reaction type is Pd catalyzed C-H arylation. The reaction conditions of this reaction are: Palladium Source: [PdCl(allyl)]2. Ligand: CC12C[C@]3(C)O[C@@](C)(C[C@@](C)(O3)P1c1ccccc1)O2. Solvent: CCCCOC(C)=O. Base: CsOPiv. Reaction Temperature: 120 degrees centigrade. Reaction Concentration: 0.057 M. Palladium loading: 2.25 mol%. Ligand loading: 5 mol%. Base loading: 3 eq. What is the yield (%) and cost (US dollar per mol) of this reaction?","","19.71,0.174522762","[]"
"Here is a chemical reaction. Reactants are: Cn1cnc(C#N)c1, Fc1ccccc1Br. Product is: Cn1cnc(C#N)c1-c1ccccc1F. Reaction type is Pd catalyzed C-H arylation. The reaction conditions of this reaction are: Palladium Source: [PdCl(allyl)]2. Ligand: CN(C)c1cccc(N(C)C)c1-c1ccccc1P(c1ccccc1)C(C)(C)C. Solvent: CCCC#N. Base: CsOPiv. Reaction Temperature: 90 degrees centigrade. Reaction Concentration: 0.057 M. Palladium loading: 2.25 mol%. Ligand loading: 5 mol%. Base loading: 3 eq. What is the yield (%) and cost (US dollar per mol) of this reaction?","","4.89,0.396003646","[]"
"Here is a chemical reaction. Reactants are: Cn1cnc(C#N)c1, Fc1ccccc1Br. Product is: Cn1cnc(C#N)c1-c1ccccc1F. Reaction type is Pd catalyzed C-H arylation. The reaction conditions of this reaction are: Palladium Source: [PdCl(allyl)]2. Ligand: c1ccc(P(c2ccccc2)c2ccccc2)cc1. Solvent: CC(=O)N(C)C. Base: KOPiv. Reaction Temperature: 105 degrees centigrade. Reaction Concentration: 0.153 M. Palladium loading: 2.25 mol%. Ligand loading: 5 mol%. Base loading: 3 eq. What is the yield (%) and cost (US dollar per mol) of this reaction?","","71.11,0.020751972","[]"
"Here is a chemical reaction. Reactants are: Cn1cnc(C#N)c1, Fc1ccccc1Br. Product is: Cn1cnc(C#N)c1-c1ccccc1F. Reaction type is Pd catalyzed C-H arylation. The reaction conditions of this reaction are: Palladium Source: [PdCl(allyl)]2. Ligand: CP(c1ccccc1)c1ccccc1. Solvent: CCCC#N. Base: KOAc. Reaction Temperature: 90 degrees centigrade. Reaction Concentration: 0.1 M. Palladium loading: 2.25 mol%. Ligand loading: 5 mol%. Base loading: 3 eq. What is the yield (%) and cost (US dollar per mol) of this reaction?","","0.0,0.045172764","[]"
"Here is a chemical reaction. Reactants are: Cn1cnc(C#N)c1, Fc1ccccc1Br. Product is: Cn1cnc(C#N)c1-c1ccccc1F. Reaction type is Pd catalyzed C-H arylation. The reaction conditions of this reaction are: Palladium Source: [PdCl(allyl)]2. Ligand: CN(C)c1cccc(N(C)C)c1-c1ccccc1P(c1ccccc1)C(C)(C)C. Solvent: CCCC#N. Base: KOPiv. Reaction Temperature: 105 degrees centigrade. Reaction Concentration: 0.153 M. Palladium loading: 2.25 mol%. Ligand loading: 5 mol%. Base loading: 3 eq. What is the yield (%) and cost (US dollar per mol) of this reaction?","","10.05,0.275221281","[]"
"Here is a chemical reaction. Reactants are: Cn1cnc(C#N)c1, Fc1ccccc1Br. Product is: Cn1cnc(C#N)c1-c1ccccc1F. Reaction type is Pd catalyzed C-H arylation. The reaction conditions of this reaction are: Palladium Source: [PdCl(allyl)]2. Ligand: C1CCC(P(C2CCCCC2)C2CCCCC2)CC1. Solvent: CC(=O)N(C)C. Base: KOPiv. Reaction Temperature: 120 degrees centigrade. Reaction Concentration: 0.153 M. Palladium loading: 2.25 mol%. Ligand loading: 5 mol%. Base loading: 3 eq. What is the yield (%) and cost (US dollar per mol) of this reaction?","","24.11,0.026484397","[]"
"Here is a chemical reaction. Reactants are: Cn1cnc(C#N)c1, Fc1ccccc1Br. Product is: Cn1cnc(C#N)c1-c1ccccc1F. Reaction type is Pd catalyzed C-H arylation. The reaction conditions of this reaction are: Palladium Source: [PdCl(allyl)]2. Ligand: CP(C)c1ccccc1. Solvent: Cc1ccc(C)cc1. Base: CsOAc. Reaction Temperature: 120 degrees centigrade. Reaction Concentration: 0.1 M. Palladium loading: 2.25 mol%. Ligand loading: 5 mol%. Base loading: 3 eq. What is the yield (%) and cost (US dollar per mol) of this reaction?","","0.0,0.07643325","[]"
"Here is a chemical reaction. Reactants are: Cn1cnc(C#N)c1, Fc1ccccc1Br. Product is: Cn1cnc(C#N)c1-c1ccccc1F. Reaction type is Pd catalyzed C-H arylation. The reaction conditions of this reaction are: Palladium Source: [PdCl(allyl)]2. Ligand: c1ccc(P(c2ccccc2)c2ccccc2)cc1. Solvent: CCCCOC(C)=O. Base: CsOAc. Reaction Temperature: 120 degrees centigrade. Reaction Concentration: 0.057 M. Palladium loading: 2.25 mol%. Ligand loading: 5 mol%. Base loading: 3 eq. What is the yield (%) and cost (US dollar per mol) of this reaction?","","3.51,0.10208647","[]"
"Here is a chemical reaction. Reactants are: Cn1cnc(C#N)c1, Fc1ccccc1Br. Product is: Cn1cnc(C#N)c1-c1ccccc1F. Reaction type is Pd catalyzed C-H arylation. The reaction conditions of this reaction are: Palladium Source: [PdCl(allyl)]2. Ligand: COc1ccc(OC)c(P(C2CCCCC2)C2CCCCC2)c1-c1c(C(C)C)cc(C(C)C)cc1C(C)C. Solvent: Cc1ccc(C)cc1. Base: KOAc. Reaction Temperature: 90 degrees centigrade. Reaction Concentration: 0.1 M. Palladium loading: 2.25 mol%. Ligand loading: 5 mol%. Base loading: 3 eq. What is the yield (%) and cost (US dollar per mol) of this reaction?","","17.92,0.148151625","[]"
"Here is a chemical reaction. Reactants are: Cn1cnc(C#N)c1, Fc1ccccc1Br. Product is: Cn1cnc(C#N)c1-c1ccccc1F. Reaction type is Pd catalyzed C-H arylation. The reaction conditions of this reaction are: Palladium Source: [PdCl(allyl)]2. Ligand: c1coc(P(c2ccco2)c2ccco2)c1. Solvent: CC(=O)N(C)C. Base: KOAc. Reaction Temperature: 120 degrees centigrade. Reaction Concentration: 0.057 M. Palladium loading: 2.25 mol%. Ligand loading: 5 mol%. Base loading: 3 eq. What is the yield (%) and cost (US dollar per mol) of this reaction?","","62.04,0.048898553","[]"
"Here is a chemical reaction. Reactants are: Cn1cnc(C#N)c1, Fc1ccccc1Br. Product is: Cn1cnc(C#N)c1-c1ccccc1F. Reaction type is Pd catalyzed C-H arylation. The reaction conditions of this reaction are: Palladium Source: [PdCl(allyl)]2. Ligand: CP(C)c1ccccc1. Solvent: CCCC#N. Base: CsOPiv. Reaction Temperature: 120 degrees centigrade. Reaction Concentration: 0.1 M. Palladium loading: 2.25 mol%. Ligand loading: 5 mol%. Base loading: 3 eq. What is the yield (%) and cost (US dollar per mol) of this reaction?","","0.0,0.132802304","[]"
"Here is a chemical reaction. Reactants are: Cn1cnc(C#N)c1, Fc1ccccc1Br. Product is: Cn1cnc(C#N)c1-c1ccccc1F. Reaction type is Pd catalyzed C-H arylation. The reaction conditions of this reaction are: Palladium Source: [PdCl(allyl)]2. Ligand: CC(C)Oc1cccc(OC(C)C)c1P(C1CCCCC1)C1CCCCC1. Solvent: CC(=O)N(C)C. Base: CsOPiv. Reaction Temperature: 105 degrees centigrade. Reaction Concentration: 0.153 M. Palladium loading: 2.25 mol%. Ligand loading: 5 mol%. Base loading: 3 eq. What is the yield (%) and cost (US dollar per mol) of this reaction?","","76.34,0.120348779","[]"
"Here is a chemical reaction. Reactants are: Cn1cnc(C#N)c1, Fc1ccccc1Br. Product is: Cn1cnc(C#N)c1-c1ccccc1F. Reaction type is Pd catalyzed C-H arylation. The reaction conditions of this reaction are: Palladium Source: [PdCl(allyl)]2. Ligand: CC(C)(C)P(c1ccccc1)C(C)(C)C. Solvent: Cc1ccc(C)cc1. Base: KOAc. Reaction Temperature: 105 degrees centigrade. Reaction Concentration: 0.1 M. Palladium loading: 2.25 mol%. Ligand loading: 5 mol%. Base loading: 3 eq. What is the yield (%) and cost (US dollar per mol) of this reaction?","","0.0,0.045527419","[]"
"Here is a chemical reaction. Reactants are: Cn1cnc(C#N)c1, Fc1ccccc1Br. Product is: Cn1cnc(C#N)c1-c1ccccc1F. Reaction type is Pd catalyzed C-H arylation. The reaction conditions of this reaction are: Palladium Source: [PdCl(allyl)]2. Ligand: CC(C)(C)P(c1ccccc1)C(C)(C)C. Solvent: CC(=O)N(C)C. Base: CsOAc. Reaction Temperature: 90 degrees centigrade. Reaction Concentration: 0.1 M. Palladium loading: 2.25 mol%. Ligand loading: 5 mol%. Base loading: 3 eq. What is the yield (%) and cost (US dollar per mol) of this reaction?","","0.0,0.088701357","[]"
"Here is a chemical reaction. Reactants are: Cn1cnc(C#N)c1, Fc1ccccc1Br. Product is: Cn1cnc(C#N)c1-c1ccccc1F. Reaction type is Pd catalyzed C-H arylation. The reaction conditions of this reaction are: Palladium Source: [PdCl(allyl)]2. Ligand: CC(C)(C)P(c1ccccc1)C(C)(C)C. Solvent: CCCC#N. Base: KOPiv. Reaction Temperature: 90 degrees centigrade. Reaction Concentration: 0.153 M. Palladium loading: 2.25 mol%. Ligand loading: 5 mol%. Base loading: 3 eq. What is the yield (%) and cost (US dollar per mol) of this reaction?","","0.0,0.04943283","[]"
"Here is a chemical reaction. Reactants are: Cn1cnc(C#N)c1, Fc1ccccc1Br. Product is: Cn1cnc(C#N)c1-c1ccccc1F. Reaction type is Pd catalyzed C-H arylation. The reaction conditions of this reaction are: Palladium Source: [PdCl(allyl)]2. Ligand: C1CCC(P(C2CCCCC2)C2CCCCC2)CC1. Solvent: CCCC#N. Base: CsOAc. Reaction Temperature: 120 degrees centigrade. Reaction Concentration: 0.153 M. Palladium loading: 2.25 mol%. Ligand loading: 5 mol%. Base loading: 3 eq. What is the yield (%) and cost (US dollar per mol) of this reaction?","","1.89,0.085000861","[]"
"Here is a chemical reaction. Reactants are: Cn1cnc(C#N)c1, Fc1ccccc1Br. Product is: Cn1cnc(C#N)c1-c1ccccc1F. Reaction type is Pd catalyzed C-H arylation. The reaction conditions of this reaction are: Palladium Source: [PdCl(allyl)]2. Ligand: COc1ccc(OC)c(P(C2CCCCC2)C2CCCCC2)c1-c1c(C(C)C)cc(C(C)C)cc1C(C)C. Solvent: CCCCOC(C)=O. Base: KOAc. Reaction Temperature: 120 degrees centigrade. Reaction Concentration: 0.1 M. Palladium loading: 2.25 mol%. Ligand loading: 5 mol%. Base loading: 3 eq. What is the yield (%) and cost (US dollar per mol) of this reaction?","","25.86,0.157621784","[]"
"Here is a chemical reaction. Reactants are: Cn1cnc(C#N)c1, Fc1ccccc1Br. Product is: Cn1cnc(C#N)c1-c1ccccc1F. Reaction type is Pd catalyzed C-H arylation. The reaction conditions of this reaction are: Palladium Source: [PdCl(allyl)]2. Ligand: CC(C)Oc1cccc(OC(C)C)c1P(C1CCCCC1)C1CCCCC1. Solvent: CC(=O)N(C)C. Base: KOPiv. Reaction Temperature: 120 degrees centigrade. Reaction Concentration: 0.057 M. Palladium loading: 2.25 mol%. Ligand loading: 5 mol%. Base loading: 3 eq. What is the yield (%) and cost (US dollar per mol) of this reaction?","","36.29,0.047543433","[]"
"Here is a chemical reaction. Reactants are: Cn1cnc(C#N)c1, Fc1ccccc1Br. Product is: Cn1cnc(C#N)c1-c1ccccc1F. Reaction type is Pd catalyzed C-H arylation. The reaction conditions of this reaction are: Palladium Source: [PdCl(allyl)]2. Ligand: COc1ccc(OC)c(P(C2CCCCC2)C2CCCCC2)c1-c1c(C(C)C)cc(C(C)C)cc1C(C)C. Solvent: Cc1ccc(C)cc1. Base: KOPiv. Reaction Temperature: 90 degrees centigrade. Reaction Concentration: 0.057 M. Palladium loading: 2.25 mol%. Ligand loading: 5 mol%. Base loading: 3 eq. What is the yield (%) and cost (US dollar per mol) of this reaction?","","38.68,0.158901515","[]"
"Here is a chemical reaction. Reactants are: Cn1cnc(C#N)c1, Fc1ccccc1Br. Product is: Cn1cnc(C#N)c1-c1ccccc1F. Reaction type is Pd catalyzed C-H arylation. The reaction conditions of this reaction are: Palladium Source: [PdCl(allyl)]2. Ligand: CP(C)c1ccccc1. Solvent: CCCCOC(C)=O. Base: KOAc. Reaction Temperature: 105 degrees centigrade. Reaction Concentration: 0.1 M. Palladium loading: 2.25 mol%. Ligand loading: 5 mol%. Base loading: 3 eq. What is the yield (%) and cost (US dollar per mol) of this reaction?","","0.0,0.040322914","[]"
"Here is a chemical reaction. Reactants are: Cn1cnc(C#N)c1, Fc1ccccc1Br. Product is: Cn1cnc(C#N)c1-c1ccccc1F. Reaction type is Pd catalyzed C-H arylation. The reaction conditions of this reaction are: Palladium Source: [PdCl(allyl)]2. Ligand: C1CCC(P(C2CCCCC2)C2CCCCC2)CC1. Solvent: CCCC#N. Base: CsOAc. Reaction Temperature: 105 degrees centigrade. Reaction Concentration: 0.153 M. Palladium loading: 2.25 mol%. Ligand loading: 5 mol%. Base loading: 3 eq. What is the yield (%) and cost (US dollar per mol) of this reaction?","","2.15,0.085002857","[]"
"Here is a chemical reaction. Reactants are: Cn1cnc(C#N)c1, Fc1ccccc1Br. Product is: Cn1cnc(C#N)c1-c1ccccc1F. Reaction type is Pd catalyzed C-H arylation. The reaction conditions of this reaction are: Palladium Source: [PdCl(allyl)]2. Ligand: c1ccc(P(c2ccccc2)c2ccccc2)cc1. Solvent: CCCC#N. Base: KOAc. Reaction Temperature: 90 degrees centigrade. Reaction Concentration: 0.057 M. Palladium loading: 2.25 mol%. Ligand loading: 5 mol%. Base loading: 3 eq. What is the yield (%) and cost (US dollar per mol) of this reaction?","","4.3,0.067004976","[]"
"Here is a chemical reaction. Reactants are: Cn1cnc(C#N)c1, Fc1ccccc1Br. Product is: Cn1cnc(C#N)c1-c1ccccc1F. Reaction type is Pd catalyzed C-H arylation. The reaction conditions of this reaction are: Palladium Source: [PdCl(allyl)]2. Ligand: C1CCC(P(C2CCCCC2)C2CCCCC2)CC1. Solvent: CCCCOC(C)=O. Base: KOAc. Reaction Temperature: 105 degrees centigrade. Reaction Concentration: 0.1 M. Palladium loading: 2.25 mol%. Ligand loading: 5 mol%. Base loading: 3 eq. What is the yield (%) and cost (US dollar per mol) of this reaction?","","0.0,0.043876303","[]"
"Here is a chemical reaction. Reactants are: Cn1cnc(C#N)c1, Fc1ccccc1Br. Product is: Cn1cnc(C#N)c1-c1ccccc1F. Reaction type is Pd catalyzed C-H arylation. The reaction conditions of this reaction are: Palladium Source: [PdCl(allyl)]2. Ligand: CP(C)c1ccccc1. Solvent: CCCCOC(C)=O. Base: KOPiv. Reaction Temperature: 105 degrees centigrade. Reaction Concentration: 0.057 M. Palladium loading: 2.25 mol%. Ligand loading: 5 mol%. Base loading: 3 eq. What is the yield (%) and cost (US dollar per mol) of this reaction?","","0.0,0.057786509","[]"
"Here is a chemical reaction. Reactants are: Cn1cnc(C#N)c1, Fc1ccccc1Br. Product is: Cn1cnc(C#N)c1-c1ccccc1F. Reaction type is Pd catalyzed C-H arylation. The reaction conditions of this reaction are: Palladium Source: [PdCl(allyl)]2. Ligand: C1CCC(P(C2CCCCC2)C2CCCCC2)CC1. Solvent: CCCCOC(C)=O. Base: CsOPiv. Reaction Temperature: 105 degrees centigrade. Reaction Concentration: 0.153 M. Palladium loading: 2.25 mol%. Ligand loading: 5 mol%. Base loading: 3 eq. What is the yield (%) and cost (US dollar per mol) of this reaction?","","0.0,0.121728447","[]"
"Here is a chemical reaction. Reactants are: Cn1cnc(C#N)c1, Fc1ccccc1Br. Product is: Cn1cnc(C#N)c1-c1ccccc1F. Reaction type is Pd catalyzed C-H arylation. The reaction conditions of this reaction are: Palladium Source: [PdCl(allyl)]2. Ligand: CP(C)c1ccccc1. Solvent: CC(=O)N(C)C. Base: KOAc. Reaction Temperature: 105 degrees centigrade. Reaction Concentration: 0.1 M. Palladium loading: 2.25 mol%. Ligand loading: 5 mol%. Base loading: 3 eq. What is the yield (%) and cost (US dollar per mol) of this reaction?","","0.0,0.028606294","[]"
"Here is a chemical reaction. Reactants are: Cn1cnc(C#N)c1, Fc1ccccc1Br. Product is: Cn1cnc(C#N)c1-c1ccccc1F. Reaction type is Pd catalyzed C-H arylation. The reaction conditions of this reaction are: Palladium Source: [PdCl(allyl)]2. Ligand: c1ccc(P(c2ccccc2)c2ccccc2)cc1. Solvent: Cc1ccc(C)cc1. Base: KOAc. Reaction Temperature: 105 degrees centigrade. Reaction Concentration: 0.1 M. Palladium loading: 2.25 mol%. Ligand loading: 5 mol%. Base loading: 3 eq. What is the yield (%) and cost (US dollar per mol) of this reaction?","","2.06,0.028625795","[]"
"Here is a chemical reaction. Reactants are: Cn1cnc(C#N)c1, Fc1ccccc1Br. Product is: Cn1cnc(C#N)c1-c1ccccc1F. Reaction type is Pd catalyzed C-H arylation. The reaction conditions of this reaction are: Palladium Source: [PdCl(allyl)]2. Ligand: COc1ccc(OC)c(P(c2cc(C(F)(F)F)cc(C(F)(F)F)c2)c2cc(C(F)(F)F)cc(C(F)(F)F)c2)c1-c1c(C(C)C)cc(C(C)C)cc1C(C)C. Solvent: CC(=O)N(C)C. Base: CsOPiv. Reaction Temperature: 90 degrees centigrade. Reaction Concentration: 0.153 M. Palladium loading: 2.25 mol%. Ligand loading: 5 mol%. Base loading: 3 eq. What is the yield (%) and cost (US dollar per mol) of this reaction?","","0.97,0.437737454","[]"
"Here is a chemical reaction. Reactants are: Cn1cnc(C#N)c1, Fc1ccccc1Br. Product is: Cn1cnc(C#N)c1-c1ccccc1F. Reaction type is Pd catalyzed C-H arylation. The reaction conditions of this reaction are: Palladium Source: [PdCl(allyl)]2. Ligand: CN(C)c1cccc(N(C)C)c1-c1ccccc1P(c1ccccc1)C(C)(C)C. Solvent: CC(=O)N(C)C. Base: KOAc. Reaction Temperature: 120 degrees centigrade. Reaction Concentration: 0.057 M. Palladium loading: 2.25 mol%. Ligand loading: 5 mol%. Base loading: 3 eq. What is the yield (%) and cost (US dollar per mol) of this reaction?","","88.89,0.279296077","[]"
"Here is a chemical reaction. Reactants are: Cn1cnc(C#N)c1, Fc1ccccc1Br. Product is: Cn1cnc(C#N)c1-c1ccccc1F. Reaction type is Pd catalyzed C-H arylation. The reaction conditions of this reaction are: Palladium Source: [PdCl(allyl)]2. Ligand: CC12C[C@]3(C)O[C@@](C)(C[C@@](C)(O3)P1c1ccccc1)O2. Solvent: CC(=O)N(C)C. Base: KOPiv. Reaction Temperature: 90 degrees centigrade. Reaction Concentration: 0.1 M. Palladium loading: 2.25 mol%. Ligand loading: 5 mol%. Base loading: 3 eq. What is the yield (%) and cost (US dollar per mol) of this reaction?","","55.7,0.056829946","[]"
"Here is a chemical reaction. Reactants are: Cn1cnc(C#N)c1, Fc1ccccc1Br. Product is: Cn1cnc(C#N)c1-c1ccccc1F. Reaction type is Pd catalyzed C-H arylation. The reaction conditions of this reaction are: Palladium Source: [PdCl(allyl)]2. Ligand: CC(C)c1cc(C(C)C)c(-c2ccccc2P(C2CCCCC2)C2CCCCC2)c(C(C)C)c1. Solvent: CC(=O)N(C)C. Base: KOAc. Reaction Temperature: 120 degrees centigrade. Reaction Concentration: 0.057 M. Palladium loading: 2.25 mol%. Ligand loading: 5 mol%. Base loading: 3 eq. What is the yield (%) and cost (US dollar per mol) of this reaction?","","77.58,0.044840401","[]"
"Here is a chemical reaction. Reactants are: Cn1cnc(C#N)c1, Fc1ccccc1Br. Product is: Cn1cnc(C#N)c1-c1ccccc1F. Reaction type is Pd catalyzed C-H arylation. The reaction conditions of this reaction are: Palladium Source: [PdCl(allyl)]2. Ligand: COc1ccc(OC)c(P(c2cc(C(F)(F)F)cc(C(F)(F)F)c2)c2cc(C(F)(F)F)cc(C(F)(F)F)c2)c1-c1c(C(C)C)cc(C(C)C)cc1C(C)C. Solvent: CC(=O)N(C)C. Base: KOAc. Reaction Temperature: 120 degrees centigrade. Reaction Concentration: 0.057 M. Palladium loading: 2.25 mol%. Ligand loading: 5 mol%. Base loading: 3 eq. What is the yield (%) and cost (US dollar per mol) of this reaction?","","89.14,0.366396038","[]"
"Here is a chemical reaction. Reactants are: Cn1cnc(C#N)c1, Fc1ccccc1Br. Product is: Cn1cnc(C#N)c1-c1ccccc1F. Reaction type is Pd catalyzed C-H arylation. The reaction conditions of this reaction are: Palladium Source: [PdCl(allyl)]2. Ligand: c1coc(P(c2ccco2)c2ccco2)c1. Solvent: CCCCOC(C)=O. Base: KOPiv. Reaction Temperature: 120 degrees centigrade. Reaction Concentration: 0.057 M. Palladium loading: 2.25 mol%. Ligand loading: 5 mol%. Base loading: 3 eq. What is the yield (%) and cost (US dollar per mol) of this reaction?","","14.81,0.067855588","[]"
"Here is a chemical reaction. Reactants are: Cn1cnc(C#N)c1, Fc1ccccc1Br. Product is: Cn1cnc(C#N)c1-c1ccccc1F. Reaction type is Pd catalyzed C-H arylation. The reaction conditions of this reaction are: Palladium Source: [PdCl(allyl)]2. Ligand: COc1ccc(OC)c(P(C2CCCCC2)C2CCCCC2)c1-c1c(C(C)C)cc(C(C)C)cc1C(C)C. Solvent: CC(=O)N(C)C. Base: CsOAc. Reaction Temperature: 90 degrees centigrade. Reaction Concentration: 0.057 M. Palladium loading: 2.25 mol%. Ligand loading: 5 mol%. Base loading: 3 eq. What is the yield (%) and cost (US dollar per mol) of this reaction?","","1.96,0.201393441","[]"
"Here is a chemical reaction. Reactants are: Cn1cnc(C#N)c1, Fc1ccccc1Br. Product is: Cn1cnc(C#N)c1-c1ccccc1F. Reaction type is Pd catalyzed C-H arylation. The reaction conditions of this reaction are: Palladium Source: [PdCl(allyl)]2. Ligand: CC(C)(C)P(c1ccccc1)C(C)(C)C. Solvent: CCCCOC(C)=O. Base: KOAc. Reaction Temperature: 105 degrees centigrade. Reaction Concentration: 0.057 M. Palladium loading: 2.25 mol%. Ligand loading: 5 mol%. Base loading: 3 eq. What is the yield (%) and cost (US dollar per mol) of this reaction?","","0.0,0.073475425","[]"
"Here is a chemical reaction. Reactants are: Cn1cnc(C#N)c1, Fc1ccccc1Br. Product is: Cn1cnc(C#N)c1-c1ccccc1F. Reaction type is Pd catalyzed C-H arylation. The reaction conditions of this reaction are: Palladium Source: [PdCl(allyl)]2. Ligand: C1CCC(P(C2CCCCC2)C2CCCCC2)CC1. Solvent: CCCC#N. Base: KOAc. Reaction Temperature: 90 degrees centigrade. Reaction Concentration: 0.1 M. Palladium loading: 2.25 mol%. Ligand loading: 5 mol%. Base loading: 3 eq. What is the yield (%) and cost (US dollar per mol) of this reaction?","","0.0,0.049981981","[]"
"Here is a chemical reaction. Reactants are: Cn1cnc(C#N)c1, Fc1ccccc1Br. Product is: Cn1cnc(C#N)c1-c1ccccc1F. Reaction type is Pd catalyzed C-H arylation. The reaction conditions of this reaction are: Palladium Source: [PdCl(allyl)]2. Ligand: C1CCC(P(C2CCCCC2)C2CCCCC2)CC1. Solvent: Cc1ccc(C)cc1. Base: CsOAc. Reaction Temperature: 105 degrees centigrade. Reaction Concentration: 0.057 M. Palladium loading: 2.25 mol%. Ligand loading: 5 mol%. Base loading: 3 eq. What is the yield (%) and cost (US dollar per mol) of this reaction?","","0.0,0.09175506","[]"
"Here is a chemical reaction. Reactants are: Cn1cnc(C#N)c1, Fc1ccccc1Br. Product is: Cn1cnc(C#N)c1-c1ccccc1F. Reaction type is Pd catalyzed C-H arylation. The reaction conditions of this reaction are: Palladium Source: [PdCl(allyl)]2. Ligand: c1coc(P(c2ccco2)c2ccco2)c1. Solvent: Cc1ccc(C)cc1. Base: CsOPiv. Reaction Temperature: 105 degrees centigrade. Reaction Concentration: 0.1 M. Palladium loading: 2.25 mol%. Ligand loading: 5 mol%. Base loading: 3 eq. What is the yield (%) and cost (US dollar per mol) of this reaction?","","10.05,0.127328974","[]"
"Here is a chemical reaction. Reactants are: Cn1cnc(C#N)c1, Fc1ccccc1Br. Product is: Cn1cnc(C#N)c1-c1ccccc1F. Reaction type is Pd catalyzed C-H arylation. The reaction conditions of this reaction are: Palladium Source: [PdCl(allyl)]2. Ligand: CP(C)c1ccccc1. Solvent: CCCC#N. Base: KOPiv. Reaction Temperature: 120 degrees centigrade. Reaction Concentration: 0.057 M. Palladium loading: 2.25 mol%. Ligand loading: 5 mol%. Base loading: 3 eq. What is the yield (%) and cost (US dollar per mol) of this reaction?","","0.0,0.068192187","[]"
"Here is a chemical reaction. Reactants are: Cn1cnc(C#N)c1, Fc1ccccc1Br. Product is: Cn1cnc(C#N)c1-c1ccccc1F. Reaction type is Pd catalyzed C-H arylation. The reaction conditions of this reaction are: Palladium Source: [PdCl(allyl)]2. Ligand: c1coc(P(c2ccco2)c2ccco2)c1. Solvent: CCCC#N. Base: KOAc. Reaction Temperature: 90 degrees centigrade. Reaction Concentration: 0.057 M. Palladium loading: 2.25 mol%. Ligand loading: 5 mol%. Base loading: 3 eq. What is the yield (%) and cost (US dollar per mol) of this reaction?","","2.62,0.079292383","[]"
"Here is a chemical reaction. Reactants are: Cn1cnc(C#N)c1, Fc1ccccc1Br. Product is: Cn1cnc(C#N)c1-c1ccccc1F. Reaction type is Pd catalyzed C-H arylation. The reaction conditions of this reaction are: Palladium Source: [PdCl(allyl)]2. Ligand: c1ccc(P(c2ccccc2)c2ccccc2)cc1. Solvent: Cc1ccc(C)cc1. Base: CsOPiv. Reaction Temperature: 90 degrees centigrade. Reaction Concentration: 0.057 M. Palladium loading: 2.25 mol%. Ligand loading: 5 mol%. Base loading: 3 eq. What is the yield (%) and cost (US dollar per mol) of this reaction?","","0.01,0.126760446","[]"
"Here is a chemical reaction. Reactants are: Cn1cnc(C#N)c1, Fc1ccccc1Br. Product is: Cn1cnc(C#N)c1-c1ccccc1F. Reaction type is Pd catalyzed C-H arylation. The reaction conditions of this reaction are: Palladium Source: [PdCl(allyl)]2. Ligand: CP(c1ccccc1)c1ccccc1. Solvent: Cc1ccc(C)cc1. Base: CsOAc. Reaction Temperature: 90 degrees centigrade. Reaction Concentration: 0.1 M. Palladium loading: 2.25 mol%. Ligand loading: 5 mol%. Base loading: 3 eq. What is the yield (%) and cost (US dollar per mol) of this reaction?","","0.0,0.075177421","[]"
"Here is a chemical reaction. Reactants are: Cn1cnc(C#N)c1, Fc1ccccc1Br. Product is: Cn1cnc(C#N)c1-c1ccccc1F. Reaction type is Pd catalyzed C-H arylation. The reaction conditions of this reaction are: Palladium Source: [PdCl(allyl)]2. Ligand: c1coc(P(c2ccco2)c2ccco2)c1. Solvent: CCCC#N. Base: KOPiv. Reaction Temperature: 105 degrees centigrade. Reaction Concentration: 0.057 M. Palladium loading: 2.25 mol%. Ligand loading: 5 mol%. Base loading: 3 eq. What is the yield (%) and cost (US dollar per mol) of this reaction?","","43.79,0.078514194","[]"
"Here is a chemical reaction. Reactants are: Cn1cnc(C#N)c1, Fc1ccccc1Br. Product is: Cn1cnc(C#N)c1-c1ccccc1F. Reaction type is Pd catalyzed C-H arylation. The reaction conditions of this reaction are: Palladium Source: [PdCl(allyl)]2. Ligand: CN(C)c1cccc(N(C)C)c1-c1ccccc1P(c1ccccc1)C(C)(C)C. Solvent: CCCC#N. Base: CsOAc. Reaction Temperature: 120 degrees centigrade. Reaction Concentration: 0.057 M. Palladium loading: 2.25 mol%. Ligand loading: 5 mol%. Base loading: 3 eq. What is the yield (%) and cost (US dollar per mol) of this reaction?","","7.42,0.355149806","[]"
"Here is a chemical reaction. Reactants are: Cn1cnc(C#N)c1, Fc1ccccc1Br. Product is: Cn1cnc(C#N)c1-c1ccccc1F. Reaction type is Pd catalyzed C-H arylation. The reaction conditions of this reaction are: Palladium Source: [PdCl(allyl)]2. Ligand: COc1ccc(OC)c(P(c2cc(C(F)(F)F)cc(C(F)(F)F)c2)c2cc(C(F)(F)F)cc(C(F)(F)F)c2)c1-c1c(C(C)C)cc(C(C)C)cc1C(C)C. Solvent: CCCC#N. Base: CsOPiv. Reaction Temperature: 105 degrees centigrade. Reaction Concentration: 0.1 M. Palladium loading: 2.25 mol%. Ligand loading: 5 mol%. Base loading: 3 eq. What is the yield (%) and cost (US dollar per mol) of this reaction?","","11.95,0.4602992","[]"
"Here is a chemical reaction. Reactants are: Cn1cnc(C#N)c1, Fc1ccccc1Br. Product is: Cn1cnc(C#N)c1-c1ccccc1F. Reaction type is Pd catalyzed C-H arylation. The reaction conditions of this reaction are: Palladium Source: [PdCl(allyl)]2. Ligand: CN(C)c1cccc(N(C)C)c1-c1ccccc1P(c1ccccc1)C(C)(C)C. Solvent: CCCC#N. Base: CsOAc. Reaction Temperature: 105 degrees centigrade. Reaction Concentration: 0.153 M. Palladium loading: 2.25 mol%. Ligand loading: 5 mol%. Base loading: 3 eq. What is the yield (%) and cost (US dollar per mol) of this reaction?","","6.4,0.321788001","[]"
"Here is a chemical reaction. Reactants are: Cn1cnc(C#N)c1, Fc1ccccc1Br. Product is: Cn1cnc(C#N)c1-c1ccccc1F. Reaction type is Pd catalyzed C-H arylation. The reaction conditions of this reaction are: Palladium Source: [PdCl(allyl)]2. Ligand: c1ccc(P(c2ccccc2)c2ccccc2)cc1. Solvent: CCCCOC(C)=O. Base: KOPiv. Reaction Temperature: 105 degrees centigrade. Reaction Concentration: 0.153 M. Palladium loading: 2.25 mol%. Ligand loading: 5 mol%. Base loading: 3 eq. What is the yield (%) and cost (US dollar per mol) of this reaction?","","2.95,0.028409111","[]"
"Here is a chemical reaction. Reactants are: Cn1cnc(C#N)c1, Fc1ccccc1Br. Product is: Cn1cnc(C#N)c1-c1ccccc1F. Reaction type is Pd catalyzed C-H arylation. The reaction conditions of this reaction are: Palladium Source: [PdCl(allyl)]2. Ligand: COc1ccc(OC)c(P(c2cc(C(F)(F)F)cc(C(F)(F)F)c2)c2cc(C(F)(F)F)cc(C(F)(F)F)c2)c1-c1c(C(C)C)cc(C(C)C)cc1C(C)C. Solvent: CCCC#N. Base: CsOPiv. Reaction Temperature: 120 degrees centigrade. Reaction Concentration: 0.057 M. Palladium loading: 2.25 mol%. Ligand loading: 5 mol%. Base loading: 3 eq. What is the yield (%) and cost (US dollar per mol) of this reaction?","","11.26,0.483151796","[]"
"Here is a chemical reaction. Reactants are: Cn1cnc(C#N)c1, Fc1ccccc1Br. Product is: Cn1cnc(C#N)c1-c1ccccc1F. Reaction type is Pd catalyzed C-H arylation. The reaction conditions of this reaction are: Palladium Source: [PdCl(allyl)]2. Ligand: c1ccc(P(c2ccccc2)c2ccccc2)cc1. Solvent: Cc1ccc(C)cc1. Base: CsOPiv. Reaction Temperature: 105 degrees centigrade. Reaction Concentration: 0.057 M. Palladium loading: 2.25 mol%. Ligand loading: 5 mol%. Base loading: 3 eq. What is the yield (%) and cost (US dollar per mol) of this reaction?","","0.44,0.126762015","[]"
"Here is a chemical reaction. Reactants are: Cn1cnc(C#N)c1, Fc1ccccc1Br. Product is: Cn1cnc(C#N)c1-c1ccccc1F. Reaction type is Pd catalyzed C-H arylation. The reaction conditions of this reaction are: Palladium Source: [PdCl(allyl)]2. Ligand: CN(C)c1cccc(N(C)C)c1-c1ccccc1P(c1ccccc1)C(C)(C)C. Solvent: CCCC#N. Base: CsOAc. Reaction Temperature: 105 degrees centigrade. Reaction Concentration: 0.057 M. Palladium loading: 2.25 mol%. Ligand loading: 5 mol%. Base loading: 3 eq. What is the yield (%) and cost (US dollar per mol) of this reaction?","","5.6,0.355135832","[]"
"Here is a chemical reaction. Reactants are: Cn1cnc(C#N)c1, Fc1ccccc1Br. Product is: Cn1cnc(C#N)c1-c1ccccc1F. Reaction type is Pd catalyzed C-H arylation. The reaction conditions of this reaction are: Palladium Source: [PdCl(allyl)]2. Ligand: COc1ccc(OC)c(P(C2CCCCC2)C2CCCCC2)c1-c1c(C(C)C)cc(C(C)C)cc1C(C)C. Solvent: CCCCOC(C)=O. Base: KOAc. Reaction Temperature: 105 degrees centigrade. Reaction Concentration: 0.057 M. Palladium loading: 2.25 mol%. Ligand loading: 5 mol%. Base loading: 3 eq. What is the yield (%) and cost (US dollar per mol) of this reaction?","","16.39,0.176126414","[]"
"Here is a chemical reaction. Reactants are: Cn1cnc(C#N)c1, Fc1ccccc1Br. Product is: Cn1cnc(C#N)c1-c1ccccc1F. Reaction type is Pd catalyzed C-H arylation. The reaction conditions of this reaction are: Palladium Source: [PdCl(allyl)]2. Ligand: c1ccc(P(c2ccccc2)c2ccccc2)cc1. Solvent: CCCC#N. Base: KOPiv. Reaction Temperature: 90 degrees centigrade. Reaction Concentration: 0.153 M. Palladium loading: 2.25 mol%. Ligand loading: 5 mol%. Base loading: 3 eq. What is the yield (%) and cost (US dollar per mol) of this reaction?","","0.85,0.032530213","[]"
"Here is a chemical reaction. Reactants are: Cn1cnc(C#N)c1, Fc1ccccc1Br. Product is: Cn1cnc(C#N)c1-c1ccccc1F. Reaction type is Pd catalyzed C-H arylation. The reaction conditions of this reaction are: Palladium Source: [PdCl(allyl)]2. Ligand: C1CCC(P(C2CCCCC2)C2CCCCC2)CC1. Solvent: CCCC#N. Base: CsOPiv. Reaction Temperature: 90 degrees centigrade. Reaction Concentration: 0.1 M. Palladium loading: 2.25 mol%. Ligand loading: 5 mol%. Base loading: 3 eq. What is the yield (%) and cost (US dollar per mol) of this reaction?","","0.0,0.136355693","[]"
"Here is a chemical reaction. Reactants are: Cn1cnc(C#N)c1, Fc1ccccc1Br. Product is: Cn1cnc(C#N)c1-c1ccccc1F. Reaction type is Pd catalyzed C-H arylation. The reaction conditions of this reaction are: Palladium Source: [PdCl(allyl)]2. Ligand: C1CCC(P(C2CCCCC2)C2CCCCC2)CC1. Solvent: Cc1ccc(C)cc1. Base: CsOAc. Reaction Temperature: 120 degrees centigrade. Reaction Concentration: 0.153 M. Palladium loading: 2.25 mol%. Ligand loading: 5 mol%. Base loading: 3 eq. What is the yield (%) and cost (US dollar per mol) of this reaction?","","1.12,0.074586805","[]"
"Here is a chemical reaction. Reactants are: Cn1cnc(C#N)c1, Fc1ccccc1Br. Product is: Cn1cnc(C#N)c1-c1ccccc1F. Reaction type is Pd catalyzed C-H arylation. The reaction conditions of this reaction are: Palladium Source: [PdCl(allyl)]2. Ligand: COc1ccc(OC)c(P(C2CCCCC2)C2CCCCC2)c1-c1c(C(C)C)cc(C(C)C)cc1C(C)C. Solvent: CC(=O)N(C)C. Base: KOAc. Reaction Temperature: 90 degrees centigrade. Reaction Concentration: 0.153 M. Palladium loading: 2.25 mol%. Ligand loading: 5 mol%. Base loading: 3 eq. What is the yield (%) and cost (US dollar per mol) of this reaction?","","5.75,0.141125799","[]"
"Here is a chemical reaction. Reactants are: Cn1cnc(C#N)c1, Fc1ccccc1Br. Product is: Cn1cnc(C#N)c1-c1ccccc1F. Reaction type is Pd catalyzed C-H arylation. The reaction conditions of this reaction are: Palladium Source: [PdCl(allyl)]2. Ligand: COc1ccc(OC)c(P(c2cc(C(F)(F)F)cc(C(F)(F)F)c2)c2cc(C(F)(F)F)cc(C(F)(F)F)c2)c1-c1c(C(C)C)cc(C(C)C)cc1C(C)C. Solvent: Cc1ccc(C)cc1. Base: KOAc. Reaction Temperature: 105 degrees centigrade. Reaction Concentration: 0.153 M. Palladium loading: 2.25 mol%. Ligand loading: 5 mol%. Base loading: 3 eq. What is the yield (%) and cost (US dollar per mol) of this reaction?","","7.61,0.352961797","[]"
"Here is a chemical reaction. Reactants are: Cn1cnc(C#N)c1, Fc1ccccc1Br. Product is: Cn1cnc(C#N)c1-c1ccccc1F. Reaction type is Pd catalyzed C-H arylation. The reaction conditions of this reaction are: Palladium Source: [PdCl(allyl)]2. Ligand: COc1ccc(OC)c(P(c2cc(C(F)(F)F)cc(C(F)(F)F)c2)c2cc(C(F)(F)F)cc(C(F)(F)F)c2)c1-c1c(C(C)C)cc(C(C)C)cc1C(C)C. Solvent: CCCC#N. Base: KOPiv. Reaction Temperature: 120 degrees centigrade. Reaction Concentration: 0.153 M. Palladium loading: 2.25 mol%. Ligand loading: 5 mol%. Base loading: 3 eq. What is the yield (%) and cost (US dollar per mol) of this reaction?","","20.51,0.362400834","[]"
"Here is a chemical reaction. Reactants are: Cn1cnc(C#N)c1, Fc1ccccc1Br. Product is: Cn1cnc(C#N)c1-c1ccccc1F. Reaction type is Pd catalyzed C-H arylation. The reaction conditions of this reaction are: Palladium Source: [PdCl(allyl)]2. Ligand: CC(C)(C)P(c1ccccc1)C(C)(C)C. Solvent: Cc1ccc(C)cc1. Base: KOPiv. Reaction Temperature: 90 degrees centigrade. Reaction Concentration: 0.057 M. Palladium loading: 2.25 mol%. Ligand loading: 5 mol%. Base loading: 3 eq. What is the yield (%) and cost (US dollar per mol) of this reaction?","","0.0,0.056201541","[]"
"Here is a chemical reaction. Reactants are: Cn1cnc(C#N)c1, Fc1ccccc1Br. Product is: Cn1cnc(C#N)c1-c1ccccc1F. Reaction type is Pd catalyzed C-H arylation. The reaction conditions of this reaction are: Palladium Source: [PdCl(allyl)]2. Ligand: CC(C)Oc1cccc(OC(C)C)c1P(C1CCCCC1)C1CCCCC1. Solvent: CC(=O)N(C)C. Base: KOAc. Reaction Temperature: 105 degrees centigrade. Reaction Concentration: 0.153 M. Palladium loading: 2.25 mol%. Ligand loading: 5 mol%. Base loading: 3 eq. What is the yield (%) and cost (US dollar per mol) of this reaction?","","21.77,0.033817753","[]"
"Here is a chemical reaction. Reactants are: Cn1cnc(C#N)c1, Fc1ccccc1Br. Product is: Cn1cnc(C#N)c1-c1ccccc1F. Reaction type is Pd catalyzed C-H arylation. The reaction conditions of this reaction are: Palladium Source: [PdCl(allyl)]2. Ligand: c1ccc(P(c2ccccc2)c2ccccc2)cc1. Solvent: Cc1ccc(C)cc1. Base: CsOAc. Reaction Temperature: 90 degrees centigrade. Reaction Concentration: 0.1 M. Palladium loading: 2.25 mol%. Ligand loading: 5 mol%. Base loading: 3 eq. What is the yield (%) and cost (US dollar per mol) of this reaction?","","5.91,0.074140292","[]"
"Here is a chemical reaction. Reactants are: Cn1cnc(C#N)c1, Fc1ccccc1Br. Product is: Cn1cnc(C#N)c1-c1ccccc1F. Reaction type is Pd catalyzed C-H arylation. The reaction conditions of this reaction are: Palladium Source: [PdCl(allyl)]2. Ligand: COc1ccc(OC)c(P(C2CCCCC2)C2CCCCC2)c1-c1c(C(C)C)cc(C(C)C)cc1C(C)C. Solvent: CCCCOC(C)=O. Base: KOAc. Reaction Temperature: 105 degrees centigrade. Reaction Concentration: 0.153 M. Palladium loading: 2.25 mol%. Ligand loading: 5 mol%. Base loading: 3 eq. What is the yield (%) and cost (US dollar per mol) of this reaction?","","17.26,0.149051844","[]"
"Here is a chemical reaction. Reactants are: Cn1cnc(C#N)c1, Fc1ccccc1Br. Product is: Cn1cnc(C#N)c1-c1ccccc1F. Reaction type is Pd catalyzed C-H arylation. The reaction conditions of this reaction are: Palladium Source: [PdCl(allyl)]2. Ligand: c1ccc(P(c2ccccc2)c2ccccc2)cc1. Solvent: CCCCOC(C)=O. Base: KOAc. Reaction Temperature: 120 degrees centigrade. Reaction Concentration: 0.1 M. Palladium loading: 2.25 mol%. Ligand loading: 5 mol%. Base loading: 3 eq. What is the yield (%) and cost (US dollar per mol) of this reaction?","","7.89,0.038052765","[]"
"Here is a chemical reaction. Reactants are: Cn1cnc(C#N)c1, Fc1ccccc1Br. Product is: Cn1cnc(C#N)c1-c1ccccc1F. Reaction type is Pd catalyzed C-H arylation. The reaction conditions of this reaction are: Palladium Source: [PdCl(allyl)]2. Ligand: CC12C[C@]3(C)O[C@@](C)(C[C@@](C)(O3)P1c1ccccc1)O2. Solvent: CC(=O)N(C)C. Base: CsOPiv. Reaction Temperature: 120 degrees centigrade. Reaction Concentration: 0.057 M. Palladium loading: 2.25 mol%. Ligand loading: 5 mol%. Base loading: 3 eq. What is the yield (%) and cost (US dollar per mol) of this reaction?","","92.03,0.154530321","[]"
"Here is a chemical reaction. Reactants are: Cn1cnc(C#N)c1, Fc1ccccc1Br. Product is: Cn1cnc(C#N)c1-c1ccccc1F. Reaction type is Pd catalyzed C-H arylation. The reaction conditions of this reaction are: Palladium Source: [PdCl(allyl)]2. Ligand: CC(C)(C)P(c1ccccc1)C(C)(C)C. Solvent: CC(=O)N(C)C. Base: KOAc. Reaction Temperature: 90 degrees centigrade. Reaction Concentration: 0.057 M. Palladium loading: 2.25 mol%. Ligand loading: 5 mol%. Base loading: 3 eq. What is the yield (%) and cost (US dollar per mol) of this reaction?","","0.0,0.053328542","[]"
"Here is a chemical reaction. Reactants are: Cn1cnc(C#N)c1, Fc1ccccc1Br. Product is: Cn1cnc(C#N)c1-c1ccccc1F. Reaction type is Pd catalyzed C-H arylation. The reaction conditions of this reaction are: Palladium Source: [PdCl(allyl)]2. Ligand: CP(C)c1ccccc1. Solvent: CC(=O)N(C)C. Base: CsOPiv. Reaction Temperature: 90 degrees centigrade. Reaction Concentration: 0.153 M. Palladium loading: 2.25 mol%. Ligand loading: 5 mol%. Base loading: 3 eq. What is the yield (%) and cost (US dollar per mol) of this reaction?","","0.0,0.110329516","[]"
"Here is a chemical reaction. Reactants are: Cn1cnc(C#N)c1, Fc1ccccc1Br. Product is: Cn1cnc(C#N)c1-c1ccccc1F. Reaction type is Pd catalyzed C-H arylation. The reaction conditions of this reaction are: Palladium Source: [PdCl(allyl)]2. Ligand: CP(C)c1ccccc1. Solvent: CCCCOC(C)=O. Base: KOAc. Reaction Temperature: 105 degrees centigrade. Reaction Concentration: 0.153 M. Palladium loading: 2.25 mol%. Ligand loading: 5 mol%. Base loading: 3 eq. What is the yield (%) and cost (US dollar per mol) of this reaction?","","0.0,0.031801346","[]"
"Here is a chemical reaction. Reactants are: Cn1cnc(C#N)c1, Fc1ccccc1Br. Product is: Cn1cnc(C#N)c1-c1ccccc1F. Reaction type is Pd catalyzed C-H arylation. The reaction conditions of this reaction are: Palladium Source: [PdCl(allyl)]2. Ligand: CC(C)Oc1cccc(OC(C)C)c1P(C1CCCCC1)C1CCCCC1. Solvent: CC(=O)N(C)C. Base: CsOAc. Reaction Temperature: 105 degrees centigrade. Reaction Concentration: 0.1 M. Palladium loading: 2.25 mol%. Ligand loading: 5 mol%. Base loading: 3 eq. What is the yield (%) and cost (US dollar per mol) of this reaction?","","19.97,0.083963501","[]"
"Here is a chemical reaction. Reactants are: Cn1cnc(C#N)c1, Fc1ccccc1Br. Product is: Cn1cnc(C#N)c1-c1ccccc1F. Reaction type is Pd catalyzed C-H arylation. The reaction conditions of this reaction are: Palladium Source: [PdCl(allyl)]2. Ligand: C1CCC(P(C2CCCCC2)C2CCCCC2)CC1. Solvent: Cc1ccc(C)cc1. Base: KOPiv. Reaction Temperature: 120 degrees centigrade. Reaction Concentration: 0.057 M. Palladium loading: 2.25 mol%. Ligand loading: 5 mol%. Base loading: 3 eq. What is the yield (%) and cost (US dollar per mol) of this reaction?","","0.0,0.045160314","[]"
"Here is a chemical reaction. Reactants are: Cn1cnc(C#N)c1, Fc1ccccc1Br. Product is: Cn1cnc(C#N)c1-c1ccccc1F. Reaction type is Pd catalyzed C-H arylation. The reaction conditions of this reaction are: Palladium Source: [PdCl(allyl)]2. Ligand: CP(c1ccccc1)c1ccccc1. Solvent: Cc1ccc(C)cc1. Base: CsOAc. Reaction Temperature: 90 degrees centigrade. Reaction Concentration: 0.153 M. Palladium loading: 2.25 mol%. Ligand loading: 5 mol%. Base loading: 3 eq. What is the yield (%) and cost (US dollar per mol) of this reaction?","","0.0,0.069773499","[]"
"Here is a chemical reaction. Reactants are: Cn1cnc(C#N)c1, Fc1ccccc1Br. Product is: Cn1cnc(C#N)c1-c1ccccc1F. Reaction type is Pd catalyzed C-H arylation. The reaction conditions of this reaction are: Palladium Source: [PdCl(allyl)]2. Ligand: CC12C[C@]3(C)O[C@@](C)(C[C@@](C)(O3)P1c1ccccc1)O2. Solvent: Cc1ccc(C)cc1. Base: CsOPiv. Reaction Temperature: 90 degrees centigrade. Reaction Concentration: 0.153 M. Palladium loading: 2.25 mol%. Ligand loading: 5 mol%. Base loading: 3 eq. What is the yield (%) and cost (US dollar per mol) of this reaction?","","13.02,0.141107495","[]"
"Here is a chemical reaction. Reactants are: Cn1cnc(C#N)c1, Fc1ccccc1Br. Product is: Cn1cnc(C#N)c1-c1ccccc1F. Reaction type is Pd catalyzed C-H arylation. The reaction conditions of this reaction are: Palladium Source: [PdCl(allyl)]2. Ligand: c1ccc(P(c2ccccc2)c2ccccc2)cc1. Solvent: CCCCOC(C)=O. Base: KOPiv. Reaction Temperature: 120 degrees centigrade. Reaction Concentration: 0.1 M. Palladium loading: 2.25 mol%. Ligand loading: 5 mol%. Base loading: 3 eq. What is the yield (%) and cost (US dollar per mol) of this reaction?","","4.23,0.036937879","[]"
"Here is a chemical reaction. Reactants are: Cn1cnc(C#N)c1, Fc1ccccc1Br. Product is: Cn1cnc(C#N)c1-c1ccccc1F. Reaction type is Pd catalyzed C-H arylation. The reaction conditions of this reaction are: Palladium Source: [PdCl(allyl)]2. Ligand: CC(C)c1cc(C(C)C)c(-c2ccccc2P(C2CCCCC2)C2CCCCC2)c(C(C)C)c1. Solvent: CCCC#N. Base: CsOAc. Reaction Temperature: 105 degrees centigrade. Reaction Concentration: 0.057 M. Palladium loading: 2.25 mol%. Ligand loading: 5 mol%. Base loading: 3 eq. What is the yield (%) and cost (US dollar per mol) of this reaction?","","72.89,0.121229425","[]"
"Here is a chemical reaction. Reactants are: Cn1cnc(C#N)c1, Fc1ccccc1Br. Product is: Cn1cnc(C#N)c1-c1ccccc1F. Reaction type is Pd catalyzed C-H arylation. The reaction conditions of this reaction are: Palladium Source: [PdCl(allyl)]2. Ligand: COc1ccc(OC)c(P(c2cc(C(F)(F)F)cc(C(F)(F)F)c2)c2cc(C(F)(F)F)cc(C(F)(F)F)c2)c1-c1c(C(C)C)cc(C(C)C)cc1C(C)C. Solvent: Cc1ccc(C)cc1. Base: KOAc. Reaction Temperature: 120 degrees centigrade. Reaction Concentration: 0.1 M. Palladium loading: 2.25 mol%. Ligand loading: 5 mol%. Base loading: 3 eq. What is the yield (%) and cost (US dollar per mol) of this reaction?","","7.03,0.358363602","[]"
"Here is a chemical reaction. Reactants are: Cn1cnc(C#N)c1, Fc1ccccc1Br. Product is: Cn1cnc(C#N)c1-c1ccccc1F. Reaction type is Pd catalyzed C-H arylation. The reaction conditions of this reaction are: Palladium Source: [PdCl(allyl)]2. Ligand: CC(C)c1cc(C(C)C)c(-c2ccccc2P(C2CCCCC2)C2CCCCC2)c(C(C)C)c1. Solvent: Cc1ccc(C)cc1. Base: KOAc. Reaction Temperature: 90 degrees centigrade. Reaction Concentration: 0.057 M. Palladium loading: 2.25 mol%. Ligand loading: 5 mol%. Base loading: 3 eq. What is the yield (%) and cost (US dollar per mol) of this reaction?","","22.31,0.048665479","[]"
"Here is a chemical reaction. Reactants are: Cn1cnc(C#N)c1, Fc1ccccc1Br. Product is: Cn1cnc(C#N)c1-c1ccccc1F. Reaction type is Pd catalyzed C-H arylation. The reaction conditions of this reaction are: Palladium Source: [PdCl(allyl)]2. Ligand: CC12C[C@]3(C)O[C@@](C)(C[C@@](C)(O3)P1c1ccccc1)O2. Solvent: CCCC#N. Base: KOPiv. Reaction Temperature: 90 degrees centigrade. Reaction Concentration: 0.153 M. Palladium loading: 2.25 mol%. Ligand loading: 5 mol%. Base loading: 3 eq. What is the yield (%) and cost (US dollar per mol) of this reaction?","","52.23,0.064396627","[]"
"Here is a chemical reaction. Reactants are: Cn1cnc(C#N)c1, Fc1ccccc1Br. Product is: Cn1cnc(C#N)c1-c1ccccc1F. Reaction type is Pd catalyzed C-H arylation. The reaction conditions of this reaction are: Palladium Source: [PdCl(allyl)]2. Ligand: c1ccc(P(c2ccccc2)c2ccccc2)cc1. Solvent: CCCC#N. Base: KOPiv. Reaction Temperature: 120 degrees centigrade. Reaction Concentration: 0.153 M. Palladium loading: 2.25 mol%. Ligand loading: 5 mol%. Base loading: 3 eq. What is the yield (%) and cost (US dollar per mol) of this reaction?","","15.64,0.032643774","[]"
"Here is a chemical reaction. Reactants are: Cn1cnc(C#N)c1, Fc1ccccc1Br. Product is: Cn1cnc(C#N)c1-c1ccccc1F. Reaction type is Pd catalyzed C-H arylation. The reaction conditions of this reaction are: Palladium Source: [PdCl(allyl)]2. Ligand: c1coc(P(c2ccco2)c2ccco2)c1. Solvent: CCCCOC(C)=O. Base: KOAc. Reaction Temperature: 105 degrees centigrade. Reaction Concentration: 0.057 M. Palladium loading: 2.25 mol%. Ligand loading: 5 mol%. Base loading: 3 eq. What is the yield (%) and cost (US dollar per mol) of this reaction?","","8.43,0.068914003","[]"
"Here is a chemical reaction. Reactants are: Cn1cnc(C#N)c1, Fc1ccccc1Br. Product is: Cn1cnc(C#N)c1-c1ccccc1F. Reaction type is Pd catalyzed C-H arylation. The reaction conditions of this reaction are: Palladium Source: [PdCl(allyl)]2. Ligand: CC(C)(C)P(c1ccccc1)C(C)(C)C. Solvent: CCCC#N. Base: CsOPiv. Reaction Temperature: 105 degrees centigrade. Reaction Concentration: 0.153 M. Palladium loading: 2.25 mol%. Ligand loading: 5 mol%. Base loading: 3 eq. What is the yield (%) and cost (US dollar per mol) of this reaction?","","0.0,0.136900842","[]"
"Here is a chemical reaction. Reactants are: Cn1cnc(C#N)c1, Fc1ccccc1Br. Product is: Cn1cnc(C#N)c1-c1ccccc1F. Reaction type is Pd catalyzed C-H arylation. The reaction conditions of this reaction are: Palladium Source: [PdCl(allyl)]2. Ligand: CC(C)Oc1cccc(OC(C)C)c1P(C1CCCCC1)C1CCCCC1. Solvent: Cc1ccc(C)cc1. Base: KOAc. Reaction Temperature: 90 degrees centigrade. Reaction Concentration: 0.057 M. Palladium loading: 2.25 mol%. Ligand loading: 5 mol%. Base loading: 3 eq. What is the yield (%) and cost (US dollar per mol) of this reaction?","","0.0,0.052500415","[]"
"Here is a chemical reaction. Reactants are: Cn1cnc(C#N)c1, Fc1ccccc1Br. Product is: Cn1cnc(C#N)c1-c1ccccc1F. Reaction type is Pd catalyzed C-H arylation. The reaction conditions of this reaction are: Palladium Source: [PdCl(allyl)]2. Ligand: CP(C)c1ccccc1. Solvent: CCCCOC(C)=O. Base: CsOPiv. Reaction Temperature: 105 degrees centigrade. Reaction Concentration: 0.153 M. Palladium loading: 2.25 mol%. Ligand loading: 5 mol%. Base loading: 3 eq. What is the yield (%) and cost (US dollar per mol) of this reaction?","","0.0,0.118175058","[]"
"Here is a chemical reaction. Reactants are: Cn1cnc(C#N)c1, Fc1ccccc1Br. Product is: Cn1cnc(C#N)c1-c1ccccc1F. Reaction type is Pd catalyzed C-H arylation. The reaction conditions of this reaction are: Palladium Source: [PdCl(allyl)]2. Ligand: CN(C)c1cccc(N(C)C)c1-c1ccccc1P(c1ccccc1)C(C)(C)C. Solvent: CCCCOC(C)=O. Base: CsOAc. Reaction Temperature: 90 degrees centigrade. Reaction Concentration: 0.057 M. Palladium loading: 2.25 mol%. Ligand loading: 5 mol%. Base loading: 3 eq. What is the yield (%) and cost (US dollar per mol) of this reaction?","","7.84,0.344731253","[]"
"Here is a chemical reaction. Reactants are: Cn1cnc(C#N)c1, Fc1ccccc1Br. Product is: Cn1cnc(C#N)c1-c1ccccc1F. Reaction type is Pd catalyzed C-H arylation. The reaction conditions of this reaction are: Palladium Source: [PdCl(allyl)]2. Ligand: CC12C[C@]3(C)O[C@@](C)(C[C@@](C)(O3)P1c1ccccc1)O2. Solvent: Cc1ccc(C)cc1. Base: CsOAc. Reaction Temperature: 120 degrees centigrade. Reaction Concentration: 0.1 M. Palladium loading: 2.25 mol%. Ligand loading: 5 mol%. Base loading: 3 eq. What is the yield (%) and cost (US dollar per mol) of this reaction?","","62.73,0.105819579","[]"
"Here is a chemical reaction. Reactants are: Cn1cnc(C#N)c1, Fc1ccccc1Br. Product is: Cn1cnc(C#N)c1-c1ccccc1F. Reaction type is Pd catalyzed C-H arylation. The reaction conditions of this reaction are: Palladium Source: [PdCl(allyl)]2. Ligand: CN(C)c1cccc(N(C)C)c1-c1ccccc1P(c1ccccc1)C(C)(C)C. Solvent: Cc1ccc(C)cc1. Base: KOAc. Reaction Temperature: 90 degrees centigrade. Reaction Concentration: 0.1 M. Palladium loading: 2.25 mol%. Ligand loading: 5 mol%. Base loading: 3 eq. What is the yield (%) and cost (US dollar per mol) of this reaction?","","7.34,0.271265493","[]"
"Here is a chemical reaction. Reactants are: Cn1cnc(C#N)c1, Fc1ccccc1Br. Product is: Cn1cnc(C#N)c1-c1ccccc1F. Reaction type is Pd catalyzed C-H arylation. The reaction conditions of this reaction are: Palladium Source: [PdCl(allyl)]2. Ligand: COc1ccc(OC)c(P(C2CCCCC2)C2CCCCC2)c1-c1c(C(C)C)cc(C(C)C)cc1C(C)C. Solvent: CC(=O)N(C)C. Base: KOPiv. Reaction Temperature: 120 degrees centigrade. Reaction Concentration: 0.153 M. Palladium loading: 2.25 mol%. Ligand loading: 5 mol%. Base loading: 3 eq. What is the yield (%) and cost (US dollar per mol) of this reaction?","","0.89,0.140017489","[]"
"Here is a chemical reaction. Reactants are: Cn1cnc(C#N)c1, Fc1ccccc1Br. Product is: Cn1cnc(C#N)c1-c1ccccc1F. Reaction type is Pd catalyzed C-H arylation. The reaction conditions of this reaction are: Palladium Source: [PdCl(allyl)]2. Ligand: CN(C)c1cccc(N(C)C)c1-c1ccccc1P(c1ccccc1)C(C)(C)C. Solvent: CCCCOC(C)=O. Base: KOAc. Reaction Temperature: 120 degrees centigrade. Reaction Concentration: 0.057 M. Palladium loading: 2.25 mol%. Ligand loading: 5 mol%. Base loading: 3 eq. What is the yield (%) and cost (US dollar per mol) of this reaction?","","6.22,0.299221695","[]"
"Here is a chemical reaction. Reactants are: Cn1cnc(C#N)c1, Fc1ccccc1Br. Product is: Cn1cnc(C#N)c1-c1ccccc1F. Reaction type is Pd catalyzed C-H arylation. The reaction conditions of this reaction are: Palladium Source: [PdCl(allyl)]2. Ligand: COc1ccc(OC)c(P(C2CCCCC2)C2CCCCC2)c1-c1c(C(C)C)cc(C(C)C)cc1C(C)C. Solvent: CCCC#N. Base: CsOPiv. Reaction Temperature: 105 degrees centigrade. Reaction Concentration: 0.057 M. Palladium loading: 2.25 mol%. Ligand loading: 5 mol%. Base loading: 3 eq. What is the yield (%) and cost (US dollar per mol) of this reaction?","","39.86,0.27311967","[]"
"Here is a chemical reaction. Reactants are: Cn1cnc(C#N)c1, Fc1ccccc1Br. Product is: Cn1cnc(C#N)c1-c1ccccc1F. Reaction type is Pd catalyzed C-H arylation. The reaction conditions of this reaction are: Palladium Source: [PdCl(allyl)]2. Ligand: CP(C)c1ccccc1. Solvent: Cc1ccc(C)cc1. Base: KOAc. Reaction Temperature: 120 degrees centigrade. Reaction Concentration: 0.1 M. Palladium loading: 2.25 mol%. Ligand loading: 5 mol%. Base loading: 3 eq. What is the yield (%) and cost (US dollar per mol) of this reaction?","","0.0,0.030932803","[]"
"Here is a chemical reaction. Reactants are: Cn1cnc(C#N)c1, Fc1ccccc1Br. Product is: Cn1cnc(C#N)c1-c1ccccc1F. Reaction type is Pd catalyzed C-H arylation. The reaction conditions of this reaction are: Palladium Source: [PdCl(allyl)]2. Ligand: CN(C)c1cccc(N(C)C)c1-c1ccccc1P(c1ccccc1)C(C)(C)C. Solvent: CC(=O)N(C)C. Base: KOPiv. Reaction Temperature: 90 degrees centigrade. Reaction Concentration: 0.153 M. Palladium loading: 2.25 mol%. Ligand loading: 5 mol%. Base loading: 3 eq. What is the yield (%) and cost (US dollar per mol) of this reaction?","","8.5,0.263191909","[]"
"Here is a chemical reaction. Reactants are: Cn1cnc(C#N)c1, Fc1ccccc1Br. Product is: Cn1cnc(C#N)c1-c1ccccc1F. Reaction type is Pd catalyzed C-H arylation. The reaction conditions of this reaction are: Palladium Source: [PdCl(allyl)]2. Ligand: CN(C)c1cccc(N(C)C)c1-c1ccccc1P(c1ccccc1)C(C)(C)C. Solvent: Cc1ccc(C)cc1. Base: CsOAc. Reaction Temperature: 90 degrees centigrade. Reaction Concentration: 0.057 M. Palladium loading: 2.25 mol%. Ligand loading: 5 mol%. Base loading: 3 eq. What is the yield (%) and cost (US dollar per mol) of this reaction?","","16.76,0.328568741","[]"
"Here is a chemical reaction. Reactants are: Cn1cnc(C#N)c1, Fc1ccccc1Br. Product is: Cn1cnc(C#N)c1-c1ccccc1F. Reaction type is Pd catalyzed C-H arylation. The reaction conditions of this reaction are: Palladium Source: [PdCl(allyl)]2. Ligand: CN(C)c1cccc(N(C)C)c1-c1ccccc1P(c1ccccc1)C(C)(C)C. Solvent: Cc1ccc(C)cc1. Base: KOAc. Reaction Temperature: 90 degrees centigrade. Reaction Concentration: 0.153 M. Palladium loading: 2.25 mol%. Ligand loading: 5 mol%. Base loading: 3 eq. What is the yield (%) and cost (US dollar per mol) of this reaction?","","9.79,0.265870514","[]"
"Here is a chemical reaction. Reactants are: Cn1cnc(C#N)c1, Fc1ccccc1Br. Product is: Cn1cnc(C#N)c1-c1ccccc1F. Reaction type is Pd catalyzed C-H arylation. The reaction conditions of this reaction are: Palladium Source: [PdCl(allyl)]2. Ligand: C1CCC(P(C2CCCCC2)C2CCCCC2)CC1. Solvent: CCCC#N. Base: KOPiv. Reaction Temperature: 120 degrees centigrade. Reaction Concentration: 0.057 M. Palladium loading: 2.25 mol%. Ligand loading: 5 mol%. Base loading: 3 eq. What is the yield (%) and cost (US dollar per mol) of this reaction?","","3.25,0.07177053","[]"
"Here is a chemical reaction. Reactants are: Cn1cnc(C#N)c1, Fc1ccccc1Br. Product is: Cn1cnc(C#N)c1-c1ccccc1F. Reaction type is Pd catalyzed C-H arylation. The reaction conditions of this reaction are: Palladium Source: [PdCl(allyl)]2. Ligand: c1ccc(P(c2ccccc2)c2ccccc2)cc1. Solvent: CCCCOC(C)=O. Base: CsOPiv. Reaction Temperature: 120 degrees centigrade. Reaction Concentration: 0.153 M. Palladium loading: 2.25 mol%. Ligand loading: 5 mol%. Base loading: 3 eq. What is the yield (%) and cost (US dollar per mol) of this reaction?","","2.81,0.115876336","[]"
"Here is a chemical reaction. Reactants are: Cn1cnc(C#N)c1, Fc1ccccc1Br. Product is: Cn1cnc(C#N)c1-c1ccccc1F. Reaction type is Pd catalyzed C-H arylation. The reaction conditions of this reaction are: Palladium Source: [PdCl(allyl)]2. Ligand: CC12C[C@]3(C)O[C@@](C)(C[C@@](C)(O3)P1c1ccccc1)O2. Solvent: CC(=O)N(C)C. Base: CsOPiv. Reaction Temperature: 105 degrees centigrade. Reaction Concentration: 0.1 M. Palladium loading: 2.25 mol%. Ligand loading: 5 mol%. Base loading: 3 eq. What is the yield (%) and cost (US dollar per mol) of this reaction?","","91.11,0.144400038","[]"
"Here is a chemical reaction. Reactants are: Cn1cnc(C#N)c1, Fc1ccccc1Br. Product is: Cn1cnc(C#N)c1-c1ccccc1F. Reaction type is Pd catalyzed C-H arylation. The reaction conditions of this reaction are: Palladium Source: [PdCl(allyl)]2. Ligand: CP(C)c1ccccc1. Solvent: CC(=O)N(C)C. Base: KOAc. Reaction Temperature: 90 degrees centigrade. Reaction Concentration: 0.057 M. Palladium loading: 2.25 mol%. Ligand loading: 5 mol%. Base loading: 3 eq. What is the yield (%) and cost (US dollar per mol) of this reaction?","","0.0,0.038733926","[]"
"Here is a chemical reaction. Reactants are: Cn1cnc(C#N)c1, Fc1ccccc1Br. Product is: Cn1cnc(C#N)c1-c1ccccc1F. Reaction type is Pd catalyzed C-H arylation. The reaction conditions of this reaction are: Palladium Source: [PdCl(allyl)]2. Ligand: c1ccc(P(c2ccccc2)c2ccccc2)cc1. Solvent: CCCC#N. Base: KOPiv. Reaction Temperature: 120 degrees centigrade. Reaction Concentration: 0.057 M. Palladium loading: 2.25 mol%. Ligand loading: 5 mol%. Base loading: 3 eq. What is the yield (%) and cost (US dollar per mol) of this reaction?","","12.19,0.065971257","[]"
"Here is a chemical reaction. Reactants are: Cn1cnc(C#N)c1, Fc1ccccc1Br. Product is: Cn1cnc(C#N)c1-c1ccccc1F. Reaction type is Pd catalyzed C-H arylation. The reaction conditions of this reaction are: Palladium Source: [PdCl(allyl)]2. Ligand: CP(C)c1ccccc1. Solvent: CCCCOC(C)=O. Base: KOAc. Reaction Temperature: 105 degrees centigrade. Reaction Concentration: 0.057 M. Palladium loading: 2.25 mol%. Ligand loading: 5 mol%. Base loading: 3 eq. What is the yield (%) and cost (US dollar per mol) of this reaction?","","0.0,0.058880809","[]"
"Here is a chemical reaction. Reactants are: Cn1cnc(C#N)c1, Fc1ccccc1Br. Product is: Cn1cnc(C#N)c1-c1ccccc1F. Reaction type is Pd catalyzed C-H arylation. The reaction conditions of this reaction are: Palladium Source: [PdCl(allyl)]2. Ligand: CC(C)(C)P(c1ccccc1)C(C)(C)C. Solvent: Cc1ccc(C)cc1. Base: KOPiv. Reaction Temperature: 90 degrees centigrade. Reaction Concentration: 0.1 M. Palladium loading: 2.25 mol%. Ligand loading: 5 mol%. Base loading: 3 eq. What is the yield (%) and cost (US dollar per mol) of this reaction?","","0.0,0.04443312","[]"
"Here is a chemical reaction. Reactants are: Cn1cnc(C#N)c1, Fc1ccccc1Br. Product is: Cn1cnc(C#N)c1-c1ccccc1F. Reaction type is Pd catalyzed C-H arylation. The reaction conditions of this reaction are: Palladium Source: [PdCl(allyl)]2. Ligand: CC(C)Oc1cccc(OC(C)C)c1P(C1CCCCC1)C1CCCCC1. Solvent: CCCC#N. Base: KOPiv. Reaction Temperature: 120 degrees centigrade. Reaction Concentration: 0.1 M. Palladium loading: 2.25 mol%. Ligand loading: 5 mol%. Base loading: 3 eq. What is the yield (%) and cost (US dollar per mol) of this reaction?","","56.45,0.055566917","[]"
"Here is a chemical reaction. Reactants are: Cn1cnc(C#N)c1, Fc1ccccc1Br. Product is: Cn1cnc(C#N)c1-c1ccccc1F. Reaction type is Pd catalyzed C-H arylation. The reaction conditions of this reaction are: Palladium Source: [PdCl(allyl)]2. Ligand: CP(c1ccccc1)c1ccccc1. Solvent: Cc1ccc(C)cc1. Base: KOAc. Reaction Temperature: 90 degrees centigrade. Reaction Concentration: 0.057 M. Palladium loading: 2.25 mol%. Ligand loading: 5 mol%. Base loading: 3 eq. What is the yield (%) and cost (US dollar per mol) of this reaction?","","0.0,0.041445396","[]"
"Here is a chemical reaction. Reactants are: Cn1cnc(C#N)c1, Fc1ccccc1Br. Product is: Cn1cnc(C#N)c1-c1ccccc1F. Reaction type is Pd catalyzed C-H arylation. The reaction conditions of this reaction are: Palladium Source: [PdCl(allyl)]2. Ligand: COc1ccc(OC)c(P(c2cc(C(F)(F)F)cc(C(F)(F)F)c2)c2cc(C(F)(F)F)cc(C(F)(F)F)c2)c1-c1c(C(C)C)cc(C(C)C)cc1C(C)C. Solvent: CCCCOC(C)=O. Base: KOAc. Reaction Temperature: 105 degrees centigrade. Reaction Concentration: 0.153 M. Palladium loading: 2.25 mol%. Ligand loading: 5 mol%. Base loading: 3 eq. What is the yield (%) and cost (US dollar per mol) of this reaction?","","6.18,0.359241246","[]"
"Here is a chemical reaction. Reactants are: Cn1cnc(C#N)c1, Fc1ccccc1Br. Product is: Cn1cnc(C#N)c1-c1ccccc1F. Reaction type is Pd catalyzed C-H arylation. The reaction conditions of this reaction are: Palladium Source: [PdCl(allyl)]2. Ligand: CC(C)c1cc(C(C)C)c(-c2ccccc2P(C2CCCCC2)C2CCCCC2)c(C(C)C)c1. Solvent: CCCC#N. Base: KOPiv. Reaction Temperature: 105 degrees centigrade. Reaction Concentration: 0.153 M. Palladium loading: 2.25 mol%. Ligand loading: 5 mol%. Base loading: 3 eq. What is the yield (%) and cost (US dollar per mol) of this reaction?","","73.33,0.041284084","[]"
"Here is a chemical reaction. Reactants are: Cn1cnc(C#N)c1, Fc1ccccc1Br. Product is: Cn1cnc(C#N)c1-c1ccccc1F. Reaction type is Pd catalyzed C-H arylation. The reaction conditions of this reaction are: Palladium Source: [PdCl(allyl)]2. Ligand: CC(C)Oc1cccc(OC(C)C)c1P(C1CCCCC1)C1CCCCC1. Solvent: CC(=O)N(C)C. Base: KOPiv. Reaction Temperature: 90 degrees centigrade. Reaction Concentration: 0.057 M. Palladium loading: 2.25 mol%. Ligand loading: 5 mol%. Base loading: 3 eq. What is the yield (%) and cost (US dollar per mol) of this reaction?","","12.98,0.047476236","[]"
"Here is a chemical reaction. Reactants are: Cn1cnc(C#N)c1, Fc1ccccc1Br. Product is: Cn1cnc(C#N)c1-c1ccccc1F. Reaction type is Pd catalyzed C-H arylation. The reaction conditions of this reaction are: Palladium Source: [PdCl(allyl)]2. Ligand: CN(C)c1cccc(N(C)C)c1-c1ccccc1P(c1ccccc1)C(C)(C)C. Solvent: CCCCOC(C)=O. Base: CsOPiv. Reaction Temperature: 120 degrees centigrade. Reaction Concentration: 0.153 M. Palladium loading: 2.25 mol%. Ligand loading: 5 mol%. Base loading: 3 eq. What is the yield (%) and cost (US dollar per mol) of this reaction?","","0.0,0.358480959","[]"
"Here is a chemical reaction. Reactants are: Cn1cnc(C#N)c1, Fc1ccccc1Br. Product is: Cn1cnc(C#N)c1-c1ccccc1F. Reaction type is Pd catalyzed C-H arylation. The reaction conditions of this reaction are: Palladium Source: [PdCl(allyl)]2. Ligand: CN(C)c1cccc(N(C)C)c1-c1ccccc1P(c1ccccc1)C(C)(C)C. Solvent: Cc1ccc(C)cc1. Base: KOPiv. Reaction Temperature: 105 degrees centigrade. Reaction Concentration: 0.153 M. Palladium loading: 2.25 mol%. Ligand loading: 5 mol%. Base loading: 3 eq. What is the yield (%) and cost (US dollar per mol) of this reaction?","","47.33,0.264913225","[]"
"Here is a chemical reaction. Reactants are: Cn1cnc(C#N)c1, Fc1ccccc1Br. Product is: Cn1cnc(C#N)c1-c1ccccc1F. Reaction type is Pd catalyzed C-H arylation. The reaction conditions of this reaction are: Palladium Source: [PdCl(allyl)]2. Ligand: COc1ccc(OC)c(P(C2CCCCC2)C2CCCCC2)c1-c1c(C(C)C)cc(C(C)C)cc1C(C)C. Solvent: CC(=O)N(C)C. Base: KOPiv. Reaction Temperature: 120 degrees centigrade. Reaction Concentration: 0.1 M. Palladium loading: 2.25 mol%. Ligand loading: 5 mol%. Base loading: 3 eq. What is the yield (%) and cost (US dollar per mol) of this reaction?","","0.26,0.144666163","[]"
"Here is a chemical reaction. Reactants are: Cn1cnc(C#N)c1, Fc1ccccc1Br. Product is: Cn1cnc(C#N)c1-c1ccccc1F. Reaction type is Pd catalyzed C-H arylation. The reaction conditions of this reaction are: Palladium Source: [PdCl(allyl)]2. Ligand: C1CCC(P(C2CCCCC2)C2CCCCC2)CC1. Solvent: CC(=O)N(C)C. Base: CsOAc. Reaction Temperature: 105 degrees centigrade. Reaction Concentration: 0.1 M. Palladium loading: 2.25 mol%. Ligand loading: 5 mol%. Base loading: 3 eq. What is the yield (%) and cost (US dollar per mol) of this reaction?","","12.83,0.077697116","[]"
"Here is a chemical reaction. Reactants are: Cn1cnc(C#N)c1, Fc1ccccc1Br. Product is: Cn1cnc(C#N)c1-c1ccccc1F. Reaction type is Pd catalyzed C-H arylation. The reaction conditions of this reaction are: Palladium Source: [PdCl(allyl)]2. Ligand: CC(C)(C)P(c1ccccc1)C(C)(C)C. Solvent: Cc1ccc(C)cc1. Base: KOAc. Reaction Temperature: 120 degrees centigrade. Reaction Concentration: 0.1 M. Palladium loading: 2.25 mol%. Ligand loading: 5 mol%. Base loading: 3 eq. What is the yield (%) and cost (US dollar per mol) of this reaction?","","0.0,0.045527419","[]"
"Here is a chemical reaction. Reactants are: Cn1cnc(C#N)c1, Fc1ccccc1Br. Product is: Cn1cnc(C#N)c1-c1ccccc1F. Reaction type is Pd catalyzed C-H arylation. The reaction conditions of this reaction are: Palladium Source: [PdCl(allyl)]2. Ligand: CP(C)c1ccccc1. Solvent: Cc1ccc(C)cc1. Base: KOAc. Reaction Temperature: 90 degrees centigrade. Reaction Concentration: 0.1 M. Palladium loading: 2.25 mol%. Ligand loading: 5 mol%. Base loading: 3 eq. What is the yield (%) and cost (US dollar per mol) of this reaction?","","0.0,0.030932803","[]"
"Here is a chemical reaction. Reactants are: Cn1cnc(C#N)c1, Fc1ccccc1Br. Product is: Cn1cnc(C#N)c1-c1ccccc1F. Reaction type is Pd catalyzed C-H arylation. The reaction conditions of this reaction are: Palladium Source: [PdCl(allyl)]2. Ligand: CC(C)(C)P(c1ccccc1)C(C)(C)C. Solvent: CCCCOC(C)=O. Base: CsOPiv. Reaction Temperature: 90 degrees centigrade. Reaction Concentration: 0.153 M. Palladium loading: 2.25 mol%. Ligand loading: 5 mol%. Base loading: 3 eq. What is the yield (%) and cost (US dollar per mol) of this reaction?","","0.0,0.132769674","[]"
"Here is a chemical reaction. Reactants are: Cn1cnc(C#N)c1, Fc1ccccc1Br. Product is: Cn1cnc(C#N)c1-c1ccccc1F. Reaction type is Pd catalyzed C-H arylation. The reaction conditions of this reaction are: Palladium Source: [PdCl(allyl)]2. Ligand: c1coc(P(c2ccco2)c2ccco2)c1. Solvent: CCCCOC(C)=O. Base: KOPiv. Reaction Temperature: 105 degrees centigrade. Reaction Concentration: 0.057 M. Palladium loading: 2.25 mol%. Ligand loading: 5 mol%. Base loading: 3 eq. What is the yield (%) and cost (US dollar per mol) of this reaction?","","16.31,0.067864025","[]"
"Here is a chemical reaction. Reactants are: Cn1cnc(C#N)c1, Fc1ccccc1Br. Product is: Cn1cnc(C#N)c1-c1ccccc1F. Reaction type is Pd catalyzed C-H arylation. The reaction conditions of this reaction are: Palladium Source: [PdCl(allyl)]2. Ligand: CN(C)c1cccc(N(C)C)c1-c1ccccc1P(c1ccccc1)C(C)(C)C. Solvent: CCCC#N. Base: CsOPiv. Reaction Temperature: 90 degrees centigrade. Reaction Concentration: 0.153 M. Palladium loading: 2.25 mol%. Ligand loading: 5 mol%. Base loading: 3 eq. What is the yield (%) and cost (US dollar per mol) of this reaction?","","8.95,0.362680847","[]"
"Here is a chemical reaction. Reactants are: Cn1cnc(C#N)c1, Fc1ccccc1Br. Product is: Cn1cnc(C#N)c1-c1ccccc1F. Reaction type is Pd catalyzed C-H arylation. The reaction conditions of this reaction are: Palladium Source: [PdCl(allyl)]2. Ligand: CP(c1ccccc1)c1ccccc1. Solvent: CC(=O)N(C)C. Base: KOAc. Reaction Temperature: 120 degrees centigrade. Reaction Concentration: 0.057 M. Palladium loading: 2.25 mol%. Ligand loading: 5 mol%. Base loading: 3 eq. What is the yield (%) and cost (US dollar per mol) of this reaction?","","12.01,0.03751272","[]"
"Here is a chemical reaction. Reactants are: Cn1cnc(C#N)c1, Fc1ccccc1Br. Product is: Cn1cnc(C#N)c1-c1ccccc1F. Reaction type is Pd catalyzed C-H arylation. The reaction conditions of this reaction are: Palladium Source: [PdCl(allyl)]2. Ligand: COc1ccc(OC)c(P(C2CCCCC2)C2CCCCC2)c1-c1c(C(C)C)cc(C(C)C)cc1C(C)C. Solvent: CCCC#N. Base: KOAc. Reaction Temperature: 105 degrees centigrade. Reaction Concentration: 0.057 M. Palladium loading: 2.25 mol%. Ligand loading: 5 mol%. Base loading: 3 eq. What is the yield (%) and cost (US dollar per mol) of this reaction?","","6.0,0.186485974","[]"
"Here is a chemical reaction. Reactants are: Cn1cnc(C#N)c1, Fc1ccccc1Br. Product is: Cn1cnc(C#N)c1-c1ccccc1F. Reaction type is Pd catalyzed C-H arylation. The reaction conditions of this reaction are: Palladium Source: [PdCl(allyl)]2. Ligand: CP(c1ccccc1)c1ccccc1. Solvent: CC(=O)N(C)C. Base: KOAc. Reaction Temperature: 105 degrees centigrade. Reaction Concentration: 0.057 M. Palladium loading: 2.25 mol%. Ligand loading: 5 mol%. Base loading: 3 eq. What is the yield (%) and cost (US dollar per mol) of this reaction?","","14.36,0.037519494","[]"
"Here is a chemical reaction. Reactants are: Cn1cnc(C#N)c1, Fc1ccccc1Br. Product is: Cn1cnc(C#N)c1-c1ccccc1F. Reaction type is Pd catalyzed C-H arylation. The reaction conditions of this reaction are: Palladium Source: [PdCl(allyl)]2. Ligand: C1CCC(P(C2CCCCC2)C2CCCCC2)CC1. Solvent: CCCCOC(C)=O. Base: CsOAc. Reaction Temperature: 90 degrees centigrade. Reaction Concentration: 0.057 M. Palladium loading: 2.25 mol%. Ligand loading: 5 mol%. Base loading: 3 eq. What is the yield (%) and cost (US dollar per mol) of this reaction?","","0.0,0.107934644","[]"
"Here is a chemical reaction. Reactants are: Cn1cnc(C#N)c1, Fc1ccccc1Br. Product is: Cn1cnc(C#N)c1-c1ccccc1F. Reaction type is Pd catalyzed C-H arylation. The reaction conditions of this reaction are: Palladium Source: [PdCl(allyl)]2. Ligand: CC(C)(C)P(c1ccccc1)C(C)(C)C. Solvent: CC(=O)N(C)C. Base: KOPiv. Reaction Temperature: 120 degrees centigrade. Reaction Concentration: 0.1 M. Palladium loading: 2.25 mol%. Ligand loading: 5 mol%. Base loading: 3 eq. What is the yield (%) and cost (US dollar per mol) of this reaction?","","28.53,0.042188856","[]"
"Here is a chemical reaction. Reactants are: Cn1cnc(C#N)c1, Fc1ccccc1Br. Product is: Cn1cnc(C#N)c1-c1ccccc1F. Reaction type is Pd catalyzed C-H arylation. The reaction conditions of this reaction are: Palladium Source: [PdCl(allyl)]2. Ligand: CC(C)c1cc(C(C)C)c(-c2ccccc2P(C2CCCCC2)C2CCCCC2)c(C(C)C)c1. Solvent: CC(=O)N(C)C. Base: KOAc. Reaction Temperature: 105 degrees centigrade. Reaction Concentration: 0.153 M. Palladium loading: 2.25 mol%. Ligand loading: 5 mol%. Base loading: 3 eq. What is the yield (%) and cost (US dollar per mol) of this reaction?","","48.86,0.029979486","[]"
"Here is a chemical reaction. Reactants are: Cn1cnc(C#N)c1, Fc1ccccc1Br. Product is: Cn1cnc(C#N)c1-c1ccccc1F. Reaction type is Pd catalyzed C-H arylation. The reaction conditions of this reaction are: Palladium Source: [PdCl(allyl)]2. Ligand: COc1ccc(OC)c(P(C2CCCCC2)C2CCCCC2)c1-c1c(C(C)C)cc(C(C)C)cc1C(C)C. Solvent: CCCC#N. Base: KOPiv. Reaction Temperature: 120 degrees centigrade. Reaction Concentration: 0.153 M. Palladium loading: 2.25 mol%. Ligand loading: 5 mol%. Base loading: 3 eq. What is the yield (%) and cost (US dollar per mol) of this reaction?","","58.48,0.152440653","[]"
"Here is a chemical reaction. Reactants are: Cn1cnc(C#N)c1, Fc1ccccc1Br. Product is: Cn1cnc(C#N)c1-c1ccccc1F. Reaction type is Pd catalyzed C-H arylation. The reaction conditions of this reaction are: Palladium Source: [PdCl(allyl)]2. Ligand: CP(C)c1ccccc1. Solvent: CCCC#N. Base: KOAc. Reaction Temperature: 90 degrees centigrade. Reaction Concentration: 0.153 M. Palladium loading: 2.25 mol%. Ligand loading: 5 mol%. Base loading: 3 eq. What is the yield (%) and cost (US dollar per mol) of this reaction?","","0.0,0.035932514","[]"
"Here is a chemical reaction. Reactants are: Cn1cnc(C#N)c1, Fc1ccccc1Br. Product is: Cn1cnc(C#N)c1-c1ccccc1F. Reaction type is Pd catalyzed C-H arylation. The reaction conditions of this reaction are: Palladium Source: [PdCl(allyl)]2. Ligand: COc1ccc(OC)c(P(c2cc(C(F)(F)F)cc(C(F)(F)F)c2)c2cc(C(F)(F)F)cc(C(F)(F)F)c2)c1-c1c(C(C)C)cc(C(C)C)cc1C(C)C. Solvent: CCCC#N. Base: CsOAc. Reaction Temperature: 105 degrees centigrade. Reaction Concentration: 0.1 M. Palladium loading: 2.25 mol%. Ligand loading: 5 mol%. Base loading: 3 eq. What is the yield (%) and cost (US dollar per mol) of this reaction?","","26.69,0.41953911","[]"
"Here is a chemical reaction. Reactants are: Cn1cnc(C#N)c1, Fc1ccccc1Br. Product is: Cn1cnc(C#N)c1-c1ccccc1F. Reaction type is Pd catalyzed C-H arylation. The reaction conditions of this reaction are: Palladium Source: [PdCl(allyl)]2. Ligand: COc1ccc(OC)c(P(C2CCCCC2)C2CCCCC2)c1-c1c(C(C)C)cc(C(C)C)cc1C(C)C. Solvent: Cc1ccc(C)cc1. Base: KOPiv. Reaction Temperature: 90 degrees centigrade. Reaction Concentration: 0.153 M. Palladium loading: 2.25 mol%. Ligand loading: 5 mol%. Base loading: 3 eq. What is the yield (%) and cost (US dollar per mol) of this reaction?","","38.45,0.141728333","[]"
"Here is a chemical reaction. Reactants are: Cn1cnc(C#N)c1, Fc1ccccc1Br. Product is: Cn1cnc(C#N)c1-c1ccccc1F. Reaction type is Pd catalyzed C-H arylation. The reaction conditions of this reaction are: Palladium Source: [PdCl(allyl)]2. Ligand: CC(C)Oc1cccc(OC(C)C)c1P(C1CCCCC1)C1CCCCC1. Solvent: Cc1ccc(C)cc1. Base: KOPiv. Reaction Temperature: 90 degrees centigrade. Reaction Concentration: 0.153 M. Palladium loading: 2.25 mol%. Ligand loading: 5 mol%. Base loading: 3 eq. What is the yield (%) and cost (US dollar per mol) of this reaction?","","2.49,0.034242861","[]"
"Here is a chemical reaction. Reactants are: Cn1cnc(C#N)c1, Fc1ccccc1Br. Product is: Cn1cnc(C#N)c1-c1ccccc1F. Reaction type is Pd catalyzed C-H arylation. The reaction conditions of this reaction are: Palladium Source: [PdCl(allyl)]2. Ligand: CP(C)c1ccccc1. Solvent: CCCCOC(C)=O. Base: KOAc. Reaction Temperature: 90 degrees centigrade. Reaction Concentration: 0.153 M. Palladium loading: 2.25 mol%. Ligand loading: 5 mol%. Base loading: 3 eq. What is the yield (%) and cost (US dollar per mol) of this reaction?","","0.0,0.031801346","[]"
"Here is a chemical reaction. Reactants are: Cn1cnc(C#N)c1, Fc1ccccc1Br. Product is: Cn1cnc(C#N)c1-c1ccccc1F. Reaction type is Pd catalyzed C-H arylation. The reaction conditions of this reaction are: Palladium Source: [PdCl(allyl)]2. Ligand: CP(C)c1ccccc1. Solvent: CCCCOC(C)=O. Base: CsOAc. Reaction Temperature: 105 degrees centigrade. Reaction Concentration: 0.057 M. Palladium loading: 2.25 mol%. Ligand loading: 5 mol%. Base loading: 3 eq. What is the yield (%) and cost (US dollar per mol) of this reaction?","","0.0,0.104381255","[]"
"Here is a chemical reaction. Reactants are: Cn1cnc(C#N)c1, Fc1ccccc1Br. Product is: Cn1cnc(C#N)c1-c1ccccc1F. Reaction type is Pd catalyzed C-H arylation. The reaction conditions of this reaction are: Palladium Source: [PdCl(allyl)]2. Ligand: CP(c1ccccc1)c1ccccc1. Solvent: Cc1ccc(C)cc1. Base: KOAc. Reaction Temperature: 120 degrees centigrade. Reaction Concentration: 0.153 M. Palladium loading: 2.25 mol%. Ligand loading: 5 mol%. Base loading: 3 eq. What is the yield (%) and cost (US dollar per mol) of this reaction?","","0.0,0.024273053","[]"
"Here is a chemical reaction. Reactants are: Cn1cnc(C#N)c1, Fc1ccccc1Br. Product is: Cn1cnc(C#N)c1-c1ccccc1F. Reaction type is Pd catalyzed C-H arylation. The reaction conditions of this reaction are: Palladium Source: [PdCl(allyl)]2. Ligand: CC12C[C@]3(C)O[C@@](C)(C[C@@](C)(O3)P1c1ccccc1)O2. Solvent: CCCCOC(C)=O. Base: KOPiv. Reaction Temperature: 105 degrees centigrade. Reaction Concentration: 0.1 M. Palladium loading: 2.25 mol%. Ligand loading: 5 mol%. Base loading: 3 eq. What is the yield (%) and cost (US dollar per mol) of this reaction?","","36.23,0.068589774","[]"
"Here is a chemical reaction. Reactants are: Cn1cnc(C#N)c1, Fc1ccccc1Br. Product is: Cn1cnc(C#N)c1-c1ccccc1F. Reaction type is Pd catalyzed C-H arylation. The reaction conditions of this reaction are: Palladium Source: [PdCl(allyl)]2. Ligand: CN(C)c1cccc(N(C)C)c1-c1ccccc1P(c1ccccc1)C(C)(C)C. Solvent: CCCC#N. Base: KOAc. Reaction Temperature: 120 degrees centigrade. Reaction Concentration: 0.057 M. Palladium loading: 2.25 mol%. Ligand loading: 5 mol%. Base loading: 3 eq. What is the yield (%) and cost (US dollar per mol) of this reaction?","","8.52,0.309657806","[]"
"Here is a chemical reaction. Reactants are: Cn1cnc(C#N)c1, Fc1ccccc1Br. Product is: Cn1cnc(C#N)c1-c1ccccc1F. Reaction type is Pd catalyzed C-H arylation. The reaction conditions of this reaction are: Palladium Source: [PdCl(allyl)]2. Ligand: CN(C)c1cccc(N(C)C)c1-c1ccccc1P(c1ccccc1)C(C)(C)C. Solvent: CCCCOC(C)=O. Base: KOPiv. Reaction Temperature: 105 degrees centigrade. Reaction Concentration: 0.1 M. Palladium loading: 2.25 mol%. Ligand loading: 5 mol%. Base loading: 3 eq. What is the yield (%) and cost (US dollar per mol) of this reaction?","","22.75,0.279662474","[]"
"Here is a chemical reaction. Reactants are: Cn1cnc(C#N)c1, Fc1ccccc1Br. Product is: Cn1cnc(C#N)c1-c1ccccc1F. Reaction type is Pd catalyzed C-H arylation. The reaction conditions of this reaction are: Palladium Source: [PdCl(allyl)]2. Ligand: CC(C)Oc1cccc(OC(C)C)c1P(C1CCCCC1)C1CCCCC1. Solvent: CCCC#N. Base: KOAc. Reaction Temperature: 105 degrees centigrade. Reaction Concentration: 0.1 M. Palladium loading: 2.25 mol%. Ligand loading: 5 mol%. Base loading: 3 eq. What is the yield (%) and cost (US dollar per mol) of this reaction?","","14.36,0.056338042","[]"
"Here is a chemical reaction. Reactants are: Cn1cnc(C#N)c1, Fc1ccccc1Br. Product is: Cn1cnc(C#N)c1-c1ccccc1F. Reaction type is Pd catalyzed C-H arylation. The reaction conditions of this reaction are: Palladium Source: [PdCl(allyl)]2. Ligand: CC(C)Oc1cccc(OC(C)C)c1P(C1CCCCC1)C1CCCCC1. Solvent: CCCCOC(C)=O. Base: KOPiv. Reaction Temperature: 120 degrees centigrade. Reaction Concentration: 0.1 M. Palladium loading: 2.25 mol%. Ligand loading: 5 mol%. Base loading: 3 eq. What is the yield (%) and cost (US dollar per mol) of this reaction?","","35.43,0.049227084","[]"
"Here is a chemical reaction. Reactants are: Cn1cnc(C#N)c1, Fc1ccccc1Br. Product is: Cn1cnc(C#N)c1-c1ccccc1F. Reaction type is Pd catalyzed C-H arylation. The reaction conditions of this reaction are: Palladium Source: [PdCl(allyl)]2. Ligand: C1CCC(P(C2CCCCC2)C2CCCCC2)CC1. Solvent: Cc1ccc(C)cc1. Base: KOAc. Reaction Temperature: 120 degrees centigrade. Reaction Concentration: 0.057 M. Palladium loading: 2.25 mol%. Ligand loading: 5 mol%. Base loading: 3 eq. What is the yield (%) and cost (US dollar per mol) of this reaction?","","0.0,0.046254613","[]"
"Here is a chemical reaction. Reactants are: Cn1cnc(C#N)c1, Fc1ccccc1Br. Product is: Cn1cnc(C#N)c1-c1ccccc1F. Reaction type is Pd catalyzed C-H arylation. The reaction conditions of this reaction are: Palladium Source: [PdCl(allyl)]2. Ligand: CC(C)(C)P(c1ccccc1)C(C)(C)C. Solvent: CCCC#N. Base: CsOPiv. Reaction Temperature: 105 degrees centigrade. Reaction Concentration: 0.1 M. Palladium loading: 2.25 mol%. Ligand loading: 5 mol%. Base loading: 3 eq. What is the yield (%) and cost (US dollar per mol) of this reaction?","","0.0,0.14739692","[]"
"Here is a chemical reaction. Reactants are: Cn1cnc(C#N)c1, Fc1ccccc1Br. Product is: Cn1cnc(C#N)c1-c1ccccc1F. Reaction type is Pd catalyzed C-H arylation. The reaction conditions of this reaction are: Palladium Source: [PdCl(allyl)]2. Ligand: c1ccc(P(c2ccccc2)c2ccccc2)cc1. Solvent: CC(=O)N(C)C. Base: KOAc. Reaction Temperature: 90 degrees centigrade. Reaction Concentration: 0.1 M. Palladium loading: 2.25 mol%. Ligand loading: 5 mol%. Base loading: 3 eq. What is the yield (%) and cost (US dollar per mol) of this reaction?","","14.29,0.026332962","[]"
"Here is a chemical reaction. Reactants are: Cn1cnc(C#N)c1, Fc1ccccc1Br. Product is: Cn1cnc(C#N)c1-c1ccccc1F. Reaction type is Pd catalyzed C-H arylation. The reaction conditions of this reaction are: Palladium Source: [PdCl(allyl)]2. Ligand: c1ccc(P(c2ccccc2)c2ccccc2)cc1. Solvent: Cc1ccc(C)cc1. Base: KOPiv. Reaction Temperature: 120 degrees centigrade. Reaction Concentration: 0.1 M. Palladium loading: 2.25 mol%. Ligand loading: 5 mol%. Base loading: 3 eq. What is the yield (%) and cost (US dollar per mol) of this reaction?","","4.48,0.027540327","[]"
"Here is a chemical reaction. Reactants are: Cn1cnc(C#N)c1, Fc1ccccc1Br. Product is: Cn1cnc(C#N)c1-c1ccccc1F. Reaction type is Pd catalyzed C-H arylation. The reaction conditions of this reaction are: Palladium Source: [PdCl(allyl)]2. Ligand: c1coc(P(c2ccco2)c2ccco2)c1. Solvent: CCCCOC(C)=O. Base: KOPiv. Reaction Temperature: 90 degrees centigrade. Reaction Concentration: 0.057 M. Palladium loading: 2.25 mol%. Ligand loading: 5 mol%. Base loading: 3 eq. What is the yield (%) and cost (US dollar per mol) of this reaction?","","15.73,0.067860763","[]"
"Here is a chemical reaction. Reactants are: Cn1cnc(C#N)c1, Fc1ccccc1Br. Product is: Cn1cnc(C#N)c1-c1ccccc1F. Reaction type is Pd catalyzed C-H arylation. The reaction conditions of this reaction are: Palladium Source: [PdCl(allyl)]2. Ligand: CC(C)c1cc(C(C)C)c(-c2ccccc2P(C2CCCCC2)C2CCCCC2)c(C(C)C)c1. Solvent: CC(=O)N(C)C. Base: KOAc. Reaction Temperature: 90 degrees centigrade. Reaction Concentration: 0.1 M. Palladium loading: 2.25 mol%. Ligand loading: 5 mol%. Base loading: 3 eq. What is the yield (%) and cost (US dollar per mol) of this reaction?","","38.03,0.034598755","[]"
"Here is a chemical reaction. Reactants are: Cn1cnc(C#N)c1, Fc1ccccc1Br. Product is: Cn1cnc(C#N)c1-c1ccccc1F. Reaction type is Pd catalyzed C-H arylation. The reaction conditions of this reaction are: Palladium Source: [PdCl(allyl)]2. Ligand: CC12C[C@]3(C)O[C@@](C)(C[C@@](C)(O3)P1c1ccccc1)O2. Solvent: CCCC#N. Base: KOAc. Reaction Temperature: 120 degrees centigrade. Reaction Concentration: 0.1 M. Palladium loading: 2.25 mol%. Ligand loading: 5 mol%. Base loading: 3 eq. What is the yield (%) and cost (US dollar per mol) of this reaction?","","67.57,0.076104788","[]"
